{
"type": "FeatureCollection",
"name": "musaffah_informal_candidates",
"crs": { "type": "name", "properties": { "name": "urn:ogc:def:crs:OGC:1.3:CRS84" } },
"features": [
{ "type": "Feature", "properties": { "score": 0.679, "buildings": 13, "median_footprint_m2": 311, "hot_roof_pct": 8, "layout_irregularity": 0.05, "lst_C": 47.3, "note": "candidate for field verification (not a tenure judgement)" }, "geometry": { "type": "Polygon", "coordinates": [ [ [ 54.48690591404344, 24.393742278234395 ], [ 54.48688805409958, 24.394644587658675 ], [ 54.485902799572997, 24.394628227689513 ], [ 54.485920666500796, 24.393725918947567 ], [ 54.48690591404344, 24.393742278234395 ] ] ] } },
{ "type": "Feature", "properties": { "score": 0.677, "buildings": 19, "median_footprint_m2": 156, "hot_roof_pct": 5, "layout_irregularity": 0.0, "lst_C": 47.9, "note": "candidate for field verification (not a tenure judgement)" }, "geometry": { "type": "Polygon", "coordinates": [ [ [ 54.487891162459974, 24.393758631123195 ], [ 54.487873309500067, 24.394660941229553 ], [ 54.48688805409958, 24.394644587658675 ], [ 54.48690591404344, 24.393742278234395 ], [ 54.487891162459974, 24.393758631123195 ] ] ] } },
{ "type": "Feature", "properties": { "score": 0.738, "buildings": 27, "median_footprint_m2": 88, "hot_roof_pct": 0, "layout_irregularity": 0.02, "lst_C": 49.8, "note": "candidate for field verification (not a tenure judgement)" }, "geometry": { "type": "Polygon", "coordinates": [ [ [ 54.494787925815679, 24.393872922198355 ], [ 54.494770121744253, 24.394775237071812 ], [ 54.493784860235969, 24.394758928289569 ], [ 54.49380267129154, 24.393856614096318 ], [ 54.494787925815679, 24.393872922198355 ] ] ] } },
{ "type": "Feature", "properties": { "score": 0.674, "buildings": 16, "median_footprint_m2": 394, "hot_roof_pct": 12, "layout_irregularity": 0.01, "lst_C": 50.3, "note": "candidate for field verification (not a tenure judgement)" }, "geometry": { "type": "Polygon", "coordinates": [ [ [ 54.495773181210971, 24.393889223902185 ], [ 54.495755384123726, 24.394791539455593 ], [ 54.494770121744253, 24.394775237071812 ], [ 54.494787925815679, 24.393872922198355 ], [ 54.495773181210971, 24.393889223902185 ] ] ] } },
{ "type": "Feature", "properties": { "score": 0.731, "buildings": 19, "median_footprint_m2": 176, "hot_roof_pct": 11, "layout_irregularity": 0.01, "lst_C": 52.0, "note": "candidate for field verification (not a tenure judgement)" }, "geometry": { "type": "Polygon", "coordinates": [ [ [ 54.502669993341541, 24.394003156677538 ], [ 54.502652245144311, 24.394905476983109 ], [ 54.501666976676155, 24.394889219389221 ], [ 54.501684731857758, 24.393986899761732 ], [ 54.502669993341541, 24.394003156677538 ] ] ] } },
{ "type": "Feature", "properties": { "score": 0.736, "buildings": 20, "median_footprint_m2": 221, "hot_roof_pct": 5, "layout_irregularity": 0.02, "lst_C": 51.9, "note": "candidate for field verification (not a tenure judgement)" }, "geometry": { "type": "Polygon", "coordinates": [ [ [ 54.503655255693744, 24.394019407194968 ], [ 54.503637514480907, 24.39492172817835 ], [ 54.502652245144311, 24.394905476983109 ], [ 54.502669993341541, 24.394003156677538 ], [ 54.503655255693744, 24.394019407194968 ] ] ] } },
{ "type": "Feature", "properties": { "score": 0.76, "buildings": 20, "median_footprint_m2": 149, "hot_roof_pct": 5, "layout_irregularity": 0.07, "lst_C": 51.7, "note": "candidate for field verification (not a tenure judgement)" }, "geometry": { "type": "Polygon", "coordinates": [ [ [ 54.50464051891403, 24.394035651313999 ], [ 54.504622784685615, 24.394937972974926 ], [ 54.503637514480907, 24.39492172817835 ], [ 54.503655255693744, 24.394019407194968 ], [ 54.50464051891403, 24.394035651313999 ] ] ] } },
{ "type": "Feature", "properties": { "score": 0.722, "buildings": 16, "median_footprint_m2": 255, "hot_roof_pct": 6, "layout_irregularity": 0.03, "lst_C": 51.6, "note": "candidate for field verification (not a tenure judgement)" }, "geometry": { "type": "Polygon", "coordinates": [ [ [ 54.505625783002053, 24.394051889034596 ], [ 54.505608055758081, 24.394954211372806 ], [ 54.504622784685615, 24.394937972974926 ], [ 54.50464051891403, 24.394035651313999 ], [ 54.505625783002053, 24.394051889034596 ] ] ] } },
{ "type": "Feature", "properties": { "score": 0.732, "buildings": 20, "median_footprint_m2": 225, "hot_roof_pct": 10, "layout_irregularity": 0.01, "lst_C": 51.6, "note": "candidate for field verification (not a tenure judgement)" }, "geometry": { "type": "Polygon", "coordinates": [ [ [ 54.507596313779935, 24.39408434528044 ], [ 54.507578600504949, 24.394986668972415 ], [ 54.506593327697978, 24.394970443371978 ], [ 54.50661104795747, 24.394068120356753 ], [ 54.507596313779935, 24.39408434528044 ] ] ] } },
{ "type": "Feature", "properties": { "score": 0.793, "buildings": 28, "median_footprint_m2": 89, "hot_roof_pct": 4, "layout_irregularity": 0.02, "lst_C": 52.3, "note": "candidate for field verification (not a tenure judgement)" }, "geometry": { "type": "Polygon", "coordinates": [ [ [ 54.508581580469119, 24.39410056380564 ], [ 54.508563874178662, 24.395002888174091 ], [ 54.507578600504949, 24.394986668972415 ], [ 54.507596313779935, 24.39408434528044 ], [ 54.508581580469119, 24.39410056380564 ] ] ] } },
{ "type": "Feature", "properties": { "score": 0.783, "buildings": 21, "median_footprint_m2": 86, "hot_roof_pct": 5, "layout_irregularity": 0.02, "lst_C": 52.9, "note": "candidate for field verification (not a tenure judgement)" }, "geometry": { "type": "Polygon", "coordinates": [ [ [ 54.509566848024676, 24.394116775932325 ], [ 54.509549148718769, 24.395019100976988 ], [ 54.508563874178662, 24.395002888174091 ], [ 54.508581580469119, 24.39410056380564 ], [ 54.509566848024676, 24.394116775932325 ] ] ] } },
{ "type": "Feature", "properties": { "score": 0.699, "buildings": 12, "median_footprint_m2": 72, "hot_roof_pct": 0, "layout_irregularity": 0.05, "lst_C": 53.0, "note": "candidate for field verification (not a tenure judgement)" }, "geometry": { "type": "Polygon", "coordinates": [ [ [ 54.510552116446256, 24.394132981660476 ], [ 54.510534424124941, 24.395035307381086 ], [ 54.509549148718769, 24.395019100976988 ], [ 54.509566848024676, 24.394116775932325 ], [ 54.510552116446256, 24.394132981660476 ] ] ] } },
{ "type": "Feature", "properties": { "score": 0.794, "buildings": 31, "median_footprint_m2": 69, "hot_roof_pct": 10, "layout_irregularity": 0.03, "lst_C": 51.4, "note": "candidate for field verification (not a tenure judgement)" }, "geometry": { "type": "Polygon", "coordinates": [ [ [ 54.498746727885091, 24.393035772912985 ], [ 54.498728952620326, 24.39393809062426 ], [ 54.497743694613632, 24.393921808115163 ], [ 54.497761476862316, 24.393019491083024 ], [ 54.498746727885091, 24.393035772912985 ] ] ] } },
{ "type": "Feature", "properties": { "score": 0.723, "buildings": 15, "median_footprint_m2": 165, "hot_roof_pct": 13, "layout_irregularity": 0.01, "lst_C": 51.9, "note": "candidate for field verification (not a tenure judgement)" }, "geometry": { "type": "Polygon", "coordinates": [ [ [ 54.501702486170601, 24.393084580014637 ], [ 54.501684731857758, 24.393986899761732 ], [ 54.500699471242733, 24.393970636447566 ], [ 54.500717232539571, 24.39306831737882 ], [ 54.501702486170601, 24.393084580014637 ] ] ] } },
{ "type": "Feature", "properties": { "score": 0.728, "buildings": 19, "median_footprint_m2": 84, "hot_roof_pct": 0, "layout_irregularity": 0.06, "lst_C": 51.3, "note": "candidate for field verification (not a tenure judgement)" }, "geometry": { "type": "Polygon", "coordinates": [ [ [ 54.502687740670353, 24.393100836252373 ], [ 54.502669993341541, 24.394003156677538 ], [ 54.501684731857758, 24.393986899761732 ], [ 54.501702486170601, 24.393084580014637 ], [ 54.502687740670353, 24.393100836252373 ] ] ] } },
{ "type": "Feature", "properties": { "score": 0.678, "buildings": 20, "median_footprint_m2": 268, "hot_roof_pct": 0, "layout_irregularity": 0.05, "lst_C": 51.1, "note": "candidate for field verification (not a tenure judgement)" }, "geometry": { "type": "Polygon", "coordinates": [ [ [ 54.503672996038503, 24.393117086092008 ], [ 54.503655255693744, 24.394019407194968 ], [ 54.502669993341541, 24.394003156677538 ], [ 54.502687740670353, 24.393100836252373 ], [ 54.503672996038503, 24.393117086092008 ] ] ] } },
{ "type": "Feature", "properties": { "score": 0.741, "buildings": 25, "median_footprint_m2": 163, "hot_roof_pct": 4, "layout_irregularity": 0.02, "lst_C": 51.1, "note": "candidate for field verification (not a tenure judgement)" }, "geometry": { "type": "Polygon", "coordinates": [ [ [ 54.505643509378622, 24.393149566576824 ], [ 54.505625783002053, 24.394051889034596 ], [ 54.50464051891403, 24.394035651313999 ], [ 54.504658252274709, 24.393133329533491 ], [ 54.505643509378622, 24.393149566576824 ] ] ] } },
{ "type": "Feature", "properties": { "score": 0.793, "buildings": 19, "median_footprint_m2": 69, "hot_roof_pct": 16, "layout_irregularity": 0.03, "lst_C": 50.9, "note": "candidate for field verification (not a tenure judgement)" }, "geometry": { "type": "Polygon", "coordinates": [ [ [ 54.506628767349902, 24.393165797221979 ], [ 54.50661104795747, 24.394068120356753 ], [ 54.505625783002053, 24.394051889034596 ], [ 54.505643509378622, 24.393149566576824 ], [ 54.506628767349902, 24.393165797221979 ] ] ] } },
{ "type": "Feature", "properties": { "score": 0.761, "buildings": 17, "median_footprint_m2": 138, "hot_roof_pct": 12, "layout_irregularity": 0.11, "lst_C": 50.8, "note": "candidate for field verification (not a tenure judgement)" }, "geometry": { "type": "Polygon", "coordinates": [ [ [ 54.507614026188207, 24.393182021468927 ], [ 54.507596313779935, 24.39408434528044 ], [ 54.50661104795747, 24.394068120356753 ], [ 54.506628767349902, 24.393165797221979 ], [ 54.507614026188207, 24.393182021468927 ] ] ] } },
{ "type": "Feature", "properties": { "score": 0.76, "buildings": 23, "median_footprint_m2": 121, "hot_roof_pct": 9, "layout_irregularity": 0.01, "lst_C": 51.8, "note": "candidate for field verification (not a tenure judgement)" }, "geometry": { "type": "Polygon", "coordinates": [ [ [ 54.508599285893204, 24.393198239317659 ], [ 54.508581580469119, 24.39410056380564 ], [ 54.507596313779935, 24.39408434528044 ], [ 54.507614026188207, 24.393182021468927 ], [ 54.508599285893204, 24.393198239317659 ] ] ] } },
{ "type": "Feature", "properties": { "score": 0.734, "buildings": 22, "median_footprint_m2": 76, "hot_roof_pct": 0, "layout_irregularity": 0.03, "lst_C": 52.3, "note": "candidate for field verification (not a tenure judgement)" }, "geometry": { "type": "Polygon", "coordinates": [ [ [ 54.511555070204885, 24.393246854474267 ], [ 54.511537385733526, 24.394149180990073 ], [ 54.510552116446256, 24.394132981660476 ], [ 54.510569807901881, 24.39323065582035 ], [ 54.511555070204885, 24.393246854474267 ] ] ] } },
{ "type": "Feature", "properties": { "score": 0.732, "buildings": 25, "median_footprint_m2": 74, "hot_roof_pct": 0, "layout_irregularity": 0.03, "lst_C": 51.0, "note": "candidate for field verification (not a tenure judgement)" }, "geometry": { "type": "Polygon", "coordinates": [ [ [ 54.513525597406506, 24.393279232587151 ], [ 54.51350792690377, 24.394181560453493 ], [ 54.512522655886144, 24.394165373921084 ], [ 54.512540333373202, 24.393263046729881 ], [ 54.513525597406506, 24.393279232587151 ] ] ] } },
{ "type": "Feature", "properties": { "score": 0.717, "buildings": 21, "median_footprint_m2": 105, "hot_roof_pct": 0, "layout_irregularity": 0.03, "lst_C": 52.3, "note": "candidate for field verification (not a tenure judgement)" }, "geometry": { "type": "Polygon", "coordinates": [ [ [ 54.501720239614706, 24.392182260147941 ], [ 54.501702486170601, 24.393084580014637 ], [ 54.500717232539571, 24.39306831737882 ], [ 54.500734992967338, 24.392165998190446 ], [ 54.501720239614706, 24.392182260147941 ] ] ] } },
{ "type": "Feature", "properties": { "score": 0.676, "buildings": 17, "median_footprint_m2": 109, "hot_roof_pct": 0, "layout_irregularity": 0.01, "lst_C": 50.9, "note": "candidate for field verification (not a tenure judgement)" }, "geometry": { "type": "Polygon", "coordinates": [ [ [ 54.502705487130783, 24.392198515707612 ], [ 54.502687740670353, 24.393100836252373 ], [ 54.501702486170601, 24.393084580014637 ], [ 54.501720239614706, 24.392182260147941 ], [ 54.502705487130783, 24.392198515707612 ] ] ] } },
{ "type": "Feature", "properties": { "score": 0.746, "buildings": 20, "median_footprint_m2": 108, "hot_roof_pct": 10, "layout_irregularity": 0.01, "lst_C": 49.6, "note": "candidate for field verification (not a tenure judgement)" }, "geometry": { "type": "Polygon", "coordinates": [ [ [ 54.504675984767687, 24.392231007633406 ], [ 54.504658252274709, 24.393133329533491 ], [ 54.503672996038503, 24.393117086092008 ], [ 54.503690735515221, 24.392214764869443 ], [ 54.504675984767687, 24.392231007633406 ] ] ] } },
{ "type": "Feature", "properties": { "score": 0.735, "buildings": 23, "median_footprint_m2": 88, "hot_roof_pct": 0, "layout_irregularity": 0.07, "lst_C": 49.2, "note": "candidate for field verification (not a tenure judgement)" }, "geometry": { "type": "Polygon", "coordinates": [ [ [ 54.509602244038405, 24.392312125484409 ], [ 54.509584546464545, 24.393214450768138 ], [ 54.508599285893204, 24.393198239317659 ], [ 54.508616990450939, 24.392295914710125 ], [ 54.509602244038405, 24.392312125484409 ] ] ] } },
{ "type": "Feature", "properties": { "score": 0.683, "buildings": 16, "median_footprint_m2": 97, "hot_roof_pct": 0, "layout_irregularity": 0.01, "lst_C": 49.2, "note": "candidate for field verification (not a tenure judgement)" }, "geometry": { "type": "Polygon", "coordinates": [ [ [ 54.510587498491844, 24.3923283298607 ], [ 54.510569807901881, 24.39323065582035 ], [ 54.509584546464545, 24.393214450768138 ], [ 54.509602244038405, 24.392312125484409 ], [ 54.510587498491844, 24.3923283298607 ] ] ] } },
{ "type": "Feature", "properties": { "score": 0.692, "buildings": 14, "median_footprint_m2": 88, "hot_roof_pct": 0, "layout_irregularity": 0.04, "lst_C": 49.1, "note": "candidate for field verification (not a tenure judgement)" }, "geometry": { "type": "Polygon", "coordinates": [ [ [ 54.51157275381091, 24.392344527838958 ], [ 54.511555070204885, 24.393246854474267 ], [ 54.510569807901881, 24.39323065582035 ], [ 54.510587498491844, 24.3923283298607 ], [ 54.51157275381091, 24.392344527838958 ] ] ] } },
{ "type": "Feature", "properties": { "score": 0.772, "buildings": 31, "median_footprint_m2": 114, "hot_roof_pct": 6, "layout_irregularity": 0.03, "lst_C": 48.1, "note": "candidate for field verification (not a tenure judgement)" }, "geometry": { "type": "Polygon", "coordinates": [ [ [ 54.513543267044597, 24.392376904601317 ], [ 54.513525597406506, 24.393279232587151 ], [ 54.512540333373202, 24.393263046729881 ], [ 54.512558009995281, 24.39236071941917 ], [ 54.513543267044597, 24.392376904601317 ] ] ] } },
{ "type": "Feature", "properties": { "score": 0.76, "buildings": 24, "median_footprint_m2": 158, "hot_roof_pct": 4, "layout_irregularity": 0.04, "lst_C": 48.6, "note": "candidate for field verification (not a tenure judgement)" }, "geometry": { "type": "Polygon", "coordinates": [ [ [ 54.514528524958521, 24.392393083385372 ], [ 54.514510862304441, 24.393295412046065 ], [ 54.513525597406506, 24.393279232587151 ], [ 54.513543267044597, 24.392376904601317 ], [ 54.514528524958521, 24.392393083385372 ] ] ] } },
{ "type": "Feature", "properties": { "score": 0.733, "buildings": 19, "median_footprint_m2": 231, "hot_roof_pct": 5, "layout_irregularity": 0.09, "lst_C": 48.7, "note": "candidate for field verification (not a tenure judgement)" }, "geometry": { "type": "Polygon", "coordinates": [ [ [ 54.515513783736715, 24.392409255771312 ], [ 54.51549612806668, 24.393311585106609 ], [ 54.514510862304441, 24.393295412046065 ], [ 54.514528524958521, 24.392393083385372 ], [ 54.515513783736715, 24.392409255771312 ] ] ] } },
{ "type": "Feature", "properties": { "score": 0.714, "buildings": 18, "median_footprint_m2": 262, "hot_roof_pct": 6, "layout_irregularity": 0.02, "lst_C": 49.7, "note": "candidate for field verification (not a tenure judgement)" }, "geometry": { "type": "Polygon", "coordinates": [ [ [ 54.516499043378843, 24.392425421759118 ], [ 54.51648139469286, 24.393327751768737 ], [ 54.51549612806668, 24.393311585106609 ], [ 54.515513783736715, 24.392409255771312 ], [ 54.516499043378843, 24.392425421759118 ] ] ] } },
{ "type": "Feature", "properties": { "score": 0.726, "buildings": 10, "median_footprint_m2": 42, "hot_roof_pct": 10, "layout_irregularity": 0.19, "lst_C": 49.2, "note": "candidate for field verification (not a tenure judgement)" }, "geometry": { "type": "Polygon", "coordinates": [ [ [ 54.492870866527085, 24.391133358339687 ], [ 54.492853051102806, 24.39203567221152 ], [ 54.491867812289158, 24.39201935267462 ], [ 54.491885634696509, 24.391117039483504 ], [ 54.492870866527085, 24.391133358339687 ] ] ] } },
{ "type": "Feature", "properties": { "score": 0.697, "buildings": 16, "median_footprint_m2": 154, "hot_roof_pct": 0, "layout_irregularity": 0.53, "lst_C": 48.2, "note": "candidate for field verification (not a tenure judgement)" }, "geometry": { "type": "Polygon", "coordinates": [ [ [ 54.517501944723193, 24.391539250545634 ], [ 54.517484303884551, 24.39244158134877 ], [ 54.516499043378843, 24.392425421759118 ], [ 54.51651669120124, 24.391523091630031 ], [ 54.517501944723193, 24.391539250545634 ] ] ] } },
{ "type": "Feature", "properties": { "score": 0.773, "buildings": 14, "median_footprint_m2": 43, "hot_roof_pct": 14, "layout_irregularity": 0.04, "lst_C": 45.8, "note": "candidate for field verification (not a tenure judgement)" }, "geometry": { "type": "Polygon", "coordinates": [ [ [ 54.490918232255993, 24.390198401600166 ], [ 54.490900403738024, 24.391100714229996 ], [ 54.48991517365198, 24.391084382579173 ], [ 54.489933009152615, 24.390182070630591 ], [ 54.490918232255993, 24.390198401600166 ] ] ] } },
{ "type": "Feature", "properties": { "score": 0.733, "buildings": 11, "median_footprint_m2": 50, "hot_roof_pct": 9, "layout_irregularity": 0.07, "lst_C": 46.8, "note": "candidate for field verification (not a tenure judgement)" }, "geometry": { "type": "Polygon", "coordinates": [ [ [ 54.491903456231768, 24.390214726172704 ], [ 54.491885634696509, 24.391117039483504 ], [ 54.490900403738024, 24.391100714229996 ], [ 54.490918232255993, 24.390198401600166 ], [ 54.491903456231768, 24.390214726172704 ] ] ] } },
{ "type": "Feature", "properties": { "score": 0.753, "buildings": 12, "median_footprint_m2": 36, "hot_roof_pct": 8, "layout_irregularity": 0.09, "lst_C": 47.7, "note": "candidate for field verification (not a tenure judgement)" }, "geometry": { "type": "Polygon", "coordinates": [ [ [ 54.49387390679918, 24.390247356126551 ], [ 54.493856099229411, 24.391149670798505 ], [ 54.492870866527085, 24.391133358339687 ], [ 54.492888681079613, 24.390231044348166 ], [ 54.49387390679918, 24.390247356126551 ] ] ] } },
{ "type": "Feature", "properties": { "score": 0.706, "buildings": 14, "median_footprint_m2": 96, "hot_roof_pct": 0, "layout_irregularity": 0.05, "lst_C": 53.8, "note": "candidate for field verification (not a tenure judgement)" }, "geometry": { "type": "Polygon", "coordinates": [ [ [ 54.528445156407926, 24.386302544643268 ], [ 54.528427597548692, 24.387204883559406 ], [ 54.52744236946522, 24.387188798377522 ], [ 54.527459935306453, 24.386286460132453 ], [ 54.528445156407926, 24.386302544643268 ] ] ] } },
{ "type": "Feature", "properties": { "score": 0.695, "buildings": 16, "median_footprint_m2": 68, "hot_roof_pct": 0, "layout_irregularity": 0.01, "lst_C": 53.5, "note": "candidate for field verification (not a tenure judgement)" }, "geometry": { "type": "Polygon", "coordinates": [ [ [ 54.529430378368701, 24.386318622757528 ], [ 54.529412826491487, 24.387220962344461 ], [ 54.528427597548692, 24.387204883559406 ], [ 54.528445156407926, 24.386302544643268 ], [ 54.529430378368701, 24.386318622757528 ] ] ] } },
{ "type": "Feature", "properties": { "score": 0.675, "buildings": 22, "median_footprint_m2": 109, "hot_roof_pct": 0, "layout_irregularity": 0.0, "lst_C": 53.4, "note": "candidate for field verification (not a tenure judgement)" }, "geometry": { "type": "Polygon", "coordinates": [ [ [ 54.53041560118843, 24.386334694475217 ], [ 54.530398056293272, 24.387237034732667 ], [ 54.529412826491487, 24.387220962344461 ], [ 54.529430378368701, 24.386318622757528 ], [ 54.53041560118843, 24.386334694475217 ] ] ] } },
{ "type": "Feature", "properties": { "score": 0.764, "buildings": 20, "median_footprint_m2": 81, "hot_roof_pct": 0, "layout_irregularity": 0.06, "lst_C": 54.8, "note": "candidate for field verification (not a tenure judgement)" }, "geometry": { "type": "Polygon", "coordinates": [ [ [ 54.533371274797979, 24.386382871248564 ], [ 54.533353750849137, 24.387285213516002 ], [ 54.532368518472438, 24.387269160318464 ], [ 54.532386049403414, 24.386366818720752 ], [ 54.533371274797979, 24.386382871248564 ] ] ] } },
{ "type": "Feature", "properties": { "score": 0.739, "buildings": 15, "median_footprint_m2": 140, "hot_roof_pct": 0, "layout_irregularity": 0.14, "lst_C": 55.3, "note": "candidate for field verification (not a tenure judgement)" }, "geometry": { "type": "Polygon", "coordinates": [ [ [ 54.534356501050141, 24.386398917379704 ], [ 54.534338984083455, 24.387301260316605 ], [ 54.533353750849137, 24.387285213516002 ], [ 54.533371274797979, 24.386382871248564 ], [ 54.534356501050141, 24.386398917379704 ] ] ] } },
{ "type": "Feature", "properties": { "score": 0.675, "buildings": 13, "median_footprint_m2": 41, "hot_roof_pct": 0, "layout_irregularity": 0.01, "lst_C": 52.9, "note": "candidate for field verification (not a tenure judgement)" }, "geometry": { "type": "Polygon", "coordinates": [ [ [ 54.529447929386954, 24.385416283051299 ], [ 54.529430378368701, 24.386318622757528 ], [ 54.528445156407926, 24.386302544643268 ], [ 54.528462714407866, 24.385400205607823 ], [ 54.529447929386954, 24.385416283051299 ] ] ] } },
{ "type": "Feature", "properties": { "score": 0.79, "buildings": 22, "median_footprint_m2": 74, "hot_roof_pct": 5, "layout_irregularity": 0.09, "lst_C": 52.3, "note": "candidate for field verification (not a tenure judgement)" }, "geometry": { "type": "Polygon", "coordinates": [ [ [ 54.530433145224976, 24.385432354098459 ], [ 54.53041560118843, 24.386334694475217 ], [ 54.529430378368701, 24.386318622757528 ], [ 54.529447929386954, 24.385416283051299 ], [ 54.530433145224976, 24.385432354098459 ] ] ] } },
{ "type": "Feature", "properties": { "score": 0.673, "buildings": 9, "median_footprint_m2": 83, "hot_roof_pct": 0, "layout_irregularity": 0.12, "lst_C": 55.0, "note": "candidate for field verification (not a tenure judgement)" }, "geometry": { "type": "Polygon", "coordinates": [ [ [ 54.534391532411775, 24.384594231148103 ], [ 54.534374017159571, 24.385496574323536 ], [ 54.533388797889231, 24.385480528861851 ], [ 54.533406320122914, 24.384578186355856 ], [ 54.534391532411775, 24.384594231148103 ] ] ] } },
{ "type": "Feature", "properties": { "score": 0.831, "buildings": 18, "median_footprint_m2": 86, "hot_roof_pct": 0, "layout_irregularity": 0.23, "lst_C": 57.0, "note": "candidate for field verification (not a tenure judgement)" }, "geometry": { "type": "Polygon", "coordinates": [ [ [ 54.541288042416333, 24.384706365600216 ], [ 54.54127057603521, 24.385608713454296 ], [ 54.540285350771448, 24.385592712768027 ], [ 54.540302824134223, 24.384690365581534 ], [ 54.541288042416333, 24.384706365600216 ] ] ] } },
{ "type": "Feature", "properties": { "score": 0.723, "buildings": 14, "median_footprint_m2": 369, "hot_roof_pct": 7, "layout_irregularity": 0.01, "lst_C": 51.4, "note": "candidate for field verification (not a tenure judgement)" }, "geometry": { "type": "Polygon", "coordinates": [ [ [ 54.485167701109113, 24.381979537594017 ], [ 54.48514983856461, 24.382881847210047 ], [ 54.484164676550662, 24.38286548332108 ], [ 54.484182546074607, 24.381963174387817 ], [ 54.485167701109113, 24.381979537594017 ] ] ] } },
{ "type": "Feature", "properties": { "score": 0.766, "buildings": 14, "median_footprint_m2": 91, "hot_roof_pct": 7, "layout_irregularity": 0.01, "lst_C": 52.2, "note": "candidate for field verification (not a tenure judgement)" }, "geometry": { "type": "Polygon", "coordinates": [ [ [ 54.513737576005283, 24.382451288871565 ], [ 54.513719915876415, 24.383353618171594 ], [ 54.512734728648162, 24.38333743974021 ], [ 54.512752395757254, 24.38243511111521 ], [ 54.513737576005283, 24.382451288871565 ] ] ] } },
{ "type": "Feature", "properties": { "score": 0.715, "buildings": 9, "median_footprint_m2": 48, "hot_roof_pct": 11, "layout_irregularity": 0.01, "lst_C": 52.2, "note": "candidate for field verification (not a tenure judgement)" }, "geometry": { "type": "Polygon", "coordinates": [ [ [ 54.514722757117617, 24.38246746023276 ], [ 54.514705103969007, 24.383369790207549 ], [ 54.513719915876415, 24.383353618171594 ], [ 54.513737576005283, 24.382451288871565 ], [ 54.514722757117617, 24.38246746023276 ] ] ] } },
{ "type": "Feature", "properties": { "score": 0.719, "buildings": 17, "median_footprint_m2": 85, "hot_roof_pct": 6, "layout_irregularity": 0.0, "lst_C": 54.0, "note": "candidate for field verification (not a tenure judgement)" }, "geometry": { "type": "Polygon", "coordinates": [ [ [ 54.533458881678811, 24.381871158122252 ], [ 54.533441362017669, 24.382773500986048 ], [ 54.532456164548222, 24.382757451137063 ], [ 54.532473691189786, 24.38185510894295 ], [ 54.533458881678811, 24.381871158122252 ] ] ] } },
{ "type": "Feature", "properties": { "score": 0.698, "buildings": 7, "median_footprint_m2": 102, "hot_roof_pct": 14, "layout_irregularity": 0.03, "lst_C": 53.7, "note": "candidate for field verification (not a tenure judgement)" }, "geometry": { "type": "Polygon", "coordinates": [ [ [ 54.468456144435827, 24.379895897148518 ], [ 54.468438165004535, 24.380798195361159 ], [ 54.467453031862412, 24.380781724139052 ], [ 54.467471018271993, 24.379879426613687 ], [ 54.468456144435827, 24.379895897148518 ] ] ] } },
{ "type": "Feature", "properties": { "score": 0.716, "buildings": 18, "median_footprint_m2": 63, "hot_roof_pct": 0, "layout_irregularity": 0.01, "lst_C": 54.8, "note": "candidate for field verification (not a tenure judgement)" }, "geometry": { "type": "Polygon", "coordinates": [ [ [ 54.534461584848863, 24.380984857253754 ], [ 54.534444073025291, 24.381887200906224 ], [ 54.533458881678811, 24.381871158122252 ], [ 54.533476400482485, 24.380968815139191 ], [ 54.534461584848863, 24.380984857253754 ] ] ] } },
{ "type": "Feature", "properties": { "score": 0.678, "buildings": 9, "median_footprint_m2": 49, "hot_roof_pct": 0, "layout_irregularity": 0.01, "lst_C": 54.5, "note": "candidate for field verification (not a tenure judgement)" }, "geometry": { "type": "Polygon", "coordinates": [ [ [ 54.537417143089165, 24.381032945226828 ], [ 54.537399652206098, 24.381935290885917 ], [ 54.536414458289279, 24.381919267288076 ], [ 54.536431956152541, 24.381016922297594 ], [ 54.537417143089165, 24.381032945226828 ] ] ] } },
{ "type": "Feature", "properties": { "score": 0.694, "buildings": 11, "median_footprint_m2": 478, "hot_roof_pct": 27, "layout_irregularity": 0.0, "lst_C": 55.3, "note": "candidate for field verification (not a tenure judgement)" }, "geometry": { "type": "Polygon", "coordinates": [ [ [ 54.512823055547365, 24.378825795420639 ], [ 54.51280539189672, 24.379728124523457 ], [ 54.511820233451907, 24.37971194239779 ], [ 54.511837904081389, 24.378809613970223 ], [ 54.512823055547365, 24.378825795420639 ] ] ] } },
{ "type": "Feature", "properties": { "score": 0.707, "buildings": 12, "median_footprint_m2": 79, "hot_roof_pct": 0, "layout_irregularity": 0.02, "lst_C": 54.9, "note": "candidate for field verification (not a tenure judgement)" }, "geometry": { "type": "Polygon", "coordinates": [ [ [ 54.530555929441697, 24.379115968120839 ], [ 54.53053839141473, 24.380018309332652 ], [ 54.529553217459807, 24.380002242308411 ], [ 54.529570762466086, 24.379099901767059 ], [ 54.530555929441697, 24.379115968120839 ] ] ] } },
{ "type": "Feature", "properties": { "score": 0.677, "buildings": 17, "median_footprint_m2": 62, "hot_roof_pct": 0, "layout_irregularity": 0.0, "lst_C": 54.6, "note": "candidate for field verification (not a tenure judgement)" }, "geometry": { "type": "Polygon", "coordinates": [ [ [ 54.531541097275699, 24.379132028080157 ], [ 54.531523566228081, 24.380034369962157 ], [ 54.53053839141473, 24.380018309332652 ], [ 54.530555929441697, 24.379115968120839 ], [ 54.531541097275699, 24.379132028080157 ] ] ] } },
{ "type": "Feature", "properties": { "score": 0.726, "buildings": 22, "median_footprint_m2": 71, "hot_roof_pct": 0, "layout_irregularity": 0.01, "lst_C": 53.8, "note": "candidate for field verification (not a tenure judgement)" }, "geometry": { "type": "Polygon", "coordinates": [ [ [ 54.532526265967775, 24.379148081644981 ], [ 54.532508741899527, 24.380050424196902 ], [ 54.531523566228081, 24.380034369962157 ], [ 54.531541097275699, 24.379132028080157 ], [ 54.532526265967775, 24.379148081644981 ] ] ] } },
{ "type": "Feature", "properties": { "score": 0.726, "buildings": 18, "median_footprint_m2": 69, "hot_roof_pct": 0, "layout_irregularity": 0.01, "lst_C": 54.2, "note": "candidate for field verification (not a tenure judgement)" }, "geometry": { "type": "Polygon", "coordinates": [ [ [ 54.534496605924737, 24.379180169591077 ], [ 54.534479095815328, 24.380082513482034 ], [ 54.533493918428725, 24.380066472036869 ], [ 54.533511435517561, 24.379164128815294 ], [ 54.534496605924737, 24.379180169591077 ] ] ] } },
{ "type": "Feature", "properties": { "score": 0.706, "buildings": 15, "median_footprint_m2": 74, "hot_roof_pct": 7, "layout_irregularity": 0.0, "lst_C": 55.4, "note": "candidate for field verification (not a tenure judgement)" }, "geometry": { "type": "Polygon", "coordinates": [ [ [ 54.535481777188949, 24.379196203972302 ], [ 54.535464274058995, 24.380098548532381 ], [ 54.534479095815328, 24.380082513482034 ], [ 54.534496605924737, 24.379180169591077 ], [ 54.535481777188949, 24.379196203972302 ] ] ] } },
{ "type": "Feature", "properties": { "score": 0.731, "buildings": 9, "median_footprint_m2": 93, "hot_roof_pct": 11, "layout_irregularity": 0.22, "lst_C": 54.8, "note": "candidate for field verification (not a tenure judgement)" }, "geometry": { "type": "Polygon", "coordinates": [ [ [ 54.485257000719038, 24.377467987718141 ], [ 54.485239142545311, 24.378370297932729 ], [ 54.484254015425151, 24.378353937457472 ], [ 54.484271880576621, 24.377451627925591 ], [ 54.485257000719038, 24.377467987718141 ] ] ] } },
{ "type": "Feature", "properties": { "score": 0.755, "buildings": 12, "median_footprint_m2": 52, "hot_roof_pct": 0, "layout_irregularity": 0.01, "lst_C": 53.6, "note": "candidate for field verification (not a tenure judgement)" }, "geometry": { "type": "Polygon", "coordinates": [ [ [ 54.487227243625753, 24.377500688123689 ], [ 54.487209399407568, 24.37840299970291 ], [ 54.486224270539559, 24.378386652014552 ], [ 54.486242121735529, 24.377484341117515 ], [ 54.487227243625753, 24.377500688123689 ] ] ] } },
{ "type": "Feature", "properties": { "score": 0.698, "buildings": 9, "median_footprint_m2": 343, "hot_roof_pct": 11, "layout_irregularity": 0.02, "lst_C": 55.2, "note": "candidate for field verification (not a tenure judgement)" }, "geometry": { "type": "Polygon", "coordinates": [ [ [ 54.512840718333457, 24.377923466198371 ], [ 54.512823055547365, 24.378825795420639 ], [ 54.511837904081389, 24.378809613970223 ], [ 54.511855573845978, 24.377907285423206 ], [ 54.512840718333457, 24.377923466198371 ] ] ] } },
{ "type": "Feature", "properties": { "score": 0.717, "buildings": 14, "median_footprint_m2": 148, "hot_roof_pct": 0, "layout_irregularity": 0.29, "lst_C": 54.4, "note": "candidate for field verification (not a tenure judgement)" }, "geometry": { "type": "Polygon", "coordinates": [ [ [ 54.541410283150945, 24.378389927284342 ], [ 54.54139282275294, 24.37929227597273 ], [ 54.540407646353657, 24.379276279959306 ], [ 54.540425113730926, 24.37837393193843 ], [ 54.541410283150945, 24.378389927284342 ] ] ] } },
{ "type": "Feature", "properties": { "score": 0.686, "buildings": 25, "median_footprint_m2": 267, "hot_roof_pct": 0, "layout_irregularity": 0.08, "lst_C": 52.8, "note": "candidate for field verification (not a tenure judgement)" }, "geometry": { "type": "Polygon", "coordinates": [ [ [ 54.537487098061021, 24.377423561398306 ], [ 54.537469610602066, 24.378325907534251 ], [ 54.536484444603964, 24.378309886610786 ], [ 54.536501939041749, 24.377407541143409 ], [ 54.537487098061021, 24.377423561398306 ] ] ] } },
{ "type": "Feature", "properties": { "score": 0.701, "buildings": 21, "median_footprint_m2": 169, "hot_roof_pct": 0, "layout_irregularity": 0.01, "lst_C": 52.9, "note": "candidate for field verification (not a tenure judgement)" }, "geometry": { "type": "Polygon", "coordinates": [ [ [ 54.542412905989991, 24.37750356676101 ], [ 54.54239545342557, 24.378405916235806 ], [ 54.541410283150945, 24.378389927284342 ], [ 54.541427742694317, 24.377487578476778 ], [ 54.542412905989991, 24.37750356676101 ] ] ] } },
{ "type": "Feature", "properties": { "score": 0.734, "buildings": 36, "median_footprint_m2": 193, "hot_roof_pct": 0, "layout_irregularity": 0.64, "lst_C": 52.6, "note": "candidate for field verification (not a tenure judgement)" }, "geometry": { "type": "Polygon", "coordinates": [ [ [ 54.544383235143755, 24.377535524146854 ], [ 54.544365796537335, 24.378437874955331 ], [ 54.543380624554487, 24.378421898792812 ], [ 54.543398070139915, 24.377519548651044 ], [ 54.544383235143755, 24.377535524146854 ] ] ] } },
{ "type": "Feature", "properties": { "score": 0.717, "buildings": 21, "median_footprint_m2": 88, "hot_roof_pct": 0, "layout_irregularity": 0.02, "lst_C": 53.1, "note": "candidate for field verification (not a tenure judgement)" }, "geometry": { "type": "Polygon", "coordinates": [ [ [ 54.545368401001177, 24.377551493248429 ], [ 54.545350969373793, 24.378453844723332 ], [ 54.544365796537335, 24.378437874955331 ], [ 54.544383235143755, 24.377535524146854 ], [ 54.545368401001177, 24.377551493248429 ] ] ] } },
{ "type": "Feature", "properties": { "score": 0.75, "buildings": 15, "median_footprint_m2": 138, "hot_roof_pct": 0, "layout_irregularity": 0.01, "lst_C": 54.0, "note": "candidate for field verification (not a tenure judgement)" }, "geometry": { "type": "Polygon", "coordinates": [ [ [ 54.487262929441968, 24.375696064606199 ], [ 54.487245086970539, 24.376598376424784 ], [ 54.486259972057766, 24.376582030100778 ], [ 54.486277821506299, 24.375679718964356 ], [ 54.487262929441968, 24.375696064606199 ] ] ] } },
{ "type": "Feature", "properties": { "score": 0.724, "buildings": 35, "median_footprint_m2": 189, "hot_roof_pct": 0, "layout_irregularity": 0.74, "lst_C": 52.4, "note": "candidate for field verification (not a tenure judgement)" }, "geometry": { "type": "Polygon", "coordinates": [ [ [ 54.5444006728966, 24.376633173219243 ], [ 54.544383235143755, 24.377535524146854 ], [ 54.543398070139915, 24.377519548651044 ], [ 54.543415514871434, 24.376617198390122 ], [ 54.5444006728966, 24.376633173219243 ] ] ] } },
{ "type": "Feature", "properties": { "score": 0.739, "buildings": 12, "median_footprint_m2": 86, "hot_roof_pct": 0, "layout_irregularity": 0.02, "lst_C": 54.9, "note": "candidate for field verification (not a tenure judgement)" }, "geometry": { "type": "Polygon", "coordinates": [ [ [ 54.541462659217309, 24.375682880504147 ], [ 54.541445201383098, 24.376585229550049 ], [ 54.540460045920618, 24.376569235539133 ], [ 54.540477510733076, 24.375666887160715 ], [ 54.541462659217309, 24.375682880504147 ] ] ] } },
{ "type": "Feature", "properties": { "score": 0.724, "buildings": 12, "median_footprint_m2": 108, "hot_roof_pct": 0, "layout_irregularity": 0.32, "lst_C": 54.7, "note": "candidate for field verification (not a tenure judgement)" }, "geometry": { "type": "Polygon", "coordinates": [ [ [ 54.543432958749058, 24.375714848010055 ], [ 54.543415514871434, 24.376617198390122 ], [ 54.542430357700148, 24.37660121716705 ], [ 54.542447808556084, 24.375698867453938 ], [ 54.543432958749058, 24.375714848010055 ] ] ] } },
{ "type": "Feature", "properties": { "score": 0.729, "buildings": 9, "median_footprint_m2": 349, "hot_roof_pct": 22, "layout_irregularity": 0.08, "lst_C": 55.3, "note": "candidate for field verification (not a tenure judgement)" }, "geometry": { "type": "Polygon", "coordinates": [ [ [ 54.512911360832902, 24.374314148114934 ], [ 54.512893701504723, 24.375216477814941 ], [ 54.511908577950685, 24.375200299065451 ], [ 54.511926244255989, 24.374297970040654 ], [ 54.512911360832902, 24.374314148114934 ] ] ] } },
{ "type": "Feature", "properties": { "score": 0.737, "buildings": 11, "median_footprint_m2": 105, "hot_roof_pct": 0, "layout_irregularity": 0.09, "lst_C": 54.7, "note": "candidate for field verification (not a tenure judgement)" }, "geometry": { "type": "Polygon", "coordinates": [ [ [ 54.535569279988756, 24.374684479383472 ], [ 54.535551781142033, 24.375586824539681 ], [ 54.534566637792231, 24.37557079283485 ], [ 54.534584143616698, 24.37466844834772 ], [ 54.535569279988756, 24.374684479383472 ] ] ] } },
{ "type": "Feature", "properties": { "score": 0.683, "buildings": 14, "median_footprint_m2": 284, "hot_roof_pct": 7, "layout_irregularity": 0.0, "lst_C": 55.0, "note": "candidate for field verification (not a tenure judgement)" }, "geometry": { "type": "Polygon", "coordinates": [ [ [ 54.513931780384077, 24.372525658688325 ], [ 54.513914129761169, 24.373427989302108 ], [ 54.512929019296664, 24.373411818295502 ], [ 54.51294667689605, 24.372509488356634 ], [ 54.513931780384077, 24.372525658688325 ] ] ] } },
{ "type": "Feature", "properties": { "score": 0.727, "buildings": 18, "median_footprint_m2": 83, "hot_roof_pct": 0, "layout_irregularity": 0.01, "lst_C": 54.4, "note": "candidate for field verification (not a tenure judgement)" }, "geometry": { "type": "Polygon", "coordinates": [ [ [ 54.543485285258882, 24.373007796155001 ], [ 54.543467843942757, 24.373910146892495 ], [ 54.542482707705368, 24.373894167670247 ], [ 54.542500155998766, 24.372991817599679 ], [ 54.543485285258882, 24.373007796155001 ] ] ] } },
{ "type": "Feature", "properties": { "score": 0.732, "buildings": 10, "median_footprint_m2": 306, "hot_roof_pct": 10, "layout_irregularity": 0.02, "lst_C": 55.0, "note": "candidate for field verification (not a tenure judgement)" }, "geometry": { "type": "Polygon", "coordinates": [ [ [ 54.499173073374507, 24.371380111960455 ], [ 54.499155318976435, 24.372282432541944 ], [ 54.498170228489585, 24.372266166329567 ], [ 54.498187989863389, 24.371363846426991 ], [ 54.499173073374507, 24.371380111960455 ] ] ] } },
{ "type": "Feature", "properties": { "score": 0.714, "buildings": 19, "median_footprint_m2": 183, "hot_roof_pct": 0, "layout_irregularity": 0.01, "lst_C": 54.3, "note": "candidate for field verification (not a tenure judgement)" }, "geometry": { "type": "Polygon", "coordinates": [ [ [ 54.540547361434342, 24.372057492455383 ], [ 54.540529900041264, 24.372959841310458 ], [ 54.539544773344538, 24.372943843576603 ], [ 54.539562241714478, 24.372041495389247 ], [ 54.540547361434342, 24.372057492455383 ] ] ] } },
{ "type": "Feature", "properties": { "score": 0.673, "buildings": 14, "median_footprint_m2": 140, "hot_roof_pct": 14, "layout_irregularity": 0.0, "lst_C": 53.4, "note": "candidate for field verification (not a tenure judgement)" }, "geometry": { "type": "Polygon", "coordinates": [ [ [ 54.542517603438057, 24.372089467409971 ], [ 54.542500155998766, 24.372991817599679 ], [ 54.541515027592787, 24.372975832651491 ], [ 54.541532482008975, 24.372073483128965 ], [ 54.542517603438057, 24.372089467409971 ] ] ] } },
{ "type": "Feature", "properties": { "score": 0.74, "buildings": 19, "median_footprint_m2": 248, "hot_roof_pct": 5, "layout_irregularity": 0.01, "lst_C": 54.4, "note": "candidate for field verification (not a tenure judgement)" }, "geometry": { "type": "Polygon", "coordinates": [ [ [ 54.477519344478615, 24.370118488095507 ], [ 54.477501437497409, 24.371020793799072 ], [ 54.476516373192915, 24.371004387655582 ], [ 54.476534287148901, 24.370102082636787 ], [ 54.477519344478615, 24.370118488095507 ] ] ] } },
{ "type": "Feature", "properties": { "score": 0.735, "buildings": 20, "median_footprint_m2": 109, "hot_roof_pct": 0, "layout_irregularity": 0.01, "lst_C": 54.6, "note": "candidate for field verification (not a tenure judgement)" }, "geometry": { "type": "Polygon", "coordinates": [ [ [ 54.478504402684905, 24.370134887163367 ], [ 54.478486502678514, 24.371037193551437 ], [ 54.477501437497409, 24.371020793799072 ], [ 54.477519344478615, 24.370118488095507 ], [ 54.478504402684905, 24.370134887163367 ] ] ] } },
{ "type": "Feature", "properties": { "score": 0.698, "buildings": 19, "median_footprint_m2": 246, "hot_roof_pct": 0, "layout_irregularity": 0.22, "lst_C": 52.6, "note": "candidate for field verification (not a tenure judgement)" }, "geometry": { "type": "Polygon", "coordinates": [ [ [ 54.544505281490103, 24.371219065151777 ], [ 54.54448784885814, 24.372121416794165 ], [ 54.543502725721225, 24.372105445298377 ], [ 54.543520165329802, 24.371203094322627 ], [ 54.544505281490103, 24.371219065151777 ] ] ] } },
{ "type": "Feature", "properties": { "score": 0.739, "buildings": 12, "median_footprint_m2": 275, "hot_roof_pct": 8, "layout_irregularity": 0.0, "lst_C": 56.6, "note": "candidate for field verification (not a tenure judgement)" }, "geometry": { "type": "Polygon", "coordinates": [ [ [ 54.514002374235801, 24.368916335039135 ], [ 54.513984727068795, 24.369818666130531 ], [ 54.512999644508156, 24.369802497823553 ], [ 54.513017298650269, 24.368900167407041 ], [ 54.514002374235801, 24.368916335039135 ] ] ] } },
{ "type": "Feature", "properties": { "score": 0.727, "buildings": 12, "median_footprint_m2": 135, "hot_roof_pct": 0, "layout_irregularity": 0.03, "lst_C": 55.3, "note": "candidate for field verification (not a tenure judgement)" }, "geometry": { "type": "Polygon", "coordinates": [ [ [ 54.543555041985826, 24.36939839201375 ], [ 54.543537604084669, 24.370300743227748 ], [ 54.542552495754357, 24.370284766673148 ], [ 54.542569940631424, 24.36938241612603 ], [ 54.543555041985826, 24.36939839201375 ] ] ] } },
{ "type": "Feature", "properties": { "score": 0.702, "buildings": 14, "median_footprint_m2": 159, "hot_roof_pct": 0, "layout_irregularity": 0.27, "lst_C": 54.3, "note": "candidate for field verification (not a tenure judgement)" }, "geometry": { "type": "Polygon", "coordinates": [ [ [ 54.542587384654489, 24.368480065459789 ], [ 54.542569940631424, 24.36938241612603 ], [ 54.541584840131044, 24.369366433846512 ], [ 54.541602291129649, 24.36846408384741 ], [ 54.542587384654489, 24.368480065459789 ] ] ] } },
{ "type": "Feature", "properties": { "score": 0.711, "buildings": 16, "median_footprint_m2": 239, "hot_roof_pct": 0, "layout_irregularity": 0.02, "lst_C": 54.9, "note": "candidate for field verification (not a tenure judgement)" }, "geometry": { "type": "Polygon", "coordinates": [ [ [ 54.495321642995698, 24.366803420362217 ], [ 54.495303865046949, 24.367705738824341 ], [ 54.494318812914734, 24.367689450444438 ], [ 54.494336597837396, 24.366787132662246 ], [ 54.495321642995698, 24.366803420362217 ] ] ] } },
{ "type": "Feature", "properties": { "score": 0.695, "buildings": 13, "median_footprint_m2": 100, "hot_roof_pct": 0, "layout_irregularity": 0.01, "lst_C": 54.4, "note": "candidate for field verification (not a tenure judgement)" }, "geometry": { "type": "Polygon", "coordinates": [ [ [ 54.541619741273927, 24.367561733729183 ], [ 54.541602291129649, 24.36846408384741 ], [ 54.540617198459152, 24.368448095843529 ], [ 54.540634655578607, 24.3675457463927 ], [ 54.541619741273927, 24.367561733729183 ] ] ] } },
{ "type": "Feature", "properties": { "score": 0.769, "buildings": 15, "median_footprint_m2": 144, "hot_roof_pct": 7, "layout_irregularity": 0.4, "lst_C": 54.2, "note": "candidate for field verification (not a tenure judgement)" }, "geometry": { "type": "Polygon", "coordinates": [ [ [ 54.542604827823553, 24.367577714674418 ], [ 54.542587384654489, 24.368480065459789 ], [ 54.541602291129649, 24.36846408384741 ], [ 54.541619741273927, 24.367561733729183 ], [ 54.542604827823553, 24.367577714674418 ] ] ] } },
{ "type": "Feature", "properties": { "score": 0.679, "buildings": 14, "median_footprint_m2": 242, "hot_roof_pct": 0, "layout_irregularity": 0.0, "lst_C": 56.1, "note": "candidate for field verification (not a tenure judgement)" }, "geometry": { "type": "Polygon", "coordinates": [ [ [ 54.514055310553474, 24.36620934104856 ], [ 54.514037665978108, 24.367111672498137 ], [ 54.513052604341773, 24.367095506215794 ], [ 54.513070255891222, 24.366193175441076 ], [ 54.514055310553474, 24.36620934104856 ] ] ] } },
{ "type": "Feature", "properties": { "score": 0.73, "buildings": 15, "median_footprint_m2": 266, "hot_roof_pct": 7, "layout_irregularity": 0.0, "lst_C": 56.0, "note": "candidate for field verification (not a tenure judgement)" }, "geometry": { "type": "Polygon", "coordinates": [ [ [ 54.515040366079539, 24.366225500265688 ], [ 54.515022728478293, 24.367127832389858 ], [ 54.514037665978108, 24.367111672498137 ], [ 54.514055310553474, 24.36620934104856 ], [ 54.515040366079539, 24.366225500265688 ] ] ] } },
{ "type": "Feature", "properties": { "score": 0.682, "buildings": 12, "median_footprint_m2": 319, "hot_roof_pct": 8, "layout_irregularity": 0.0, "lst_C": 56.1, "note": "candidate for field verification (not a tenure judgement)" }, "geometry": { "type": "Polygon", "coordinates": [ [ [ 54.516025422469099, 24.36624165309243 ], [ 54.516007791842, 24.36714398589093 ], [ 54.515022728478293, 24.367127832389858 ], [ 54.515040366079539, 24.366225500265688 ], [ 54.516025422469099, 24.36624165309243 ] ] ] } },
{ "type": "Feature", "properties": { "score": 0.716, "buildings": 15, "median_footprint_m2": 467, "hot_roof_pct": 0, "layout_irregularity": 0.12, "lst_C": 55.8, "note": "candidate for field verification (not a tenure judgement)" }, "geometry": { "type": "Polygon", "coordinates": [ [ [ 54.510132768697233, 24.365242311408721 ], [ 54.510115097090868, 24.366144640276691 ], [ 54.509130045887346, 24.366128449107997 ], [ 54.50914772446734, 24.365226120915942 ], [ 54.510132768697233, 24.365242311408721 ] ] ] } },
{ "type": "Feature", "properties": { "score": 0.689, "buildings": 18, "median_footprint_m2": 214, "hot_roof_pct": 0, "layout_irregularity": 0.01, "lst_C": 54.9, "note": "candidate for field verification (not a tenure judgement)" }, "geometry": { "type": "Polygon", "coordinates": [ [ [ 54.540669567253609, 24.365741047133625 ], [ 54.540652111843414, 24.366643396822731 ], [ 54.539667033977558, 24.366627403762685 ], [ 54.53968449636222, 24.365725054741237 ], [ 54.540669567253609, 24.365741047133625 ] ] ] } },
{ "type": "Feature", "properties": { "score": 0.697, "buildings": 9, "median_footprint_m2": 64, "hot_roof_pct": 0, "layout_irregularity": 0.43, "lst_C": 55.0, "note": "candidate for field verification (not a tenure judgement)" }, "geometry": { "type": "Polygon", "coordinates": [ [ [ 54.544609859361685, 24.365804952796097 ], [ 54.544592431849644, 24.366707305153138 ], [ 54.543607350567356, 24.366691337657048 ], [ 54.543624785053971, 24.365788985966592 ], [ 54.544609859361685, 24.365804952796097 ] ] ] } },
{ "type": "Feature", "properties": { "score": 0.681, "buildings": 9, "median_footprint_m2": 294, "hot_roof_pct": 11, "layout_irregularity": 0.0, "lst_C": 56.2, "note": "candidate for field verification (not a tenure judgement)" }, "geometry": { "type": "Polygon", "coordinates": [ [ [ 54.51310555639764, 24.364388513533452 ], [ 54.513087906576501, 24.365290844546958 ], [ 54.512102859752154, 24.365274673224253 ], [ 54.512120516546666, 24.364372342885854 ], [ 54.51310555639764, 24.364388513533452 ] ] ] } },
{ "type": "Feature", "properties": { "score": 0.754, "buildings": 13, "median_footprint_m2": 95, "hot_roof_pct": 0, "layout_irregularity": 0.61, "lst_C": 54.8, "note": "candidate for field verification (not a tenure judgement)" }, "geometry": { "type": "Polygon", "coordinates": [ [ [ 54.544627286020493, 24.364902600319962 ], [ 54.544609859361685, 24.365804952796097 ], [ 54.543624785053971, 24.365788985966592 ], [ 54.543642218687026, 24.364886634157024 ], [ 54.544627286020493, 24.364902600319962 ] ] ] } },
{ "type": "Feature", "properties": { "score": 0.726, "buildings": 20, "median_footprint_m2": 193, "hot_roof_pct": 0, "layout_irregularity": 0.1, "lst_C": 53.8, "note": "candidate for field verification (not a tenure judgement)" }, "geometry": { "type": "Polygon", "coordinates": [ [ [ 54.543659651466534, 24.363984282228369 ], [ 54.543642218687026, 24.364886634157024 ], [ 54.542657152207092, 24.364870661603604 ], [ 54.54267459196047, 24.363968310341782 ], [ 54.543659651466534, 24.363984282228369 ] ] ] } },
{ "type": "Feature", "properties": { "score": 0.683, "buildings": 8, "median_footprint_m2": 137, "hot_roof_pct": 12, "layout_irregularity": 0.29, "lst_C": 53.6, "note": "candidate for field verification (not a tenure judgement)" }, "geometry": { "type": "Polygon", "coordinates": [ [ [ 54.464875606909324, 24.361784042232305 ], [ 54.464857617186169, 24.362686340091802 ], [ 54.46387262706623, 24.362669857059462 ], [ 54.463890623760754, 24.361767559888122 ], [ 54.464875606909324, 24.361784042232305 ] ] ] } },
{ "type": "Feature", "properties": { "score": 0.689, "buildings": 15, "median_footprint_m2": 420, "hot_roof_pct": 0, "layout_irregularity": 0.01, "lst_C": 55.2, "note": "candidate for field verification (not a tenure judgement)" }, "geometry": { "type": "Polygon", "coordinates": [ [ [ 54.504275651447536, 24.362438097460519 ], [ 54.504257940601292, 24.363340422627413 ], [ 54.503272915515488, 24.363324195150089 ], [ 54.503290633334188, 24.362421870660686 ], [ 54.504275651447536, 24.362438097460519 ] ] ] } },
{ "type": "Feature", "properties": { "score": 0.697, "buildings": 10, "median_footprint_m2": 50, "hot_roof_pct": 0, "layout_irregularity": 0.05, "lst_C": 50.5, "note": "candidate for field verification (not a tenure judgement)" }, "geometry": { "type": "Polygon", "coordinates": [ [ [ 54.462923644277694, 24.360848774552995 ], [ 54.462905641493286, 24.361751071155783 ], [ 54.461920660107275, 24.361734576035328 ], [ 54.461938669862647, 24.360832280121208 ], [ 54.462923644277694, 24.360848774552995 ] ] ] } },
{ "type": "Feature", "properties": { "score": 0.715, "buildings": 8, "median_footprint_m2": 111, "hot_roof_pct": 12, "layout_irregularity": 0.0, "lst_C": 55.8, "note": "candidate for field verification (not a tenure judgement)" }, "geometry": { "type": "Polygon", "coordinates": [ [ [ 54.51414352047339, 24.361697682009957 ], [ 54.514125880216902, 24.362600014056422 ], [ 54.513140853447602, 24.36258385114828 ], [ 54.513158500676482, 24.361681519776624 ], [ 54.51414352047339, 24.361697682009957 ] ] ] } },
{ "type": "Feature", "properties": { "score": 0.672, "buildings": 12, "median_footprint_m2": 207, "hot_roof_pct": 0, "layout_irregularity": 0.06, "lst_C": 53.7, "note": "candidate for field verification (not a tenure judgement)" }, "geometry": { "type": "Polygon", "coordinates": [ [ [ 54.542709468905691, 24.362163607460808 ], [ 54.542692030859996, 24.363065958960842 ], [ 54.541706979181292, 24.363049981351143 ], [ 54.54172442420014, 24.362147630518184 ], [ 54.542709468905691, 24.362163607460808 ] ] ] } },
{ "type": "Feature", "properties": { "score": 0.694, "buildings": 20, "median_footprint_m2": 135, "hot_roof_pct": 0, "layout_irregularity": 0.01, "lst_C": 53.6, "note": "candidate for field verification (not a tenure judgement)" }, "geometry": { "type": "Polygon", "coordinates": [ [ [ 54.543694514465031, 24.362179578013755 ], [ 54.543677083392531, 24.363081930180606 ], [ 54.542692030859996, 24.363065958960842 ], [ 54.542709468905691, 24.362163607460808 ], [ 54.543694514465031, 24.362179578013755 ] ] ] } },
{ "type": "Feature", "properties": { "score": 0.673, "buildings": 7, "median_footprint_m2": 58, "hot_roof_pct": 14, "layout_irregularity": 0.0, "lst_C": 56.3, "note": "candidate for field verification (not a tenure judgement)" }, "geometry": { "type": "Polygon", "coordinates": [ [ [ 54.491506084091569, 24.360422017687139 ], [ 54.491488284348648, 24.361324334265067 ], [ 54.490503284510773, 24.36130802509032 ], [ 54.490521091225112, 24.360405709193316 ], [ 54.491506084091569, 24.360422017687139 ] ] ] } },
{ "type": "Feature", "properties": { "score": 0.672, "buildings": 10, "median_footprint_m2": 318, "hot_roof_pct": 0, "layout_irregularity": 0.01, "lst_C": 56.0, "note": "candidate for field verification (not a tenure judgement)" }, "geometry": { "type": "Polygon", "coordinates": [ [ [ 54.513176147041321, 24.360779188285591 ], [ 54.513158500676482, 24.361681519776624 ], [ 54.512173481743588, 24.361665351154283 ], [ 54.51219113508045, 24.360763020338325 ], [ 54.513176147041321, 24.360779188285591 ] ] ] } },
{ "type": "Feature", "properties": { "score": 0.691, "buildings": 16, "median_footprint_m2": 326, "hot_roof_pct": 6, "layout_irregularity": 0.0, "lst_C": 56.0, "note": "candidate for field verification (not a tenure judgement)" }, "geometry": { "type": "Polygon", "coordinates": [ [ [ 54.514178798395328, 24.359893017558917 ], [ 54.514161159866191, 24.360795349844121 ], [ 54.513176147041321, 24.360779188285591 ], [ 54.513193792542154, 24.359876856675186 ], [ 54.514178798395328, 24.359893017558917 ] ] ] } },
{ "type": "Feature", "properties": { "score": 0.696, "buildings": 20, "median_footprint_m2": 197, "hot_roof_pct": 0, "layout_irregularity": 0.01, "lst_C": 53.9, "note": "candidate for field verification (not a tenure judgement)" }, "geometry": { "type": "Polygon", "coordinates": [ [ [ 54.542761777920056, 24.359456552246108 ], [ 54.542744342435697, 24.360358904103435 ], [ 54.541759311675449, 24.360342928494951 ], [ 54.541776754131952, 24.359440577304674 ], [ 54.542761777920056, 24.359456552246108 ] ] ] } },
{ "type": "Feature", "properties": { "score": 0.675, "buildings": 17, "median_footprint_m2": 118, "hot_roof_pct": 0, "layout_irregularity": 0.0, "lst_C": 53.9, "note": "candidate for field verification (not a tenure judgement)" }, "geometry": { "type": "Polygon", "coordinates": [ [ [ 54.543746802561891, 24.359472520798676 ], [ 54.543729374049683, 24.360374873322787 ], [ 54.542744342435697, 24.360358904103435 ], [ 54.542761777920056, 24.359456552246108 ], [ 54.543746802561891, 24.359472520798676 ] ] ] } },
{ "type": "Feature", "properties": { "score": 0.68, "buildings": 14, "median_footprint_m2": 155, "hot_roof_pct": 0, "layout_irregularity": 0.01, "lst_C": 54.3, "note": "candidate for field verification (not a tenure judgement)" }, "geometry": { "type": "Polygon", "coordinates": [ [ [ 54.544731828057103, 24.359488482962355 ], [ 54.544714406517087, 24.360390836152995 ], [ 54.543729374049683, 24.360374873322787 ], [ 54.543746802561891, 24.359472520798676 ], [ 54.544731828057103, 24.359488482962355 ] ] ] } },
{ "type": "Feature", "properties": { "score": 0.68, "buildings": 11, "median_footprint_m2": 256, "hot_roof_pct": 0, "layout_irregularity": 0.02, "lst_C": 55.6, "note": "candidate for field verification (not a tenure judgement)" }, "geometry": { "type": "Polygon", "coordinates": [ [ [ 54.507319147641518, 24.357975101745303 ], [ 54.50730146204306, 24.3588774295402 ], [ 54.506316469216074, 24.358861224614287 ], [ 54.506334161785361, 24.357958897496037 ], [ 54.507319147641518, 24.357975101745303 ] ] ] } },
{ "type": "Feature", "properties": { "score": 0.674, "buildings": 12, "median_footprint_m2": 311, "hot_roof_pct": 0, "layout_irregularity": 0.01, "lst_C": 55.8, "note": "candidate for field verification (not a tenure judgement)" }, "geometry": { "type": "Polygon", "coordinates": [ [ [ 54.513229080951916, 24.358072193096266 ], [ 54.51321143717901, 24.358974524945403 ], [ 54.512226439161147, 24.358958358348247 ], [ 54.512244089905046, 24.358056027174147 ], [ 54.513229080951916, 24.358072193096266 ] ] ] } },
{ "type": "Feature", "properties": { "score": 0.723, "buildings": 15, "median_footprint_m2": 395, "hot_roof_pct": 7, "layout_irregularity": 0.01, "lst_C": 55.5, "note": "candidate for field verification (not a tenure judgement)" }, "geometry": { "type": "Polygon", "coordinates": [ [ [ 54.514214072862707, 24.358088352630439 ], [ 54.514196436060821, 24.35899068515436 ], [ 54.51321143717901, 24.358974524945403 ], [ 54.513229080951916, 24.358072193096266 ], [ 54.514214072862707, 24.358088352630439 ] ] ] } },
{ "type": "Feature", "properties": { "score": 0.807, "buildings": 22, "median_footprint_m2": 102, "hot_roof_pct": 0, "layout_irregularity": 0.1, "lst_C": 57.2, "note": "candidate for field verification (not a tenure judgement)" }, "geometry": { "type": "Polygon", "coordinates": [ [ [ 54.529974060651078, 24.358346036399862 ], [ 54.529956535389161, 24.359248379683915 ], [ 54.52897152273048, 24.35923232168923 ], [ 54.528989054963844, 24.358329979075684 ], [ 54.529974060651078, 24.358346036399862 ] ] ] } },
{ "type": "Feature", "properties": { "score": 0.691, "buildings": 20, "median_footprint_m2": 92, "hot_roof_pct": 0, "layout_irregularity": 0.0, "lst_C": 54.2, "note": "candidate for field verification (not a tenure judgement)" }, "geometry": { "type": "Polygon", "coordinates": [ [ [ 54.541794195734397, 24.358538225995304 ], [ 54.541776754131952, 24.359440577304674 ], [ 54.540791731197906, 24.359424595974396 ], [ 54.540809179772118, 24.358522245332335 ], [ 54.541794195734397, 24.358538225995304 ] ] ] } },
{ "type": "Feature", "properties": { "score": 0.707, "buildings": 9, "median_footprint_m2": 213, "hot_roof_pct": 22, "layout_irregularity": 0.05, "lst_C": 54.8, "note": "candidate for field verification (not a tenure judgement)" }, "geometry": { "type": "Polygon", "coordinates": [ [ [ 54.463998585425564, 24.356353774343344 ], [ 54.463980594017279, 24.357256072233724 ], [ 54.462995646601371, 24.357239586943333 ], [ 54.46301364497895, 24.356337289741305 ], [ 54.463998585425564, 24.356353774343344 ] ] ] } },
{ "type": "Feature", "properties": { "score": 0.797, "buildings": 35, "median_footprint_m2": 57, "hot_roof_pct": 0, "layout_irregularity": 0.01, "lst_C": 57.2, "note": "candidate for field verification (not a tenure judgement)" }, "geometry": { "type": "Polygon", "coordinates": [ [ [ 54.529991585054866, 24.357443692996604 ], [ 54.529974060651078, 24.358346036399862 ], [ 54.528989054963844, 24.358329979075684 ], [ 54.529006586338738, 24.35742763634293 ], [ 54.529991585054866, 24.357443692996604 ] ] ] } },
{ "type": "Feature", "properties": { "score": 0.717, "buildings": 16, "median_footprint_m2": 129, "hot_roof_pct": 0, "layout_irregularity": 0.01, "lst_C": 53.9, "note": "candidate for field verification (not a tenure judgement)" }, "geometry": { "type": "Polygon", "coordinates": [ [ [ 54.487655242907849, 24.355845174325438 ], [ 54.487637419643498, 24.356747488776087 ], [ 54.486652458148313, 24.356731157457425 ], [ 54.486670288382271, 24.355828843688723 ], [ 54.487655242907849, 24.355845174325438 ] ] ] } },
{ "type": "Feature", "properties": { "score": 0.679, "buildings": 18, "median_footprint_m2": 196, "hot_roof_pct": 0, "layout_irregularity": 0.02, "lst_C": 52.5, "note": "candidate for field verification (not a tenure judgement)" }, "geometry": { "type": "Polygon", "coordinates": [ [ [ 54.54379908297831, 24.356765462511877 ], [ 54.543781657026173, 24.357667815393217 ], [ 54.542796646327652, 24.357651848174196 ], [ 54.542814079250931, 24.356749495959615 ], [ 54.54379908297831, 24.356765462511877 ] ] ] } },
{ "type": "Feature", "properties": { "score": 0.702, "buildings": 9, "median_footprint_m2": 311, "hot_roof_pct": 11, "layout_irregularity": 0.03, "lst_C": 55.4, "note": "candidate for field verification (not a tenure judgement)" }, "geometry": { "type": "Polygon", "coordinates": [ [ [ 54.513282007087177, 24.35536519683269 ], [ 54.513264365905968, 24.356267529039897 ], [ 54.512279388800067, 24.356251364467838 ], [ 54.512297036951239, 24.355349032935639 ], [ 54.513282007087177, 24.35536519683269 ] ] ] } },
{ "type": "Feature", "properties": { "score": 0.674, "buildings": 18, "median_footprint_m2": 283, "hot_roof_pct": 0, "layout_irregularity": 0.0, "lst_C": 55.7, "note": "candidate for field verification (not a tenure judgement)" }, "geometry": { "type": "Polygon", "coordinates": [ [ [ 54.515251949950247, 24.355397505465348 ], [ 54.515234322709063, 24.356299839021794 ], [ 54.514249343875754, 24.356283687224561 ], [ 54.514266978086958, 24.355381354342597 ], [ 54.515251949950247, 24.355397505465348 ] ] ] } },
{ "type": "Feature", "properties": { "score": 0.691, "buildings": 8, "median_footprint_m2": 226, "hot_roof_pct": 25, "layout_irregularity": 0.02, "lst_C": 55.2, "note": "candidate for field verification (not a tenure judgement)" }, "geometry": { "type": "Polygon", "coordinates": [ [ [ 54.483768978228689, 24.353072877576388 ], [ 54.483751129708295, 24.353975189656513 ], [ 54.482766192615031, 24.353958834838746 ], [ 54.482784048103895, 24.353056523441609 ], [ 54.483768978228689, 24.353072877576388 ] ] ] } },
{ "type": "Feature", "properties": { "score": 0.715, "buildings": 8, "median_footprint_m2": 33, "hot_roof_pct": 0, "layout_irregularity": 0.02, "lst_C": 56.1, "note": "candidate for field verification (not a tenure judgement)" }, "geometry": { "type": "Polygon", "coordinates": [ [ [ 54.511347375328178, 24.353528200579525 ], [ 54.511329721936079, 24.354430531675185 ], [ 54.510344760498427, 24.354414355679467 ], [ 54.510362420859757, 24.353512025259334 ], [ 54.511347375328178, 24.353528200579525 ] ] ] } },
{ "type": "Feature", "properties": { "score": 0.697, "buildings": 16, "median_footprint_m2": 99, "hot_roof_pct": 0, "layout_irregularity": 0.01, "lst_C": 53.3, "note": "candidate for field verification (not a tenure judgement)" }, "geometry": { "type": "Polygon", "coordinates": [ [ [ 54.54385135571502, 24.354058403153466 ], [ 54.543833932322705, 24.354960756392003 ], [ 54.542848942536587, 24.354944791173224 ], [ 54.542866372899013, 24.354042438601422 ], [ 54.54385135571502, 24.354058403153466 ] ] ] } },
{ "type": "Feature", "properties": { "score": 0.782, "buildings": 10, "median_footprint_m2": 126, "hot_roof_pct": 20, "layout_irregularity": 0.12, "lst_C": 41.3, "note": "candidate for field verification (not a tenure judgement)" }, "geometry": { "type": "Polygon", "coordinates": [ [ [ 54.459164010041825, 24.351759813440466 ], [ 54.459145988200333, 24.352662108485724 ], [ 54.458161080036753, 24.352645594709962 ], [ 54.458179108845691, 24.351743300354347 ], [ 54.459164010041825, 24.351759813440466 ] ] ] } },
{ "type": "Feature", "properties": { "score": 0.702, "buildings": 10, "median_footprint_m2": 127, "hot_roof_pct": 0, "layout_irregularity": 0.01, "lst_C": 56.1, "note": "candidate for field verification (not a tenure judgement)" }, "geometry": { "type": "Polygon", "coordinates": [ [ [ 54.475907465122177, 24.352039558965494 ], [ 54.475889561731499, 24.352941865693932 ], [ 54.474904638611115, 24.352925460472505 ], [ 54.474922548969708, 24.352023154429187 ], [ 54.475907465122177, 24.352039558965494 ] ] ] } },
{ "type": "Feature", "properties": { "score": 0.822, "buildings": 17, "median_footprint_m2": 36, "hot_roof_pct": 0, "layout_irregularity": 0.02, "lst_C": 56.5, "note": "candidate for field verification (not a tenure judgement)" }, "geometry": { "type": "Polygon", "coordinates": [ [ [ 54.503485472092699, 24.352496293392814 ], [ 54.50346776381469, 24.35339861919622 ], [ 54.502482816274323, 24.353382392784361 ], [ 54.502500531521008, 24.352480067658604 ], [ 54.503485472092699, 24.352496293392814 ] ] ] } },
{ "type": "Feature", "properties": { "score": 0.806, "buildings": 16, "median_footprint_m2": 78, "hot_roof_pct": 0, "layout_irregularity": 0.01, "lst_C": 56.7, "note": "candidate for field verification (not a tenure judgement)" }, "geometry": { "type": "Polygon", "coordinates": [ [ [ 54.511365027855796, 24.352625869364505 ], [ 54.511347375328178, 24.353528200579525 ], [ 54.510362420859757, 24.353512025259334 ], [ 54.510380080356271, 24.352609694719831 ], [ 54.511365027855796, 24.352625869364505 ] ] ] } },
{ "type": "Feature", "properties": { "score": 0.68, "buildings": 11, "median_footprint_m2": 97, "hot_roof_pct": 0, "layout_irregularity": 0.0, "lst_C": 52.7, "note": "candidate for field verification (not a tenure judgement)" }, "geometry": { "type": "Polygon", "coordinates": [ [ [ 54.462136718981434, 24.350907017155702 ], [ 54.462118718923939, 24.351809314388124 ], [ 54.461133815081297, 24.351792820457383 ], [ 54.461151822105975, 24.35089052391379 ], [ 54.462136718981434, 24.350907017155702 ] ] ] } },
{ "type": "Feature", "properties": { "score": 0.672, "buildings": 7, "median_footprint_m2": 158, "hot_roof_pct": 29, "layout_irregularity": 0.04, "lst_C": 55.4, "note": "candidate for field verification (not a tenure judgement)" }, "geometry": { "type": "Polygon", "coordinates": [ [ [ 54.468046118732921, 24.351005842523424 ], [ 54.468028160479143, 24.351908143883257 ], [ 54.467043251352678, 24.351891688263869 ], [ 54.467061216573811, 24.35098938759127 ], [ 54.468046118732921, 24.351005842523424 ] ] ] } },
{ "type": "Feature", "properties": { "score": 0.671, "buildings": 13, "median_footprint_m2": 328, "hot_roof_pct": 0, "layout_irregularity": 0.0, "lst_C": 55.8, "note": "candidate for field verification (not a tenure judgement)" }, "geometry": { "type": "Polygon", "coordinates": [ [ [ 54.514337506297039, 24.351772021621372 ], [ 54.514319875539684, 24.352674354980675 ], [ 54.513334925447843, 24.35265819949495 ], [ 54.513352563173839, 24.351755866810354 ], [ 54.514337506297039, 24.351772021621372 ] ] ] } },
{ "type": "Feature", "properties": { "score": 0.737, "buildings": 12, "median_footprint_m2": 212, "hot_roof_pct": 8, "layout_irregularity": 0.0, "lst_C": 55.3, "note": "candidate for field verification (not a tenure judgement)" }, "geometry": { "type": "Polygon", "coordinates": [ [ [ 54.485792339610164, 24.350398625634583 ], [ 54.485774507646724, 24.351300939438698 ], [ 54.484789589710275, 24.351284599440692 ], [ 54.484807428641226, 24.350382286319011 ], [ 54.485792339610164, 24.350398625634583 ] ] ] } },
{ "type": "Feature", "properties": { "score": 0.684, "buildings": 16, "median_footprint_m2": 272, "hot_roof_pct": 0, "layout_irregularity": 0.0, "lst_C": 54.7, "note": "candidate for field verification (not a tenure judgement)" }, "geometry": { "type": "Polygon", "coordinates": [ [ [ 54.520264771239312, 24.350966478857512 ], [ 54.520247183155668, 24.351868816378747 ], [ 54.519262234857194, 24.351852699884624 ], [ 54.519279829909301, 24.350950363036485 ], [ 54.520264771239312, 24.350966478857512 ] ] ] } },
{ "type": "Feature", "properties": { "score": 0.7, "buildings": 14, "median_footprint_m2": 188, "hot_roof_pct": 0, "layout_irregularity": 0.01, "lst_C": 54.7, "note": "candidate for field verification (not a tenure judgement)" }, "geometry": { "type": "Polygon", "coordinates": [ [ [ 54.543903620772731, 24.351351342723536 ], [ 54.543886199939998, 24.352253696319234 ], [ 54.542901231063212, 24.352237733100623 ], [ 54.542918658865034, 24.35133538017163 ], [ 54.543903620772731, 24.351351342723536 ] ] ] } },
{ "type": "Feature", "properties": { "score": 0.686, "buildings": 10, "median_footprint_m2": 516, "hot_roof_pct": 10, "layout_irregularity": 0.02, "lst_C": 55.4, "note": "candidate for field verification (not a tenure judgement)" }, "geometry": { "type": "Polygon", "coordinates": [ [ [ 54.500583835323312, 24.349740625006213 ], [ 54.500566108743854, 24.350642949134237 ], [ 54.4995811847119, 24.350626705598689 ], [ 54.499598918258926, 24.349724382149088 ], [ 54.500583835323312, 24.349740625006213 ] ] ] } },
{ "type": "Feature", "properties": { "score": 0.751, "buildings": 21, "median_footprint_m2": 261, "hot_roof_pct": 0, "layout_irregularity": 0.01, "lst_C": 55.2, "note": "candidate for field verification (not a tenure judgement)" }, "geometry": { "type": "Polygon", "coordinates": [ [ [ 54.485828000917309, 24.348593997667582 ], [ 54.485810170700347, 24.34949631171088 ], [ 54.484825266698579, 24.349479973077724 ], [ 54.484843103882362, 24.348577659716842 ], [ 54.485828000917309, 24.348593997667582 ] ] ] } },
{ "type": "Feature", "properties": { "score": 0.696, "buildings": 8, "median_footprint_m2": 79, "hot_roof_pct": 12, "layout_irregularity": 0.01, "lst_C": 53.4, "note": "candidate for field verification (not a tenure judgement)" }, "geometry": { "type": "Polygon", "coordinates": [ [ [ 54.462208710397064, 24.347297827027813 ], [ 54.462190713865247, 24.348200124739506 ], [ 54.461205837889317, 24.348183633564048 ], [ 54.461223841386953, 24.347281336541144 ], [ 54.462208710397064, 24.347297827027813 ] ] ] } },
{ "type": "Feature", "properties": { "score": 0.703, "buildings": 10, "median_footprint_m2": 315, "hot_roof_pct": 10, "layout_irregularity": 0.0, "lst_C": 57.1, "note": "candidate for field verification (not a tenure judgement)" }, "geometry": { "type": "Polygon", "coordinates": [ [ [ 54.478951618137486, 24.347577188555622 ], [ 54.478933740028914, 24.348479497936097 ], [ 54.477948849115897, 24.34846311529347 ], [ 54.477966734190758, 24.347560806597254 ], [ 54.478951618137486, 24.347577188555622 ] ] ] } },
{ "type": "Feature", "properties": { "score": 0.673, "buildings": 10, "median_footprint_m2": 443, "hot_roof_pct": 20, "layout_irregularity": 0.01, "lst_C": 54.7, "note": "candidate for field verification (not a tenure judgement)" }, "geometry": { "type": "Polygon", "coordinates": [ [ [ 54.497664579092643, 24.347887232736827 ], [ 54.497646833348803, 24.348789555067746 ], [ 54.496661925857957, 24.348773293734226 ], [ 54.496679678568604, 24.347870972082514 ], [ 54.497664579092643, 24.347887232736827 ] ] ] } },
{ "type": "Feature", "properties": { "score": 0.699, "buildings": 15, "median_footprint_m2": 497, "hot_roof_pct": 0, "layout_irregularity": 0.02, "lst_C": 55.3, "note": "candidate for field verification (not a tenure judgement)" }, "geometry": { "type": "Polygon", "coordinates": [ [ [ 54.499669843762732, 24.346115087156111 ], [ 54.499652113689365, 24.347017411083524 ], [ 54.498667218394026, 24.347001163877188 ], [ 54.498684955433575, 24.346098840628418 ], [ 54.499669843762732, 24.346115087156111 ] ] ] } },
{ "type": "Feature", "properties": { "score": 0.75, "buildings": 20, "median_footprint_m2": 174, "hot_roof_pct": 0, "layout_irregularity": 0.02, "lst_C": 54.0, "note": "candidate for field verification (not a tenure judgement)" }, "geometry": { "type": "Polygon", "coordinates": [ [ [ 54.544008127854042, 24.345937218649503 ], [ 54.543990712139767, 24.346839572959432 ], [ 54.543005785072438, 24.346823613740902 ], [ 54.543023207753762, 24.345921260097622 ], [ 54.544008127854042, 24.345937218649503 ] ] ] } },
{ "type": "Feature", "properties": { "score": 0.694, "buildings": 19, "median_footprint_m2": 120, "hot_roof_pct": 0, "layout_irregularity": 0.0, "lst_C": 53.8, "note": "candidate for field verification (not a tenure judgement)" }, "geometry": { "type": "Polygon", "coordinates": [ [ [ 54.544993048807306, 24.345953170816493 ], [ 54.544975640060102, 24.346855525792797 ], [ 54.543990712139767, 24.346839572959432 ], [ 54.544008127854042, 24.345937218649503 ], [ 54.544993048807306, 24.345953170816493 ] ] ] } },
{ "type": "Feature", "properties": { "score": 0.732, "buildings": 25, "median_footprint_m2": 125, "hot_roof_pct": 0, "layout_irregularity": 0.02, "lst_C": 53.7, "note": "candidate for field verification (not a tenure judgement)" }, "geometry": { "type": "Polygon", "coordinates": [ [ [ 54.544025542715332, 24.345034864220558 ], [ 54.544008127854042, 24.345937218649503 ], [ 54.543023207753762, 24.345921260097622 ], [ 54.54304062958176, 24.345018906335316 ], [ 54.544025542715332, 24.345034864220558 ] ] ] } },
{ "type": "Feature", "properties": { "score": 0.738, "buildings": 14, "median_footprint_m2": 77, "hot_roof_pct": 0, "layout_irregularity": 0.05, "lst_C": 52.8, "note": "candidate for field verification (not a tenure judgement)" }, "geometry": { "type": "Polygon", "coordinates": [ [ [ 54.458359348382757, 24.342720350206179 ], [ 54.458341328401097, 24.343622645760288 ], [ 54.457356490779254, 24.343606132497857 ], [ 54.457374517724929, 24.342703837633564 ], [ 54.458359348382757, 24.342720350206179 ] ] ] } },
{ "type": "Feature", "properties": { "score": 0.714, "buildings": 22, "median_footprint_m2": 122, "hot_roof_pct": 0, "layout_irregularity": 0.0, "lst_C": 54.0, "note": "candidate for field verification (not a tenure judgement)" }, "geometry": { "type": "Polygon", "coordinates": [ [ [ 54.544042956723672, 24.34413250967259 ], [ 54.544025542715332, 24.345034864220558 ], [ 54.54304062958176, 24.345018906335316 ], [ 54.543058050556468, 24.344116552453976 ], [ 54.544042956723672, 24.34413250967259 ] ] ] } },
{ "type": "Feature", "properties": { "score": 0.723, "buildings": 15, "median_footprint_m2": 73, "hot_roof_pct": 0, "layout_irregularity": 0.01, "lst_C": 53.6, "note": "candidate for field verification (not a tenure judgement)" }, "geometry": { "type": "Polygon", "coordinates": [ [ [ 54.545027863743805, 24.34414846050684 ], [ 54.54501045670186, 24.345050815721176 ], [ 54.544025542715332, 24.345034864220558 ], [ 54.544042956723672, 24.34413250967259 ], [ 54.545027863743805, 24.34414846050684 ] ] ] } },
{ "type": "Feature", "properties": { "score": 0.769, "buildings": 26, "median_footprint_m2": 55, "hot_roof_pct": 0, "layout_irregularity": 0.04, "lst_C": 53.4, "note": "candidate for field verification (not a tenure judgement)" }, "geometry": { "type": "Polygon", "coordinates": [ [ [ 54.545045269933155, 24.343246105173499 ], [ 54.545027863743805, 24.34414846050684 ], [ 54.544042956723672, 24.34413250967259 ], [ 54.544060369879077, 24.343230155005603 ], [ 54.545045269933155, 24.343246105173499 ] ] ] } },
{ "type": "Feature", "properties": { "score": 0.751, "buildings": 14, "median_footprint_m2": 326, "hot_roof_pct": 7, "layout_irregularity": 0.02, "lst_C": 55.1, "note": "candidate for field verification (not a tenure judgement)" }, "geometry": { "type": "Polygon", "coordinates": [ [ [ 54.471198083384522, 24.341129823488203 ], [ 54.471180155693787, 24.342032128225075 ], [ 54.470195320553074, 24.342015699311947 ], [ 54.470213255207497, 24.341113395261409 ], [ 54.471198083384522, 24.341129823488203 ] ] ] } },
{ "type": "Feature", "properties": { "score": 0.708, "buildings": 15, "median_footprint_m2": 96, "hot_roof_pct": 0, "layout_irregularity": 0.01, "lst_C": 53.8, "note": "candidate for field verification (not a tenure judgement)" }, "geometry": { "type": "Polygon", "coordinates": [ [ [ 54.545062675269953, 24.342343749721149 ], [ 54.545045269933155, 24.343246105173499 ], [ 54.544060369879077, 24.343230155005603 ], [ 54.544077782181589, 24.3423278002196 ], [ 54.545062675269953, 24.342343749721149 ] ] ] } },
{ "type": "Feature", "properties": { "score": 0.732, "buildings": 10, "median_footprint_m2": 70, "hot_roof_pct": 0, "layout_irregularity": 0.02, "lst_C": 55.9, "note": "candidate for field verification (not a tenure judgement)" }, "geometry": { "type": "Polygon", "coordinates": [ [ [ 54.512579289859175, 24.340911712189875 ], [ 54.512561655531734, 24.341814045631406 ], [ 54.51157679076821, 24.341797885475327 ], [ 54.511594432060143, 24.340895552708929 ], [ 54.512579289859175, 24.340911712189875 ] ] ] } },
{ "type": "Feature", "properties": { "score": 0.687, "buildings": 9, "median_footprint_m2": 133, "hot_roof_pct": 11, "layout_irregularity": 0.03, "lst_C": 53.7, "note": "candidate for field verification (not a tenure judgement)" }, "geometry": { "type": "Polygon", "coordinates": [ [ [ 54.459416223171573, 24.339127670223586 ], [ 54.459398213682732, 24.340029966946499 ], [ 54.458413403032395, 24.340013462824892 ], [ 54.458431419483915, 24.33911116679149 ], [ 54.459416223171573, 24.339127670223586 ] ] ] } },
{ "type": "Feature", "properties": { "score": 0.756, "buildings": 15, "median_footprint_m2": 246, "hot_roof_pct": 27, "layout_irregularity": 0.0, "lst_C": 54.0, "note": "candidate for field verification (not a tenure judgement)" }, "geometry": { "type": "Polygon", "coordinates": [ [ [ 54.464340254834902, 24.339210091663062 ], [ 54.464322280159855, 24.340112391829539 ], [ 54.463337465102171, 24.340095919616342 ], [ 54.463355446740032, 24.33919362013804 ], [ 54.464340254834902, 24.339210091663062 ] ] ] } },
{ "type": "Feature", "properties": { "score": 0.711, "buildings": 14, "median_footprint_m2": 540, "hot_roof_pct": 36, "layout_irregularity": 0.02, "lst_C": 52.5, "note": "candidate for field verification (not a tenure judgement)" }, "geometry": { "type": "Polygon", "coordinates": [ [ [ 54.536233601694555, 24.34039527514285 ], [ 54.536216135378474, 24.341297624826662 ], [ 54.535231256943398, 24.341281618540229 ], [ 54.535248730224268, 24.340379269525144 ], [ 54.536233601694555, 24.34039527514285 ] ] ] } },
{ "type": "Feature", "properties": { "score": 0.728, "buildings": 15, "median_footprint_m2": 186, "hot_roof_pct": 0, "layout_irregularity": 0.05, "lst_C": 53.8, "note": "candidate for field verification (not a tenure judgement)" }, "geometry": { "type": "Polygon", "coordinates": [ [ [ 54.545097483385959, 24.34053903845945 ], [ 54.545080079754207, 24.3414413941498 ], [ 54.544095193631215, 24.341425445314588 ], [ 54.544112604227998, 24.340523090290564 ], [ 54.545097483385959, 24.34053903845945 ] ] ] } },
{ "type": "Feature", "properties": { "score": 0.685, "buildings": 11, "median_footprint_m2": 130, "hot_roof_pct": 9, "layout_irregularity": 0.0, "lst_C": 54.6, "note": "candidate for field verification (not a tenure judgement)" }, "geometry": { "type": "Polygon", "coordinates": [ [ [ 54.465343030642323, 24.338324255832458 ], [ 54.465325063810198, 24.339226556806597 ], [ 54.464340254834902, 24.339210091663062 ], [ 54.464358228629528, 24.338307791376828 ], [ 54.465343030642323, 24.338324255832458 ] ] ] } },
{ "type": "Feature", "properties": { "score": 0.684, "buildings": 12, "median_footprint_m2": 112, "hot_roof_pct": 0, "layout_irregularity": 0.33, "lst_C": 52.9, "note": "candidate for field verification (not a tenure judgement)" }, "geometry": { "type": "Polygon", "coordinates": [ [ [ 54.541175402510291, 24.339572854341771 ], [ 54.541157971872416, 24.340475207484246 ], [ 54.540173096127788, 24.340459233782322 ], [ 54.540190533730247, 24.339556881307239 ], [ 54.541175402510291, 24.339572854341771 ] ] ] } },
{ "type": "Feature", "properties": { "score": 0.675, "buildings": 11, "median_footprint_m2": 273, "hot_roof_pct": 9, "layout_irregularity": 0.01, "lst_C": 54.3, "note": "candidate for field verification (not a tenure judgement)" }, "geometry": { "type": "Polygon", "coordinates": [ [ [ 54.4633914073735, 24.337389020822162 ], [ 54.463373427497132, 24.338291320539984 ], [ 54.462388627245467, 24.33827484332194 ], [ 54.462406614083939, 24.337372544292545 ], [ 54.4633914073735, 24.337389020822162 ] ] ] } },
{ "type": "Feature", "properties": { "score": 0.736, "buildings": 11, "median_footprint_m2": 42, "hot_roof_pct": 0, "layout_irregularity": 0.06, "lst_C": 55.3, "note": "candidate for field verification (not a tenure judgement)" }, "geometry": { "type": "Polygon", "coordinates": [ [ [ 54.46047302902835, 24.335534976427766 ], [ 54.460455030029181, 24.336437274319081 ], [ 54.459470246345475, 24.336420779336024 ], [ 54.459488252305988, 24.335518482133921 ], [ 54.46047302902835, 24.335534976427766 ] ] ] } },
{ "type": "Feature", "properties": { "score": 0.71, "buildings": 17, "median_footprint_m2": 195, "hot_roof_pct": 0, "layout_irregularity": 0.04, "lst_C": 54.7, "note": "candidate for field verification (not a tenure judgement)" }, "geometry": { "type": "Polygon", "coordinates": [ [ [ 54.485092732746047, 24.335945260108492 ], [ 54.48507490778934, 24.336847575143391 ], [ 54.484090102165275, 24.336831239681977 ], [ 54.484107934084008, 24.335928925329622 ], [ 54.485092732746047, 24.335945260108492 ] ] ] } },
{ "type": "Feature", "properties": { "score": 0.696, "buildings": 15, "median_footprint_m2": 443, "hot_roof_pct": 20, "layout_irregularity": 0.01, "lst_C": 51.8, "note": "candidate for field verification (not a tenure judgement)" }, "geometry": { "type": "Polygon", "coordinates": [ [ [ 54.531379248892229, 24.336705796682349 ], [ 54.531361751181308, 24.337608143496333 ], [ 54.530376904885806, 24.337592107973503 ], [ 54.530394409560017, 24.33668976182954 ], [ 54.531379248892229, 24.336705796682349 ] ] ] } },
{ "type": "Feature", "properties": { "score": 0.755, "buildings": 19, "median_footprint_m2": 439, "hot_roof_pct": 37, "layout_irregularity": 0.03, "lst_C": 52.6, "note": "candidate for field verification (not a tenure judgement)" }, "geometry": { "type": "Polygon", "coordinates": [ [ [ 54.536303458403637, 24.336785875216879 ], [ 54.536285995509601, 24.337688225376979 ], [ 54.535301144931644, 24.337672221765388 ], [ 54.535318614789112, 24.336769872273983 ], [ 54.536303458403637, 24.336785875216879 ] ] ] } },
{ "type": "Feature", "properties": { "score": 0.673, "buildings": 22, "median_footprint_m2": 211, "hot_roof_pct": 0, "layout_irregularity": 0.0, "lst_C": 54.7, "note": "candidate for field verification (not a tenure judgement)" }, "geometry": { "type": "Polygon", "coordinates": [ [ [ 54.54024284141277, 24.336849823167775 ], [ 54.540225406372713, 24.337752175999963 ], [ 54.53924055237492, 24.337736197917764 ], [ 54.539257994378517, 24.336833845753201 ], [ 54.54024284141277, 24.336849823167775 ] ] ] } },
{ "type": "Feature", "properties": { "score": 0.708, "buildings": 12, "median_footprint_m2": 118, "hot_roof_pct": 0, "layout_irregularity": 0.17, "lst_C": 54.7, "note": "candidate for field verification (not a tenure judgement)" }, "geometry": { "type": "Polygon", "coordinates": [ [ [ 54.543197387638635, 24.336897717118589 ], [ 54.543179973489345, 24.337800071952046 ], [ 54.542195116930266, 24.337784113017122 ], [ 54.542212538043174, 24.336881758850492 ], [ 54.543197387638635, 24.336897717118589 ] ] ] } },
{ "type": "Feature", "properties": { "score": 0.709, "buildings": 19, "median_footprint_m2": 121, "hot_roof_pct": 0, "layout_irregularity": 0.01, "lst_C": 53.8, "note": "candidate for field verification (not a tenure judgement)" }, "geometry": { "type": "Polygon", "coordinates": [ [ [ 54.544182238087167, 24.336913669004488 ], [ 54.544164830901515, 24.337816024504505 ], [ 54.543179973489345, 24.337800071952046 ], [ 54.543197387638635, 24.336897717118589 ], [ 54.544182238087167, 24.336913669004488 ] ] ] } },
{ "type": "Feature", "properties": { "score": 0.695, "buildings": 13, "median_footprint_m2": 195, "hot_roof_pct": 0, "layout_irregularity": 0.01, "lst_C": 56.0, "note": "candidate for field verification (not a tenure judgement)" }, "geometry": { "type": "Polygon", "coordinates": [ [ [ 54.485110556829589, 24.335042944954044 ], [ 54.485092732746047, 24.335945260108492 ], [ 54.484107934084008, 24.335928925329622 ], [ 54.484125765129235, 24.335026610857714 ], [ 54.485110556829589, 24.335042944954044 ] ] ] } },
{ "type": "Feature", "properties": { "score": 0.673, "buildings": 10, "median_footprint_m2": 228, "hot_roof_pct": 0, "layout_irregularity": 0.12, "lst_C": 55.6, "note": "candidate for field verification (not a tenure judgement)" }, "geometry": { "type": "Polygon", "coordinates": [ [ [ 54.486095349403072, 24.335059272669749 ], [ 54.486077532281236, 24.335961588506468 ], [ 54.485092732746047, 24.335945260108492 ], [ 54.485110556829589, 24.335042944954044 ], [ 54.486095349403072, 24.335059272669749 ] ] ] } },
{ "type": "Feature", "properties": { "score": 0.7, "buildings": 22, "median_footprint_m2": 97, "hot_roof_pct": 0, "layout_irregularity": 0.01, "lst_C": 53.4, "note": "candidate for field verification (not a tenure judgement)" }, "geometry": { "type": "Polygon", "coordinates": [ [ [ 54.544199644420104, 24.336011313385491 ], [ 54.544182238087167, 24.336913669004488 ], [ 54.543197387638635, 24.336897717118589 ], [ 54.543214800934877, 24.335995362166138 ], [ 54.544199644420104, 24.336011313385491 ] ] ] } },
{ "type": "Feature", "properties": { "score": 0.715, "buildings": 10, "median_footprint_m2": 78, "hot_roof_pct": 0, "layout_irregularity": 0.09, "lst_C": 54.8, "note": "candidate for field verification (not a tenure judgement)" }, "geometry": { "type": "Polygon", "coordinates": [ [ [ 54.465432851602685, 24.333812749165695 ], [ 54.46541488917056, 24.334715050738517 ], [ 54.464430115004369, 24.334698589034407 ], [ 54.46444808439729, 24.333796288149436 ], [ 54.465432851602685, 24.333812749165695 ] ] ] } },
{ "type": "Feature", "properties": { "score": 0.722, "buildings": 13, "median_footprint_m2": 436, "hot_roof_pct": 23, "layout_irregularity": 0.03, "lst_C": 53.4, "note": "candidate for field verification (not a tenure judgement)" }, "geometry": { "type": "Polygon", "coordinates": [ [ [ 54.538308043568634, 24.335013158606035 ], [ 54.538290596311029, 24.335915510340797 ], [ 54.537305757949099, 24.335899520830164 ], [ 54.537323212169511, 24.334997169763543 ], [ 54.538308043568634, 24.335013158606035 ] ] ] } },
{ "type": "Feature", "properties": { "score": 0.698, "buildings": 15, "median_footprint_m2": 190, "hot_roof_pct": 0, "layout_irregularity": 0.01, "lst_C": 54.7, "note": "candidate for field verification (not a tenure judgement)" }, "geometry": { "type": "Polygon", "coordinates": [ [ [ 54.540277708930674, 24.335045117146326 ], [ 54.540260275598747, 24.33594747021656 ], [ 54.539275435527692, 24.335931493469602 ], [ 54.539292875822476, 24.335029141066972 ], [ 54.540277708930674, 24.335045117146326 ] ] ] } },
{ "type": "Feature", "properties": { "score": 0.694, "buildings": 17, "median_footprint_m2": 222, "hot_roof_pct": 0, "layout_irregularity": 0.02, "lst_C": 53.8, "note": "candidate for field verification (not a tenure judgement)" }, "geometry": { "type": "Polygon", "coordinates": [ [ [ 54.544217049900347, 24.335108957647495 ], [ 54.544199644420104, 24.336011313385491 ], [ 54.543214800934877, 24.335995362166138 ], [ 54.54323221337809, 24.335093007094684 ], [ 54.544217049900347, 24.335108957647495 ] ] ] } },
{ "type": "Feature", "properties": { "score": 0.712, "buildings": 13, "median_footprint_m2": 419, "hot_roof_pct": 23, "layout_irregularity": 0.02, "lst_C": 52.6, "note": "candidate for field verification (not a tenure judgement)" }, "geometry": { "type": "Polygon", "coordinates": [ [ [ 54.536355841953217, 24.334078824022232 ], [ 54.53633838162542, 24.334981174539504 ], [ 54.53535355193673, 24.334965172933956 ], [ 54.535371019226929, 24.33406282308535 ], [ 54.536355841953217, 24.334078824022232 ] ] ] } },
{ "type": "Feature", "properties": { "score": 0.673, "buildings": 21, "median_footprint_m2": 327, "hot_roof_pct": 0, "layout_irregularity": 0.01, "lst_C": 54.4, "note": "candidate for field verification (not a tenure judgement)" }, "geometry": { "type": "Polygon", "coordinates": [ [ [ 54.540295141408578, 24.334142763957072 ], [ 54.540277708930674, 24.335045117146326 ], [ 54.539292875822476, 24.335029141066972 ], [ 54.539310315262888, 24.334126788545312 ], [ 54.540295141408578, 24.334142763957072 ] ] ] } },
{ "type": "Feature", "properties": { "score": 0.707, "buildings": 15, "median_footprint_m2": 123, "hot_roof_pct": 0, "layout_irregularity": 0.0, "lst_C": 54.8, "note": "candidate for field verification (not a tenure judgement)" }, "geometry": { "type": "Polygon", "coordinates": [ [ [ 54.54226479626162, 24.334174695636563 ], [ 54.542247377708826, 24.335077050160212 ], [ 54.541262542892909, 24.335061086844078 ], [ 54.541279968408269, 24.334158732987497 ], [ 54.54226479626162, 24.334174695636563 ] ] ] } },
{ "type": "Feature", "properties": { "score": 0.695, "buildings": 20, "median_footprint_m2": 142, "hot_roof_pct": 0, "layout_irregularity": 0.0, "lst_C": 54.0, "note": "candidate for field verification (not a tenure judgement)" }, "geometry": { "type": "Polygon", "coordinates": [ [ [ 54.544234454527931, 24.334206601790534 ], [ 54.544217049900347, 24.335108957647495 ], [ 54.54323221337809, 24.335093007094684 ], [ 54.54324962496829, 24.334190651904247 ], [ 54.544234454527931, 24.334206601790534 ] ] ] } },
{ "type": "Feature", "properties": { "score": 0.76, "buildings": 15, "median_footprint_m2": 340, "hot_roof_pct": 20, "layout_irregularity": 0.0, "lst_C": 55.8, "note": "candidate for field verification (not a tenure judgement)" }, "geometry": { "type": "Polygon", "coordinates": [ [ [ 54.5117531648065, 24.332774552442743 ], [ 54.511735531290455, 24.33367688628282 ], [ 54.510750730058945, 24.33366072582189 ], [ 54.51076837053639, 24.33275839265713 ], [ 54.5117531648065, 24.332774552442743 ] ] ] } },
{ "type": "Feature", "properties": { "score": 0.721, "buildings": 13, "median_footprint_m2": 213, "hot_roof_pct": 8, "layout_irregularity": 0.0, "lst_C": 55.4, "note": "candidate for field verification (not a tenure judgement)" }, "geometry": { "type": "Polygon", "coordinates": [ [ [ 54.541332239832514, 24.331451670703732 ], [ 54.541314816878049, 24.332354024917318 ], [ 54.540330003802417, 24.332338057221527 ], [ 54.540347433718402, 24.331435703675243 ], [ 54.541332239832514, 24.331451670703732 ] ] ] } },
{ "type": "Feature", "properties": { "score": 0.677, "buildings": 7, "median_footprint_m2": 90, "hot_roof_pct": 14, "layout_irregularity": 0.01, "lst_C": 55.0, "note": "candidate for field verification (not a tenure judgement)" }, "geometry": { "type": "Polygon", "coordinates": [ [ [ 54.457644815975485, 24.329169400290596 ], [ 54.45762680227066, 24.330071696952078 ], [ 54.45664206995577, 24.33005518765723 ], [ 54.456660090619465, 24.329152891685681 ], [ 54.457644815975485, 24.329169400290596 ] ] ] } },
{ "type": "Feature", "properties": { "score": 0.689, "buildings": 17, "median_footprint_m2": 391, "hot_roof_pct": 0, "layout_irregularity": 0.02, "lst_C": 54.8, "note": "candidate for field verification (not a tenure judgement)" }, "geometry": { "type": "Polygon", "coordinates": [ [ [ 54.540364862780471, 24.330533350009958 ], [ 54.540347433718402, 24.331435703675243 ], [ 54.539362628458207, 24.331419730266216 ], [ 54.539380064481421, 24.330517377268485 ], [ 54.540364862780471, 24.330533350009958 ] ] ] } },
{ "type": "Feature", "properties": { "score": 0.691, "buildings": 21, "median_footprint_m2": 221, "hot_roof_pct": 0, "layout_irregularity": 0.01, "lst_C": 53.9, "note": "candidate for field verification (not a tenure judgement)" }, "geometry": { "type": "Polygon", "coordinates": [ [ [ 54.541384503574548, 24.328744607349012 ], [ 54.541367083180745, 24.329646961919579 ], [ 54.540382290988646, 24.329630996225664 ], [ 54.540399718342947, 24.328728642322371 ], [ 54.541384503574548, 24.328744607349012 ] ] ] } },
{ "type": "Feature", "properties": { "score": 0.68, "buildings": 9, "median_footprint_m2": 128, "hot_roof_pct": 0, "layout_irregularity": 0.01, "lst_C": 56.0, "note": "candidate for field verification (not a tenure judgement)" }, "geometry": { "type": "Polygon", "coordinates": [ [ [ 54.455729443714915, 24.326429490139571 ], [ 54.455711418741842, 24.327331785780313 ], [ 54.454726709068474, 24.327315265799591 ], [ 54.454744740999345, 24.326412970849301 ], [ 54.455729443714915, 24.326429490139571 ] ] ] } },
{ "type": "Feature", "properties": { "score": 0.728, "buildings": 26, "median_footprint_m2": 146, "hot_roof_pct": 0, "layout_irregularity": 0.0, "lst_C": 53.7, "note": "candidate for field verification (not a tenure judgement)" }, "geometry": { "type": "Polygon", "coordinates": [ [ [ 54.463607097202555, 24.326561414868038 ], [ 54.463589127892867, 24.327463716022734 ], [ 54.462604411163994, 24.327447247065191 ], [ 54.462622387431701, 24.326544946598798 ], [ 54.463607097202555, 24.326561414868038 ] ] ] } },
{ "type": "Feature", "properties": { "score": 0.759, "buildings": 16, "median_footprint_m2": 408, "hot_roof_pct": 44, "layout_irregularity": 0.01, "lst_C": 53.1, "note": "candidate for field verification (not a tenure judgement)" }, "geometry": { "type": "Polygon", "coordinates": [ [ [ 54.5345084931567, 24.327730368175697 ], [ 54.534491024895864, 24.328632718188793 ], [ 54.533506245648283, 24.328616708504448 ], [ 54.533523720869091, 24.327714359160485 ], [ 54.5345084931567, 24.327730368175697 ] ] ] } },
{ "type": "Feature", "properties": { "score": 0.716, "buildings": 12, "median_footprint_m2": 403, "hot_roof_pct": 25, "layout_irregularity": 0.01, "lst_C": 52.3, "note": "candidate for field verification (not a tenure judgement)" }, "geometry": { "type": "Polygon", "coordinates": [ [ [ 54.536478040299144, 24.327762367068086 ], [ 54.536460585958324, 24.328664718418644 ], [ 54.535475804999315, 24.328648721493533 ], [ 54.535493266300165, 24.327746370811571 ], [ 54.536478040299144, 24.327762367068086 ] ] ] } },
{ "type": "Feature", "properties": { "score": 0.703, "buildings": 19, "median_footprint_m2": 238, "hot_roof_pct": 0, "layout_irregularity": 0.31, "lst_C": 53.7, "note": "candidate for field verification (not a tenure judgement)" }, "geometry": { "type": "Polygon", "coordinates": [ [ [ 54.542386702239789, 24.327858210639359 ], [ 54.542369289659661, 24.328760565995903 ], [ 54.541384503574548, 24.328744607349012 ], [ 54.541401923114869, 24.327842252659472 ], [ 54.542386702239789, 24.327858210639359 ] ] ] } },
{ "type": "Feature", "properties": { "score": 0.712, "buildings": 24, "median_footprint_m2": 219, "hot_roof_pct": 0, "layout_irregularity": 0.01, "lst_C": 54.2, "note": "candidate for field verification (not a tenure judgement)" }, "geometry": { "type": "Polygon", "coordinates": [ [ [ 54.543371482217843, 24.327874162239731 ], [ 54.543354076597922, 24.328776518263002 ], [ 54.542369289659661, 24.328760565995903 ], [ 54.542386702239789, 24.327858210639359 ], [ 54.543371482217843, 24.327874162239731 ] ] ] } },
{ "type": "Feature", "properties": { "score": 0.683, "buildings": 7, "median_footprint_m2": 95, "hot_roof_pct": 0, "layout_irregularity": 0.08, "lst_C": 59.5, "note": "candidate for field verification (not a tenure judgement)" }, "geometry": { "type": "Polygon", "coordinates": [ [ [ 54.482334585960587, 24.325970785887144 ], [ 54.482316749732362, 24.326873100188717 ], [ 54.481332023292566, 24.326856753100248 ], [ 54.481349866478979, 24.325954439481915 ], [ 54.482334585960587, 24.325970785887144 ] ] ] } },
{ "type": "Feature", "properties": { "score": 0.676, "buildings": 13, "median_footprint_m2": 404, "hot_roof_pct": 46, "layout_irregularity": 0.0, "lst_C": 52.8, "note": "candidate for field verification (not a tenure judgement)" }, "geometry": { "type": "Polygon", "coordinates": [ [ [ 54.531571667146594, 24.326779973868142 ], [ 54.531554178862812, 24.327682321992118 ], [ 54.530569409144817, 24.32766629383902 ], [ 54.530586904388144, 24.326763946384961 ], [ 54.531571667146594, 24.326779973868142 ] ] ] } },
{ "type": "Feature", "properties": { "score": 0.718, "buildings": 20, "median_footprint_m2": 183, "hot_roof_pct": 0, "layout_irregularity": 0.01, "lst_C": 54.3, "note": "candidate for field verification (not a tenure judgement)" }, "geometry": { "type": "Polygon", "coordinates": [ [ [ 54.544373660855932, 24.326987750651863 ], [ 54.544356263048684, 24.327890107460561 ], [ 54.543371482217843, 24.327874162239731 ], [ 54.543388886984978, 24.326971806097486 ], [ 54.544373660855932, 24.326987750651863 ] ] ] } },
{ "type": "Feature", "properties": { "score": 0.794, "buildings": 22, "median_footprint_m2": 102, "hot_roof_pct": 0, "layout_irregularity": 0.03, "lst_C": 55.0, "note": "candidate for field verification (not a tenure judgement)" }, "geometry": { "type": "Polygon", "coordinates": [ [ [ 54.465612427533131, 24.324789726853137 ], [ 54.465594473898925, 24.325692029623056 ], [ 54.464609769325392, 24.325675574797074 ], [ 54.464627729916984, 24.324773272714921 ], [ 54.465612427533131, 24.324789726853137 ] ] ] } },
{ "type": "Feature", "properties": { "score": 0.711, "buildings": 14, "median_footprint_m2": 187, "hot_roof_pct": 0, "layout_irregularity": 0.14, "lst_C": 54.5, "note": "candidate for field verification (not a tenure judgement)" }, "geometry": { "type": "Polygon", "coordinates": [ [ [ 54.540451995282943, 24.326021579898566 ], [ 54.540434570490071, 24.32692393415882 ], [ 54.539449800032223, 24.326907964087493 ], [ 54.539467231784535, 24.326005610494747 ], [ 54.540451995282943, 24.326021579898566 ] ] ] } },
{ "type": "Feature", "properties": { "score": 0.714, "buildings": 22, "median_footprint_m2": 163, "hot_roof_pct": 0, "layout_irregularity": 0.01, "lst_C": 53.7, "note": "candidate for field verification (not a tenure judgement)" }, "geometry": { "type": "Polygon", "coordinates": [ [ [ 54.544391057810742, 24.326085393724224 ], [ 54.544373660855932, 24.326987750651863 ], [ 54.543388886984978, 24.326971806097486 ], [ 54.543406290899341, 24.326069449836293 ], [ 54.544391057810742, 24.326085393724224 ] ] ] } },
{ "type": "Feature", "properties": { "score": 0.775, "buildings": 12, "median_footprint_m2": 72, "hot_roof_pct": 0, "layout_irregularity": 0.23, "lst_C": 54.2, "note": "candidate for field verification (not a tenure judgement)" }, "geometry": { "type": "Polygon", "coordinates": [ [ [ 54.457752879672775, 24.323755617806345 ], [ 54.457734871262566, 24.324657915186471 ], [ 54.456750180695828, 24.32464141003112 ], [ 54.456768196062868, 24.323739113340864 ], [ 54.457752879672775, 24.323755617806345 ] ] ] } },
{ "type": "Feature", "properties": { "score": 0.76, "buildings": 14, "median_footprint_m2": 401, "hot_roof_pct": 21, "layout_irregularity": 0.04, "lst_C": 53.0, "note": "candidate for field verification (not a tenure judgement)" }, "geometry": { "type": "Polygon", "coordinates": [ [ [ 54.532591390840807, 24.324991297027871 ], [ 54.532573911229591, 24.325893646059622 ], [ 54.531589154573524, 24.32587762562509 ], [ 54.53160664114364, 24.324975277262975 ], [ 54.532591390840807, 24.324991297027871 ] ] ] } },
{ "type": "Feature", "properties": { "score": 0.725, "buildings": 15, "median_footprint_m2": 433, "hot_roof_pct": 20, "layout_irregularity": 0.01, "lst_C": 52.9, "note": "candidate for field verification (not a tenure judgement)" }, "geometry": { "type": "Polygon", "coordinates": [ [ [ 54.536530398190671, 24.325055312302268 ], [ 54.536512946415286, 24.325957664009895 ], [ 54.535528186335334, 24.32594166909054 ], [ 54.53554564506971, 24.325039318051491 ], [ 54.536530398190671, 24.325055312302268 ] ] ] } },
{ "type": "Feature", "properties": { "score": 0.692, "buildings": 16, "median_footprint_m2": 101, "hot_roof_pct": 0, "layout_irregularity": 0.0, "lst_C": 55.1, "note": "candidate for field verification (not a tenure judgement)" }, "geometry": { "type": "Polygon", "coordinates": [ [ [ 54.542438934861501, 24.325151143855908 ], [ 54.542421524840684, 24.326053499569355 ], [ 54.541436759635104, 24.326037542923441 ], [ 54.541454176615076, 24.325135187876963 ], [ 54.542438934861501, 24.325151143855908 ] ] ] } },
{ "type": "Feature", "properties": { "score": 0.713, "buildings": 10, "median_footprint_m2": 75, "hot_roof_pct": 0, "layout_irregularity": 0.4, "lst_C": 54.6, "note": "candidate for field verification (not a tenure judgement)" }, "geometry": { "type": "Polygon", "coordinates": [ [ [ 54.543423693960982, 24.325167093456141 ], [ 54.543406290899341, 24.326069449836293 ], [ 54.542421524840684, 24.326053499569355 ], [ 54.542438934861501, 24.325151143855908 ], [ 54.543423693960982, 24.325167093456141 ] ] ] } },
{ "type": "Feature", "properties": { "score": 0.714, "buildings": 11, "median_footprint_m2": 106, "hot_roof_pct": 0, "layout_irregularity": 0.01, "lst_C": 55.3, "note": "candidate for field verification (not a tenure judgement)" }, "geometry": { "type": "Polygon", "coordinates": [ [ [ 54.455801534776455, 24.322820306378734 ], [ 54.455783513335632, 24.323722602498624 ], [ 54.454798831491409, 24.323706085279625 ], [ 54.45481685988868, 24.322803789850141 ], [ 54.455801534776455, 24.322820306378734 ] ] ] } },
{ "type": "Feature", "properties": { "score": 0.694, "buildings": 12, "median_footprint_m2": 217, "hot_roof_pct": 0, "layout_irregularity": 0.01, "lst_C": 54.3, "note": "candidate for field verification (not a tenure judgement)" }, "geometry": { "type": "Polygon", "coordinates": [ [ [ 54.456804224148939, 24.321934519601054 ], [ 54.456786210547229, 24.322836816530838 ], [ 54.455801534776455, 24.322820306378734 ], [ 54.455819555334294, 24.321918010139076 ], [ 54.456804224148939, 24.321934519601054 ] ] ] } },
{ "type": "Feature", "properties": { "score": 0.683, "buildings": 13, "median_footprint_m2": 225, "hot_roof_pct": 0, "layout_irregularity": 0.0, "lst_C": 54.5, "note": "candidate for field verification (not a tenure judgement)" }, "geometry": { "type": "Polygon", "coordinates": [ [ [ 54.457788893846214, 24.321951022686786 ], [ 54.457770887200645, 24.322853320306439 ], [ 54.456786210547229, 24.322836816530838 ], [ 54.456804224148939, 24.321934519601054 ], [ 54.457788893846214, 24.321951022686786 ] ] ] } },
{ "type": "Feature", "properties": { "score": 0.682, "buildings": 10, "median_footprint_m2": 396, "hot_roof_pct": 10, "layout_irregularity": 0.03, "lst_C": 52.7, "note": "candidate for field verification (not a tenure judgement)" }, "geometry": { "type": "Polygon", "coordinates": [ [ [ 54.531641611713482, 24.323170580181571 ], [ 54.531624126856947, 24.324072928781799 ], [ 54.530639384975096, 24.324056903308321 ], [ 54.53065687678982, 24.323154555377975 ], [ 54.531641611713482, 24.323170580181571 ] ] ] } },
{ "type": "Feature", "properties": { "score": 0.713, "buildings": 18, "median_footprint_m2": 155, "hot_roof_pct": 0, "layout_irregularity": 0.01, "lst_C": 54.6, "note": "candidate for field verification (not a tenure judgement)" }, "geometry": { "type": "Polygon", "coordinates": [ [ [ 54.544443243560913, 24.323378322227633 ], [ 54.544425849163211, 24.324280679512103 ], [ 54.543441096169893, 24.324264736957037 ], [ 54.543458497526132, 24.323362380338992 ], [ 54.544443243560913, 24.323378322227633 ] ] ] } },
{ "type": "Feature", "properties": { "score": 0.712, "buildings": 16, "median_footprint_m2": 409, "hot_roof_pct": 12, "layout_irregularity": 0.01, "lst_C": 52.4, "note": "candidate for field verification (not a tenure judgement)" }, "geometry": { "type": "Polygon", "coordinates": [ [ [ 54.53658274838633, 24.322348256465311 ], [ 54.536565299176161, 24.323250608529975 ], [ 54.535580559972182, 24.323234615616304 ], [ 54.535598016140327, 24.32233226422019 ], [ 54.53658274838633, 24.322348256465311 ] ] ] } },
{ "type": "Feature", "properties": { "score": 0.73, "buildings": 17, "median_footprint_m2": 111, "hot_roof_pct": 0, "layout_irregularity": 0.01, "lst_C": 53.8, "note": "candidate for field verification (not a tenure judgement)" }, "geometry": { "type": "Polygon", "coordinates": [ [ [ 54.542491159805749, 24.322444076001819 ], [ 54.542473752344009, 24.323346432072135 ], [ 54.541489008014885, 24.323330477427106 ], [ 54.541506422434765, 24.322428122023734 ], [ 54.542491159805749, 24.322444076001819 ] ] ] } },
{ "type": "Feature", "properties": { "score": 0.707, "buildings": 16, "median_footprint_m2": 99, "hot_roof_pct": 0, "layout_irregularity": 0.02, "lst_C": 53.4, "note": "candidate for field verification (not a tenure judgement)" }, "geometry": { "type": "Polygon", "coordinates": [ [ [ 54.542508566414526, 24.321541719812554 ], [ 54.542491159805749, 24.322444076001819 ], [ 54.541506422434765, 24.322428122023734 ], [ 54.541523836001332, 24.321525766501395 ], [ 54.542508566414526, 24.321541719812554 ] ] ] } },
{ "type": "Feature", "properties": { "score": 0.729, "buildings": 17, "median_footprint_m2": 105, "hot_roof_pct": 6, "layout_irregularity": 0.0, "lst_C": 53.8, "note": "candidate for field verification (not a tenure judgement)" }, "geometry": { "type": "Polygon", "coordinates": [ [ [ 54.541558660574637, 24.319721055099869 ], [ 54.541541248714616, 24.320623410860108 ], [ 54.540556526112141, 24.320607451838516 ], [ 54.54057394492925, 24.319705096745459 ], [ 54.541558660574637, 24.319721055099869 ] ] ] } },
{ "type": "Feature", "properties": { "score": 0.688, "buildings": 14, "median_footprint_m2": 95, "hot_roof_pct": 0, "layout_irregularity": 0.01, "lst_C": 53.2, "note": "candidate for field verification (not a tenure judgement)" }, "geometry": { "type": "Polygon", "coordinates": [ [ [ 54.543528094424765, 24.319752952677376 ], [ 54.543510696478997, 24.320655309771187 ], [ 54.542525972170345, 24.320639363504341 ], [ 54.542543377073251, 24.31973700707718 ], [ 54.543528094424765, 24.319752952677376 ] ] ] } },
{ "type": "Feature", "properties": { "score": 0.716, "buildings": 12, "median_footprint_m2": 85, "hot_roof_pct": 0, "layout_irregularity": 0.02, "lst_C": 55.1, "note": "candidate for field verification (not a tenure judgement)" }, "geometry": { "type": "Polygon", "coordinates": [ [ [ 54.506127098956256, 24.31824020524931 ], [ 54.506109437523335, 24.319142536942422 ], [ 54.505124752821125, 24.319126349027279 ], [ 54.505142421209818, 24.318224018010934 ], [ 54.506127098956256, 24.31824020524931 ] ] ] } },
{ "type": "Feature", "properties": { "score": 0.798, "buildings": 16, "median_footprint_m2": 132, "hot_roof_pct": 6, "layout_irregularity": 0.01, "lst_C": 56.1, "note": "candidate for field verification (not a tenure judgement)" }, "geometry": { "type": "Polygon", "coordinates": [ [ [ 54.459866173773626, 24.316570213223613 ], [ 54.459848186329651, 24.317472512940562 ], [ 54.458863549644086, 24.317456026053886 ], [ 54.458881544042214, 24.316553727026221 ], [ 54.459866173773626, 24.316570213223613 ] ] ] } },
{ "type": "Feature", "properties": { "score": 0.7, "buildings": 9, "median_footprint_m2": 126, "hot_roof_pct": 0, "layout_irregularity": 0.06, "lst_C": 54.4, "note": "candidate for field verification (not a tenure judgement)" }, "geometry": { "type": "Polygon", "coordinates": [ [ [ 54.491374788720492, 24.317094405569563 ], [ 54.491357023824222, 24.317996727202647 ], [ 54.490372359100611, 24.317980444326455 ], [ 54.490390130951923, 24.317078123374113 ], [ 54.491374788720492, 24.317094405569563 ] ] ] } },
{ "type": "Feature", "properties": { "score": 0.731, "buildings": 19, "median_footprint_m2": 59, "hot_roof_pct": 0, "layout_irregularity": 0.01, "lst_C": 53.6, "note": "candidate for field verification (not a tenure judgement)" }, "geometry": { "type": "Polygon", "coordinates": [ [ [ 54.541593481735013, 24.317916343222546 ], [ 54.541576071581424, 24.318818699220671 ], [ 54.540591362892791, 24.318802741533439 ], [ 54.540608780002785, 24.317900386202471 ], [ 54.541593481735013, 24.317916343222546 ] ] ] } },
{ "type": "Feature", "properties": { "score": 0.702, "buildings": 28, "median_footprint_m2": 212, "hot_roof_pct": 0, "layout_irregularity": 0.01, "lst_C": 53.8, "note": "candidate for field verification (not a tenure judgement)" }, "geometry": { "type": "Polygon", "coordinates": [ [ [ 54.542578184320412, 24.317932293866058 ], [ 54.542560781123271, 24.31883465053108 ], [ 54.541576071581424, 24.318818699220671 ], [ 54.541593481735013, 24.317916343222546 ], [ 54.542578184320412, 24.317932293866058 ] ] ] } },
{ "type": "Feature", "properties": { "score": 0.74, "buildings": 12, "median_footprint_m2": 55, "hot_roof_pct": 0, "layout_irregularity": 0.01, "lst_C": 53.9, "note": "candidate for field verification (not a tenure judgement)" }, "geometry": { "type": "Polygon", "coordinates": [ [ [ 54.482530726800839, 24.316045320681443 ], [ 54.482512900183814, 24.316947636297684 ], [ 54.481528250265463, 24.316931296724363 ], [ 54.481546083836939, 24.316028981791259 ], [ 54.482530726800839, 24.316045320681443 ] ] ] } },
{ "type": "Feature", "properties": { "score": 0.708, "buildings": 13, "median_footprint_m2": 165, "hot_roof_pct": 0, "layout_irregularity": 0.01, "lst_C": 52.6, "note": "candidate for field verification (not a tenure judgement)" }, "geometry": { "type": "Polygon", "coordinates": [ [ [ 54.478610013749872, 24.315077613869526 ], [ 54.478592160190139, 24.315979926871151 ], [ 54.477607520723964, 24.31596356248134 ], [ 54.477625381237701, 24.315061250163911 ], [ 54.478610013749872, 24.315077613869526 ] ] ] } },
{ "type": "Feature", "properties": { "score": 0.693, "buildings": 8, "median_footprint_m2": 73, "hot_roof_pct": 12, "layout_irregularity": 0.01, "lst_C": 53.6, "note": "candidate for field verification (not a tenure judgement)" }, "geometry": { "type": "Polygon", "coordinates": [ [ [ 54.484517827184177, 24.315175662235713 ], [ 54.484500015349042, 24.316077979336903 ], [ 54.483515370638322, 24.316061653196673 ], [ 54.483533189427625, 24.31515933677807 ], [ 54.484517827184177, 24.315175662235713 ] ] ] } },
{ "type": "Feature", "properties": { "score": 0.788, "buildings": 19, "median_footprint_m2": 79, "hot_roof_pct": 0, "layout_irregularity": 0.81, "lst_C": 54.0, "note": "candidate for field verification (not a tenure judgement)" }, "geometry": { "type": "Polygon", "coordinates": [ [ [ 54.542612988156222, 24.316127580179202 ], [ 54.542595586664724, 24.317029937082093 ], [ 54.541610891035418, 24.317013987105465 ], [ 54.541628299482667, 24.316111630869454 ], [ 54.542612988156222, 24.316127580179202 ] ] ] } },
{ "type": "Feature", "properties": { "score": 0.797, "buildings": 16, "median_footprint_m2": 175, "hot_roof_pct": 6, "layout_irregularity": 0.02, "lst_C": 55.1, "note": "candidate for field verification (not a tenure judgement)" }, "geometry": { "type": "Polygon", "coordinates": [ [ [ 54.543615071365835, 24.315241165424478 ], [ 54.54359767768257, 24.316143523112892 ], [ 54.542612988156222, 24.316127580179202 ], [ 54.54263038879494, 24.315225223157388 ], [ 54.543615071365835, 24.315241165424478 ] ] ] } }
]
}
