id,roof_material
B-00001,small / not screened
B-00002,small / not screened
B-00003,Concrete / cement
B-00004,small / not screened
B-00005,Concrete / cement
B-00006,Concrete / cement
B-00007,small / not screened
B-00008,small / not screened
B-00009,small / not screened
B-00010,small / not screened
B-00011,small / not screened
B-00012,small / not screened
B-00013,small / not screened
B-00014,Mixed / unsure
B-00015,small / not screened
B-00016,White / cool coating
B-00017,small / not screened
B-00018,small / not screened
B-00019,small / not screened
B-00020,Concrete / cement
B-00021,Concrete / cement
B-00022,Concrete / cement
B-00023,small / not screened
B-00024,Concrete / cement
B-00025,Concrete / cement
B-00026,Concrete / cement
B-00027,small / not screened
B-00028,Concrete / cement
B-00029,Concrete / cement
B-00030,Concrete / cement
B-00031,Mixed / unsure
B-00032,Concrete / cement
B-00033,small / not screened
B-00034,small / not screened
B-00035,Mixed / unsure
B-00036,small / not screened
B-00037,small / not screened
B-00038,Mixed / unsure
B-00039,Concrete / cement
B-00040,small / not screened
B-00041,Concrete / cement
B-00042,small / not screened
B-00043,small / not screened
B-00044,small / not screened
B-00045,Concrete / cement
B-00046,Concrete / cement
B-00047,Mixed / unsure
B-00048,small / not screened
B-00049,small / not screened
B-00050,small / not screened
B-00051,small / not screened
B-00052,small / not screened
B-00053,small / not screened
B-00054,Concrete / cement
B-00055,Concrete / cement
B-00056,small / not screened
B-00057,small / not screened
B-00058,Concrete / cement
B-00059,Concrete / cement
B-00060,Metal sheet (bare / painted)
B-00061,White / cool coating
B-00062,small / not screened
B-00063,Concrete / cement
B-00064,Concrete / cement
B-00065,Concrete / cement
B-00066,small / not screened
B-00067,small / not screened
B-00068,small / not screened
B-00069,small / not screened
B-00070,Mixed / unsure
B-00071,small / not screened
B-00072,small / not screened
B-00073,Concrete / cement
B-00074,Concrete / cement
B-00075,Concrete / cement
B-00076,small / not screened
B-00077,Concrete / cement
B-00078,small / not screened
B-00079,small / not screened
B-00080,small / not screened
B-00081,White / cool coating
B-00082,small / not screened
B-00083,Concrete / cement
B-00084,Concrete / cement
B-00085,Concrete / cement
B-00086,Mixed / unsure
B-00087,Concrete / cement
B-00088,Concrete / cement
B-00089,small / not screened
B-00090,Mixed / unsure
B-00091,small / not screened
B-00092,Concrete / cement
B-00093,Concrete / cement
B-00094,Concrete / cement
B-00095,small / not screened
B-00096,small / not screened
B-00097,small / not screened
B-00098,small / not screened
B-00099,small / not screened
B-00100,Mixed / unsure
B-00101,small / not screened
B-00102,Concrete / cement
B-00103,small / not screened
B-00104,Concrete / cement
B-00105,Concrete / cement
B-00106,small / not screened
B-00107,Concrete / cement
B-00108,small / not screened
B-00109,White / cool coating
B-00110,small / not screened
B-00111,small / not screened
B-00112,small / not screened
B-00113,small / not screened
B-00114,small / not screened
B-00115,Concrete / cement
B-00116,Concrete / cement
B-00117,small / not screened
B-00118,small / not screened
B-00119,Concrete / cement
B-00120,Concrete / cement
B-00121,small / not screened
B-00122,small / not screened
B-00123,White / cool coating
B-00124,Concrete / cement
B-00125,Concrete / cement
B-00126,small / not screened
B-00127,small / not screened
B-00128,small / not screened
B-00129,Mixed / unsure
B-00130,Concrete / cement
B-00131,small / not screened
B-00132,Concrete / cement
B-00133,Mixed / unsure
B-00134,small / not screened
B-00135,small / not screened
B-00136,White / cool coating
B-00137,small / not screened
B-00138,small / not screened
B-00139,small / not screened
B-00140,small / not screened
B-00141,Concrete / cement
B-00142,small / not screened
B-00143,small / not screened
B-00144,small / not screened
B-00145,small / not screened
B-00146,Mixed / unsure
B-00147,small / not screened
B-00148,small / not screened
B-00149,Concrete / cement
B-00150,Concrete / cement
B-00151,Concrete / cement
B-00152,Concrete / cement
B-00153,Mixed / unsure
B-00154,small / not screened
B-00155,small / not screened
B-00156,small / not screened
B-00157,White / cool coating
B-00158,small / not screened
B-00159,small / not screened
B-00160,Concrete / cement
B-00161,small / not screened
B-00162,small / not screened
B-00163,small / not screened
B-00164,small / not screened
B-00165,small / not screened
B-00166,Concrete / cement
B-00167,small / not screened
B-00168,Concrete / cement
B-00169,Mixed / unsure
B-00170,Mixed / unsure
B-00171,Concrete / cement
B-00172,small / not screened
B-00173,Mixed / unsure
B-00174,small / not screened
B-00175,small / not screened
B-00176,Concrete / cement
B-00177,small / not screened
B-00178,Metal sheet (bare / painted)
B-00179,Concrete / cement
B-00180,White / cool coating
B-00181,small / not screened
B-00182,Concrete / cement
B-00183,White / cool coating
B-00184,Concrete / cement
B-00185,Concrete / cement
B-00186,small / not screened
B-00187,Concrete / cement
B-00188,Concrete / cement
B-00189,White / cool coating
B-00190,small / not screened
B-00191,White / cool coating
B-00192,Concrete / cement
B-00193,Concrete / cement
B-00194,small / not screened
B-00195,Mixed / unsure
B-00196,small / not screened
B-00197,small / not screened
B-00198,small / not screened
B-00199,small / not screened
B-00200,small / not screened
B-00201,Concrete / cement
B-00202,small / not screened
B-00203,Mixed / unsure
B-00204,small / not screened
B-00205,Mixed / unsure
B-00206,small / not screened
B-00207,Mixed / unsure
B-00208,White / cool coating
B-00209,small / not screened
B-00210,small / not screened
B-00211,Concrete / cement
B-00212,White / cool coating
B-00213,small / not screened
B-00214,small / not screened
B-00215,Concrete / cement
B-00216,White / cool coating
B-00217,small / not screened
B-00218,small / not screened
B-00219,White / cool coating
B-00220,Concrete / cement
B-00221,Concrete / cement
B-00222,Concrete / cement
B-00223,Metal sheet (bare / painted)
B-00224,small / not screened
B-00225,small / not screened
B-00226,small / not screened
B-00227,small / not screened
B-00228,small / not screened
B-00229,Concrete / cement
B-00230,small / not screened
B-00231,White / cool coating
B-00232,Concrete / cement
B-00233,small / not screened
B-00234,Metal sheet (bare / painted)
B-00235,Metal sheet (bare / painted)
B-00236,Mixed / unsure
B-00237,White / cool coating
B-00238,Concrete / cement
B-00239,Concrete / cement
B-00240,Metal sheet (bare / painted)
B-00241,small / not screened
B-00242,small / not screened
B-00243,small / not screened
B-00244,Mixed / unsure
B-00245,small / not screened
B-00246,White / cool coating
B-00247,Concrete / cement
B-00248,Concrete / cement
B-00249,small / not screened
B-00250,small / not screened
B-00251,Concrete / cement
B-00252,small / not screened
B-00253,White / cool coating
B-00254,Mixed / unsure
B-00255,small / not screened
B-00256,small / not screened
B-00257,White / cool coating
B-00258,Concrete / cement
B-00259,small / not screened
B-00260,small / not screened
B-00261,small / not screened
B-00262,Metal sheet (bare / painted)
B-00263,Concrete / cement
B-00264,small / not screened
B-00265,small / not screened
B-00266,small / not screened
B-00267,Concrete / cement
B-00268,Mixed / unsure
B-00269,small / not screened
B-00270,Concrete / cement
B-00271,Metal sheet (bare / painted)
B-00272,small / not screened
B-00273,small / not screened
B-00274,White / cool coating
B-00275,small / not screened
B-00276,small / not screened
B-00277,small / not screened
B-00278,Mixed / unsure
B-00279,Concrete / cement
B-00280,Concrete / cement
B-00281,small / not screened
B-00282,Concrete / cement
B-00283,small / not screened
B-00284,Concrete / cement
B-00285,small / not screened
B-00286,small / not screened
B-00287,Concrete / cement
B-00288,small / not screened
B-00289,small / not screened
B-00290,Concrete / cement
B-00291,small / not screened
B-00292,Mixed / unsure
B-00293,small / not screened
B-00294,small / not screened
B-00295,small / not screened
B-00296,small / not screened
B-00297,small / not screened
B-00298,White / cool coating
B-00299,small / not screened
B-00300,Concrete / cement
B-00301,small / not screened
B-00302,Concrete / cement
B-00303,small / not screened
B-00304,Concrete / cement
B-00305,Metal sheet (bare / painted)
B-00306,small / not screened
B-00307,Concrete / cement
B-00308,Concrete / cement
B-00309,White / cool coating
B-00310,small / not screened
B-00311,small / not screened
B-00312,small / not screened
B-00313,Concrete / cement
B-00314,Concrete / cement
B-00315,small / not screened
B-00316,Concrete / cement
B-00317,Mixed / unsure
B-00318,small / not screened
B-00319,small / not screened
B-00320,small / not screened
B-00321,Concrete / cement
B-00322,small / not screened
B-00323,small / not screened
B-00324,Concrete / cement
B-00325,small / not screened
B-00326,Concrete / cement
B-00327,Concrete / cement
B-00328,small / not screened
B-00329,Metal sheet (bare / painted)
B-00330,Mixed / unsure
B-00331,Concrete / cement
B-00332,small / not screened
B-00333,Mixed / unsure
B-00334,small / not screened
B-00335,Metal sheet (bare / painted)
B-00336,small / not screened
B-00337,small / not screened
B-00338,Concrete / cement
B-00339,Mixed / unsure
B-00340,small / not screened
B-00341,small / not screened
B-00342,Concrete / cement
B-00343,small / not screened
B-00344,small / not screened
B-00345,Concrete / cement
B-00346,small / not screened
B-00347,small / not screened
B-00348,White / cool coating
B-00349,White / cool coating
B-00350,Concrete / cement
B-00351,small / not screened
B-00352,small / not screened
B-00353,small / not screened
B-00354,small / not screened
B-00355,small / not screened
B-00356,small / not screened
B-00357,Concrete / cement
B-00358,Concrete / cement
B-00359,Concrete / cement
B-00360,White / cool coating
B-00361,small / not screened
B-00362,small / not screened
B-00363,Mixed / unsure
B-00364,small / not screened
B-00365,small / not screened
B-00366,small / not screened
B-00367,small / not screened
B-00368,Metal sheet (bare / painted)
B-00369,Concrete / cement
B-00370,small / not screened
B-00371,small / not screened
B-00372,small / not screened
B-00373,small / not screened
B-00374,small / not screened
B-00375,small / not screened
B-00376,Metal sheet (bare / painted)
B-00377,small / not screened
B-00378,White / cool coating
B-00379,small / not screened
B-00380,Concrete / cement
B-00381,small / not screened
B-00382,small / not screened
B-00383,small / not screened
B-00384,small / not screened
B-00385,small / not screened
B-00386,Concrete / cement
B-00387,White / cool coating
B-00388,small / not screened
B-00389,small / not screened
B-00390,small / not screened
B-00391,small / not screened
B-00392,small / not screened
B-00393,small / not screened
B-00394,Concrete / cement
B-00395,Mixed / unsure
B-00396,Concrete / cement
B-00397,small / not screened
B-00398,Concrete / cement
B-00399,Mixed / unsure
B-00400,small / not screened
B-00401,Metal sheet (bare / painted)
B-00402,small / not screened
B-00403,Concrete / cement
B-00404,Concrete / cement
B-00405,small / not screened
B-00406,Concrete / cement
B-00407,White / cool coating
B-00408,small / not screened
B-00409,small / not screened
B-00410,Bitumen / dark membrane
B-00411,Concrete / cement
B-00412,Metal sheet (bare / painted)
B-00413,Concrete / cement
B-00414,Concrete / cement
B-00415,Mixed / unsure
B-00416,small / not screened
B-00417,Concrete / cement
B-00418,small / not screened
B-00419,Concrete / cement
B-00420,Concrete / cement
B-00421,small / not screened
B-00422,small / not screened
B-00423,small / not screened
B-00424,Metal sheet (bare / painted)
B-00425,Mixed / unsure
B-00426,small / not screened
B-00427,small / not screened
B-00428,White / cool coating
B-00429,White / cool coating
B-00430,small / not screened
B-00431,small / not screened
B-00432,White / cool coating
B-00433,Concrete / cement
B-00434,small / not screened
B-00435,small / not screened
B-00436,White / cool coating
B-00437,small / not screened
B-00438,small / not screened
B-00439,Concrete / cement
B-00440,Mixed / unsure
B-00441,small / not screened
B-00442,Concrete / cement
B-00443,Metal sheet (bare / painted)
B-00444,Metal sheet (bare / painted)
B-00445,small / not screened
B-00446,small / not screened
B-00447,White / cool coating
B-00448,small / not screened
B-00449,small / not screened
B-00450,small / not screened
B-00451,small / not screened
B-00452,small / not screened
B-00453,Concrete / cement
B-00454,small / not screened
B-00455,small / not screened
B-00456,White / cool coating
B-00457,small / not screened
B-00458,small / not screened
B-00459,Concrete / cement
B-00460,small / not screened
B-00461,White / cool coating
B-00462,small / not screened
B-00463,small / not screened
B-00464,Concrete / cement
B-00465,small / not screened
B-00466,Concrete / cement
B-00467,Concrete / cement
B-00468,small / not screened
B-00469,small / not screened
B-00470,Concrete / cement
B-00471,Concrete / cement
B-00472,small / not screened
B-00473,small / not screened
B-00474,small / not screened
B-00475,small / not screened
B-00476,Concrete / cement
B-00477,small / not screened
B-00478,White / cool coating
B-00479,small / not screened
B-00480,Mixed / unsure
B-00481,White / cool coating
B-00482,small / not screened
B-00483,small / not screened
B-00484,small / not screened
B-00485,small / not screened
B-00486,small / not screened
B-00487,small / not screened
B-00488,Concrete / cement
B-00489,Metal sheet (bare / painted)
B-00490,Metal sheet (bare / painted)
B-00491,small / not screened
B-00492,small / not screened
B-00493,Concrete / cement
B-00494,small / not screened
B-00495,Concrete / cement
B-00496,small / not screened
B-00497,small / not screened
B-00498,small / not screened
B-00499,Concrete / cement
B-00500,Concrete / cement
B-00501,small / not screened
B-00502,small / not screened
B-00503,Concrete / cement
B-00504,Concrete / cement
B-00505,Concrete / cement
B-00506,small / not screened
B-00507,small / not screened
B-00508,small / not screened
B-00509,Mixed / unsure
B-00510,Metal sheet (bare / painted)
B-00511,small / not screened
B-00512,small / not screened
B-00513,Concrete / cement
B-00514,small / not screened
B-00515,Concrete / cement
B-00516,Concrete / cement
B-00517,Metal sheet (bare / painted)
B-00518,Mixed / unsure
B-00519,small / not screened
B-00520,small / not screened
B-00521,small / not screened
B-00522,White / cool coating
B-00523,small / not screened
B-00524,Concrete / cement
B-00525,Mixed / unsure
B-00526,small / not screened
B-00527,Concrete / cement
B-00528,small / not screened
B-00529,small / not screened
B-00530,Concrete / cement
B-00531,small / not screened
B-00532,small / not screened
B-00533,Mixed / unsure
B-00534,White / cool coating
B-00535,small / not screened
B-00536,small / not screened
B-00537,White / cool coating
B-00538,small / not screened
B-00539,Concrete / cement
B-00540,Mixed / unsure
B-00541,small / not screened
B-00542,Concrete / cement
B-00543,Concrete / cement
B-00544,White / cool coating
B-00545,Concrete / cement
B-00546,small / not screened
B-00547,small / not screened
B-00548,small / not screened
B-00549,small / not screened
B-00550,Metal sheet (bare / painted)
B-00551,Concrete / cement
B-00552,small / not screened
B-00553,small / not screened
B-00554,small / not screened
B-00555,small / not screened
B-00556,Concrete / cement
B-00557,small / not screened
B-00558,Concrete / cement
B-00559,small / not screened
B-00560,White / cool coating
B-00561,Mixed / unsure
B-00562,small / not screened
B-00563,small / not screened
B-00564,small / not screened
B-00565,small / not screened
B-00566,small / not screened
B-00567,Concrete / cement
B-00568,Mixed / unsure
B-00569,White / cool coating
B-00570,Concrete / cement
B-00571,Mixed / unsure
B-00572,small / not screened
B-00573,small / not screened
B-00574,Concrete / cement
B-00575,Concrete / cement
B-00576,Mixed / unsure
B-00577,small / not screened
B-00578,Concrete / cement
B-00579,Concrete / cement
B-00580,White / cool coating
B-00581,Concrete / cement
B-00582,Mixed / unsure
B-00583,Metal sheet (bare / painted)
B-00584,Concrete / cement
B-00585,small / not screened
B-00586,small / not screened
B-00587,White / cool coating
B-00588,small / not screened
B-00589,Metal sheet (bare / painted)
B-00590,Metal sheet (bare / painted)
B-00591,Concrete / cement
B-00592,Concrete / cement
B-00593,small / not screened
B-00594,small / not screened
B-00595,small / not screened
B-00596,Concrete / cement
B-00597,Mixed / unsure
B-00598,Concrete / cement
B-00599,small / not screened
B-00600,small / not screened
B-00601,small / not screened
B-00602,small / not screened
B-00603,small / not screened
B-00604,Concrete / cement
B-00605,Concrete / cement
B-00606,small / not screened
B-00607,Mixed / unsure
B-00608,small / not screened
B-00609,small / not screened
B-00610,Concrete / cement
B-00611,small / not screened
B-00612,Concrete / cement
B-00613,small / not screened
B-00614,small / not screened
B-00615,small / not screened
B-00616,small / not screened
B-00617,Concrete / cement
B-00618,small / not screened
B-00619,Concrete / cement
B-00620,Concrete / cement
B-00621,Concrete / cement
B-00622,Mixed / unsure
B-00623,small / not screened
B-00624,small / not screened
B-00625,small / not screened
B-00626,small / not screened
B-00627,small / not screened
B-00628,small / not screened
B-00629,small / not screened
B-00630,Metal sheet (bare / painted)
B-00631,Concrete / cement
B-00632,small / not screened
B-00633,small / not screened
B-00634,small / not screened
B-00635,Mixed / unsure
B-00636,Concrete / cement
B-00637,small / not screened
B-00638,small / not screened
B-00639,small / not screened
B-00640,Concrete / cement
B-00641,Concrete / cement
B-00642,Concrete / cement
B-00643,small / not screened
B-00644,small / not screened
B-00645,small / not screened
B-00646,White / cool coating
B-00647,Concrete / cement
B-00648,Mixed / unsure
B-00649,small / not screened
B-00650,small / not screened
B-00651,White / cool coating
B-00652,small / not screened
B-00653,small / not screened
B-00654,small / not screened
B-00655,small / not screened
B-00656,Concrete / cement
B-00657,small / not screened
B-00658,Concrete / cement
B-00659,Concrete / cement
B-00660,small / not screened
B-00661,Concrete / cement
B-00662,Concrete / cement
B-00663,small / not screened
B-00664,small / not screened
B-00665,Concrete / cement
B-00666,Concrete / cement
B-00667,small / not screened
B-00668,small / not screened
B-00669,small / not screened
B-00670,small / not screened
B-00671,small / not screened
B-00672,small / not screened
B-00673,small / not screened
B-00674,small / not screened
B-00675,small / not screened
B-00676,small / not screened
B-00677,small / not screened
B-00678,White / cool coating
B-00679,Concrete / cement
B-00680,White / cool coating
B-00681,Concrete / cement
B-00682,small / not screened
B-00683,Metal sheet (bare / painted)
B-00684,small / not screened
B-00685,small / not screened
B-00686,small / not screened
B-00687,Metal sheet (bare / painted)
B-00688,small / not screened
B-00689,Concrete / cement
B-00690,small / not screened
B-00691,small / not screened
B-00692,small / not screened
B-00693,small / not screened
B-00694,Concrete / cement
B-00695,small / not screened
B-00696,small / not screened
B-00697,small / not screened
B-00698,Concrete / cement
B-00699,Concrete / cement
B-00700,Concrete / cement
B-00701,Mixed / unsure
B-00702,small / not screened
B-00703,small / not screened
B-00704,small / not screened
B-00705,small / not screened
B-00706,small / not screened
B-00707,Mixed / unsure
B-00708,small / not screened
B-00709,Mixed / unsure
B-00710,small / not screened
B-00711,small / not screened
B-00712,small / not screened
B-00713,small / not screened
B-00714,small / not screened
B-00715,small / not screened
B-00716,small / not screened
B-00717,small / not screened
B-00718,Concrete / cement
B-00719,Concrete / cement
B-00720,small / not screened
B-00721,White / cool coating
B-00722,small / not screened
B-00723,Concrete / cement
B-00724,small / not screened
B-00725,small / not screened
B-00726,White / cool coating
B-00727,Concrete / cement
B-00728,White / cool coating
B-00729,Concrete / cement
B-00730,Concrete / cement
B-00731,small / not screened
B-00732,Concrete / cement
B-00733,small / not screened
B-00734,small / not screened
B-00735,Concrete / cement
B-00736,Concrete / cement
B-00737,Mixed / unsure
B-00738,small / not screened
B-00739,Concrete / cement
B-00740,small / not screened
B-00741,small / not screened
B-00742,Mixed / unsure
B-00743,small / not screened
B-00744,small / not screened
B-00745,Concrete / cement
B-00746,small / not screened
B-00747,small / not screened
B-00748,Concrete / cement
B-00749,Concrete / cement
B-00750,Concrete / cement
B-00751,Concrete / cement
B-00752,small / not screened
B-00753,White / cool coating
B-00754,small / not screened
B-00755,small / not screened
B-00756,small / not screened
B-00757,Metal sheet (bare / painted)
B-00758,Concrete / cement
B-00759,Concrete / cement
B-00760,small / not screened
B-00761,Mixed / unsure
B-00762,Concrete / cement
B-00763,Concrete / cement
B-00764,small / not screened
B-00765,small / not screened
B-00766,small / not screened
B-00767,Mixed / unsure
B-00768,Concrete / cement
B-00769,Mixed / unsure
B-00770,Concrete / cement
B-00771,small / not screened
B-00772,Metal sheet (bare / painted)
B-00773,Concrete / cement
B-00774,White / cool coating
B-00775,small / not screened
B-00776,Concrete / cement
B-00777,small / not screened
B-00778,Concrete / cement
B-00779,small / not screened
B-00780,small / not screened
B-00781,small / not screened
B-00782,small / not screened
B-00783,Concrete / cement
B-00784,Metal sheet (bare / painted)
B-00785,Metal sheet (bare / painted)
B-00786,small / not screened
B-00787,small / not screened
B-00788,White / cool coating
B-00789,small / not screened
B-00790,small / not screened
B-00791,White / cool coating
B-00792,Mixed / unsure
B-00793,Concrete / cement
B-00794,small / not screened
B-00795,Concrete / cement
B-00796,Concrete / cement
B-00797,small / not screened
B-00798,small / not screened
B-00799,Concrete / cement
B-00800,Concrete / cement
B-00801,Concrete / cement
B-00802,Concrete / cement
B-00803,small / not screened
B-00804,small / not screened
B-00805,small / not screened
B-00806,Concrete / cement
B-00807,small / not screened
B-00808,small / not screened
B-00809,White / cool coating
B-00810,small / not screened
B-00811,Concrete / cement
B-00812,Concrete / cement
B-00813,small / not screened
B-00814,small / not screened
B-00815,small / not screened
B-00816,small / not screened
B-00817,Concrete / cement
B-00818,Mixed / unsure
B-00819,Concrete / cement
B-00820,small / not screened
B-00821,small / not screened
B-00822,Concrete / cement
B-00823,Concrete / cement
B-00824,small / not screened
B-00825,small / not screened
B-00826,small / not screened
B-00827,small / not screened
B-00828,small / not screened
B-00829,Concrete / cement
B-00830,Mixed / unsure
B-00831,Metal sheet (bare / painted)
B-00832,Concrete / cement
B-00833,small / not screened
B-00834,Mixed / unsure
B-00835,small / not screened
B-00836,small / not screened
B-00837,small / not screened
B-00838,Concrete / cement
B-00839,small / not screened
B-00840,small / not screened
B-00841,small / not screened
B-00842,Mixed / unsure
B-00843,small / not screened
B-00844,Concrete / cement
B-00845,Concrete / cement
B-00846,small / not screened
B-00847,small / not screened
B-00848,small / not screened
B-00849,small / not screened
B-00850,small / not screened
B-00851,Concrete / cement
B-00852,Metal sheet (bare / painted)
B-00853,small / not screened
B-00854,small / not screened
B-00855,small / not screened
B-00856,Concrete / cement
B-00857,small / not screened
B-00858,Metal sheet (bare / painted)
B-00859,small / not screened
B-00860,small / not screened
B-00861,Concrete / cement
B-00862,small / not screened
B-00863,Mixed / unsure
B-00864,small / not screened
B-00865,Concrete / cement
B-00866,Concrete / cement
B-00867,White / cool coating
B-00868,small / not screened
B-00869,White / cool coating
B-00870,small / not screened
B-00871,White / cool coating
B-00872,small / not screened
B-00873,small / not screened
B-00874,small / not screened
B-00875,small / not screened
B-00876,Metal sheet (bare / painted)
B-00877,small / not screened
B-00878,small / not screened
B-00879,White / cool coating
B-00880,Concrete / cement
B-00881,small / not screened
B-00882,Concrete / cement
B-00883,small / not screened
B-00884,White / cool coating
B-00885,White / cool coating
B-00886,small / not screened
B-00887,Metal sheet (bare / painted)
B-00888,Mixed / unsure
B-00889,small / not screened
B-00890,small / not screened
B-00891,small / not screened
B-00892,small / not screened
B-00893,small / not screened
B-00894,Mixed / unsure
B-00895,small / not screened
B-00896,White / cool coating
B-00897,small / not screened
B-00898,Concrete / cement
B-00899,Concrete / cement
B-00900,Concrete / cement
B-00901,small / not screened
B-00902,small / not screened
B-00903,small / not screened
B-00904,small / not screened
B-00905,small / not screened
B-00906,small / not screened
B-00907,Mixed / unsure
B-00908,Concrete / cement
B-00909,small / not screened
B-00910,Concrete / cement
B-00911,small / not screened
B-00912,small / not screened
B-00913,small / not screened
B-00914,Concrete / cement
B-00915,Concrete / cement
B-00916,small / not screened
B-00917,small / not screened
B-00918,small / not screened
B-00919,small / not screened
B-00920,small / not screened
B-00921,small / not screened
B-00922,small / not screened
B-00923,small / not screened
B-00924,small / not screened
B-00925,Concrete / cement
B-00926,small / not screened
B-00927,small / not screened
B-00928,small / not screened
B-00929,small / not screened
B-00930,small / not screened
B-00931,small / not screened
B-00932,small / not screened
B-00933,small / not screened
B-00934,small / not screened
B-00935,Concrete / cement
B-00936,small / not screened
B-00937,Concrete / cement
B-00938,White / cool coating
B-00939,Concrete / cement
B-00940,Concrete / cement
B-00941,Mixed / unsure
B-00942,small / not screened
B-00943,Concrete / cement
B-00944,Metal sheet (bare / painted)
B-00945,Mixed / unsure
B-00946,Mixed / unsure
B-00947,small / not screened
B-00948,Metal sheet (bare / painted)
B-00949,Concrete / cement
B-00950,Concrete / cement
B-00951,Mixed / unsure
B-00952,Metal sheet (bare / painted)
B-00953,small / not screened
B-00954,Concrete / cement
B-00955,small / not screened
B-00956,Concrete / cement
B-00957,Mixed / unsure
B-00958,White / cool coating
B-00959,small / not screened
B-00960,Concrete / cement
B-00961,Mixed / unsure
B-00962,Concrete / cement
B-00963,Concrete / cement
B-00964,small / not screened
B-00965,small / not screened
B-00966,Concrete / cement
B-00967,Concrete / cement
B-00968,White / cool coating
B-00969,Concrete / cement
B-00970,small / not screened
B-00971,small / not screened
B-00972,small / not screened
B-00973,Concrete / cement
B-00974,small / not screened
B-00975,small / not screened
B-00976,small / not screened
B-00977,Metal sheet (bare / painted)
B-00978,White / cool coating
B-00979,Concrete / cement
B-00980,small / not screened
B-00981,small / not screened
B-00982,small / not screened
B-00983,Concrete / cement
B-00984,small / not screened
B-00985,small / not screened
B-00986,Concrete / cement
B-00987,small / not screened
B-00988,White / cool coating
B-00989,small / not screened
B-00990,Concrete / cement
B-00991,small / not screened
B-00992,White / cool coating
B-00993,Concrete / cement
B-00994,small / not screened
B-00995,Concrete / cement
B-00996,small / not screened
B-00997,small / not screened
B-00998,small / not screened
B-00999,Concrete / cement
B-01000,Concrete / cement
B-01001,small / not screened
B-01002,small / not screened
B-01003,Concrete / cement
B-01004,small / not screened
B-01005,small / not screened
B-01006,Mixed / unsure
B-01007,White / cool coating
B-01008,small / not screened
B-01009,small / not screened
B-01010,small / not screened
B-01011,small / not screened
B-01012,Concrete / cement
B-01013,Concrete / cement
B-01014,small / not screened
B-01015,small / not screened
B-01016,Concrete / cement
B-01017,small / not screened
B-01018,small / not screened
B-01019,small / not screened
B-01020,Concrete / cement
B-01021,small / not screened
B-01022,small / not screened
B-01023,White / cool coating
B-01024,Concrete / cement
B-01025,small / not screened
B-01026,small / not screened
B-01027,small / not screened
B-01028,White / cool coating
B-01029,small / not screened
B-01030,small / not screened
B-01031,small / not screened
B-01032,small / not screened
B-01033,Concrete / cement
B-01034,White / cool coating
B-01035,Mixed / unsure
B-01036,small / not screened
B-01037,Concrete / cement
B-01038,White / cool coating
B-01039,small / not screened
B-01040,small / not screened
B-01041,Concrete / cement
B-01042,small / not screened
B-01043,Concrete / cement
B-01044,small / not screened
B-01045,Concrete / cement
B-01046,small / not screened
B-01047,small / not screened
B-01048,small / not screened
B-01049,small / not screened
B-01050,small / not screened
B-01051,Mixed / unsure
B-01052,small / not screened
B-01053,small / not screened
B-01054,small / not screened
B-01055,small / not screened
B-01056,Concrete / cement
B-01057,small / not screened
B-01058,Concrete / cement
B-01059,small / not screened
B-01060,small / not screened
B-01061,small / not screened
B-01062,Concrete / cement
B-01063,small / not screened
B-01064,Concrete / cement
B-01065,Concrete / cement
B-01066,small / not screened
B-01067,Concrete / cement
B-01068,small / not screened
B-01069,small / not screened
B-01070,small / not screened
B-01071,Concrete / cement
B-01072,small / not screened
B-01073,Concrete / cement
B-01074,Concrete / cement
B-01075,Concrete / cement
B-01076,small / not screened
B-01077,Concrete / cement
B-01078,small / not screened
B-01079,small / not screened
B-01080,small / not screened
B-01081,small / not screened
B-01082,small / not screened
B-01083,Concrete / cement
B-01084,White / cool coating
B-01085,small / not screened
B-01086,small / not screened
B-01087,small / not screened
B-01088,Concrete / cement
B-01089,small / not screened
B-01090,White / cool coating
B-01091,Concrete / cement
B-01092,small / not screened
B-01093,small / not screened
B-01094,Mixed / unsure
B-01095,small / not screened
B-01096,Concrete / cement
B-01097,small / not screened
B-01098,Concrete / cement
B-01099,small / not screened
B-01100,small / not screened
B-01101,Concrete / cement
B-01102,Concrete / cement
B-01103,small / not screened
B-01104,small / not screened
B-01105,small / not screened
B-01106,Concrete / cement
B-01107,White / cool coating
B-01108,small / not screened
B-01109,Concrete / cement
B-01110,White / cool coating
B-01111,small / not screened
B-01112,small / not screened
B-01113,Concrete / cement
B-01114,Concrete / cement
B-01115,Concrete / cement
B-01116,small / not screened
B-01117,small / not screened
B-01118,small / not screened
B-01119,small / not screened
B-01120,small / not screened
B-01121,Metal sheet (bare / painted)
B-01122,Concrete / cement
B-01123,White / cool coating
B-01124,White / cool coating
B-01125,Mixed / unsure
B-01126,Concrete / cement
B-01127,Concrete / cement
B-01128,small / not screened
B-01129,small / not screened
B-01130,small / not screened
B-01131,small / not screened
B-01132,small / not screened
B-01133,White / cool coating
B-01134,small / not screened
B-01135,Mixed / unsure
B-01136,small / not screened
B-01137,Concrete / cement
B-01138,small / not screened
B-01139,Mixed / unsure
B-01140,White / cool coating
B-01141,Concrete / cement
B-01142,small / not screened
B-01143,White / cool coating
B-01144,Concrete / cement
B-01145,small / not screened
B-01146,Concrete / cement
B-01147,Concrete / cement
B-01148,White / cool coating
B-01149,Concrete / cement
B-01150,small / not screened
B-01151,small / not screened
B-01152,small / not screened
B-01153,small / not screened
B-01154,small / not screened
B-01155,small / not screened
B-01156,small / not screened
B-01157,Concrete / cement
B-01158,Concrete / cement
B-01159,Concrete / cement
B-01160,Concrete / cement
B-01161,small / not screened
B-01162,small / not screened
B-01163,Mixed / unsure
B-01164,Concrete / cement
B-01165,Concrete / cement
B-01166,Concrete / cement
B-01167,small / not screened
B-01168,small / not screened
B-01169,Mixed / unsure
B-01170,small / not screened
B-01171,Concrete / cement
B-01172,Concrete / cement
B-01173,Concrete / cement
B-01174,small / not screened
B-01175,White / cool coating
B-01176,small / not screened
B-01177,small / not screened
B-01178,small / not screened
B-01179,Concrete / cement
B-01180,Mixed / unsure
B-01181,small / not screened
B-01182,small / not screened
B-01183,Concrete / cement
B-01184,small / not screened
B-01185,small / not screened
B-01186,Concrete / cement
B-01187,small / not screened
B-01188,Mixed / unsure
B-01189,Concrete / cement
B-01190,small / not screened
B-01191,small / not screened
B-01192,small / not screened
B-01193,White / cool coating
B-01194,small / not screened
B-01195,small / not screened
B-01196,small / not screened
B-01197,Concrete / cement
B-01198,Concrete / cement
B-01199,small / not screened
B-01200,small / not screened
B-01201,Concrete / cement
B-01202,small / not screened
B-01203,small / not screened
B-01204,small / not screened
B-01205,small / not screened
B-01206,small / not screened
B-01207,small / not screened
B-01208,Metal sheet (bare / painted)
B-01209,small / not screened
B-01210,small / not screened
B-01211,small / not screened
B-01212,Mixed / unsure
B-01213,Mixed / unsure
B-01214,small / not screened
B-01215,small / not screened
B-01216,Concrete / cement
B-01217,Concrete / cement
B-01218,small / not screened
B-01219,small / not screened
B-01220,Concrete / cement
B-01221,Concrete / cement
B-01222,small / not screened
B-01223,Mixed / unsure
B-01224,small / not screened
B-01225,small / not screened
B-01226,small / not screened
B-01227,small / not screened
B-01228,small / not screened
B-01229,small / not screened
B-01230,small / not screened
B-01231,Metal sheet (bare / painted)
B-01232,Metal sheet (bare / painted)
B-01233,Concrete / cement
B-01234,small / not screened
B-01235,small / not screened
B-01236,small / not screened
B-01237,Concrete / cement
B-01238,small / not screened
B-01239,small / not screened
B-01240,Concrete / cement
B-01241,Concrete / cement
B-01242,small / not screened
B-01243,small / not screened
B-01244,Concrete / cement
B-01245,Mixed / unsure
B-01246,small / not screened
B-01247,Concrete / cement
B-01248,White / cool coating
B-01249,small / not screened
B-01250,White / cool coating
B-01251,small / not screened
B-01252,small / not screened
B-01253,Metal sheet (bare / painted)
B-01254,small / not screened
B-01255,Metal sheet (bare / painted)
B-01256,Concrete / cement
B-01257,small / not screened
B-01258,small / not screened
B-01259,small / not screened
B-01260,small / not screened
B-01261,small / not screened
B-01262,small / not screened
B-01263,small / not screened
B-01264,White / cool coating
B-01265,small / not screened
B-01266,White / cool coating
B-01267,small / not screened
B-01268,Concrete / cement
B-01269,Concrete / cement
B-01270,Concrete / cement
B-01271,small / not screened
B-01272,Concrete / cement
B-01273,Concrete / cement
B-01274,small / not screened
B-01275,small / not screened
B-01276,small / not screened
B-01277,White / cool coating
B-01278,small / not screened
B-01279,Concrete / cement
B-01280,small / not screened
B-01281,small / not screened
B-01282,White / cool coating
B-01283,small / not screened
B-01284,Mixed / unsure
B-01285,Mixed / unsure
B-01286,small / not screened
B-01287,small / not screened
B-01288,Concrete / cement
B-01289,Concrete / cement
B-01290,small / not screened
B-01291,small / not screened
B-01292,small / not screened
B-01293,White / cool coating
B-01294,small / not screened
B-01295,small / not screened
B-01296,Concrete / cement
B-01297,Concrete / cement
B-01298,Metal sheet (bare / painted)
B-01299,small / not screened
B-01300,Mixed / unsure
B-01301,Mixed / unsure
B-01302,small / not screened
B-01303,small / not screened
B-01304,Mixed / unsure
B-01305,Concrete / cement
B-01306,small / not screened
B-01307,White / cool coating
B-01308,small / not screened
B-01309,small / not screened
B-01310,White / cool coating
B-01311,small / not screened
B-01312,small / not screened
B-01313,small / not screened
B-01314,Concrete / cement
B-01315,small / not screened
B-01316,small / not screened
B-01317,Concrete / cement
B-01318,small / not screened
B-01319,small / not screened
B-01320,small / not screened
B-01321,small / not screened
B-01322,small / not screened
B-01323,small / not screened
B-01324,small / not screened
B-01325,Concrete / cement
B-01326,small / not screened
B-01327,White / cool coating
B-01328,small / not screened
B-01329,small / not screened
B-01330,small / not screened
B-01331,Concrete / cement
B-01332,White / cool coating
B-01333,small / not screened
B-01334,small / not screened
B-01335,small / not screened
B-01336,small / not screened
B-01337,Concrete / cement
B-01338,small / not screened
B-01339,small / not screened
B-01340,small / not screened
B-01341,Concrete / cement
B-01342,Concrete / cement
B-01343,Concrete / cement
B-01344,Concrete / cement
B-01345,Concrete / cement
B-01346,small / not screened
B-01347,small / not screened
B-01348,Concrete / cement
B-01349,Concrete / cement
B-01350,small / not screened
B-01351,White / cool coating
B-01352,Concrete / cement
B-01353,Concrete / cement
B-01354,small / not screened
B-01355,small / not screened
B-01356,small / not screened
B-01357,small / not screened
B-01358,small / not screened
B-01359,White / cool coating
B-01360,White / cool coating
B-01361,small / not screened
B-01362,small / not screened
B-01363,Concrete / cement
B-01364,Concrete / cement
B-01365,Metal sheet (bare / painted)
B-01366,small / not screened
B-01367,White / cool coating
B-01368,Mixed / unsure
B-01369,small / not screened
B-01370,small / not screened
B-01371,small / not screened
B-01372,small / not screened
B-01373,White / cool coating
B-01374,small / not screened
B-01375,small / not screened
B-01376,Concrete / cement
B-01377,small / not screened
B-01378,small / not screened
B-01379,White / cool coating
B-01380,Mixed / unsure
B-01381,small / not screened
B-01382,small / not screened
B-01383,small / not screened
B-01384,small / not screened
B-01385,Concrete / cement
B-01386,small / not screened
B-01387,small / not screened
B-01388,small / not screened
B-01389,White / cool coating
B-01390,small / not screened
B-01391,White / cool coating
B-01392,Concrete / cement
B-01393,Concrete / cement
B-01394,small / not screened
B-01395,Concrete / cement
B-01396,small / not screened
B-01397,Mixed / unsure
B-01398,small / not screened
B-01399,Concrete / cement
B-01400,small / not screened
B-01401,small / not screened
B-01402,small / not screened
B-01403,small / not screened
B-01404,small / not screened
B-01405,Concrete / cement
B-01406,small / not screened
B-01407,Mixed / unsure
B-01408,small / not screened
B-01409,small / not screened
B-01410,small / not screened
B-01411,Concrete / cement
B-01412,small / not screened
B-01413,small / not screened
B-01414,small / not screened
B-01415,small / not screened
B-01416,small / not screened
B-01417,Concrete / cement
B-01418,Concrete / cement
B-01419,Metal sheet (bare / painted)
B-01420,small / not screened
B-01421,small / not screened
B-01422,small / not screened
B-01423,small / not screened
B-01424,Concrete / cement
B-01425,small / not screened
B-01426,small / not screened
B-01427,Concrete / cement
B-01428,small / not screened
B-01429,Concrete / cement
B-01430,Concrete / cement
B-01431,small / not screened
B-01432,small / not screened
B-01433,Concrete / cement
B-01434,Concrete / cement
B-01435,small / not screened
B-01436,small / not screened
B-01437,Concrete / cement
B-01438,small / not screened
B-01439,Concrete / cement
B-01440,small / not screened
B-01441,Concrete / cement
B-01442,small / not screened
B-01443,Concrete / cement
B-01444,White / cool coating
B-01445,Concrete / cement
B-01446,Mixed / unsure
B-01447,small / not screened
B-01448,small / not screened
B-01449,Concrete / cement
B-01450,Mixed / unsure
B-01451,White / cool coating
B-01452,small / not screened
B-01453,Mixed / unsure
B-01454,White / cool coating
B-01455,Concrete / cement
B-01456,Concrete / cement
B-01457,small / not screened
B-01458,White / cool coating
B-01459,small / not screened
B-01460,Concrete / cement
B-01461,Concrete / cement
B-01462,small / not screened
B-01463,small / not screened
B-01464,small / not screened
B-01465,small / not screened
B-01466,small / not screened
B-01467,small / not screened
B-01468,small / not screened
B-01469,Concrete / cement
B-01470,Concrete / cement
B-01471,Concrete / cement
B-01472,small / not screened
B-01473,Concrete / cement
B-01474,Concrete / cement
B-01475,small / not screened
B-01476,small / not screened
B-01477,Concrete / cement
B-01478,Concrete / cement
B-01479,White / cool coating
B-01480,Mixed / unsure
B-01481,Concrete / cement
B-01482,small / not screened
B-01483,small / not screened
B-01484,Concrete / cement
B-01485,Concrete / cement
B-01486,small / not screened
B-01487,small / not screened
B-01488,small / not screened
B-01489,Concrete / cement
B-01490,small / not screened
B-01491,Concrete / cement
B-01492,small / not screened
B-01493,Concrete / cement
B-01494,small / not screened
B-01495,Metal sheet (bare / painted)
B-01496,small / not screened
B-01497,Concrete / cement
B-01498,Concrete / cement
B-01499,White / cool coating
B-01500,small / not screened
B-01501,small / not screened
B-01502,Concrete / cement
B-01503,Concrete / cement
B-01504,Mixed / unsure
B-01505,small / not screened
B-01506,Concrete / cement
B-01507,small / not screened
B-01508,Concrete / cement
B-01509,Concrete / cement
B-01510,small / not screened
B-01511,small / not screened
B-01512,small / not screened
B-01513,Concrete / cement
B-01514,small / not screened
B-01515,Concrete / cement
B-01516,Concrete / cement
B-01517,small / not screened
B-01518,small / not screened
B-01519,small / not screened
B-01520,small / not screened
B-01521,small / not screened
B-01522,White / cool coating
B-01523,Metal sheet (bare / painted)
B-01524,White / cool coating
B-01525,small / not screened
B-01526,small / not screened
B-01527,Mixed / unsure
B-01528,Concrete / cement
B-01529,Concrete / cement
B-01530,Mixed / unsure
B-01531,Concrete / cement
B-01532,Concrete / cement
B-01533,small / not screened
B-01534,small / not screened
B-01535,Concrete / cement
B-01536,small / not screened
B-01537,Concrete / cement
B-01538,small / not screened
B-01539,small / not screened
B-01540,small / not screened
B-01541,Concrete / cement
B-01542,small / not screened
B-01543,small / not screened
B-01544,Concrete / cement
B-01545,Concrete / cement
B-01546,Mixed / unsure
B-01547,small / not screened
B-01548,small / not screened
B-01549,White / cool coating
B-01550,Concrete / cement
B-01551,Concrete / cement
B-01552,Concrete / cement
B-01553,Concrete / cement
B-01554,small / not screened
B-01555,Concrete / cement
B-01556,small / not screened
B-01557,Concrete / cement
B-01558,small / not screened
B-01559,small / not screened
B-01560,Concrete / cement
B-01561,Concrete / cement
B-01562,small / not screened
B-01563,small / not screened
B-01564,small / not screened
B-01565,Metal sheet (bare / painted)
B-01566,small / not screened
B-01567,small / not screened
B-01568,Concrete / cement
B-01569,small / not screened
B-01570,small / not screened
B-01571,small / not screened
B-01572,small / not screened
B-01573,Concrete / cement
B-01574,Concrete / cement
B-01575,small / not screened
B-01576,Concrete / cement
B-01577,small / not screened
B-01578,small / not screened
B-01579,Concrete / cement
B-01580,small / not screened
B-01581,small / not screened
B-01582,small / not screened
B-01583,Concrete / cement
B-01584,small / not screened
B-01585,small / not screened
B-01586,Concrete / cement
B-01587,small / not screened
B-01588,Concrete / cement
B-01589,Mixed / unsure
B-01590,small / not screened
B-01591,small / not screened
B-01592,small / not screened
B-01593,White / cool coating
B-01594,small / not screened
B-01595,Concrete / cement
B-01596,small / not screened
B-01597,small / not screened
B-01598,White / cool coating
B-01599,Concrete / cement
B-01600,Concrete / cement
B-01601,Concrete / cement
B-01602,Concrete / cement
B-01603,small / not screened
B-01604,small / not screened
B-01605,Concrete / cement
B-01606,small / not screened
B-01607,small / not screened
B-01608,Concrete / cement
B-01609,small / not screened
B-01610,small / not screened
B-01611,small / not screened
B-01612,small / not screened
B-01613,small / not screened
B-01614,Concrete / cement
B-01615,small / not screened
B-01616,small / not screened
B-01617,small / not screened
B-01618,Mixed / unsure
B-01619,small / not screened
B-01620,small / not screened
B-01621,small / not screened
B-01622,White / cool coating
B-01623,Mixed / unsure
B-01624,Concrete / cement
B-01625,Concrete / cement
B-01626,small / not screened
B-01627,small / not screened
B-01628,small / not screened
B-01629,small / not screened
B-01630,White / cool coating
B-01631,Concrete / cement
B-01632,small / not screened
B-01633,small / not screened
B-01634,Concrete / cement
B-01635,small / not screened
B-01636,small / not screened
B-01637,White / cool coating
B-01638,Mixed / unsure
B-01639,small / not screened
B-01640,small / not screened
B-01641,small / not screened
B-01642,small / not screened
B-01643,small / not screened
B-01644,small / not screened
B-01645,Concrete / cement
B-01646,Concrete / cement
B-01647,Concrete / cement
B-01648,Concrete / cement
B-01649,small / not screened
B-01650,small / not screened
B-01651,small / not screened
B-01652,White / cool coating
B-01653,small / not screened
B-01654,small / not screened
B-01655,Concrete / cement
B-01656,small / not screened
B-01657,small / not screened
B-01658,Concrete / cement
B-01659,small / not screened
B-01660,small / not screened
B-01661,small / not screened
B-01662,Concrete / cement
B-01663,Concrete / cement
B-01664,small / not screened
B-01665,small / not screened
B-01666,small / not screened
B-01667,Concrete / cement
B-01668,small / not screened
B-01669,Concrete / cement
B-01670,Mixed / unsure
B-01671,Mixed / unsure
B-01672,small / not screened
B-01673,small / not screened
B-01674,small / not screened
B-01675,Mixed / unsure
B-01676,Concrete / cement
B-01677,small / not screened
B-01678,small / not screened
B-01679,White / cool coating
B-01680,Concrete / cement
B-01681,Mixed / unsure
B-01682,small / not screened
B-01683,small / not screened
B-01684,Metal sheet (bare / painted)
B-01685,small / not screened
B-01686,Concrete / cement
B-01687,small / not screened
B-01688,small / not screened
B-01689,small / not screened
B-01690,White / cool coating
B-01691,Concrete / cement
B-01692,Concrete / cement
B-01693,Concrete / cement
B-01694,Metal sheet (bare / painted)
B-01695,Concrete / cement
B-01696,small / not screened
B-01697,Mixed / unsure
B-01698,small / not screened
B-01699,small / not screened
B-01700,Mixed / unsure
B-01701,small / not screened
B-01702,small / not screened
B-01703,Mixed / unsure
B-01704,Concrete / cement
B-01705,small / not screened
B-01706,small / not screened
B-01707,small / not screened
B-01708,small / not screened
B-01709,Concrete / cement
B-01710,small / not screened
B-01711,Mixed / unsure
B-01712,small / not screened
B-01713,small / not screened
B-01714,small / not screened
B-01715,small / not screened
B-01716,White / cool coating
B-01717,Metal sheet (bare / painted)
B-01718,small / not screened
B-01719,small / not screened
B-01720,small / not screened
B-01721,small / not screened
B-01722,small / not screened
B-01723,small / not screened
B-01724,Metal sheet (bare / painted)
B-01725,Concrete / cement
B-01726,small / not screened
B-01727,White / cool coating
B-01728,small / not screened
B-01729,Concrete / cement
B-01730,small / not screened
B-01731,small / not screened
B-01732,Concrete / cement
B-01733,small / not screened
B-01734,Mixed / unsure
B-01735,small / not screened
B-01736,Concrete / cement
B-01737,Concrete / cement
B-01738,small / not screened
B-01739,small / not screened
B-01740,small / not screened
B-01741,small / not screened
B-01742,Concrete / cement
B-01743,small / not screened
B-01744,small / not screened
B-01745,small / not screened
B-01746,Concrete / cement
B-01747,small / not screened
B-01748,small / not screened
B-01749,Concrete / cement
B-01750,Concrete / cement
B-01751,small / not screened
B-01752,White / cool coating
B-01753,small / not screened
B-01754,small / not screened
B-01755,White / cool coating
B-01756,White / cool coating
B-01757,small / not screened
B-01758,small / not screened
B-01759,Concrete / cement
B-01760,Concrete / cement
B-01761,small / not screened
B-01762,Mixed / unsure
B-01763,small / not screened
B-01764,small / not screened
B-01765,small / not screened
B-01766,small / not screened
B-01767,small / not screened
B-01768,small / not screened
B-01769,Concrete / cement
B-01770,small / not screened
B-01771,Mixed / unsure
B-01772,small / not screened
B-01773,small / not screened
B-01774,White / cool coating
B-01775,Concrete / cement
B-01776,small / not screened
B-01777,Concrete / cement
B-01778,Concrete / cement
B-01779,White / cool coating
B-01780,Concrete / cement
B-01781,small / not screened
B-01782,small / not screened
B-01783,small / not screened
B-01784,Concrete / cement
B-01785,small / not screened
B-01786,small / not screened
B-01787,Concrete / cement
B-01788,White / cool coating
B-01789,small / not screened
B-01790,small / not screened
B-01791,small / not screened
B-01792,small / not screened
B-01793,Mixed / unsure
B-01794,Concrete / cement
B-01795,small / not screened
B-01796,small / not screened
B-01797,small / not screened
B-01798,Concrete / cement
B-01799,small / not screened
B-01800,small / not screened
B-01801,Mixed / unsure
B-01802,small / not screened
B-01803,small / not screened
B-01804,small / not screened
B-01805,small / not screened
B-01806,Concrete / cement
B-01807,small / not screened
B-01808,small / not screened
B-01809,small / not screened
B-01810,small / not screened
B-01811,Concrete / cement
B-01812,Concrete / cement
B-01813,small / not screened
B-01814,Concrete / cement
B-01815,White / cool coating
B-01816,Concrete / cement
B-01817,Mixed / unsure
B-01818,Concrete / cement
B-01819,small / not screened
B-01820,Concrete / cement
B-01821,Concrete / cement
B-01822,small / not screened
B-01823,Concrete / cement
B-01824,Mixed / unsure
B-01825,Concrete / cement
B-01826,White / cool coating
B-01827,small / not screened
B-01828,Concrete / cement
B-01829,small / not screened
B-01830,Concrete / cement
B-01831,White / cool coating
B-01832,small / not screened
B-01833,small / not screened
B-01834,small / not screened
B-01835,Mixed / unsure
B-01836,small / not screened
B-01837,Metal sheet (bare / painted)
B-01838,small / not screened
B-01839,White / cool coating
B-01840,Concrete / cement
B-01841,Concrete / cement
B-01842,small / not screened
B-01843,Metal sheet (bare / painted)
B-01844,small / not screened
B-01845,Concrete / cement
B-01846,small / not screened
B-01847,small / not screened
B-01848,small / not screened
B-01849,small / not screened
B-01850,Concrete / cement
B-01851,White / cool coating
B-01852,small / not screened
B-01853,small / not screened
B-01854,White / cool coating
B-01855,Concrete / cement
B-01856,White / cool coating
B-01857,small / not screened
B-01858,Metal sheet (bare / painted)
B-01859,small / not screened
B-01860,small / not screened
B-01861,Mixed / unsure
B-01862,small / not screened
B-01863,small / not screened
B-01864,Bitumen / dark membrane
B-01865,small / not screened
B-01866,Mixed / unsure
B-01867,Concrete / cement
B-01868,Concrete / cement
B-01869,Mixed / unsure
B-01870,Concrete / cement
B-01871,White / cool coating
B-01872,Mixed / unsure
B-01873,small / not screened
B-01874,Concrete / cement
B-01875,Concrete / cement
B-01876,small / not screened
B-01877,small / not screened
B-01878,Concrete / cement
B-01879,White / cool coating
B-01880,small / not screened
B-01881,small / not screened
B-01882,small / not screened
B-01883,small / not screened
B-01884,small / not screened
B-01885,small / not screened
B-01886,Mixed / unsure
B-01887,Concrete / cement
B-01888,Concrete / cement
B-01889,small / not screened
B-01890,small / not screened
B-01891,small / not screened
B-01892,small / not screened
B-01893,Mixed / unsure
B-01894,small / not screened
B-01895,small / not screened
B-01896,Concrete / cement
B-01897,Mixed / unsure
B-01898,Concrete / cement
B-01899,small / not screened
B-01900,small / not screened
B-01901,Concrete / cement
B-01902,Concrete / cement
B-01903,small / not screened
B-01904,Metal sheet (bare / painted)
B-01905,small / not screened
B-01906,Concrete / cement
B-01907,small / not screened
B-01908,White / cool coating
B-01909,small / not screened
B-01910,Concrete / cement
B-01911,Concrete / cement
B-01912,Concrete / cement
B-01913,small / not screened
B-01914,small / not screened
B-01915,small / not screened
B-01916,small / not screened
B-01917,small / not screened
B-01918,Concrete / cement
B-01919,Concrete / cement
B-01920,small / not screened
B-01921,Concrete / cement
B-01922,Concrete / cement
B-01923,small / not screened
B-01924,small / not screened
B-01925,small / not screened
B-01926,small / not screened
B-01927,Mixed / unsure
B-01928,Concrete / cement
B-01929,small / not screened
B-01930,small / not screened
B-01931,small / not screened
B-01932,small / not screened
B-01933,small / not screened
B-01934,small / not screened
B-01935,small / not screened
B-01936,small / not screened
B-01937,small / not screened
B-01938,small / not screened
B-01939,small / not screened
B-01940,small / not screened
B-01941,small / not screened
B-01942,Mixed / unsure
B-01943,small / not screened
B-01944,Concrete / cement
B-01945,small / not screened
B-01946,small / not screened
B-01947,Concrete / cement
B-01948,Concrete / cement
B-01949,White / cool coating
B-01950,small / not screened
B-01951,Concrete / cement
B-01952,small / not screened
B-01953,small / not screened
B-01954,small / not screened
B-01955,small / not screened
B-01956,Concrete / cement
B-01957,small / not screened
B-01958,small / not screened
B-01959,Concrete / cement
B-01960,small / not screened
B-01961,Concrete / cement
B-01962,Mixed / unsure
B-01963,small / not screened
B-01964,small / not screened
B-01965,small / not screened
B-01966,small / not screened
B-01967,small / not screened
B-01968,Metal sheet (bare / painted)
B-01969,small / not screened
B-01970,Mixed / unsure
B-01971,small / not screened
B-01972,small / not screened
B-01973,small / not screened
B-01974,Concrete / cement
B-01975,Concrete / cement
B-01976,small / not screened
B-01977,Metal sheet (bare / painted)
B-01978,small / not screened
B-01979,small / not screened
B-01980,small / not screened
B-01981,small / not screened
B-01982,small / not screened
B-01983,small / not screened
B-01984,small / not screened
B-01985,Concrete / cement
B-01986,small / not screened
B-01987,small / not screened
B-01988,Concrete / cement
B-01989,small / not screened
B-01990,Concrete / cement
B-01991,Concrete / cement
B-01992,small / not screened
B-01993,Concrete / cement
B-01994,Mixed / unsure
B-01995,Concrete / cement
B-01996,small / not screened
B-01997,Concrete / cement
B-01998,Concrete / cement
B-01999,small / not screened
B-02000,small / not screened
B-02001,Concrete / cement
B-02002,Concrete / cement
B-02003,small / not screened
B-02004,small / not screened
B-02005,small / not screened
B-02006,small / not screened
B-02007,small / not screened
B-02008,small / not screened
B-02009,Concrete / cement
B-02010,Mixed / unsure
B-02011,White / cool coating
B-02012,small / not screened
B-02013,small / not screened
B-02014,small / not screened
B-02015,White / cool coating
B-02016,Metal sheet (bare / painted)
B-02017,small / not screened
B-02018,Concrete / cement
B-02019,Concrete / cement
B-02020,Mixed / unsure
B-02021,small / not screened
B-02022,Concrete / cement
B-02023,Concrete / cement
B-02024,Concrete / cement
B-02025,small / not screened
B-02026,small / not screened
B-02027,small / not screened
B-02028,small / not screened
B-02029,Mixed / unsure
B-02030,small / not screened
B-02031,White / cool coating
B-02032,Concrete / cement
B-02033,White / cool coating
B-02034,small / not screened
B-02035,Metal sheet (bare / painted)
B-02036,small / not screened
B-02037,small / not screened
B-02038,small / not screened
B-02039,small / not screened
B-02040,small / not screened
B-02041,small / not screened
B-02042,small / not screened
B-02043,White / cool coating
B-02044,Concrete / cement
B-02045,White / cool coating
B-02046,small / not screened
B-02047,Concrete / cement
B-02048,small / not screened
B-02049,small / not screened
B-02050,small / not screened
B-02051,small / not screened
B-02052,small / not screened
B-02053,small / not screened
B-02054,Concrete / cement
B-02055,small / not screened
B-02056,small / not screened
B-02057,small / not screened
B-02058,small / not screened
B-02059,small / not screened
B-02060,Concrete / cement
B-02061,small / not screened
B-02062,Concrete / cement
B-02063,small / not screened
B-02064,Concrete / cement
B-02065,Concrete / cement
B-02066,small / not screened
B-02067,small / not screened
B-02068,Concrete / cement
B-02069,Concrete / cement
B-02070,small / not screened
B-02071,small / not screened
B-02072,small / not screened
B-02073,Concrete / cement
B-02074,Concrete / cement
B-02075,small / not screened
B-02076,small / not screened
B-02077,Concrete / cement
B-02078,small / not screened
B-02079,small / not screened
B-02080,small / not screened
B-02081,Concrete / cement
B-02082,small / not screened
B-02083,Concrete / cement
B-02084,Concrete / cement
B-02085,small / not screened
B-02086,small / not screened
B-02087,small / not screened
B-02088,small / not screened
B-02089,White / cool coating
B-02090,small / not screened
B-02091,Mixed / unsure
B-02092,White / cool coating
B-02093,small / not screened
B-02094,Concrete / cement
B-02095,Concrete / cement
B-02096,small / not screened
B-02097,small / not screened
B-02098,small / not screened
B-02099,small / not screened
B-02100,Concrete / cement
B-02101,small / not screened
B-02102,small / not screened
B-02103,Mixed / unsure
B-02104,small / not screened
B-02105,White / cool coating
B-02106,White / cool coating
B-02107,small / not screened
B-02108,Mixed / unsure
B-02109,small / not screened
B-02110,small / not screened
B-02111,Mixed / unsure
B-02112,small / not screened
B-02113,small / not screened
B-02114,small / not screened
B-02115,White / cool coating
B-02116,small / not screened
B-02117,small / not screened
B-02118,small / not screened
B-02119,small / not screened
B-02120,Concrete / cement
B-02121,small / not screened
B-02122,small / not screened
B-02123,Concrete / cement
B-02124,small / not screened
B-02125,small / not screened
B-02126,small / not screened
B-02127,small / not screened
B-02128,small / not screened
B-02129,Concrete / cement
B-02130,small / not screened
B-02131,small / not screened
B-02132,small / not screened
B-02133,Concrete / cement
B-02134,small / not screened
B-02135,small / not screened
B-02136,Concrete / cement
B-02137,Metal sheet (bare / painted)
B-02138,small / not screened
B-02139,small / not screened
B-02140,Concrete / cement
B-02141,Concrete / cement
B-02142,White / cool coating
B-02143,Concrete / cement
B-02144,Concrete / cement
B-02145,Mixed / unsure
B-02146,small / not screened
B-02147,White / cool coating
B-02148,White / cool coating
B-02149,small / not screened
B-02150,small / not screened
B-02151,small / not screened
B-02152,small / not screened
B-02153,Concrete / cement
B-02154,small / not screened
B-02155,small / not screened
B-02156,small / not screened
B-02157,small / not screened
B-02158,Concrete / cement
B-02159,Concrete / cement
B-02160,Mixed / unsure
B-02161,Concrete / cement
B-02162,small / not screened
B-02163,small / not screened
B-02164,Mixed / unsure
B-02165,Concrete / cement
B-02166,small / not screened
B-02167,Concrete / cement
B-02168,Mixed / unsure
B-02169,small / not screened
B-02170,small / not screened
B-02171,small / not screened
B-02172,Metal sheet (bare / painted)
B-02173,small / not screened
B-02174,Concrete / cement
B-02175,Mixed / unsure
B-02176,small / not screened
B-02177,small / not screened
B-02178,small / not screened
B-02179,Concrete / cement
B-02180,Concrete / cement
B-02181,Concrete / cement
B-02182,small / not screened
B-02183,small / not screened
B-02184,small / not screened
B-02185,Concrete / cement
B-02186,Concrete / cement
B-02187,small / not screened
B-02188,small / not screened
B-02189,small / not screened
B-02190,small / not screened
B-02191,small / not screened
B-02192,small / not screened
B-02193,small / not screened
B-02194,small / not screened
B-02195,Concrete / cement
B-02196,small / not screened
B-02197,Concrete / cement
B-02198,small / not screened
B-02199,small / not screened
B-02200,White / cool coating
B-02201,small / not screened
B-02202,Mixed / unsure
B-02203,Concrete / cement
B-02204,Concrete / cement
B-02205,small / not screened
B-02206,Concrete / cement
B-02207,Concrete / cement
B-02208,small / not screened
B-02209,small / not screened
B-02210,small / not screened
B-02211,White / cool coating
B-02212,small / not screened
B-02213,small / not screened
B-02214,small / not screened
B-02215,Concrete / cement
B-02216,Concrete / cement
B-02217,small / not screened
B-02218,small / not screened
B-02219,small / not screened
B-02220,small / not screened
B-02221,Concrete / cement
B-02222,Concrete / cement
B-02223,small / not screened
B-02224,Mixed / unsure
B-02225,Concrete / cement
B-02226,White / cool coating
B-02227,Concrete / cement
B-02228,Concrete / cement
B-02229,Mixed / unsure
B-02230,White / cool coating
B-02231,Concrete / cement
B-02232,small / not screened
B-02233,Concrete / cement
B-02234,small / not screened
B-02235,White / cool coating
B-02236,small / not screened
B-02237,small / not screened
B-02238,small / not screened
B-02239,small / not screened
B-02240,Concrete / cement
B-02241,Mixed / unsure
B-02242,small / not screened
B-02243,small / not screened
B-02244,Concrete / cement
B-02245,small / not screened
B-02246,small / not screened
B-02247,small / not screened
B-02248,Concrete / cement
B-02249,small / not screened
B-02250,Concrete / cement
B-02251,Concrete / cement
B-02252,Concrete / cement
B-02253,small / not screened
B-02254,small / not screened
B-02255,small / not screened
B-02256,small / not screened
B-02257,small / not screened
B-02258,Concrete / cement
B-02259,Mixed / unsure
B-02260,small / not screened
B-02261,Concrete / cement
B-02262,small / not screened
B-02263,small / not screened
B-02264,small / not screened
B-02265,small / not screened
B-02266,small / not screened
B-02267,White / cool coating
B-02268,small / not screened
B-02269,small / not screened
B-02270,small / not screened
B-02271,White / cool coating
B-02272,White / cool coating
B-02273,small / not screened
B-02274,small / not screened
B-02275,small / not screened
B-02276,Concrete / cement
B-02277,small / not screened
B-02278,Mixed / unsure
B-02279,Concrete / cement
B-02280,small / not screened
B-02281,Concrete / cement
B-02282,Concrete / cement
B-02283,Concrete / cement
B-02284,Concrete / cement
B-02285,Concrete / cement
B-02286,small / not screened
B-02287,small / not screened
B-02288,Concrete / cement
B-02289,Mixed / unsure
B-02290,Concrete / cement
B-02291,small / not screened
B-02292,small / not screened
B-02293,White / cool coating
B-02294,small / not screened
B-02295,Mixed / unsure
B-02296,small / not screened
B-02297,Metal sheet (bare / painted)
B-02298,small / not screened
B-02299,small / not screened
B-02300,Concrete / cement
B-02301,small / not screened
B-02302,small / not screened
B-02303,small / not screened
B-02304,small / not screened
B-02305,Concrete / cement
B-02306,small / not screened
B-02307,small / not screened
B-02308,Concrete / cement
B-02309,small / not screened
B-02310,Concrete / cement
B-02311,small / not screened
B-02312,small / not screened
B-02313,Mixed / unsure
B-02314,small / not screened
B-02315,Concrete / cement
B-02316,small / not screened
B-02317,small / not screened
B-02318,Concrete / cement
B-02319,Concrete / cement
B-02320,small / not screened
B-02321,small / not screened
B-02322,Concrete / cement
B-02323,small / not screened
B-02324,Mixed / unsure
B-02325,Concrete / cement
B-02326,White / cool coating
B-02327,Concrete / cement
B-02328,small / not screened
B-02329,small / not screened
B-02330,Concrete / cement
B-02331,Concrete / cement
B-02332,small / not screened
B-02333,small / not screened
B-02334,Concrete / cement
B-02335,Concrete / cement
B-02336,Concrete / cement
B-02337,small / not screened
B-02338,Concrete / cement
B-02339,White / cool coating
B-02340,small / not screened
B-02341,small / not screened
B-02342,small / not screened
B-02343,small / not screened
B-02344,small / not screened
B-02345,White / cool coating
B-02346,small / not screened
B-02347,Concrete / cement
B-02348,White / cool coating
B-02349,small / not screened
B-02350,small / not screened
B-02351,Concrete / cement
B-02352,small / not screened
B-02353,White / cool coating
B-02354,small / not screened
B-02355,Concrete / cement
B-02356,small / not screened
B-02357,small / not screened
B-02358,Concrete / cement
B-02359,Concrete / cement
B-02360,small / not screened
B-02361,small / not screened
B-02362,White / cool coating
B-02363,Concrete / cement
B-02364,small / not screened
B-02365,small / not screened
B-02366,Concrete / cement
B-02367,small / not screened
B-02368,small / not screened
B-02369,small / not screened
B-02370,small / not screened
B-02371,Concrete / cement
B-02372,White / cool coating
B-02373,small / not screened
B-02374,small / not screened
B-02375,small / not screened
B-02376,small / not screened
B-02377,small / not screened
B-02378,Mixed / unsure
B-02379,small / not screened
B-02380,small / not screened
B-02381,small / not screened
B-02382,small / not screened
B-02383,small / not screened
B-02384,Concrete / cement
B-02385,small / not screened
B-02386,small / not screened
B-02387,Concrete / cement
B-02388,Concrete / cement
B-02389,Concrete / cement
B-02390,small / not screened
B-02391,Concrete / cement
B-02392,White / cool coating
B-02393,Concrete / cement
B-02394,small / not screened
B-02395,small / not screened
B-02396,Metal sheet (bare / painted)
B-02397,Concrete / cement
B-02398,small / not screened
B-02399,small / not screened
B-02400,Concrete / cement
B-02401,Mixed / unsure
B-02402,small / not screened
B-02403,small / not screened
B-02404,Concrete / cement
B-02405,Metal sheet (bare / painted)
B-02406,small / not screened
B-02407,small / not screened
B-02408,Concrete / cement
B-02409,small / not screened
B-02410,Concrete / cement
B-02411,small / not screened
B-02412,small / not screened
B-02413,small / not screened
B-02414,Mixed / unsure
B-02415,small / not screened
B-02416,Concrete / cement
B-02417,small / not screened
B-02418,Concrete / cement
B-02419,small / not screened
B-02420,Concrete / cement
B-02421,White / cool coating
B-02422,small / not screened
B-02423,small / not screened
B-02424,small / not screened
B-02425,small / not screened
B-02426,Concrete / cement
B-02427,small / not screened
B-02428,Metal sheet (bare / painted)
B-02429,small / not screened
B-02430,small / not screened
B-02431,small / not screened
B-02432,small / not screened
B-02433,small / not screened
B-02434,Concrete / cement
B-02435,White / cool coating
B-02436,small / not screened
B-02437,small / not screened
B-02438,Concrete / cement
B-02439,small / not screened
B-02440,small / not screened
B-02441,Concrete / cement
B-02442,Concrete / cement
B-02443,small / not screened
B-02444,Concrete / cement
B-02445,small / not screened
B-02446,Mixed / unsure
B-02447,Metal sheet (bare / painted)
B-02448,Mixed / unsure
B-02449,White / cool coating
B-02450,small / not screened
B-02451,small / not screened
B-02452,small / not screened
B-02453,small / not screened
B-02454,Concrete / cement
B-02455,small / not screened
B-02456,Concrete / cement
B-02457,small / not screened
B-02458,Concrete / cement
B-02459,Concrete / cement
B-02460,small / not screened
B-02461,small / not screened
B-02462,White / cool coating
B-02463,White / cool coating
B-02464,small / not screened
B-02465,Concrete / cement
B-02466,small / not screened
B-02467,small / not screened
B-02468,Metal sheet (bare / painted)
B-02469,small / not screened
B-02470,small / not screened
B-02471,White / cool coating
B-02472,small / not screened
B-02473,White / cool coating
B-02474,Concrete / cement
B-02475,small / not screened
B-02476,small / not screened
B-02477,small / not screened
B-02478,small / not screened
B-02479,White / cool coating
B-02480,Concrete / cement
B-02481,small / not screened
B-02482,small / not screened
B-02483,small / not screened
B-02484,Concrete / cement
B-02485,small / not screened
B-02486,Concrete / cement
B-02487,Mixed / unsure
B-02488,Metal sheet (bare / painted)
B-02489,small / not screened
B-02490,small / not screened
B-02491,small / not screened
B-02492,Mixed / unsure
B-02493,Concrete / cement
B-02494,small / not screened
B-02495,small / not screened
B-02496,small / not screened
B-02497,White / cool coating
B-02498,small / not screened
B-02499,small / not screened
B-02500,small / not screened
B-02501,small / not screened
B-02502,Concrete / cement
B-02503,small / not screened
B-02504,small / not screened
B-02505,Concrete / cement
B-02506,small / not screened
B-02507,small / not screened
B-02508,Concrete / cement
B-02509,Concrete / cement
B-02510,Concrete / cement
B-02511,small / not screened
B-02512,small / not screened
B-02513,small / not screened
B-02514,Concrete / cement
B-02515,Concrete / cement
B-02516,Mixed / unsure
B-02517,small / not screened
B-02518,small / not screened
B-02519,small / not screened
B-02520,small / not screened
B-02521,small / not screened
B-02522,Concrete / cement
B-02523,small / not screened
B-02524,Concrete / cement
B-02525,White / cool coating
B-02526,small / not screened
B-02527,small / not screened
B-02528,small / not screened
B-02529,Concrete / cement
B-02530,small / not screened
B-02531,small / not screened
B-02532,small / not screened
B-02533,small / not screened
B-02534,Concrete / cement
B-02535,Concrete / cement
B-02536,Concrete / cement
B-02537,small / not screened
B-02538,Concrete / cement
B-02539,small / not screened
B-02540,small / not screened
B-02541,small / not screened
B-02542,Metal sheet (bare / painted)
B-02543,White / cool coating
B-02544,Concrete / cement
B-02545,small / not screened
B-02546,Concrete / cement
B-02547,small / not screened
B-02548,Concrete / cement
B-02549,Concrete / cement
B-02550,small / not screened
B-02551,White / cool coating
B-02552,Concrete / cement
B-02553,small / not screened
B-02554,Concrete / cement
B-02555,Concrete / cement
B-02556,small / not screened
B-02557,Metal sheet (bare / painted)
B-02558,Concrete / cement
B-02559,small / not screened
B-02560,small / not screened
B-02561,small / not screened
B-02562,small / not screened
B-02563,small / not screened
B-02564,White / cool coating
B-02565,Concrete / cement
B-02566,small / not screened
B-02567,Concrete / cement
B-02568,small / not screened
B-02569,White / cool coating
B-02570,small / not screened
B-02571,small / not screened
B-02572,small / not screened
B-02573,Concrete / cement
B-02574,small / not screened
B-02575,Concrete / cement
B-02576,small / not screened
B-02577,small / not screened
B-02578,White / cool coating
B-02579,small / not screened
B-02580,Concrete / cement
B-02581,small / not screened
B-02582,Concrete / cement
B-02583,Metal sheet (bare / painted)
B-02584,Mixed / unsure
B-02585,small / not screened
B-02586,White / cool coating
B-02587,small / not screened
B-02588,Concrete / cement
B-02589,small / not screened
B-02590,Concrete / cement
B-02591,small / not screened
B-02592,small / not screened
B-02593,small / not screened
B-02594,small / not screened
B-02595,small / not screened
B-02596,Concrete / cement
B-02597,small / not screened
B-02598,small / not screened
B-02599,Concrete / cement
B-02600,small / not screened
B-02601,small / not screened
B-02602,small / not screened
B-02603,White / cool coating
B-02604,Concrete / cement
B-02605,White / cool coating
B-02606,Concrete / cement
B-02607,small / not screened
B-02608,small / not screened
B-02609,Concrete / cement
B-02610,small / not screened
B-02611,small / not screened
B-02612,small / not screened
B-02613,small / not screened
B-02614,Concrete / cement
B-02615,Concrete / cement
B-02616,Concrete / cement
B-02617,small / not screened
B-02618,Mixed / unsure
B-02619,small / not screened
B-02620,small / not screened
B-02621,small / not screened
B-02622,small / not screened
B-02623,Concrete / cement
B-02624,small / not screened
B-02625,White / cool coating
B-02626,small / not screened
B-02627,small / not screened
B-02628,small / not screened
B-02629,Concrete / cement
B-02630,small / not screened
B-02631,Mixed / unsure
B-02632,Concrete / cement
B-02633,small / not screened
B-02634,small / not screened
B-02635,small / not screened
B-02636,Concrete / cement
B-02637,Concrete / cement
B-02638,small / not screened
B-02639,Concrete / cement
B-02640,small / not screened
B-02641,Concrete / cement
B-02642,small / not screened
B-02643,White / cool coating
B-02644,small / not screened
B-02645,Concrete / cement
B-02646,small / not screened
B-02647,Concrete / cement
B-02648,Metal sheet (bare / painted)
B-02649,Mixed / unsure
B-02650,small / not screened
B-02651,Metal sheet (bare / painted)
B-02652,Mixed / unsure
B-02653,small / not screened
B-02654,small / not screened
B-02655,small / not screened
B-02656,small / not screened
B-02657,small / not screened
B-02658,Concrete / cement
B-02659,small / not screened
B-02660,small / not screened
B-02661,small / not screened
B-02662,small / not screened
B-02663,Mixed / unsure
B-02664,small / not screened
B-02665,Concrete / cement
B-02666,Concrete / cement
B-02667,small / not screened
B-02668,small / not screened
B-02669,White / cool coating
B-02670,small / not screened
B-02671,small / not screened
B-02672,Concrete / cement
B-02673,small / not screened
B-02674,small / not screened
B-02675,Concrete / cement
B-02676,small / not screened
B-02677,small / not screened
B-02678,small / not screened
B-02679,small / not screened
B-02680,small / not screened
B-02681,small / not screened
B-02682,small / not screened
B-02683,small / not screened
B-02684,White / cool coating
B-02685,small / not screened
B-02686,Concrete / cement
B-02687,small / not screened
B-02688,small / not screened
B-02689,White / cool coating
B-02690,Concrete / cement
B-02691,small / not screened
B-02692,Concrete / cement
B-02693,small / not screened
B-02694,small / not screened
B-02695,small / not screened
B-02696,Concrete / cement
B-02697,small / not screened
B-02698,small / not screened
B-02699,small / not screened
B-02700,Concrete / cement
B-02701,Mixed / unsure
B-02702,small / not screened
B-02703,White / cool coating
B-02704,small / not screened
B-02705,Mixed / unsure
B-02706,Metal sheet (bare / painted)
B-02707,White / cool coating
B-02708,small / not screened
B-02709,Concrete / cement
B-02710,Concrete / cement
B-02711,Concrete / cement
B-02712,small / not screened
B-02713,Concrete / cement
B-02714,Concrete / cement
B-02715,small / not screened
B-02716,small / not screened
B-02717,small / not screened
B-02718,small / not screened
B-02719,Concrete / cement
B-02720,Concrete / cement
B-02721,small / not screened
B-02722,Concrete / cement
B-02723,Concrete / cement
B-02724,Concrete / cement
B-02725,small / not screened
B-02726,small / not screened
B-02727,small / not screened
B-02728,Concrete / cement
B-02729,Concrete / cement
B-02730,small / not screened
B-02731,small / not screened
B-02732,Concrete / cement
B-02733,small / not screened
B-02734,small / not screened
B-02735,small / not screened
B-02736,Concrete / cement
B-02737,small / not screened
B-02738,Concrete / cement
B-02739,Metal sheet (bare / painted)
B-02740,small / not screened
B-02741,Concrete / cement
B-02742,small / not screened
B-02743,Concrete / cement
B-02744,small / not screened
B-02745,Concrete / cement
B-02746,Metal sheet (bare / painted)
B-02747,small / not screened
B-02748,small / not screened
B-02749,Concrete / cement
B-02750,small / not screened
B-02751,small / not screened
B-02752,small / not screened
B-02753,Concrete / cement
B-02754,small / not screened
B-02755,small / not screened
B-02756,small / not screened
B-02757,small / not screened
B-02758,Mixed / unsure
B-02759,small / not screened
B-02760,Concrete / cement
B-02761,Concrete / cement
B-02762,small / not screened
B-02763,Concrete / cement
B-02764,Concrete / cement
B-02765,small / not screened
B-02766,Concrete / cement
B-02767,small / not screened
B-02768,Mixed / unsure
B-02769,small / not screened
B-02770,small / not screened
B-02771,small / not screened
B-02772,Concrete / cement
B-02773,small / not screened
B-02774,Concrete / cement
B-02775,small / not screened
B-02776,Concrete / cement
B-02777,Concrete / cement
B-02778,Concrete / cement
B-02779,small / not screened
B-02780,small / not screened
B-02781,White / cool coating
B-02782,small / not screened
B-02783,small / not screened
B-02784,Concrete / cement
B-02785,small / not screened
B-02786,Concrete / cement
B-02787,White / cool coating
B-02788,Concrete / cement
B-02789,Concrete / cement
B-02790,Mixed / unsure
B-02791,Concrete / cement
B-02792,Metal sheet (bare / painted)
B-02793,small / not screened
B-02794,small / not screened
B-02795,Concrete / cement
B-02796,Concrete / cement
B-02797,small / not screened
B-02798,Mixed / unsure
B-02799,Mixed / unsure
B-02800,small / not screened
B-02801,small / not screened
B-02802,Concrete / cement
B-02803,small / not screened
B-02804,small / not screened
B-02805,Concrete / cement
B-02806,small / not screened
B-02807,small / not screened
B-02808,small / not screened
B-02809,Concrete / cement
B-02810,small / not screened
B-02811,small / not screened
B-02812,small / not screened
B-02813,Concrete / cement
B-02814,small / not screened
B-02815,small / not screened
B-02816,White / cool coating
B-02817,small / not screened
B-02818,Concrete / cement
B-02819,small / not screened
B-02820,White / cool coating
B-02821,small / not screened
B-02822,small / not screened
B-02823,Concrete / cement
B-02824,small / not screened
B-02825,Concrete / cement
B-02826,Concrete / cement
B-02827,small / not screened
B-02828,small / not screened
B-02829,Concrete / cement
B-02830,small / not screened
B-02831,small / not screened
B-02832,Concrete / cement
B-02833,small / not screened
B-02834,Mixed / unsure
B-02835,Mixed / unsure
B-02836,Concrete / cement
B-02837,Concrete / cement
B-02838,small / not screened
B-02839,small / not screened
B-02840,small / not screened
B-02841,small / not screened
B-02842,small / not screened
B-02843,Concrete / cement
B-02844,small / not screened
B-02845,Mixed / unsure
B-02846,small / not screened
B-02847,small / not screened
B-02848,small / not screened
B-02849,small / not screened
B-02850,small / not screened
B-02851,White / cool coating
B-02852,small / not screened
B-02853,Metal sheet (bare / painted)
B-02854,small / not screened
B-02855,small / not screened
B-02856,small / not screened
B-02857,small / not screened
B-02858,small / not screened
B-02859,small / not screened
B-02860,small / not screened
B-02861,Concrete / cement
B-02862,small / not screened
B-02863,small / not screened
B-02864,Metal sheet (bare / painted)
B-02865,White / cool coating
B-02866,Mixed / unsure
B-02867,small / not screened
B-02868,small / not screened
B-02869,Concrete / cement
B-02870,White / cool coating
B-02871,small / not screened
B-02872,small / not screened
B-02873,small / not screened
B-02874,small / not screened
B-02875,Metal sheet (bare / painted)
B-02876,Concrete / cement
B-02877,Concrete / cement
B-02878,Mixed / unsure
B-02879,Concrete / cement
B-02880,small / not screened
B-02881,small / not screened
B-02882,small / not screened
B-02883,small / not screened
B-02884,small / not screened
B-02885,Concrete / cement
B-02886,Concrete / cement
B-02887,small / not screened
B-02888,Concrete / cement
B-02889,Concrete / cement
B-02890,Mixed / unsure
B-02891,small / not screened
B-02892,small / not screened
B-02893,Concrete / cement
B-02894,small / not screened
B-02895,small / not screened
B-02896,small / not screened
B-02897,small / not screened
B-02898,Concrete / cement
B-02899,small / not screened
B-02900,small / not screened
B-02901,Mixed / unsure
B-02902,small / not screened
B-02903,small / not screened
B-02904,Concrete / cement
B-02905,small / not screened
B-02906,small / not screened
B-02907,Concrete / cement
B-02908,small / not screened
B-02909,White / cool coating
B-02910,small / not screened
B-02911,small / not screened
B-02912,small / not screened
B-02913,small / not screened
B-02914,small / not screened
B-02915,small / not screened
B-02916,small / not screened
B-02917,White / cool coating
B-02918,Concrete / cement
B-02919,small / not screened
B-02920,small / not screened
B-02921,small / not screened
B-02922,Concrete / cement
B-02923,White / cool coating
B-02924,Mixed / unsure
B-02925,Concrete / cement
B-02926,Concrete / cement
B-02927,small / not screened
B-02928,small / not screened
B-02929,Concrete / cement
B-02930,small / not screened
B-02931,Concrete / cement
B-02932,Concrete / cement
B-02933,Metal sheet (bare / painted)
B-02934,Concrete / cement
B-02935,Mixed / unsure
B-02936,small / not screened
B-02937,Metal sheet (bare / painted)
B-02938,small / not screened
B-02939,White / cool coating
B-02940,small / not screened
B-02941,small / not screened
B-02942,White / cool coating
B-02943,small / not screened
B-02944,small / not screened
B-02945,small / not screened
B-02946,small / not screened
B-02947,Concrete / cement
B-02948,Mixed / unsure
B-02949,Concrete / cement
B-02950,small / not screened
B-02951,small / not screened
B-02952,small / not screened
B-02953,small / not screened
B-02954,Concrete / cement
B-02955,Concrete / cement
B-02956,Concrete / cement
B-02957,Metal sheet (bare / painted)
B-02958,Concrete / cement
B-02959,Concrete / cement
B-02960,Concrete / cement
B-02961,small / not screened
B-02962,small / not screened
B-02963,Concrete / cement
B-02964,small / not screened
B-02965,small / not screened
B-02966,Concrete / cement
B-02967,small / not screened
B-02968,small / not screened
B-02969,small / not screened
B-02970,small / not screened
B-02971,small / not screened
B-02972,small / not screened
B-02973,small / not screened
B-02974,small / not screened
B-02975,Metal sheet (bare / painted)
B-02976,small / not screened
B-02977,small / not screened
B-02978,small / not screened
B-02979,small / not screened
B-02980,small / not screened
B-02981,small / not screened
B-02982,small / not screened
B-02983,Concrete / cement
B-02984,small / not screened
B-02985,small / not screened
B-02986,small / not screened
B-02987,small / not screened
B-02988,White / cool coating
B-02989,Concrete / cement
B-02990,Mixed / unsure
B-02991,Mixed / unsure
B-02992,small / not screened
B-02993,small / not screened
B-02994,small / not screened
B-02995,small / not screened
B-02996,Mixed / unsure
B-02997,Concrete / cement
B-02998,Concrete / cement
B-02999,White / cool coating
B-03000,Concrete / cement
B-03001,Concrete / cement
B-03002,small / not screened
B-03003,small / not screened
B-03004,White / cool coating
B-03005,Concrete / cement
B-03006,small / not screened
B-03007,Concrete / cement
B-03008,White / cool coating
B-03009,White / cool coating
B-03010,small / not screened
B-03011,small / not screened
B-03012,Concrete / cement
B-03013,small / not screened
B-03014,small / not screened
B-03015,Mixed / unsure
B-03016,small / not screened
B-03017,small / not screened
B-03018,small / not screened
B-03019,small / not screened
B-03020,small / not screened
B-03021,small / not screened
B-03022,Concrete / cement
B-03023,small / not screened
B-03024,small / not screened
B-03025,small / not screened
B-03026,Metal sheet (bare / painted)
B-03027,Concrete / cement
B-03028,Mixed / unsure
B-03029,Concrete / cement
B-03030,Metal sheet (bare / painted)
B-03031,Concrete / cement
B-03032,Mixed / unsure
B-03033,small / not screened
B-03034,small / not screened
B-03035,White / cool coating
B-03036,small / not screened
B-03037,small / not screened
B-03038,small / not screened
B-03039,small / not screened
B-03040,small / not screened
B-03041,small / not screened
B-03042,small / not screened
B-03043,small / not screened
B-03044,Concrete / cement
B-03045,Mixed / unsure
B-03046,Concrete / cement
B-03047,White / cool coating
B-03048,small / not screened
B-03049,Mixed / unsure
B-03050,Mixed / unsure
B-03051,White / cool coating
B-03052,small / not screened
B-03053,Concrete / cement
B-03054,Concrete / cement
B-03055,Concrete / cement
B-03056,Concrete / cement
B-03057,small / not screened
B-03058,White / cool coating
B-03059,Mixed / unsure
B-03060,small / not screened
B-03061,Concrete / cement
B-03062,small / not screened
B-03063,small / not screened
B-03064,Concrete / cement
B-03065,small / not screened
B-03066,Mixed / unsure
B-03067,small / not screened
B-03068,Mixed / unsure
B-03069,Concrete / cement
B-03070,Concrete / cement
B-03071,small / not screened
B-03072,small / not screened
B-03073,small / not screened
B-03074,small / not screened
B-03075,White / cool coating
B-03076,Concrete / cement
B-03077,small / not screened
B-03078,small / not screened
B-03079,small / not screened
B-03080,small / not screened
B-03081,Concrete / cement
B-03082,small / not screened
B-03083,small / not screened
B-03084,small / not screened
B-03085,small / not screened
B-03086,small / not screened
B-03087,small / not screened
B-03088,small / not screened
B-03089,Mixed / unsure
B-03090,Concrete / cement
B-03091,Concrete / cement
B-03092,small / not screened
B-03093,small / not screened
B-03094,White / cool coating
B-03095,small / not screened
B-03096,Concrete / cement
B-03097,Concrete / cement
B-03098,small / not screened
B-03099,Concrete / cement
B-03100,small / not screened
B-03101,small / not screened
B-03102,Concrete / cement
B-03103,small / not screened
B-03104,Concrete / cement
B-03105,Concrete / cement
B-03106,Mixed / unsure
B-03107,small / not screened
B-03108,White / cool coating
B-03109,small / not screened
B-03110,White / cool coating
B-03111,Mixed / unsure
B-03112,Concrete / cement
B-03113,small / not screened
B-03114,small / not screened
B-03115,small / not screened
B-03116,Mixed / unsure
B-03117,small / not screened
B-03118,Metal sheet (bare / painted)
B-03119,small / not screened
B-03120,Concrete / cement
B-03121,small / not screened
B-03122,White / cool coating
B-03123,small / not screened
B-03124,Concrete / cement
B-03125,small / not screened
B-03126,Concrete / cement
B-03127,Mixed / unsure
B-03128,small / not screened
B-03129,Concrete / cement
B-03130,White / cool coating
B-03131,Concrete / cement
B-03132,Concrete / cement
B-03133,small / not screened
B-03134,small / not screened
B-03135,small / not screened
B-03136,small / not screened
B-03137,small / not screened
B-03138,Concrete / cement
B-03139,small / not screened
B-03140,small / not screened
B-03141,small / not screened
B-03142,Concrete / cement
B-03143,small / not screened
B-03144,small / not screened
B-03145,White / cool coating
B-03146,small / not screened
B-03147,small / not screened
B-03148,small / not screened
B-03149,small / not screened
B-03150,small / not screened
B-03151,Concrete / cement
B-03152,small / not screened
B-03153,White / cool coating
B-03154,small / not screened
B-03155,small / not screened
B-03156,small / not screened
B-03157,Concrete / cement
B-03158,small / not screened
B-03159,Concrete / cement
B-03160,Metal sheet (bare / painted)
B-03161,Concrete / cement
B-03162,Concrete / cement
B-03163,small / not screened
B-03164,Concrete / cement
B-03165,small / not screened
B-03166,small / not screened
B-03167,Concrete / cement
B-03168,small / not screened
B-03169,small / not screened
B-03170,small / not screened
B-03171,small / not screened
B-03172,Concrete / cement
B-03173,small / not screened
B-03174,small / not screened
B-03175,small / not screened
B-03176,small / not screened
B-03177,Concrete / cement
B-03178,small / not screened
B-03179,Concrete / cement
B-03180,Concrete / cement
B-03181,Concrete / cement
B-03182,small / not screened
B-03183,Concrete / cement
B-03184,White / cool coating
B-03185,small / not screened
B-03186,small / not screened
B-03187,Concrete / cement
B-03188,Concrete / cement
B-03189,small / not screened
B-03190,small / not screened
B-03191,Mixed / unsure
B-03192,Mixed / unsure
B-03193,Concrete / cement
B-03194,small / not screened
B-03195,small / not screened
B-03196,small / not screened
B-03197,small / not screened
B-03198,small / not screened
B-03199,small / not screened
B-03200,small / not screened
B-03201,small / not screened
B-03202,small / not screened
B-03203,Concrete / cement
B-03204,Concrete / cement
B-03205,Concrete / cement
B-03206,small / not screened
B-03207,Concrete / cement
B-03208,small / not screened
B-03209,small / not screened
B-03210,White / cool coating
B-03211,Mixed / unsure
B-03212,Concrete / cement
B-03213,small / not screened
B-03214,small / not screened
B-03215,small / not screened
B-03216,small / not screened
B-03217,small / not screened
B-03218,small / not screened
B-03219,small / not screened
B-03220,White / cool coating
B-03221,small / not screened
B-03222,small / not screened
B-03223,Concrete / cement
B-03224,small / not screened
B-03225,Concrete / cement
B-03226,Mixed / unsure
B-03227,Metal sheet (bare / painted)
B-03228,Concrete / cement
B-03229,small / not screened
B-03230,Concrete / cement
B-03231,small / not screened
B-03232,small / not screened
B-03233,White / cool coating
B-03234,small / not screened
B-03235,small / not screened
B-03236,small / not screened
B-03237,Concrete / cement
B-03238,Concrete / cement
B-03239,White / cool coating
B-03240,Concrete / cement
B-03241,small / not screened
B-03242,Concrete / cement
B-03243,Concrete / cement
B-03244,small / not screened
B-03245,Metal sheet (bare / painted)
B-03246,small / not screened
B-03247,small / not screened
B-03248,Mixed / unsure
B-03249,Mixed / unsure
B-03250,Concrete / cement
B-03251,small / not screened
B-03252,small / not screened
B-03253,small / not screened
B-03254,small / not screened
B-03255,Concrete / cement
B-03256,small / not screened
B-03257,small / not screened
B-03258,small / not screened
B-03259,small / not screened
B-03260,Concrete / cement
B-03261,small / not screened
B-03262,Concrete / cement
B-03263,small / not screened
B-03264,Concrete / cement
B-03265,small / not screened
B-03266,small / not screened
B-03267,small / not screened
B-03268,small / not screened
B-03269,Metal sheet (bare / painted)
B-03270,small / not screened
B-03271,small / not screened
B-03272,small / not screened
B-03273,small / not screened
B-03274,Concrete / cement
B-03275,small / not screened
B-03276,Mixed / unsure
B-03277,small / not screened
B-03278,small / not screened
B-03279,Concrete / cement
B-03280,Concrete / cement
B-03281,Concrete / cement
B-03282,Mixed / unsure
B-03283,Mixed / unsure
B-03284,Concrete / cement
B-03285,Concrete / cement
B-03286,small / not screened
B-03287,small / not screened
B-03288,Concrete / cement
B-03289,small / not screened
B-03290,small / not screened
B-03291,small / not screened
B-03292,small / not screened
B-03293,small / not screened
B-03294,small / not screened
B-03295,small / not screened
B-03296,Metal sheet (bare / painted)
B-03297,Concrete / cement
B-03298,small / not screened
B-03299,small / not screened
B-03300,small / not screened
B-03301,small / not screened
B-03302,small / not screened
B-03303,Metal sheet (bare / painted)
B-03304,small / not screened
B-03305,Mixed / unsure
B-03306,small / not screened
B-03307,small / not screened
B-03308,small / not screened
B-03309,White / cool coating
B-03310,small / not screened
B-03311,small / not screened
B-03312,small / not screened
B-03313,small / not screened
B-03314,White / cool coating
B-03315,small / not screened
B-03316,Concrete / cement
B-03317,small / not screened
B-03318,Concrete / cement
B-03319,small / not screened
B-03320,small / not screened
B-03321,Concrete / cement
B-03322,Mixed / unsure
B-03323,Concrete / cement
B-03324,Metal sheet (bare / painted)
B-03325,Concrete / cement
B-03326,Metal sheet (bare / painted)
B-03327,Concrete / cement
B-03328,small / not screened
B-03329,Mixed / unsure
B-03330,small / not screened
B-03331,small / not screened
B-03332,small / not screened
B-03333,Concrete / cement
B-03334,Concrete / cement
B-03335,small / not screened
B-03336,Concrete / cement
B-03337,small / not screened
B-03338,small / not screened
B-03339,small / not screened
B-03340,small / not screened
B-03341,White / cool coating
B-03342,Concrete / cement
B-03343,small / not screened
B-03344,small / not screened
B-03345,Concrete / cement
B-03346,small / not screened
B-03347,small / not screened
B-03348,small / not screened
B-03349,Concrete / cement
B-03350,small / not screened
B-03351,small / not screened
B-03352,small / not screened
B-03353,small / not screened
B-03354,small / not screened
B-03355,Concrete / cement
B-03356,Mixed / unsure
B-03357,Mixed / unsure
B-03358,small / not screened
B-03359,Concrete / cement
B-03360,small / not screened
B-03361,small / not screened
B-03362,small / not screened
B-03363,Mixed / unsure
B-03364,small / not screened
B-03365,Metal sheet (bare / painted)
B-03366,White / cool coating
B-03367,small / not screened
B-03368,small / not screened
B-03369,Concrete / cement
B-03370,small / not screened
B-03371,small / not screened
B-03372,Concrete / cement
B-03373,small / not screened
B-03374,Concrete / cement
B-03375,small / not screened
B-03376,small / not screened
B-03377,Mixed / unsure
B-03378,Concrete / cement
B-03379,small / not screened
B-03380,small / not screened
B-03381,small / not screened
B-03382,Mixed / unsure
B-03383,White / cool coating
B-03384,White / cool coating
B-03385,small / not screened
B-03386,small / not screened
B-03387,Concrete / cement
B-03388,Concrete / cement
B-03389,small / not screened
B-03390,small / not screened
B-03391,small / not screened
B-03392,small / not screened
B-03393,small / not screened
B-03394,Concrete / cement
B-03395,small / not screened
B-03396,small / not screened
B-03397,small / not screened
B-03398,small / not screened
B-03399,Concrete / cement
B-03400,small / not screened
B-03401,small / not screened
B-03402,small / not screened
B-03403,Concrete / cement
B-03404,small / not screened
B-03405,Concrete / cement
B-03406,Concrete / cement
B-03407,small / not screened
B-03408,Metal sheet (bare / painted)
B-03409,Metal sheet (bare / painted)
B-03410,Concrete / cement
B-03411,small / not screened
B-03412,small / not screened
B-03413,White / cool coating
B-03414,Metal sheet (bare / painted)
B-03415,small / not screened
B-03416,small / not screened
B-03417,small / not screened
B-03418,small / not screened
B-03419,Metal sheet (bare / painted)
B-03420,Mixed / unsure
B-03421,White / cool coating
B-03422,small / not screened
B-03423,Concrete / cement
B-03424,White / cool coating
B-03425,small / not screened
B-03426,small / not screened
B-03427,Concrete / cement
B-03428,Concrete / cement
B-03429,small / not screened
B-03430,small / not screened
B-03431,Concrete / cement
B-03432,Concrete / cement
B-03433,Metal sheet (bare / painted)
B-03434,Mixed / unsure
B-03435,Concrete / cement
B-03436,small / not screened
B-03437,small / not screened
B-03438,small / not screened
B-03439,small / not screened
B-03440,small / not screened
B-03441,White / cool coating
B-03442,small / not screened
B-03443,small / not screened
B-03444,Metal sheet (bare / painted)
B-03445,small / not screened
B-03446,Concrete / cement
B-03447,small / not screened
B-03448,small / not screened
B-03449,small / not screened
B-03450,Concrete / cement
B-03451,small / not screened
B-03452,White / cool coating
B-03453,Concrete / cement
B-03454,Concrete / cement
B-03455,small / not screened
B-03456,small / not screened
B-03457,Concrete / cement
B-03458,Metal sheet (bare / painted)
B-03459,Concrete / cement
B-03460,small / not screened
B-03461,Concrete / cement
B-03462,Concrete / cement
B-03463,Concrete / cement
B-03464,small / not screened
B-03465,small / not screened
B-03466,small / not screened
B-03467,small / not screened
B-03468,small / not screened
B-03469,Mixed / unsure
B-03470,small / not screened
B-03471,small / not screened
B-03472,Concrete / cement
B-03473,small / not screened
B-03474,Mixed / unsure
B-03475,small / not screened
B-03476,small / not screened
B-03477,small / not screened
B-03478,Mixed / unsure
B-03479,small / not screened
B-03480,small / not screened
B-03481,small / not screened
B-03482,small / not screened
B-03483,Concrete / cement
B-03484,small / not screened
B-03485,small / not screened
B-03486,small / not screened
B-03487,Mixed / unsure
B-03488,small / not screened
B-03489,small / not screened
B-03490,small / not screened
B-03491,Concrete / cement
B-03492,small / not screened
B-03493,small / not screened
B-03494,Concrete / cement
B-03495,small / not screened
B-03496,Concrete / cement
B-03497,Metal sheet (bare / painted)
B-03498,Concrete / cement
B-03499,White / cool coating
B-03500,small / not screened
B-03501,small / not screened
B-03502,small / not screened
B-03503,small / not screened
B-03504,small / not screened
B-03505,Metal sheet (bare / painted)
B-03506,small / not screened
B-03507,Concrete / cement
B-03508,White / cool coating
B-03509,Metal sheet (bare / painted)
B-03510,small / not screened
B-03511,Concrete / cement
B-03512,small / not screened
B-03513,small / not screened
B-03514,White / cool coating
B-03515,Concrete / cement
B-03516,Concrete / cement
B-03517,White / cool coating
B-03518,Metal sheet (bare / painted)
B-03519,small / not screened
B-03520,small / not screened
B-03521,Concrete / cement
B-03522,small / not screened
B-03523,Concrete / cement
B-03524,small / not screened
B-03525,small / not screened
B-03526,Concrete / cement
B-03527,Metal sheet (bare / painted)
B-03528,small / not screened
B-03529,small / not screened
B-03530,small / not screened
B-03531,small / not screened
B-03532,small / not screened
B-03533,Mixed / unsure
B-03534,small / not screened
B-03535,Concrete / cement
B-03536,Concrete / cement
B-03537,Concrete / cement
B-03538,Metal sheet (bare / painted)
B-03539,Mixed / unsure
B-03540,small / not screened
B-03541,Concrete / cement
B-03542,Concrete / cement
B-03543,small / not screened
B-03544,small / not screened
B-03545,small / not screened
B-03546,Concrete / cement
B-03547,White / cool coating
B-03548,Metal sheet (bare / painted)
B-03549,Concrete / cement
B-03550,small / not screened
B-03551,small / not screened
B-03552,small / not screened
B-03553,small / not screened
B-03554,Concrete / cement
B-03555,Mixed / unsure
B-03556,small / not screened
B-03557,White / cool coating
B-03558,small / not screened
B-03559,small / not screened
B-03560,Concrete / cement
B-03561,small / not screened
B-03562,Concrete / cement
B-03563,Concrete / cement
B-03564,small / not screened
B-03565,Concrete / cement
B-03566,small / not screened
B-03567,small / not screened
B-03568,small / not screened
B-03569,small / not screened
B-03570,small / not screened
B-03571,small / not screened
B-03572,small / not screened
B-03573,small / not screened
B-03574,Concrete / cement
B-03575,Metal sheet (bare / painted)
B-03576,Concrete / cement
B-03577,Concrete / cement
B-03578,small / not screened
B-03579,small / not screened
B-03580,Concrete / cement
B-03581,small / not screened
B-03582,Concrete / cement
B-03583,small / not screened
B-03584,Metal sheet (bare / painted)
B-03585,small / not screened
B-03586,Concrete / cement
B-03587,small / not screened
B-03588,White / cool coating
B-03589,small / not screened
B-03590,Concrete / cement
B-03591,Concrete / cement
B-03592,small / not screened
B-03593,small / not screened
B-03594,White / cool coating
B-03595,Concrete / cement
B-03596,small / not screened
B-03597,Mixed / unsure
B-03598,Concrete / cement
B-03599,small / not screened
B-03600,small / not screened
B-03601,Concrete / cement
B-03602,small / not screened
B-03603,Metal sheet (bare / painted)
B-03604,Concrete / cement
B-03605,Mixed / unsure
B-03606,small / not screened
B-03607,small / not screened
B-03608,small / not screened
B-03609,White / cool coating
B-03610,small / not screened
B-03611,small / not screened
B-03612,small / not screened
B-03613,small / not screened
B-03614,Mixed / unsure
B-03615,Concrete / cement
B-03616,Metal sheet (bare / painted)
B-03617,small / not screened
B-03618,Concrete / cement
B-03619,Concrete / cement
B-03620,small / not screened
B-03621,Concrete / cement
B-03622,small / not screened
B-03623,small / not screened
B-03624,Concrete / cement
B-03625,small / not screened
B-03626,Mixed / unsure
B-03627,small / not screened
B-03628,Concrete / cement
B-03629,small / not screened
B-03630,small / not screened
B-03631,Concrete / cement
B-03632,small / not screened
B-03633,small / not screened
B-03634,small / not screened
B-03635,small / not screened
B-03636,Concrete / cement
B-03637,small / not screened
B-03638,Concrete / cement
B-03639,White / cool coating
B-03640,Concrete / cement
B-03641,small / not screened
B-03642,Concrete / cement
B-03643,small / not screened
B-03644,small / not screened
B-03645,Metal sheet (bare / painted)
B-03646,small / not screened
B-03647,small / not screened
B-03648,Concrete / cement
B-03649,Concrete / cement
B-03650,small / not screened
B-03651,small / not screened
B-03652,White / cool coating
B-03653,Concrete / cement
B-03654,Concrete / cement
B-03655,small / not screened
B-03656,small / not screened
B-03657,small / not screened
B-03658,small / not screened
B-03659,Mixed / unsure
B-03660,small / not screened
B-03661,Concrete / cement
B-03662,small / not screened
B-03663,small / not screened
B-03664,small / not screened
B-03665,small / not screened
B-03666,small / not screened
B-03667,small / not screened
B-03668,small / not screened
B-03669,small / not screened
B-03670,White / cool coating
B-03671,small / not screened
B-03672,small / not screened
B-03673,small / not screened
B-03674,Concrete / cement
B-03675,Concrete / cement
B-03676,small / not screened
B-03677,Concrete / cement
B-03678,small / not screened
B-03679,small / not screened
B-03680,small / not screened
B-03681,Concrete / cement
B-03682,Concrete / cement
B-03683,small / not screened
B-03684,small / not screened
B-03685,small / not screened
B-03686,Mixed / unsure
B-03687,Mixed / unsure
B-03688,small / not screened
B-03689,small / not screened
B-03690,small / not screened
B-03691,small / not screened
B-03692,White / cool coating
B-03693,Concrete / cement
B-03694,small / not screened
B-03695,small / not screened
B-03696,Concrete / cement
B-03697,Concrete / cement
B-03698,small / not screened
B-03699,small / not screened
B-03700,small / not screened
B-03701,small / not screened
B-03702,small / not screened
B-03703,small / not screened
B-03704,small / not screened
B-03705,small / not screened
B-03706,small / not screened
B-03707,Concrete / cement
B-03708,Metal sheet (bare / painted)
B-03709,Concrete / cement
B-03710,small / not screened
B-03711,small / not screened
B-03712,small / not screened
B-03713,Concrete / cement
B-03714,small / not screened
B-03715,small / not screened
B-03716,Metal sheet (bare / painted)
B-03717,small / not screened
B-03718,Concrete / cement
B-03719,Concrete / cement
B-03720,White / cool coating
B-03721,small / not screened
B-03722,small / not screened
B-03723,small / not screened
B-03724,small / not screened
B-03725,small / not screened
B-03726,small / not screened
B-03727,Concrete / cement
B-03728,Concrete / cement
B-03729,White / cool coating
B-03730,small / not screened
B-03731,Mixed / unsure
B-03732,Concrete / cement
B-03733,small / not screened
B-03734,small / not screened
B-03735,Metal sheet (bare / painted)
B-03736,Concrete / cement
B-03737,small / not screened
B-03738,small / not screened
B-03739,Mixed / unsure
B-03740,small / not screened
B-03741,Concrete / cement
B-03742,small / not screened
B-03743,small / not screened
B-03744,small / not screened
B-03745,small / not screened
B-03746,small / not screened
B-03747,Metal sheet (bare / painted)
B-03748,Concrete / cement
B-03749,small / not screened
B-03750,Concrete / cement
B-03751,White / cool coating
B-03752,Concrete / cement
B-03753,White / cool coating
B-03754,small / not screened
B-03755,small / not screened
B-03756,Concrete / cement
B-03757,Concrete / cement
B-03758,small / not screened
B-03759,White / cool coating
B-03760,Concrete / cement
B-03761,White / cool coating
B-03762,small / not screened
B-03763,Concrete / cement
B-03764,White / cool coating
B-03765,Concrete / cement
B-03766,Mixed / unsure
B-03767,small / not screened
B-03768,small / not screened
B-03769,Concrete / cement
B-03770,Concrete / cement
B-03771,White / cool coating
B-03772,Mixed / unsure
B-03773,Mixed / unsure
B-03774,Concrete / cement
B-03775,Concrete / cement
B-03776,small / not screened
B-03777,White / cool coating
B-03778,small / not screened
B-03779,Concrete / cement
B-03780,Concrete / cement
B-03781,small / not screened
B-03782,White / cool coating
B-03783,small / not screened
B-03784,small / not screened
B-03785,small / not screened
B-03786,small / not screened
B-03787,Concrete / cement
B-03788,Concrete / cement
B-03789,White / cool coating
B-03790,Concrete / cement
B-03791,small / not screened
B-03792,Mixed / unsure
B-03793,small / not screened
B-03794,Concrete / cement
B-03795,small / not screened
B-03796,small / not screened
B-03797,White / cool coating
B-03798,Concrete / cement
B-03799,small / not screened
B-03800,small / not screened
B-03801,small / not screened
B-03802,small / not screened
B-03803,small / not screened
B-03804,White / cool coating
B-03805,Concrete / cement
B-03806,small / not screened
B-03807,Concrete / cement
B-03808,Concrete / cement
B-03809,Mixed / unsure
B-03810,small / not screened
B-03811,Concrete / cement
B-03812,Concrete / cement
B-03813,small / not screened
B-03814,small / not screened
B-03815,small / not screened
B-03816,small / not screened
B-03817,small / not screened
B-03818,Concrete / cement
B-03819,Concrete / cement
B-03820,small / not screened
B-03821,small / not screened
B-03822,Concrete / cement
B-03823,Metal sheet (bare / painted)
B-03824,Concrete / cement
B-03825,small / not screened
B-03826,Concrete / cement
B-03827,Mixed / unsure
B-03828,small / not screened
B-03829,small / not screened
B-03830,Concrete / cement
B-03831,Mixed / unsure
B-03832,small / not screened
B-03833,small / not screened
B-03834,Concrete / cement
B-03835,White / cool coating
B-03836,Concrete / cement
B-03837,small / not screened
B-03838,small / not screened
B-03839,Concrete / cement
B-03840,Concrete / cement
B-03841,small / not screened
B-03842,Concrete / cement
B-03843,Concrete / cement
B-03844,small / not screened
B-03845,small / not screened
B-03846,small / not screened
B-03847,small / not screened
B-03848,small / not screened
B-03849,small / not screened
B-03850,small / not screened
B-03851,Concrete / cement
B-03852,Concrete / cement
B-03853,Concrete / cement
B-03854,Metal sheet (bare / painted)
B-03855,small / not screened
B-03856,small / not screened
B-03857,small / not screened
B-03858,Concrete / cement
B-03859,small / not screened
B-03860,small / not screened
B-03861,Concrete / cement
B-03862,Concrete / cement
B-03863,small / not screened
B-03864,small / not screened
B-03865,small / not screened
B-03866,small / not screened
B-03867,small / not screened
B-03868,small / not screened
B-03869,small / not screened
B-03870,small / not screened
B-03871,Concrete / cement
B-03872,small / not screened
B-03873,small / not screened
B-03874,small / not screened
B-03875,small / not screened
B-03876,Concrete / cement
B-03877,small / not screened
B-03878,small / not screened
B-03879,small / not screened
B-03880,small / not screened
B-03881,small / not screened
B-03882,small / not screened
B-03883,small / not screened
B-03884,Concrete / cement
B-03885,White / cool coating
B-03886,small / not screened
B-03887,small / not screened
B-03888,small / not screened
B-03889,small / not screened
B-03890,White / cool coating
B-03891,small / not screened
B-03892,Concrete / cement
B-03893,White / cool coating
B-03894,Concrete / cement
B-03895,Concrete / cement
B-03896,Concrete / cement
B-03897,small / not screened
B-03898,small / not screened
B-03899,Concrete / cement
B-03900,Mixed / unsure
B-03901,small / not screened
B-03902,small / not screened
B-03903,small / not screened
B-03904,small / not screened
B-03905,small / not screened
B-03906,small / not screened
B-03907,Concrete / cement
B-03908,small / not screened
B-03909,White / cool coating
B-03910,Concrete / cement
B-03911,Concrete / cement
B-03912,Concrete / cement
B-03913,small / not screened
B-03914,small / not screened
B-03915,Concrete / cement
B-03916,small / not screened
B-03917,Concrete / cement
B-03918,small / not screened
B-03919,small / not screened
B-03920,small / not screened
B-03921,small / not screened
B-03922,White / cool coating
B-03923,small / not screened
B-03924,White / cool coating
B-03925,small / not screened
B-03926,small / not screened
B-03927,Mixed / unsure
B-03928,Concrete / cement
B-03929,Mixed / unsure
B-03930,small / not screened
B-03931,small / not screened
B-03932,small / not screened
B-03933,small / not screened
B-03934,small / not screened
B-03935,Concrete / cement
B-03936,small / not screened
B-03937,small / not screened
B-03938,White / cool coating
B-03939,Concrete / cement
B-03940,small / not screened
B-03941,small / not screened
B-03942,Concrete / cement
B-03943,Metal sheet (bare / painted)
B-03944,small / not screened
B-03945,small / not screened
B-03946,Concrete / cement
B-03947,small / not screened
B-03948,Concrete / cement
B-03949,small / not screened
B-03950,small / not screened
B-03951,small / not screened
B-03952,small / not screened
B-03953,small / not screened
B-03954,Concrete / cement
B-03955,small / not screened
B-03956,Concrete / cement
B-03957,small / not screened
B-03958,Mixed / unsure
B-03959,small / not screened
B-03960,small / not screened
B-03961,small / not screened
B-03962,Concrete / cement
B-03963,small / not screened
B-03964,small / not screened
B-03965,Concrete / cement
B-03966,Concrete / cement
B-03967,Concrete / cement
B-03968,small / not screened
B-03969,small / not screened
B-03970,small / not screened
B-03971,small / not screened
B-03972,Mixed / unsure
B-03973,small / not screened
B-03974,small / not screened
B-03975,Concrete / cement
B-03976,small / not screened
B-03977,small / not screened
B-03978,small / not screened
B-03979,Metal sheet (bare / painted)
B-03980,Concrete / cement
B-03981,small / not screened
B-03982,small / not screened
B-03983,Concrete / cement
B-03984,small / not screened
B-03985,small / not screened
B-03986,small / not screened
B-03987,Concrete / cement
B-03988,small / not screened
B-03989,small / not screened
B-03990,small / not screened
B-03991,Concrete / cement
B-03992,Concrete / cement
B-03993,small / not screened
B-03994,small / not screened
B-03995,Mixed / unsure
B-03996,White / cool coating
B-03997,Mixed / unsure
B-03998,Mixed / unsure
B-03999,small / not screened
B-04000,small / not screened
B-04001,small / not screened
B-04002,small / not screened
B-04003,small / not screened
B-04004,small / not screened
B-04005,small / not screened
B-04006,Concrete / cement
B-04007,small / not screened
B-04008,small / not screened
B-04009,small / not screened
B-04010,small / not screened
B-04011,Metal sheet (bare / painted)
B-04012,small / not screened
B-04013,Concrete / cement
B-04014,Concrete / cement
B-04015,Metal sheet (bare / painted)
B-04016,small / not screened
B-04017,Mixed / unsure
B-04018,small / not screened
B-04019,small / not screened
B-04020,Concrete / cement
B-04021,Concrete / cement
B-04022,Concrete / cement
B-04023,Concrete / cement
B-04024,Concrete / cement
B-04025,Concrete / cement
B-04026,small / not screened
B-04027,small / not screened
B-04028,small / not screened
B-04029,Mixed / unsure
B-04030,small / not screened
B-04031,Metal sheet (bare / painted)
B-04032,Concrete / cement
B-04033,small / not screened
B-04034,Concrete / cement
B-04035,small / not screened
B-04036,Concrete / cement
B-04037,Concrete / cement
B-04038,small / not screened
B-04039,small / not screened
B-04040,Concrete / cement
B-04041,small / not screened
B-04042,small / not screened
B-04043,small / not screened
B-04044,Mixed / unsure
B-04045,small / not screened
B-04046,small / not screened
B-04047,Concrete / cement
B-04048,Concrete / cement
B-04049,Metal sheet (bare / painted)
B-04050,small / not screened
B-04051,Concrete / cement
B-04052,small / not screened
B-04053,small / not screened
B-04054,small / not screened
B-04055,small / not screened
B-04056,Mixed / unsure
B-04057,small / not screened
B-04058,small / not screened
B-04059,small / not screened
B-04060,small / not screened
B-04061,small / not screened
B-04062,small / not screened
B-04063,small / not screened
B-04064,small / not screened
B-04065,Concrete / cement
B-04066,White / cool coating
B-04067,small / not screened
B-04068,Concrete / cement
B-04069,small / not screened
B-04070,Metal sheet (bare / painted)
B-04071,small / not screened
B-04072,small / not screened
B-04073,small / not screened
B-04074,small / not screened
B-04075,small / not screened
B-04076,small / not screened
B-04077,Mixed / unsure
B-04078,small / not screened
B-04079,small / not screened
B-04080,small / not screened
B-04081,small / not screened
B-04082,small / not screened
B-04083,Concrete / cement
B-04084,White / cool coating
B-04085,Concrete / cement
B-04086,small / not screened
B-04087,Concrete / cement
B-04088,small / not screened
B-04089,Concrete / cement
B-04090,small / not screened
B-04091,small / not screened
B-04092,small / not screened
B-04093,Mixed / unsure
B-04094,Concrete / cement
B-04095,Concrete / cement
B-04096,small / not screened
B-04097,Mixed / unsure
B-04098,White / cool coating
B-04099,small / not screened
B-04100,small / not screened
B-04101,Concrete / cement
B-04102,small / not screened
B-04103,small / not screened
B-04104,White / cool coating
B-04105,small / not screened
B-04106,Concrete / cement
B-04107,Metal sheet (bare / painted)
B-04108,small / not screened
B-04109,Mixed / unsure
B-04110,Concrete / cement
B-04111,small / not screened
B-04112,small / not screened
B-04113,Concrete / cement
B-04114,Concrete / cement
B-04115,Concrete / cement
B-04116,small / not screened
B-04117,small / not screened
B-04118,small / not screened
B-04119,small / not screened
B-04120,Metal sheet (bare / painted)
B-04121,small / not screened
B-04122,Metal sheet (bare / painted)
B-04123,small / not screened
B-04124,Concrete / cement
B-04125,small / not screened
B-04126,small / not screened
B-04127,small / not screened
B-04128,White / cool coating
B-04129,small / not screened
B-04130,Concrete / cement
B-04131,Concrete / cement
B-04132,Concrete / cement
B-04133,Concrete / cement
B-04134,Concrete / cement
B-04135,small / not screened
B-04136,small / not screened
B-04137,Concrete / cement
B-04138,Metal sheet (bare / painted)
B-04139,Concrete / cement
B-04140,small / not screened
B-04141,small / not screened
B-04142,small / not screened
B-04143,Concrete / cement
B-04144,White / cool coating
B-04145,small / not screened
B-04146,Concrete / cement
B-04147,small / not screened
B-04148,small / not screened
B-04149,small / not screened
B-04150,small / not screened
B-04151,small / not screened
B-04152,small / not screened
B-04153,Mixed / unsure
B-04154,Mixed / unsure
B-04155,small / not screened
B-04156,small / not screened
B-04157,small / not screened
B-04158,Concrete / cement
B-04159,Concrete / cement
B-04160,small / not screened
B-04161,small / not screened
B-04162,Concrete / cement
B-04163,Metal sheet (bare / painted)
B-04164,small / not screened
B-04165,small / not screened
B-04166,Concrete / cement
B-04167,small / not screened
B-04168,small / not screened
B-04169,Mixed / unsure
B-04170,small / not screened
B-04171,Concrete / cement
B-04172,small / not screened
B-04173,small / not screened
B-04174,small / not screened
B-04175,Concrete / cement
B-04176,Metal sheet (bare / painted)
B-04177,Concrete / cement
B-04178,Concrete / cement
B-04179,Concrete / cement
B-04180,small / not screened
B-04181,small / not screened
B-04182,White / cool coating
B-04183,small / not screened
B-04184,small / not screened
B-04185,Concrete / cement
B-04186,Concrete / cement
B-04187,White / cool coating
B-04188,small / not screened
B-04189,small / not screened
B-04190,White / cool coating
B-04191,Metal sheet (bare / painted)
B-04192,Concrete / cement
B-04193,small / not screened
B-04194,Concrete / cement
B-04195,Concrete / cement
B-04196,small / not screened
B-04197,small / not screened
B-04198,small / not screened
B-04199,small / not screened
B-04200,small / not screened
B-04201,White / cool coating
B-04202,small / not screened
B-04203,Concrete / cement
B-04204,Concrete / cement
B-04205,small / not screened
B-04206,small / not screened
B-04207,small / not screened
B-04208,Concrete / cement
B-04209,Concrete / cement
B-04210,small / not screened
B-04211,Mixed / unsure
B-04212,small / not screened
B-04213,Concrete / cement
B-04214,White / cool coating
B-04215,small / not screened
B-04216,Concrete / cement
B-04217,Concrete / cement
B-04218,Concrete / cement
B-04219,Concrete / cement
B-04220,Concrete / cement
B-04221,small / not screened
B-04222,Concrete / cement
B-04223,small / not screened
B-04224,small / not screened
B-04225,small / not screened
B-04226,small / not screened
B-04227,Concrete / cement
B-04228,small / not screened
B-04229,small / not screened
B-04230,Concrete / cement
B-04231,Concrete / cement
B-04232,small / not screened
B-04233,Concrete / cement
B-04234,Concrete / cement
B-04235,Concrete / cement
B-04236,White / cool coating
B-04237,Mixed / unsure
B-04238,Concrete / cement
B-04239,small / not screened
B-04240,small / not screened
B-04241,small / not screened
B-04242,small / not screened
B-04243,small / not screened
B-04244,small / not screened
B-04245,Concrete / cement
B-04246,small / not screened
B-04247,Concrete / cement
B-04248,small / not screened
B-04249,small / not screened
B-04250,Concrete / cement
B-04251,small / not screened
B-04252,Concrete / cement
B-04253,small / not screened
B-04254,small / not screened
B-04255,Concrete / cement
B-04256,small / not screened
B-04257,small / not screened
B-04258,small / not screened
B-04259,small / not screened
B-04260,small / not screened
B-04261,small / not screened
B-04262,small / not screened
B-04263,Concrete / cement
B-04264,Metal sheet (bare / painted)
B-04265,Concrete / cement
B-04266,small / not screened
B-04267,small / not screened
B-04268,small / not screened
B-04269,White / cool coating
B-04270,small / not screened
B-04271,small / not screened
B-04272,small / not screened
B-04273,Concrete / cement
B-04274,small / not screened
B-04275,White / cool coating
B-04276,small / not screened
B-04277,Concrete / cement
B-04278,small / not screened
B-04279,small / not screened
B-04280,Concrete / cement
B-04281,Concrete / cement
B-04282,small / not screened
B-04283,Concrete / cement
B-04284,Concrete / cement
B-04285,Concrete / cement
B-04286,Concrete / cement
B-04287,small / not screened
B-04288,small / not screened
B-04289,small / not screened
B-04290,small / not screened
B-04291,small / not screened
B-04292,small / not screened
B-04293,small / not screened
B-04294,Concrete / cement
B-04295,White / cool coating
B-04296,Concrete / cement
B-04297,White / cool coating
B-04298,Concrete / cement
B-04299,small / not screened
B-04300,Concrete / cement
B-04301,Mixed / unsure
B-04302,White / cool coating
B-04303,small / not screened
B-04304,Concrete / cement
B-04305,Concrete / cement
B-04306,small / not screened
B-04307,small / not screened
B-04308,small / not screened
B-04309,small / not screened
B-04310,small / not screened
B-04311,small / not screened
B-04312,Concrete / cement
B-04313,small / not screened
B-04314,small / not screened
B-04315,Mixed / unsure
B-04316,small / not screened
B-04317,Concrete / cement
B-04318,White / cool coating
B-04319,small / not screened
B-04320,small / not screened
B-04321,Concrete / cement
B-04322,small / not screened
B-04323,Metal sheet (bare / painted)
B-04324,small / not screened
B-04325,Concrete / cement
B-04326,Concrete / cement
B-04327,small / not screened
B-04328,Concrete / cement
B-04329,small / not screened
B-04330,small / not screened
B-04331,Metal sheet (bare / painted)
B-04332,small / not screened
B-04333,small / not screened
B-04334,small / not screened
B-04335,small / not screened
B-04336,small / not screened
B-04337,small / not screened
B-04338,Concrete / cement
B-04339,White / cool coating
B-04340,small / not screened
B-04341,Concrete / cement
B-04342,Concrete / cement
B-04343,small / not screened
B-04344,Concrete / cement
B-04345,Concrete / cement
B-04346,Mixed / unsure
B-04347,Mixed / unsure
B-04348,small / not screened
B-04349,White / cool coating
B-04350,Concrete / cement
B-04351,small / not screened
B-04352,small / not screened
B-04353,Concrete / cement
B-04354,small / not screened
B-04355,Concrete / cement
B-04356,Metal sheet (bare / painted)
B-04357,White / cool coating
B-04358,Concrete / cement
B-04359,Concrete / cement
B-04360,small / not screened
B-04361,small / not screened
B-04362,White / cool coating
B-04363,Mixed / unsure
B-04364,Concrete / cement
B-04365,Mixed / unsure
B-04366,small / not screened
B-04367,small / not screened
B-04368,small / not screened
B-04369,small / not screened
B-04370,small / not screened
B-04371,small / not screened
B-04372,small / not screened
B-04373,Metal sheet (bare / painted)
B-04374,small / not screened
B-04375,Concrete / cement
B-04376,Concrete / cement
B-04377,small / not screened
B-04378,Mixed / unsure
B-04379,small / not screened
B-04380,Metal sheet (bare / painted)
B-04381,Concrete / cement
B-04382,small / not screened
B-04383,small / not screened
B-04384,small / not screened
B-04385,small / not screened
B-04386,small / not screened
B-04387,Concrete / cement
B-04388,White / cool coating
B-04389,small / not screened
B-04390,small / not screened
B-04391,Concrete / cement
B-04392,small / not screened
B-04393,small / not screened
B-04394,Concrete / cement
B-04395,Concrete / cement
B-04396,small / not screened
B-04397,White / cool coating
B-04398,small / not screened
B-04399,White / cool coating
B-04400,Mixed / unsure
B-04401,White / cool coating
B-04402,Metal sheet (bare / painted)
B-04403,small / not screened
B-04404,small / not screened
B-04405,Concrete / cement
B-04406,small / not screened
B-04407,small / not screened
B-04408,small / not screened
B-04409,Concrete / cement
B-04410,Concrete / cement
B-04411,Mixed / unsure
B-04412,small / not screened
B-04413,small / not screened
B-04414,White / cool coating
B-04415,Concrete / cement
B-04416,small / not screened
B-04417,White / cool coating
B-04418,Concrete / cement
B-04419,small / not screened
B-04420,White / cool coating
B-04421,small / not screened
B-04422,small / not screened
B-04423,small / not screened
B-04424,Concrete / cement
B-04425,small / not screened
B-04426,Concrete / cement
B-04427,White / cool coating
B-04428,White / cool coating
B-04429,Concrete / cement
B-04430,small / not screened
B-04431,White / cool coating
B-04432,Concrete / cement
B-04433,small / not screened
B-04434,Concrete / cement
B-04435,Concrete / cement
B-04436,small / not screened
B-04437,small / not screened
B-04438,Concrete / cement
B-04439,small / not screened
B-04440,Concrete / cement
B-04441,Concrete / cement
B-04442,Mixed / unsure
B-04443,small / not screened
B-04444,Concrete / cement
B-04445,Concrete / cement
B-04446,small / not screened
B-04447,Concrete / cement
B-04448,small / not screened
B-04449,small / not screened
B-04450,Concrete / cement
B-04451,small / not screened
B-04452,small / not screened
B-04453,small / not screened
B-04454,small / not screened
B-04455,small / not screened
B-04456,Mixed / unsure
B-04457,small / not screened
B-04458,small / not screened
B-04459,White / cool coating
B-04460,White / cool coating
B-04461,small / not screened
B-04462,small / not screened
B-04463,Concrete / cement
B-04464,White / cool coating
B-04465,White / cool coating
B-04466,small / not screened
B-04467,Concrete / cement
B-04468,small / not screened
B-04469,small / not screened
B-04470,small / not screened
B-04471,small / not screened
B-04472,Concrete / cement
B-04473,small / not screened
B-04474,small / not screened
B-04475,Concrete / cement
B-04476,small / not screened
B-04477,small / not screened
B-04478,small / not screened
B-04479,small / not screened
B-04480,Concrete / cement
B-04481,Concrete / cement
B-04482,small / not screened
B-04483,Concrete / cement
B-04484,small / not screened
B-04485,small / not screened
B-04486,small / not screened
B-04487,Concrete / cement
B-04488,small / not screened
B-04489,small / not screened
B-04490,small / not screened
B-04491,small / not screened
B-04492,Concrete / cement
B-04493,Concrete / cement
B-04494,small / not screened
B-04495,small / not screened
B-04496,Concrete / cement
B-04497,small / not screened
B-04498,Concrete / cement
B-04499,Concrete / cement
B-04500,small / not screened
B-04501,small / not screened
B-04502,small / not screened
B-04503,Concrete / cement
B-04504,Mixed / unsure
B-04505,Concrete / cement
B-04506,White / cool coating
B-04507,small / not screened
B-04508,White / cool coating
B-04509,small / not screened
B-04510,small / not screened
B-04511,Concrete / cement
B-04512,Concrete / cement
B-04513,Concrete / cement
B-04514,Mixed / unsure
B-04515,Concrete / cement
B-04516,small / not screened
B-04517,small / not screened
B-04518,Concrete / cement
B-04519,small / not screened
B-04520,Mixed / unsure
B-04521,small / not screened
B-04522,small / not screened
B-04523,Metal sheet (bare / painted)
B-04524,small / not screened
B-04525,small / not screened
B-04526,Concrete / cement
B-04527,small / not screened
B-04528,small / not screened
B-04529,small / not screened
B-04530,small / not screened
B-04531,small / not screened
B-04532,small / not screened
B-04533,small / not screened
B-04534,small / not screened
B-04535,White / cool coating
B-04536,small / not screened
B-04537,small / not screened
B-04538,Concrete / cement
B-04539,small / not screened
B-04540,small / not screened
B-04541,small / not screened
B-04542,White / cool coating
B-04543,Metal sheet (bare / painted)
B-04544,small / not screened
B-04545,small / not screened
B-04546,small / not screened
B-04547,small / not screened
B-04548,Concrete / cement
B-04549,small / not screened
B-04550,Concrete / cement
B-04551,Mixed / unsure
B-04552,small / not screened
B-04553,small / not screened
B-04554,Concrete / cement
B-04555,Concrete / cement
B-04556,small / not screened
B-04557,small / not screened
B-04558,small / not screened
B-04559,Metal sheet (bare / painted)
B-04560,Concrete / cement
B-04561,small / not screened
B-04562,small / not screened
B-04563,small / not screened
B-04564,small / not screened
B-04565,Concrete / cement
B-04566,small / not screened
B-04567,small / not screened
B-04568,small / not screened
B-04569,Concrete / cement
B-04570,small / not screened
B-04571,small / not screened
B-04572,small / not screened
B-04573,Metal sheet (bare / painted)
B-04574,small / not screened
B-04575,White / cool coating
B-04576,Concrete / cement
B-04577,small / not screened
B-04578,small / not screened
B-04579,Mixed / unsure
B-04580,Concrete / cement
B-04581,small / not screened
B-04582,White / cool coating
B-04583,Concrete / cement
B-04584,Concrete / cement
B-04585,small / not screened
B-04586,small / not screened
B-04587,small / not screened
B-04588,small / not screened
B-04589,small / not screened
B-04590,small / not screened
B-04591,Concrete / cement
B-04592,Mixed / unsure
B-04593,Mixed / unsure
B-04594,small / not screened
B-04595,small / not screened
B-04596,White / cool coating
B-04597,Metal sheet (bare / painted)
B-04598,Concrete / cement
B-04599,small / not screened
B-04600,Concrete / cement
B-04601,Concrete / cement
B-04602,Concrete / cement
B-04603,small / not screened
B-04604,small / not screened
B-04605,Concrete / cement
B-04606,Concrete / cement
B-04607,Concrete / cement
B-04608,small / not screened
B-04609,White / cool coating
B-04610,small / not screened
B-04611,small / not screened
B-04612,Metal sheet (bare / painted)
B-04613,Concrete / cement
B-04614,Mixed / unsure
B-04615,small / not screened
B-04616,small / not screened
B-04617,Concrete / cement
B-04618,small / not screened
B-04619,small / not screened
B-04620,Concrete / cement
B-04621,Concrete / cement
B-04622,Concrete / cement
B-04623,small / not screened
B-04624,small / not screened
B-04625,Concrete / cement
B-04626,small / not screened
B-04627,Mixed / unsure
B-04628,White / cool coating
B-04629,Concrete / cement
B-04630,Concrete / cement
B-04631,small / not screened
B-04632,small / not screened
B-04633,Concrete / cement
B-04634,small / not screened
B-04635,Mixed / unsure
B-04636,small / not screened
B-04637,small / not screened
B-04638,Concrete / cement
B-04639,Concrete / cement
B-04640,Concrete / cement
B-04641,small / not screened
B-04642,small / not screened
B-04643,Mixed / unsure
B-04644,Concrete / cement
B-04645,White / cool coating
B-04646,small / not screened
B-04647,White / cool coating
B-04648,Concrete / cement
B-04649,Concrete / cement
B-04650,small / not screened
B-04651,small / not screened
B-04652,small / not screened
B-04653,small / not screened
B-04654,White / cool coating
B-04655,Concrete / cement
B-04656,Metal sheet (bare / painted)
B-04657,small / not screened
B-04658,White / cool coating
B-04659,small / not screened
B-04660,Metal sheet (bare / painted)
B-04661,small / not screened
B-04662,Concrete / cement
B-04663,Mixed / unsure
B-04664,small / not screened
B-04665,small / not screened
B-04666,small / not screened
B-04667,White / cool coating
B-04668,small / not screened
B-04669,small / not screened
B-04670,small / not screened
B-04671,Concrete / cement
B-04672,small / not screened
B-04673,small / not screened
B-04674,small / not screened
B-04675,Concrete / cement
B-04676,small / not screened
B-04677,small / not screened
B-04678,small / not screened
B-04679,small / not screened
B-04680,Concrete / cement
B-04681,small / not screened
B-04682,Concrete / cement
B-04683,Concrete / cement
B-04684,small / not screened
B-04685,small / not screened
B-04686,Concrete / cement
B-04687,Concrete / cement
B-04688,small / not screened
B-04689,small / not screened
B-04690,Concrete / cement
B-04691,small / not screened
B-04692,White / cool coating
B-04693,White / cool coating
B-04694,small / not screened
B-04695,small / not screened
B-04696,Mixed / unsure
B-04697,Concrete / cement
B-04698,small / not screened
B-04699,Concrete / cement
B-04700,Concrete / cement
B-04701,small / not screened
B-04702,small / not screened
B-04703,Concrete / cement
B-04704,Concrete / cement
B-04705,small / not screened
B-04706,Concrete / cement
B-04707,small / not screened
B-04708,Concrete / cement
B-04709,White / cool coating
B-04710,small / not screened
B-04711,small / not screened
B-04712,small / not screened
B-04713,small / not screened
B-04714,Concrete / cement
B-04715,small / not screened
B-04716,small / not screened
B-04717,small / not screened
B-04718,White / cool coating
B-04719,Mixed / unsure
B-04720,small / not screened
B-04721,small / not screened
B-04722,small / not screened
B-04723,Concrete / cement
B-04724,small / not screened
B-04725,small / not screened
B-04726,White / cool coating
B-04727,White / cool coating
B-04728,small / not screened
B-04729,Mixed / unsure
B-04730,Mixed / unsure
B-04731,small / not screened
B-04732,small / not screened
B-04733,Concrete / cement
B-04734,White / cool coating
B-04735,Concrete / cement
B-04736,small / not screened
B-04737,Concrete / cement
B-04738,small / not screened
B-04739,Concrete / cement
B-04740,Concrete / cement
B-04741,small / not screened
B-04742,White / cool coating
B-04743,Mixed / unsure
B-04744,Concrete / cement
B-04745,small / not screened
B-04746,Metal sheet (bare / painted)
B-04747,Concrete / cement
B-04748,Concrete / cement
B-04749,small / not screened
B-04750,small / not screened
B-04751,small / not screened
B-04752,small / not screened
B-04753,Concrete / cement
B-04754,Mixed / unsure
B-04755,White / cool coating
B-04756,Metal sheet (bare / painted)
B-04757,White / cool coating
B-04758,small / not screened
B-04759,small / not screened
B-04760,Concrete / cement
B-04761,small / not screened
B-04762,small / not screened
B-04763,small / not screened
B-04764,Mixed / unsure
B-04765,small / not screened
B-04766,small / not screened
B-04767,Concrete / cement
B-04768,small / not screened
B-04769,Metal sheet (bare / painted)
B-04770,small / not screened
B-04771,small / not screened
B-04772,small / not screened
B-04773,small / not screened
B-04774,small / not screened
B-04775,small / not screened
B-04776,Mixed / unsure
B-04777,small / not screened
B-04778,small / not screened
B-04779,small / not screened
B-04780,small / not screened
B-04781,Concrete / cement
B-04782,Concrete / cement
B-04783,White / cool coating
B-04784,small / not screened
B-04785,small / not screened
B-04786,White / cool coating
B-04787,Concrete / cement
B-04788,small / not screened
B-04789,small / not screened
B-04790,White / cool coating
B-04791,White / cool coating
B-04792,small / not screened
B-04793,small / not screened
B-04794,Concrete / cement
B-04795,White / cool coating
B-04796,small / not screened
B-04797,small / not screened
B-04798,White / cool coating
B-04799,small / not screened
B-04800,White / cool coating
B-04801,Metal sheet (bare / painted)
B-04802,small / not screened
B-04803,small / not screened
B-04804,small / not screened
B-04805,Concrete / cement
B-04806,small / not screened
B-04807,Concrete / cement
B-04808,small / not screened
B-04809,small / not screened
B-04810,Mixed / unsure
B-04811,small / not screened
B-04812,small / not screened
B-04813,small / not screened
B-04814,Concrete / cement
B-04815,Concrete / cement
B-04816,White / cool coating
B-04817,Mixed / unsure
B-04818,small / not screened
B-04819,small / not screened
B-04820,Metal sheet (bare / painted)
B-04821,Concrete / cement
B-04822,small / not screened
B-04823,small / not screened
B-04824,small / not screened
B-04825,Concrete / cement
B-04826,small / not screened
B-04827,small / not screened
B-04828,small / not screened
B-04829,Mixed / unsure
B-04830,Concrete / cement
B-04831,White / cool coating
B-04832,small / not screened
B-04833,Concrete / cement
B-04834,White / cool coating
B-04835,small / not screened
B-04836,small / not screened
B-04837,small / not screened
B-04838,Concrete / cement
B-04839,small / not screened
B-04840,small / not screened
B-04841,small / not screened
B-04842,Concrete / cement
B-04843,small / not screened
B-04844,small / not screened
B-04845,Concrete / cement
B-04846,Concrete / cement
B-04847,Concrete / cement
B-04848,small / not screened
B-04849,Concrete / cement
B-04850,small / not screened
B-04851,Concrete / cement
B-04852,Concrete / cement
B-04853,small / not screened
B-04854,Concrete / cement
B-04855,small / not screened
B-04856,Concrete / cement
B-04857,small / not screened
B-04858,Concrete / cement
B-04859,small / not screened
B-04860,Concrete / cement
B-04861,small / not screened
B-04862,Concrete / cement
B-04863,White / cool coating
B-04864,White / cool coating
B-04865,small / not screened
B-04866,Mixed / unsure
B-04867,Concrete / cement
B-04868,small / not screened
B-04869,White / cool coating
B-04870,Concrete / cement
B-04871,Concrete / cement
B-04872,small / not screened
B-04873,small / not screened
B-04874,Concrete / cement
B-04875,small / not screened
B-04876,Mixed / unsure
B-04877,Mixed / unsure
B-04878,small / not screened
B-04879,Concrete / cement
B-04880,Concrete / cement
B-04881,small / not screened
B-04882,small / not screened
B-04883,small / not screened
B-04884,small / not screened
B-04885,White / cool coating
B-04886,small / not screened
B-04887,Concrete / cement
B-04888,Concrete / cement
B-04889,Mixed / unsure
B-04890,small / not screened
B-04891,small / not screened
B-04892,White / cool coating
B-04893,Concrete / cement
B-04894,small / not screened
B-04895,small / not screened
B-04896,Concrete / cement
B-04897,Concrete / cement
B-04898,small / not screened
B-04899,small / not screened
B-04900,small / not screened
B-04901,small / not screened
B-04902,Concrete / cement
B-04903,small / not screened
B-04904,small / not screened
B-04905,small / not screened
B-04906,Concrete / cement
B-04907,small / not screened
B-04908,Concrete / cement
B-04909,small / not screened
B-04910,Concrete / cement
B-04911,Concrete / cement
B-04912,Concrete / cement
B-04913,small / not screened
B-04914,Concrete / cement
B-04915,small / not screened
B-04916,Mixed / unsure
B-04917,Concrete / cement
B-04918,Concrete / cement
B-04919,small / not screened
B-04920,Metal sheet (bare / painted)
B-04921,Concrete / cement
B-04922,Mixed / unsure
B-04923,Concrete / cement
B-04924,small / not screened
B-04925,small / not screened
B-04926,Concrete / cement
B-04927,Mixed / unsure
B-04928,Metal sheet (bare / painted)
B-04929,Concrete / cement
B-04930,Metal sheet (bare / painted)
B-04931,small / not screened
B-04932,Concrete / cement
B-04933,Concrete / cement
B-04934,White / cool coating
B-04935,small / not screened
B-04936,Metal sheet (bare / painted)
B-04937,small / not screened
B-04938,small / not screened
B-04939,Mixed / unsure
B-04940,small / not screened
B-04941,small / not screened
B-04942,small / not screened
B-04943,Concrete / cement
B-04944,small / not screened
B-04945,small / not screened
B-04946,Concrete / cement
B-04947,small / not screened
B-04948,small / not screened
B-04949,small / not screened
B-04950,Mixed / unsure
B-04951,small / not screened
B-04952,Concrete / cement
B-04953,small / not screened
B-04954,small / not screened
B-04955,Metal sheet (bare / painted)
B-04956,Concrete / cement
B-04957,Mixed / unsure
B-04958,White / cool coating
B-04959,small / not screened
B-04960,Concrete / cement
B-04961,small / not screened
B-04962,small / not screened
B-04963,small / not screened
B-04964,small / not screened
B-04965,small / not screened
B-04966,White / cool coating
B-04967,small / not screened
B-04968,small / not screened
B-04969,small / not screened
B-04970,small / not screened
B-04971,White / cool coating
B-04972,small / not screened
B-04973,Concrete / cement
B-04974,small / not screened
B-04975,Concrete / cement
B-04976,Mixed / unsure
B-04977,small / not screened
B-04978,Concrete / cement
B-04979,White / cool coating
B-04980,small / not screened
B-04981,small / not screened
B-04982,Concrete / cement
B-04983,Mixed / unsure
B-04984,Concrete / cement
B-04985,small / not screened
B-04986,small / not screened
B-04987,Concrete / cement
B-04988,Concrete / cement
B-04989,Concrete / cement
B-04990,small / not screened
B-04991,small / not screened
B-04992,small / not screened
B-04993,Metal sheet (bare / painted)
B-04994,small / not screened
B-04995,small / not screened
B-04996,small / not screened
B-04997,small / not screened
B-04998,Concrete / cement
B-04999,small / not screened
B-05000,small / not screened
B-05001,White / cool coating
B-05002,Concrete / cement
B-05003,White / cool coating
B-05004,Concrete / cement
B-05005,small / not screened
B-05006,small / not screened
B-05007,small / not screened
B-05008,Mixed / unsure
B-05009,small / not screened
B-05010,small / not screened
B-05011,small / not screened
B-05012,Concrete / cement
B-05013,Concrete / cement
B-05014,small / not screened
B-05015,small / not screened
B-05016,Concrete / cement
B-05017,small / not screened
B-05018,Metal sheet (bare / painted)
B-05019,small / not screened
B-05020,small / not screened
B-05021,small / not screened
B-05022,Concrete / cement
B-05023,small / not screened
B-05024,small / not screened
B-05025,small / not screened
B-05026,small / not screened
B-05027,small / not screened
B-05028,small / not screened
B-05029,small / not screened
B-05030,Concrete / cement
B-05031,small / not screened
B-05032,Concrete / cement
B-05033,small / not screened
B-05034,small / not screened
B-05035,Mixed / unsure
B-05036,small / not screened
B-05037,small / not screened
B-05038,White / cool coating
B-05039,small / not screened
B-05040,Mixed / unsure
B-05041,small / not screened
B-05042,small / not screened
B-05043,Concrete / cement
B-05044,Concrete / cement
B-05045,small / not screened
B-05046,Concrete / cement
B-05047,small / not screened
B-05048,Mixed / unsure
B-05049,small / not screened
B-05050,small / not screened
B-05051,Concrete / cement
B-05052,Concrete / cement
B-05053,small / not screened
B-05054,small / not screened
B-05055,Concrete / cement
B-05056,Concrete / cement
B-05057,small / not screened
B-05058,Concrete / cement
B-05059,small / not screened
B-05060,small / not screened
B-05061,Concrete / cement
B-05062,small / not screened
B-05063,White / cool coating
B-05064,Concrete / cement
B-05065,Concrete / cement
B-05066,Concrete / cement
B-05067,small / not screened
B-05068,small / not screened
B-05069,small / not screened
B-05070,small / not screened
B-05071,small / not screened
B-05072,White / cool coating
B-05073,Concrete / cement
B-05074,small / not screened
B-05075,Mixed / unsure
B-05076,White / cool coating
B-05077,White / cool coating
B-05078,small / not screened
B-05079,small / not screened
B-05080,small / not screened
B-05081,Concrete / cement
B-05082,small / not screened
B-05083,small / not screened
B-05084,Concrete / cement
B-05085,Concrete / cement
B-05086,small / not screened
B-05087,small / not screened
B-05088,small / not screened
B-05089,small / not screened
B-05090,Mixed / unsure
B-05091,Concrete / cement
B-05092,Concrete / cement
B-05093,Metal sheet (bare / painted)
B-05094,Mixed / unsure
B-05095,Concrete / cement
B-05096,small / not screened
B-05097,small / not screened
B-05098,small / not screened
B-05099,Concrete / cement
B-05100,Concrete / cement
B-05101,small / not screened
B-05102,small / not screened
B-05103,small / not screened
B-05104,Concrete / cement
B-05105,Concrete / cement
B-05106,small / not screened
B-05107,Concrete / cement
B-05108,small / not screened
B-05109,small / not screened
B-05110,small / not screened
B-05111,small / not screened
B-05112,small / not screened
B-05113,small / not screened
B-05114,small / not screened
B-05115,Concrete / cement
B-05116,Concrete / cement
B-05117,Mixed / unsure
B-05118,small / not screened
B-05119,Concrete / cement
B-05120,small / not screened
B-05121,small / not screened
B-05122,small / not screened
B-05123,small / not screened
B-05124,Concrete / cement
B-05125,Concrete / cement
B-05126,small / not screened
B-05127,Concrete / cement
B-05128,small / not screened
B-05129,White / cool coating
B-05130,small / not screened
B-05131,Concrete / cement
B-05132,Concrete / cement
B-05133,small / not screened
B-05134,small / not screened
B-05135,small / not screened
B-05136,small / not screened
B-05137,small / not screened
B-05138,Concrete / cement
B-05139,small / not screened
B-05140,Concrete / cement
B-05141,small / not screened
B-05142,White / cool coating
B-05143,small / not screened
B-05144,small / not screened
B-05145,White / cool coating
B-05146,Concrete / cement
B-05147,small / not screened
B-05148,Concrete / cement
B-05149,small / not screened
B-05150,small / not screened
B-05151,Metal sheet (bare / painted)
B-05152,Mixed / unsure
B-05153,Concrete / cement
B-05154,Concrete / cement
B-05155,Concrete / cement
B-05156,small / not screened
B-05157,small / not screened
B-05158,small / not screened
B-05159,Concrete / cement
B-05160,small / not screened
B-05161,Concrete / cement
B-05162,Concrete / cement
B-05163,small / not screened
B-05164,small / not screened
B-05165,Concrete / cement
B-05166,Metal sheet (bare / painted)
B-05167,small / not screened
B-05168,Concrete / cement
B-05169,Mixed / unsure
B-05170,Concrete / cement
B-05171,small / not screened
B-05172,small / not screened
B-05173,small / not screened
B-05174,Concrete / cement
B-05175,Concrete / cement
B-05176,Concrete / cement
B-05177,small / not screened
B-05178,small / not screened
B-05179,small / not screened
B-05180,Metal sheet (bare / painted)
B-05181,small / not screened
B-05182,small / not screened
B-05183,small / not screened
B-05184,Concrete / cement
B-05185,small / not screened
B-05186,Concrete / cement
B-05187,small / not screened
B-05188,small / not screened
B-05189,small / not screened
B-05190,Mixed / unsure
B-05191,Metal sheet (bare / painted)
B-05192,small / not screened
B-05193,Concrete / cement
B-05194,Concrete / cement
B-05195,Concrete / cement
B-05196,Metal sheet (bare / painted)
B-05197,small / not screened
B-05198,small / not screened
B-05199,White / cool coating
B-05200,Concrete / cement
B-05201,small / not screened
B-05202,small / not screened
B-05203,small / not screened
B-05204,small / not screened
B-05205,small / not screened
B-05206,small / not screened
B-05207,small / not screened
B-05208,Concrete / cement
B-05209,small / not screened
B-05210,small / not screened
B-05211,Concrete / cement
B-05212,small / not screened
B-05213,small / not screened
B-05214,small / not screened
B-05215,small / not screened
B-05216,small / not screened
B-05217,small / not screened
B-05218,Concrete / cement
B-05219,Concrete / cement
B-05220,White / cool coating
B-05221,White / cool coating
B-05222,small / not screened
B-05223,Mixed / unsure
B-05224,White / cool coating
B-05225,small / not screened
B-05226,small / not screened
B-05227,small / not screened
B-05228,small / not screened
B-05229,small / not screened
B-05230,small / not screened
B-05231,small / not screened
B-05232,small / not screened
B-05233,Concrete / cement
B-05234,Concrete / cement
B-05235,small / not screened
B-05236,small / not screened
B-05237,Concrete / cement
B-05238,small / not screened
B-05239,Concrete / cement
B-05240,Concrete / cement
B-05241,Concrete / cement
B-05242,Mixed / unsure
B-05243,small / not screened
B-05244,small / not screened
B-05245,Mixed / unsure
B-05246,Metal sheet (bare / painted)
B-05247,small / not screened
B-05248,small / not screened
B-05249,small / not screened
B-05250,small / not screened
B-05251,small / not screened
B-05252,small / not screened
B-05253,small / not screened
B-05254,small / not screened
B-05255,small / not screened
B-05256,small / not screened
B-05257,small / not screened
B-05258,small / not screened
B-05259,Concrete / cement
B-05260,small / not screened
B-05261,small / not screened
B-05262,small / not screened
B-05263,small / not screened
B-05264,White / cool coating
B-05265,small / not screened
B-05266,Concrete / cement
B-05267,small / not screened
B-05268,White / cool coating
B-05269,Concrete / cement
B-05270,White / cool coating
B-05271,small / not screened
B-05272,Concrete / cement
B-05273,Concrete / cement
B-05274,small / not screened
B-05275,small / not screened
B-05276,small / not screened
B-05277,Mixed / unsure
B-05278,Mixed / unsure
B-05279,Concrete / cement
B-05280,small / not screened
B-05281,small / not screened
B-05282,small / not screened
B-05283,Concrete / cement
B-05284,small / not screened
B-05285,Mixed / unsure
B-05286,small / not screened
B-05287,Concrete / cement
B-05288,small / not screened
B-05289,small / not screened
B-05290,small / not screened
B-05291,small / not screened
B-05292,Concrete / cement
B-05293,small / not screened
B-05294,small / not screened
B-05295,White / cool coating
B-05296,Mixed / unsure
B-05297,Concrete / cement
B-05298,small / not screened
B-05299,Mixed / unsure
B-05300,Concrete / cement
B-05301,small / not screened
B-05302,small / not screened
B-05303,small / not screened
B-05304,small / not screened
B-05305,small / not screened
B-05306,Concrete / cement
B-05307,small / not screened
B-05308,Concrete / cement
B-05309,White / cool coating
B-05310,small / not screened
B-05311,White / cool coating
B-05312,small / not screened
B-05313,small / not screened
B-05314,small / not screened
B-05315,small / not screened
B-05316,Concrete / cement
B-05317,small / not screened
B-05318,Concrete / cement
B-05319,small / not screened
B-05320,small / not screened
B-05321,small / not screened
B-05322,Concrete / cement
B-05323,Concrete / cement
B-05324,White / cool coating
B-05325,Concrete / cement
B-05326,small / not screened
B-05327,small / not screened
B-05328,small / not screened
B-05329,Mixed / unsure
B-05330,small / not screened
B-05331,small / not screened
B-05332,Concrete / cement
B-05333,small / not screened
B-05334,Metal sheet (bare / painted)
B-05335,Concrete / cement
B-05336,small / not screened
B-05337,small / not screened
B-05338,small / not screened
B-05339,small / not screened
B-05340,White / cool coating
B-05341,Concrete / cement
B-05342,small / not screened
B-05343,Concrete / cement
B-05344,small / not screened
B-05345,White / cool coating
B-05346,White / cool coating
B-05347,small / not screened
B-05348,Concrete / cement
B-05349,small / not screened
B-05350,small / not screened
B-05351,small / not screened
B-05352,small / not screened
B-05353,Concrete / cement
B-05354,small / not screened
B-05355,small / not screened
B-05356,small / not screened
B-05357,Mixed / unsure
B-05358,small / not screened
B-05359,small / not screened
B-05360,Concrete / cement
B-05361,small / not screened
B-05362,White / cool coating
B-05363,Mixed / unsure
B-05364,Concrete / cement
B-05365,small / not screened
B-05366,Concrete / cement
B-05367,small / not screened
B-05368,small / not screened
B-05369,Mixed / unsure
B-05370,Mixed / unsure
B-05371,small / not screened
B-05372,Concrete / cement
B-05373,small / not screened
B-05374,Mixed / unsure
B-05375,small / not screened
B-05376,Concrete / cement
B-05377,small / not screened
B-05378,Concrete / cement
B-05379,small / not screened
B-05380,small / not screened
B-05381,small / not screened
B-05382,Concrete / cement
B-05383,Concrete / cement
B-05384,small / not screened
B-05385,small / not screened
B-05386,small / not screened
B-05387,small / not screened
B-05388,small / not screened
B-05389,Metal sheet (bare / painted)
B-05390,small / not screened
B-05391,White / cool coating
B-05392,small / not screened
B-05393,small / not screened
B-05394,small / not screened
B-05395,Metal sheet (bare / painted)
B-05396,Concrete / cement
B-05397,small / not screened
B-05398,Concrete / cement
B-05399,White / cool coating
B-05400,small / not screened
B-05401,Concrete / cement
B-05402,small / not screened
B-05403,small / not screened
B-05404,small / not screened
B-05405,small / not screened
B-05406,Concrete / cement
B-05407,Mixed / unsure
B-05408,Concrete / cement
B-05409,Metal sheet (bare / painted)
B-05410,Concrete / cement
B-05411,small / not screened
B-05412,Concrete / cement
B-05413,small / not screened
B-05414,Concrete / cement
B-05415,White / cool coating
B-05416,Concrete / cement
B-05417,small / not screened
B-05418,White / cool coating
B-05419,small / not screened
B-05420,small / not screened
B-05421,White / cool coating
B-05422,small / not screened
B-05423,small / not screened
B-05424,White / cool coating
B-05425,small / not screened
B-05426,small / not screened
B-05427,small / not screened
B-05428,small / not screened
B-05429,small / not screened
B-05430,small / not screened
B-05431,small / not screened
B-05432,Concrete / cement
B-05433,small / not screened
B-05434,small / not screened
B-05435,small / not screened
B-05436,small / not screened
B-05437,Metal sheet (bare / painted)
B-05438,small / not screened
B-05439,small / not screened
B-05440,small / not screened
B-05441,small / not screened
B-05442,Concrete / cement
B-05443,White / cool coating
B-05444,small / not screened
B-05445,Metal sheet (bare / painted)
B-05446,White / cool coating
B-05447,small / not screened
B-05448,Mixed / unsure
B-05449,small / not screened
B-05450,small / not screened
B-05451,Concrete / cement
B-05452,Concrete / cement
B-05453,Concrete / cement
B-05454,small / not screened
B-05455,small / not screened
B-05456,small / not screened
B-05457,small / not screened
B-05458,Concrete / cement
B-05459,White / cool coating
B-05460,small / not screened
B-05461,small / not screened
B-05462,small / not screened
B-05463,small / not screened
B-05464,Concrete / cement
B-05465,small / not screened
B-05466,small / not screened
B-05467,small / not screened
B-05468,small / not screened
B-05469,small / not screened
B-05470,small / not screened
B-05471,small / not screened
B-05472,small / not screened
B-05473,small / not screened
B-05474,small / not screened
B-05475,Mixed / unsure
B-05476,Concrete / cement
B-05477,small / not screened
B-05478,White / cool coating
B-05479,Concrete / cement
B-05480,small / not screened
B-05481,small / not screened
B-05482,small / not screened
B-05483,small / not screened
B-05484,small / not screened
B-05485,small / not screened
B-05486,small / not screened
B-05487,small / not screened
B-05488,small / not screened
B-05489,Concrete / cement
B-05490,White / cool coating
B-05491,small / not screened
B-05492,Concrete / cement
B-05493,Concrete / cement
B-05494,small / not screened
B-05495,small / not screened
B-05496,Concrete / cement
B-05497,Concrete / cement
B-05498,Concrete / cement
B-05499,small / not screened
B-05500,small / not screened
B-05501,Concrete / cement
B-05502,Concrete / cement
B-05503,Concrete / cement
B-05504,small / not screened
B-05505,small / not screened
B-05506,small / not screened
B-05507,Concrete / cement
B-05508,small / not screened
B-05509,small / not screened
B-05510,small / not screened
B-05511,Concrete / cement
B-05512,small / not screened
B-05513,small / not screened
B-05514,Concrete / cement
B-05515,Concrete / cement
B-05516,small / not screened
B-05517,small / not screened
B-05518,small / not screened
B-05519,White / cool coating
B-05520,Concrete / cement
B-05521,Mixed / unsure
B-05522,small / not screened
B-05523,small / not screened
B-05524,White / cool coating
B-05525,small / not screened
B-05526,White / cool coating
B-05527,Concrete / cement
B-05528,small / not screened
B-05529,White / cool coating
B-05530,small / not screened
B-05531,small / not screened
B-05532,Concrete / cement
B-05533,small / not screened
B-05534,small / not screened
B-05535,small / not screened
B-05536,small / not screened
B-05537,small / not screened
B-05538,Metal sheet (bare / painted)
B-05539,Concrete / cement
B-05540,Concrete / cement
B-05541,small / not screened
B-05542,small / not screened
B-05543,Concrete / cement
B-05544,small / not screened
B-05545,Concrete / cement
B-05546,small / not screened
B-05547,Concrete / cement
B-05548,small / not screened
B-05549,small / not screened
B-05550,White / cool coating
B-05551,small / not screened
B-05552,Concrete / cement
B-05553,small / not screened
B-05554,White / cool coating
B-05555,small / not screened
B-05556,Concrete / cement
B-05557,Metal sheet (bare / painted)
B-05558,small / not screened
B-05559,Concrete / cement
B-05560,Concrete / cement
B-05561,small / not screened
B-05562,Concrete / cement
B-05563,small / not screened
B-05564,Metal sheet (bare / painted)
B-05565,small / not screened
B-05566,small / not screened
B-05567,White / cool coating
B-05568,White / cool coating
B-05569,small / not screened
B-05570,small / not screened
B-05571,Metal sheet (bare / painted)
B-05572,small / not screened
B-05573,small / not screened
B-05574,small / not screened
B-05575,small / not screened
B-05576,small / not screened
B-05577,Mixed / unsure
B-05578,Concrete / cement
B-05579,small / not screened
B-05580,small / not screened
B-05581,Concrete / cement
B-05582,small / not screened
B-05583,Concrete / cement
B-05584,small / not screened
B-05585,small / not screened
B-05586,White / cool coating
B-05587,small / not screened
B-05588,small / not screened
B-05589,Concrete / cement
B-05590,small / not screened
B-05591,White / cool coating
B-05592,small / not screened
B-05593,Concrete / cement
B-05594,small / not screened
B-05595,Concrete / cement
B-05596,Mixed / unsure
B-05597,White / cool coating
B-05598,small / not screened
B-05599,Concrete / cement
B-05600,small / not screened
B-05601,small / not screened
B-05602,small / not screened
B-05603,small / not screened
B-05604,small / not screened
B-05605,small / not screened
B-05606,Concrete / cement
B-05607,White / cool coating
B-05608,Concrete / cement
B-05609,small / not screened
B-05610,small / not screened
B-05611,small / not screened
B-05612,small / not screened
B-05613,Concrete / cement
B-05614,Concrete / cement
B-05615,Concrete / cement
B-05616,Concrete / cement
B-05617,Mixed / unsure
B-05618,small / not screened
B-05619,Concrete / cement
B-05620,Concrete / cement
B-05621,Concrete / cement
B-05622,small / not screened
B-05623,Concrete / cement
B-05624,small / not screened
B-05625,small / not screened
B-05626,small / not screened
B-05627,White / cool coating
B-05628,small / not screened
B-05629,Concrete / cement
B-05630,small / not screened
B-05631,small / not screened
B-05632,small / not screened
B-05633,Concrete / cement
B-05634,Concrete / cement
B-05635,Concrete / cement
B-05636,Concrete / cement
B-05637,small / not screened
B-05638,Concrete / cement
B-05639,small / not screened
B-05640,small / not screened
B-05641,small / not screened
B-05642,small / not screened
B-05643,small / not screened
B-05644,small / not screened
B-05645,Concrete / cement
B-05646,Concrete / cement
B-05647,Concrete / cement
B-05648,small / not screened
B-05649,Concrete / cement
B-05650,small / not screened
B-05651,Concrete / cement
B-05652,Mixed / unsure
B-05653,small / not screened
B-05654,small / not screened
B-05655,small / not screened
B-05656,Mixed / unsure
B-05657,Mixed / unsure
B-05658,Concrete / cement
B-05659,Concrete / cement
B-05660,Concrete / cement
B-05661,small / not screened
B-05662,White / cool coating
B-05663,small / not screened
B-05664,small / not screened
B-05665,small / not screened
B-05666,Concrete / cement
B-05667,Mixed / unsure
B-05668,Concrete / cement
B-05669,small / not screened
B-05670,Concrete / cement
B-05671,small / not screened
B-05672,White / cool coating
B-05673,small / not screened
B-05674,small / not screened
B-05675,Concrete / cement
B-05676,small / not screened
B-05677,small / not screened
B-05678,small / not screened
B-05679,small / not screened
B-05680,small / not screened
B-05681,small / not screened
B-05682,Concrete / cement
B-05683,Concrete / cement
B-05684,Concrete / cement
B-05685,small / not screened
B-05686,Concrete / cement
B-05687,small / not screened
B-05688,Mixed / unsure
B-05689,small / not screened
B-05690,small / not screened
B-05691,small / not screened
B-05692,Mixed / unsure
B-05693,Concrete / cement
B-05694,small / not screened
B-05695,Concrete / cement
B-05696,small / not screened
B-05697,small / not screened
B-05698,small / not screened
B-05699,small / not screened
B-05700,small / not screened
B-05701,Concrete / cement
B-05702,White / cool coating
B-05703,White / cool coating
B-05704,small / not screened
B-05705,small / not screened
B-05706,small / not screened
B-05707,Concrete / cement
B-05708,small / not screened
B-05709,small / not screened
B-05710,small / not screened
B-05711,small / not screened
B-05712,Mixed / unsure
B-05713,small / not screened
B-05714,Concrete / cement
B-05715,White / cool coating
B-05716,Mixed / unsure
B-05717,small / not screened
B-05718,small / not screened
B-05719,small / not screened
B-05720,small / not screened
B-05721,Mixed / unsure
B-05722,small / not screened
B-05723,small / not screened
B-05724,Concrete / cement
B-05725,White / cool coating
B-05726,Concrete / cement
B-05727,small / not screened
B-05728,Concrete / cement
B-05729,small / not screened
B-05730,Concrete / cement
B-05731,Concrete / cement
B-05732,small / not screened
B-05733,small / not screened
B-05734,small / not screened
B-05735,small / not screened
B-05736,small / not screened
B-05737,Concrete / cement
B-05738,Concrete / cement
B-05739,small / not screened
B-05740,small / not screened
B-05741,Concrete / cement
B-05742,small / not screened
B-05743,small / not screened
B-05744,Mixed / unsure
B-05745,Concrete / cement
B-05746,small / not screened
B-05747,small / not screened
B-05748,Concrete / cement
B-05749,small / not screened
B-05750,small / not screened
B-05751,small / not screened
B-05752,small / not screened
B-05753,Concrete / cement
B-05754,White / cool coating
B-05755,Concrete / cement
B-05756,small / not screened
B-05757,Concrete / cement
B-05758,Concrete / cement
B-05759,Metal sheet (bare / painted)
B-05760,Concrete / cement
B-05761,small / not screened
B-05762,small / not screened
B-05763,small / not screened
B-05764,small / not screened
B-05765,small / not screened
B-05766,small / not screened
B-05767,Mixed / unsure
B-05768,Concrete / cement
B-05769,small / not screened
B-05770,Concrete / cement
B-05771,White / cool coating
B-05772,Concrete / cement
B-05773,Concrete / cement
B-05774,Concrete / cement
B-05775,small / not screened
B-05776,Concrete / cement
B-05777,small / not screened
B-05778,small / not screened
B-05779,Concrete / cement
B-05780,small / not screened
B-05781,White / cool coating
B-05782,small / not screened
B-05783,small / not screened
B-05784,Concrete / cement
B-05785,White / cool coating
B-05786,Concrete / cement
B-05787,small / not screened
B-05788,White / cool coating
B-05789,small / not screened
B-05790,small / not screened
B-05791,White / cool coating
B-05792,small / not screened
B-05793,Concrete / cement
B-05794,Concrete / cement
B-05795,small / not screened
B-05796,Concrete / cement
B-05797,small / not screened
B-05798,small / not screened
B-05799,Concrete / cement
B-05800,Concrete / cement
B-05801,small / not screened
B-05802,Metal sheet (bare / painted)
B-05803,small / not screened
B-05804,small / not screened
B-05805,small / not screened
B-05806,small / not screened
B-05807,small / not screened
B-05808,small / not screened
B-05809,small / not screened
B-05810,Concrete / cement
B-05811,small / not screened
B-05812,small / not screened
B-05813,White / cool coating
B-05814,Concrete / cement
B-05815,small / not screened
B-05816,small / not screened
B-05817,small / not screened
B-05818,Concrete / cement
B-05819,Concrete / cement
B-05820,small / not screened
B-05821,Mixed / unsure
B-05822,Mixed / unsure
B-05823,Mixed / unsure
B-05824,small / not screened
B-05825,small / not screened
B-05826,small / not screened
B-05827,Concrete / cement
B-05828,Concrete / cement
B-05829,Mixed / unsure
B-05830,small / not screened
B-05831,Concrete / cement
B-05832,small / not screened
B-05833,small / not screened
B-05834,Concrete / cement
B-05835,White / cool coating
B-05836,small / not screened
B-05837,small / not screened
B-05838,small / not screened
B-05839,Concrete / cement
B-05840,Mixed / unsure
B-05841,Concrete / cement
B-05842,small / not screened
B-05843,Mixed / unsure
B-05844,small / not screened
B-05845,Concrete / cement
B-05846,Concrete / cement
B-05847,Concrete / cement
B-05848,small / not screened
B-05849,White / cool coating
B-05850,small / not screened
B-05851,small / not screened
B-05852,Concrete / cement
B-05853,small / not screened
B-05854,White / cool coating
B-05855,small / not screened
B-05856,small / not screened
B-05857,Concrete / cement
B-05858,small / not screened
B-05859,small / not screened
B-05860,small / not screened
B-05861,Concrete / cement
B-05862,small / not screened
B-05863,Concrete / cement
B-05864,small / not screened
B-05865,White / cool coating
B-05866,small / not screened
B-05867,small / not screened
B-05868,small / not screened
B-05869,Metal sheet (bare / painted)
B-05870,small / not screened
B-05871,White / cool coating
B-05872,small / not screened
B-05873,White / cool coating
B-05874,Concrete / cement
B-05875,small / not screened
B-05876,Concrete / cement
B-05877,small / not screened
B-05878,White / cool coating
B-05879,Concrete / cement
B-05880,White / cool coating
B-05881,small / not screened
B-05882,small / not screened
B-05883,White / cool coating
B-05884,Concrete / cement
B-05885,small / not screened
B-05886,small / not screened
B-05887,Concrete / cement
B-05888,small / not screened
B-05889,small / not screened
B-05890,small / not screened
B-05891,small / not screened
B-05892,small / not screened
B-05893,small / not screened
B-05894,small / not screened
B-05895,small / not screened
B-05896,Concrete / cement
B-05897,small / not screened
B-05898,Concrete / cement
B-05899,small / not screened
B-05900,small / not screened
B-05901,small / not screened
B-05902,small / not screened
B-05903,small / not screened
B-05904,small / not screened
B-05905,small / not screened
B-05906,small / not screened
B-05907,White / cool coating
B-05908,small / not screened
B-05909,Concrete / cement
B-05910,Mixed / unsure
B-05911,Concrete / cement
B-05912,Concrete / cement
B-05913,small / not screened
B-05914,White / cool coating
B-05915,small / not screened
B-05916,Mixed / unsure
B-05917,small / not screened
B-05918,Mixed / unsure
B-05919,small / not screened
B-05920,Mixed / unsure
B-05921,Concrete / cement
B-05922,small / not screened
B-05923,small / not screened
B-05924,Concrete / cement
B-05925,small / not screened
B-05926,small / not screened
B-05927,small / not screened
B-05928,Mixed / unsure
B-05929,small / not screened
B-05930,small / not screened
B-05931,small / not screened
B-05932,White / cool coating
B-05933,small / not screened
B-05934,small / not screened
B-05935,Concrete / cement
B-05936,Concrete / cement
B-05937,White / cool coating
B-05938,small / not screened
B-05939,small / not screened
B-05940,Concrete / cement
B-05941,small / not screened
B-05942,small / not screened
B-05943,small / not screened
B-05944,Concrete / cement
B-05945,Concrete / cement
B-05946,Concrete / cement
B-05947,Concrete / cement
B-05948,small / not screened
B-05949,small / not screened
B-05950,Concrete / cement
B-05951,small / not screened
B-05952,White / cool coating
B-05953,Concrete / cement
B-05954,White / cool coating
B-05955,small / not screened
B-05956,Concrete / cement
B-05957,Concrete / cement
B-05958,Metal sheet (bare / painted)
B-05959,Concrete / cement
B-05960,Concrete / cement
B-05961,Concrete / cement
B-05962,Mixed / unsure
B-05963,Concrete / cement
B-05964,small / not screened
B-05965,small / not screened
B-05966,Concrete / cement
B-05967,White / cool coating
B-05968,small / not screened
B-05969,Concrete / cement
B-05970,small / not screened
B-05971,small / not screened
B-05972,small / not screened
B-05973,small / not screened
B-05974,Concrete / cement
B-05975,Concrete / cement
B-05976,small / not screened
B-05977,Concrete / cement
B-05978,Concrete / cement
B-05979,small / not screened
B-05980,White / cool coating
B-05981,small / not screened
B-05982,Mixed / unsure
B-05983,small / not screened
B-05984,Concrete / cement
B-05985,small / not screened
B-05986,Concrete / cement
B-05987,small / not screened
B-05988,Concrete / cement
B-05989,small / not screened
B-05990,White / cool coating
B-05991,small / not screened
B-05992,small / not screened
B-05993,small / not screened
B-05994,Concrete / cement
B-05995,small / not screened
B-05996,White / cool coating
B-05997,White / cool coating
B-05998,Concrete / cement
B-05999,small / not screened
B-06000,Concrete / cement
B-06001,Concrete / cement
B-06002,small / not screened
B-06003,Concrete / cement
B-06004,small / not screened
B-06005,Concrete / cement
B-06006,small / not screened
B-06007,Concrete / cement
B-06008,Metal sheet (bare / painted)
B-06009,Concrete / cement
B-06010,Concrete / cement
B-06011,Metal sheet (bare / painted)
B-06012,small / not screened
B-06013,Mixed / unsure
B-06014,small / not screened
B-06015,White / cool coating
B-06016,Metal sheet (bare / painted)
B-06017,small / not screened
B-06018,Concrete / cement
B-06019,small / not screened
B-06020,small / not screened
B-06021,Concrete / cement
B-06022,Concrete / cement
B-06023,Concrete / cement
B-06024,Concrete / cement
B-06025,small / not screened
B-06026,small / not screened
B-06027,Concrete / cement
B-06028,small / not screened
B-06029,White / cool coating
B-06030,small / not screened
B-06031,Concrete / cement
B-06032,small / not screened
B-06033,Mixed / unsure
B-06034,small / not screened
B-06035,small / not screened
B-06036,small / not screened
B-06037,Metal sheet (bare / painted)
B-06038,Concrete / cement
B-06039,Mixed / unsure
B-06040,small / not screened
B-06041,small / not screened
B-06042,small / not screened
B-06043,Concrete / cement
B-06044,small / not screened
B-06045,White / cool coating
B-06046,White / cool coating
B-06047,small / not screened
B-06048,small / not screened
B-06049,Concrete / cement
B-06050,small / not screened
B-06051,Concrete / cement
B-06052,Concrete / cement
B-06053,small / not screened
B-06054,Mixed / unsure
B-06055,Concrete / cement
B-06056,Concrete / cement
B-06057,Concrete / cement
B-06058,small / not screened
B-06059,small / not screened
B-06060,Concrete / cement
B-06061,Concrete / cement
B-06062,Concrete / cement
B-06063,small / not screened
B-06064,small / not screened
B-06065,small / not screened
B-06066,Concrete / cement
B-06067,small / not screened
B-06068,small / not screened
B-06069,small / not screened
B-06070,small / not screened
B-06071,small / not screened
B-06072,small / not screened
B-06073,Concrete / cement
B-06074,Concrete / cement
B-06075,small / not screened
B-06076,Concrete / cement
B-06077,small / not screened
B-06078,Concrete / cement
B-06079,small / not screened
B-06080,White / cool coating
B-06081,small / not screened
B-06082,small / not screened
B-06083,Mixed / unsure
B-06084,small / not screened
B-06085,small / not screened
B-06086,White / cool coating
B-06087,Concrete / cement
B-06088,small / not screened
B-06089,small / not screened
B-06090,Concrete / cement
B-06091,small / not screened
B-06092,White / cool coating
B-06093,Mixed / unsure
B-06094,Concrete / cement
B-06095,Concrete / cement
B-06096,small / not screened
B-06097,Concrete / cement
B-06098,small / not screened
B-06099,White / cool coating
B-06100,small / not screened
B-06101,Mixed / unsure
B-06102,Concrete / cement
B-06103,Concrete / cement
B-06104,small / not screened
B-06105,Mixed / unsure
B-06106,Concrete / cement
B-06107,small / not screened
B-06108,small / not screened
B-06109,Concrete / cement
B-06110,small / not screened
B-06111,Mixed / unsure
B-06112,Concrete / cement
B-06113,Metal sheet (bare / painted)
B-06114,Concrete / cement
B-06115,small / not screened
B-06116,Concrete / cement
B-06117,small / not screened
B-06118,Mixed / unsure
B-06119,Concrete / cement
B-06120,Concrete / cement
B-06121,Concrete / cement
B-06122,small / not screened
B-06123,Concrete / cement
B-06124,White / cool coating
B-06125,small / not screened
B-06126,Concrete / cement
B-06127,small / not screened
B-06128,small / not screened
B-06129,Concrete / cement
B-06130,Mixed / unsure
B-06131,White / cool coating
B-06132,Concrete / cement
B-06133,Mixed / unsure
B-06134,small / not screened
B-06135,Concrete / cement
B-06136,Mixed / unsure
B-06137,small / not screened
B-06138,Concrete / cement
B-06139,small / not screened
B-06140,Concrete / cement
B-06141,Concrete / cement
B-06142,small / not screened
B-06143,small / not screened
B-06144,small / not screened
B-06145,small / not screened
B-06146,small / not screened
B-06147,White / cool coating
B-06148,small / not screened
B-06149,Mixed / unsure
B-06150,Concrete / cement
B-06151,small / not screened
B-06152,small / not screened
B-06153,White / cool coating
B-06154,small / not screened
B-06155,Concrete / cement
B-06156,small / not screened
B-06157,Concrete / cement
B-06158,Mixed / unsure
B-06159,Mixed / unsure
B-06160,Concrete / cement
B-06161,White / cool coating
B-06162,small / not screened
B-06163,small / not screened
B-06164,small / not screened
B-06165,White / cool coating
B-06166,small / not screened
B-06167,small / not screened
B-06168,small / not screened
B-06169,small / not screened
B-06170,small / not screened
B-06171,small / not screened
B-06172,Concrete / cement
B-06173,Mixed / unsure
B-06174,White / cool coating
B-06175,small / not screened
B-06176,small / not screened
B-06177,small / not screened
B-06178,small / not screened
B-06179,Concrete / cement
B-06180,Mixed / unsure
B-06181,small / not screened
B-06182,small / not screened
B-06183,Concrete / cement
B-06184,Concrete / cement
B-06185,small / not screened
B-06186,White / cool coating
B-06187,Concrete / cement
B-06188,Concrete / cement
B-06189,small / not screened
B-06190,small / not screened
B-06191,small / not screened
B-06192,small / not screened
B-06193,Mixed / unsure
B-06194,small / not screened
B-06195,small / not screened
B-06196,White / cool coating
B-06197,small / not screened
B-06198,White / cool coating
B-06199,small / not screened
B-06200,small / not screened
B-06201,small / not screened
B-06202,Concrete / cement
B-06203,small / not screened
B-06204,Concrete / cement
B-06205,small / not screened
B-06206,Concrete / cement
B-06207,small / not screened
B-06208,White / cool coating
B-06209,small / not screened
B-06210,small / not screened
B-06211,Concrete / cement
B-06212,Concrete / cement
B-06213,Metal sheet (bare / painted)
B-06214,Mixed / unsure
B-06215,small / not screened
B-06216,Metal sheet (bare / painted)
B-06217,Concrete / cement
B-06218,small / not screened
B-06219,small / not screened
B-06220,small / not screened
B-06221,small / not screened
B-06222,small / not screened
B-06223,Concrete / cement
B-06224,small / not screened
B-06225,small / not screened
B-06226,small / not screened
B-06227,Concrete / cement
B-06228,Concrete / cement
B-06229,Concrete / cement
B-06230,Concrete / cement
B-06231,Metal sheet (bare / painted)
B-06232,small / not screened
B-06233,small / not screened
B-06234,small / not screened
B-06235,Concrete / cement
B-06236,small / not screened
B-06237,Concrete / cement
B-06238,Metal sheet (bare / painted)
B-06239,small / not screened
B-06240,small / not screened
B-06241,small / not screened
B-06242,small / not screened
B-06243,small / not screened
B-06244,Concrete / cement
B-06245,small / not screened
B-06246,Concrete / cement
B-06247,Concrete / cement
B-06248,White / cool coating
B-06249,Concrete / cement
B-06250,Concrete / cement
B-06251,Concrete / cement
B-06252,small / not screened
B-06253,small / not screened
B-06254,Concrete / cement
B-06255,small / not screened
B-06256,White / cool coating
B-06257,small / not screened
B-06258,Concrete / cement
B-06259,small / not screened
B-06260,Concrete / cement
B-06261,White / cool coating
B-06262,small / not screened
B-06263,small / not screened
B-06264,Concrete / cement
B-06265,White / cool coating
B-06266,Concrete / cement
B-06267,White / cool coating
B-06268,small / not screened
B-06269,small / not screened
B-06270,small / not screened
B-06271,small / not screened
B-06272,Mixed / unsure
B-06273,small / not screened
B-06274,small / not screened
B-06275,White / cool coating
B-06276,small / not screened
B-06277,Metal sheet (bare / painted)
B-06278,Concrete / cement
B-06279,Concrete / cement
B-06280,small / not screened
B-06281,White / cool coating
B-06282,White / cool coating
B-06283,small / not screened
B-06284,small / not screened
B-06285,Concrete / cement
B-06286,Concrete / cement
B-06287,small / not screened
B-06288,White / cool coating
B-06289,small / not screened
B-06290,Concrete / cement
B-06291,small / not screened
B-06292,Concrete / cement
B-06293,small / not screened
B-06294,Concrete / cement
B-06295,small / not screened
B-06296,small / not screened
B-06297,Concrete / cement
B-06298,small / not screened
B-06299,small / not screened
B-06300,Concrete / cement
B-06301,small / not screened
B-06302,White / cool coating
B-06303,Concrete / cement
B-06304,small / not screened
B-06305,small / not screened
B-06306,Concrete / cement
B-06307,small / not screened
B-06308,Concrete / cement
B-06309,Concrete / cement
B-06310,small / not screened
B-06311,Metal sheet (bare / painted)
B-06312,small / not screened
B-06313,Concrete / cement
B-06314,small / not screened
B-06315,small / not screened
B-06316,White / cool coating
B-06317,small / not screened
B-06318,small / not screened
B-06319,small / not screened
B-06320,Concrete / cement
B-06321,Concrete / cement
B-06322,small / not screened
B-06323,small / not screened
B-06324,small / not screened
B-06325,small / not screened
B-06326,Concrete / cement
B-06327,small / not screened
B-06328,Metal sheet (bare / painted)
B-06329,Concrete / cement
B-06330,Concrete / cement
B-06331,White / cool coating
B-06332,Concrete / cement
B-06333,Metal sheet (bare / painted)
B-06334,small / not screened
B-06335,small / not screened
B-06336,Concrete / cement
B-06337,small / not screened
B-06338,small / not screened
B-06339,Concrete / cement
B-06340,small / not screened
B-06341,small / not screened
B-06342,White / cool coating
B-06343,small / not screened
B-06344,Metal sheet (bare / painted)
B-06345,Concrete / cement
B-06346,small / not screened
B-06347,Concrete / cement
B-06348,small / not screened
B-06349,small / not screened
B-06350,small / not screened
B-06351,Concrete / cement
B-06352,Metal sheet (bare / painted)
B-06353,small / not screened
B-06354,small / not screened
B-06355,Concrete / cement
B-06356,small / not screened
B-06357,small / not screened
B-06358,small / not screened
B-06359,Metal sheet (bare / painted)
B-06360,small / not screened
B-06361,small / not screened
B-06362,small / not screened
B-06363,small / not screened
B-06364,small / not screened
B-06365,small / not screened
B-06366,Concrete / cement
B-06367,small / not screened
B-06368,Concrete / cement
B-06369,small / not screened
B-06370,White / cool coating
B-06371,Concrete / cement
B-06372,Mixed / unsure
B-06373,small / not screened
B-06374,small / not screened
B-06375,small / not screened
B-06376,White / cool coating
B-06377,Mixed / unsure
B-06378,small / not screened
B-06379,small / not screened
B-06380,small / not screened
B-06381,Concrete / cement
B-06382,small / not screened
B-06383,small / not screened
B-06384,Concrete / cement
B-06385,small / not screened
B-06386,Concrete / cement
B-06387,small / not screened
B-06388,White / cool coating
B-06389,Concrete / cement
B-06390,small / not screened
B-06391,Concrete / cement
B-06392,Concrete / cement
B-06393,White / cool coating
B-06394,White / cool coating
B-06395,small / not screened
B-06396,Metal sheet (bare / painted)
B-06397,Concrete / cement
B-06398,small / not screened
B-06399,small / not screened
B-06400,small / not screened
B-06401,Concrete / cement
B-06402,Concrete / cement
B-06403,Concrete / cement
B-06404,Concrete / cement
B-06405,small / not screened
B-06406,small / not screened
B-06407,small / not screened
B-06408,small / not screened
B-06409,small / not screened
B-06410,Mixed / unsure
B-06411,small / not screened
B-06412,small / not screened
B-06413,small / not screened
B-06414,small / not screened
B-06415,Concrete / cement
B-06416,Concrete / cement
B-06417,small / not screened
B-06418,White / cool coating
B-06419,White / cool coating
B-06420,small / not screened
B-06421,Mixed / unsure
B-06422,Concrete / cement
B-06423,small / not screened
B-06424,small / not screened
B-06425,Concrete / cement
B-06426,White / cool coating
B-06427,small / not screened
B-06428,small / not screened
B-06429,Concrete / cement
B-06430,Concrete / cement
B-06431,Concrete / cement
B-06432,Concrete / cement
B-06433,Concrete / cement
B-06434,Metal sheet (bare / painted)
B-06435,Concrete / cement
B-06436,small / not screened
B-06437,small / not screened
B-06438,Concrete / cement
B-06439,small / not screened
B-06440,Concrete / cement
B-06441,Concrete / cement
B-06442,small / not screened
B-06443,small / not screened
B-06444,small / not screened
B-06445,small / not screened
B-06446,Mixed / unsure
B-06447,small / not screened
B-06448,small / not screened
B-06449,small / not screened
B-06450,Concrete / cement
B-06451,small / not screened
B-06452,small / not screened
B-06453,Concrete / cement
B-06454,small / not screened
B-06455,small / not screened
B-06456,Metal sheet (bare / painted)
B-06457,Concrete / cement
B-06458,small / not screened
B-06459,small / not screened
B-06460,small / not screened
B-06461,Mixed / unsure
B-06462,small / not screened
B-06463,small / not screened
B-06464,Concrete / cement
B-06465,White / cool coating
B-06466,Concrete / cement
B-06467,Concrete / cement
B-06468,Concrete / cement
B-06469,Mixed / unsure
B-06470,small / not screened
B-06471,White / cool coating
B-06472,small / not screened
B-06473,Concrete / cement
B-06474,Concrete / cement
B-06475,small / not screened
B-06476,Concrete / cement
B-06477,small / not screened
B-06478,small / not screened
B-06479,Concrete / cement
B-06480,small / not screened
B-06481,small / not screened
B-06482,Concrete / cement
B-06483,Concrete / cement
B-06484,small / not screened
B-06485,small / not screened
B-06486,small / not screened
B-06487,White / cool coating
B-06488,White / cool coating
B-06489,small / not screened
B-06490,Concrete / cement
B-06491,small / not screened
B-06492,White / cool coating
B-06493,small / not screened
B-06494,Mixed / unsure
B-06495,White / cool coating
B-06496,Concrete / cement
B-06497,Metal sheet (bare / painted)
B-06498,Concrete / cement
B-06499,Concrete / cement
B-06500,Concrete / cement
B-06501,Concrete / cement
B-06502,small / not screened
B-06503,Concrete / cement
B-06504,White / cool coating
B-06505,White / cool coating
B-06506,small / not screened
B-06507,small / not screened
B-06508,small / not screened
B-06509,small / not screened
B-06510,Concrete / cement
B-06511,small / not screened
B-06512,Concrete / cement
B-06513,Metal sheet (bare / painted)
B-06514,Concrete / cement
B-06515,Concrete / cement
B-06516,small / not screened
B-06517,small / not screened
B-06518,Mixed / unsure
B-06519,Concrete / cement
B-06520,White / cool coating
B-06521,Concrete / cement
B-06522,small / not screened
B-06523,Concrete / cement
B-06524,small / not screened
B-06525,small / not screened
B-06526,small / not screened
B-06527,Concrete / cement
B-06528,Concrete / cement
B-06529,Concrete / cement
B-06530,Concrete / cement
B-06531,small / not screened
B-06532,Concrete / cement
B-06533,small / not screened
B-06534,small / not screened
B-06535,Concrete / cement
B-06536,Concrete / cement
B-06537,Concrete / cement
B-06538,small / not screened
B-06539,Concrete / cement
B-06540,Mixed / unsure
B-06541,small / not screened
B-06542,small / not screened
B-06543,Concrete / cement
B-06544,White / cool coating
B-06545,small / not screened
B-06546,Metal sheet (bare / painted)
B-06547,Concrete / cement
B-06548,White / cool coating
B-06549,Concrete / cement
B-06550,small / not screened
B-06551,small / not screened
B-06552,Concrete / cement
B-06553,small / not screened
B-06554,small / not screened
B-06555,small / not screened
B-06556,Concrete / cement
B-06557,small / not screened
B-06558,Concrete / cement
B-06559,small / not screened
B-06560,Concrete / cement
B-06561,small / not screened
B-06562,small / not screened
B-06563,Concrete / cement
B-06564,Mixed / unsure
B-06565,small / not screened
B-06566,small / not screened
B-06567,small / not screened
B-06568,small / not screened
B-06569,White / cool coating
B-06570,small / not screened
B-06571,Concrete / cement
B-06572,small / not screened
B-06573,small / not screened
B-06574,small / not screened
B-06575,Concrete / cement
B-06576,small / not screened
B-06577,small / not screened
B-06578,small / not screened
B-06579,small / not screened
B-06580,Concrete / cement
B-06581,Concrete / cement
B-06582,small / not screened
B-06583,small / not screened
B-06584,small / not screened
B-06585,Concrete / cement
B-06586,Metal sheet (bare / painted)
B-06587,small / not screened
B-06588,Concrete / cement
B-06589,Concrete / cement
B-06590,Concrete / cement
B-06591,small / not screened
B-06592,small / not screened
B-06593,small / not screened
B-06594,small / not screened
B-06595,small / not screened
B-06596,Concrete / cement
B-06597,small / not screened
B-06598,small / not screened
B-06599,small / not screened
B-06600,small / not screened
B-06601,Concrete / cement
B-06602,Mixed / unsure
B-06603,small / not screened
B-06604,small / not screened
B-06605,small / not screened
B-06606,small / not screened
B-06607,small / not screened
B-06608,Concrete / cement
B-06609,small / not screened
B-06610,Concrete / cement
B-06611,Concrete / cement
B-06612,Concrete / cement
B-06613,small / not screened
B-06614,small / not screened
B-06615,small / not screened
B-06616,Mixed / unsure
B-06617,small / not screened
B-06618,small / not screened
B-06619,small / not screened
B-06620,White / cool coating
B-06621,Concrete / cement
B-06622,Concrete / cement
B-06623,Mixed / unsure
B-06624,Concrete / cement
B-06625,Concrete / cement
B-06626,small / not screened
B-06627,Concrete / cement
B-06628,White / cool coating
B-06629,White / cool coating
B-06630,small / not screened
B-06631,small / not screened
B-06632,small / not screened
B-06633,White / cool coating
B-06634,small / not screened
B-06635,Concrete / cement
B-06636,Concrete / cement
B-06637,small / not screened
B-06638,small / not screened
B-06639,Concrete / cement
B-06640,Concrete / cement
B-06641,small / not screened
B-06642,small / not screened
B-06643,Concrete / cement
B-06644,Concrete / cement
B-06645,small / not screened
B-06646,small / not screened
B-06647,small / not screened
B-06648,Concrete / cement
B-06649,small / not screened
B-06650,Concrete / cement
B-06651,Concrete / cement
B-06652,small / not screened
B-06653,Concrete / cement
B-06654,small / not screened
B-06655,Concrete / cement
B-06656,small / not screened
B-06657,small / not screened
B-06658,small / not screened
B-06659,small / not screened
B-06660,small / not screened
B-06661,Concrete / cement
B-06662,small / not screened
B-06663,small / not screened
B-06664,small / not screened
B-06665,small / not screened
B-06666,Mixed / unsure
B-06667,Metal sheet (bare / painted)
B-06668,small / not screened
B-06669,small / not screened
B-06670,small / not screened
B-06671,small / not screened
B-06672,small / not screened
B-06673,Mixed / unsure
B-06674,small / not screened
B-06675,Metal sheet (bare / painted)
B-06676,small / not screened
B-06677,Concrete / cement
B-06678,Concrete / cement
B-06679,small / not screened
B-06680,Concrete / cement
B-06681,Mixed / unsure
B-06682,Concrete / cement
B-06683,Mixed / unsure
B-06684,small / not screened
B-06685,White / cool coating
B-06686,Mixed / unsure
B-06687,small / not screened
B-06688,small / not screened
B-06689,Concrete / cement
B-06690,small / not screened
B-06691,small / not screened
B-06692,Mixed / unsure
B-06693,small / not screened
B-06694,Concrete / cement
B-06695,White / cool coating
B-06696,small / not screened
B-06697,small / not screened
B-06698,small / not screened
B-06699,small / not screened
B-06700,small / not screened
B-06701,small / not screened
B-06702,small / not screened
B-06703,White / cool coating
B-06704,Concrete / cement
B-06705,Concrete / cement
B-06706,small / not screened
B-06707,small / not screened
B-06708,small / not screened
B-06709,Concrete / cement
B-06710,small / not screened
B-06711,small / not screened
B-06712,Concrete / cement
B-06713,small / not screened
B-06714,Mixed / unsure
B-06715,Concrete / cement
B-06716,small / not screened
B-06717,small / not screened
B-06718,small / not screened
B-06719,small / not screened
B-06720,Concrete / cement
B-06721,Metal sheet (bare / painted)
B-06722,small / not screened
B-06723,Metal sheet (bare / painted)
B-06724,small / not screened
B-06725,Concrete / cement
B-06726,small / not screened
B-06727,small / not screened
B-06728,small / not screened
B-06729,small / not screened
B-06730,White / cool coating
B-06731,Concrete / cement
B-06732,small / not screened
B-06733,Concrete / cement
B-06734,Metal sheet (bare / painted)
B-06735,small / not screened
B-06736,Mixed / unsure
B-06737,White / cool coating
B-06738,Concrete / cement
B-06739,Concrete / cement
B-06740,Concrete / cement
B-06741,Concrete / cement
B-06742,Mixed / unsure
B-06743,small / not screened
B-06744,Metal sheet (bare / painted)
B-06745,Concrete / cement
B-06746,small / not screened
B-06747,Concrete / cement
B-06748,Mixed / unsure
B-06749,Metal sheet (bare / painted)
B-06750,White / cool coating
B-06751,small / not screened
B-06752,Concrete / cement
B-06753,Concrete / cement
B-06754,small / not screened
B-06755,Concrete / cement
B-06756,Mixed / unsure
B-06757,Concrete / cement
B-06758,Mixed / unsure
B-06759,White / cool coating
B-06760,Concrete / cement
B-06761,Concrete / cement
B-06762,Concrete / cement
B-06763,White / cool coating
B-06764,small / not screened
B-06765,Concrete / cement
B-06766,small / not screened
B-06767,Concrete / cement
B-06768,small / not screened
B-06769,small / not screened
B-06770,small / not screened
B-06771,Mixed / unsure
B-06772,small / not screened
B-06773,small / not screened
B-06774,Concrete / cement
B-06775,White / cool coating
B-06776,small / not screened
B-06777,Concrete / cement
B-06778,Concrete / cement
B-06779,Concrete / cement
B-06780,small / not screened
B-06781,small / not screened
B-06782,small / not screened
B-06783,Concrete / cement
B-06784,White / cool coating
B-06785,small / not screened
B-06786,Mixed / unsure
B-06787,Concrete / cement
B-06788,small / not screened
B-06789,Concrete / cement
B-06790,Concrete / cement
B-06791,Mixed / unsure
B-06792,White / cool coating
B-06793,Concrete / cement
B-06794,small / not screened
B-06795,Concrete / cement
B-06796,Concrete / cement
B-06797,small / not screened
B-06798,small / not screened
B-06799,small / not screened
B-06800,small / not screened
B-06801,small / not screened
B-06802,Concrete / cement
B-06803,small / not screened
B-06804,Mixed / unsure
B-06805,small / not screened
B-06806,small / not screened
B-06807,Metal sheet (bare / painted)
B-06808,Concrete / cement
B-06809,small / not screened
B-06810,small / not screened
B-06811,small / not screened
B-06812,small / not screened
B-06813,small / not screened
B-06814,Mixed / unsure
B-06815,Concrete / cement
B-06816,Mixed / unsure
B-06817,small / not screened
B-06818,Mixed / unsure
B-06819,small / not screened
B-06820,small / not screened
B-06821,Concrete / cement
B-06822,Concrete / cement
B-06823,Concrete / cement
B-06824,Concrete / cement
B-06825,Concrete / cement
B-06826,small / not screened
B-06827,small / not screened
B-06828,Mixed / unsure
B-06829,small / not screened
B-06830,small / not screened
B-06831,small / not screened
B-06832,small / not screened
B-06833,small / not screened
B-06834,small / not screened
B-06835,small / not screened
B-06836,small / not screened
B-06837,Concrete / cement
B-06838,small / not screened
B-06839,Concrete / cement
B-06840,small / not screened
B-06841,Concrete / cement
B-06842,Concrete / cement
B-06843,small / not screened
B-06844,small / not screened
B-06845,Concrete / cement
B-06846,small / not screened
B-06847,small / not screened
B-06848,Concrete / cement
B-06849,Mixed / unsure
B-06850,small / not screened
B-06851,Concrete / cement
B-06852,small / not screened
B-06853,White / cool coating
B-06854,White / cool coating
B-06855,small / not screened
B-06856,small / not screened
B-06857,small / not screened
B-06858,small / not screened
B-06859,Concrete / cement
B-06860,small / not screened
B-06861,Concrete / cement
B-06862,small / not screened
B-06863,Mixed / unsure
B-06864,small / not screened
B-06865,small / not screened
B-06866,small / not screened
B-06867,small / not screened
B-06868,small / not screened
B-06869,small / not screened
B-06870,White / cool coating
B-06871,White / cool coating
B-06872,Concrete / cement
B-06873,small / not screened
B-06874,small / not screened
B-06875,White / cool coating
B-06876,small / not screened
B-06877,small / not screened
B-06878,Metal sheet (bare / painted)
B-06879,small / not screened
B-06880,Bitumen / dark membrane
B-06881,small / not screened
B-06882,Mixed / unsure
B-06883,small / not screened
B-06884,Mixed / unsure
B-06885,Concrete / cement
B-06886,Concrete / cement
B-06887,small / not screened
B-06888,Concrete / cement
B-06889,small / not screened
B-06890,Concrete / cement
B-06891,Concrete / cement
B-06892,Concrete / cement
B-06893,Concrete / cement
B-06894,small / not screened
B-06895,small / not screened
B-06896,Concrete / cement
B-06897,Mixed / unsure
B-06898,small / not screened
B-06899,small / not screened
B-06900,Concrete / cement
B-06901,White / cool coating
B-06902,small / not screened
B-06903,Concrete / cement
B-06904,White / cool coating
B-06905,small / not screened
B-06906,small / not screened
B-06907,small / not screened
B-06908,small / not screened
B-06909,small / not screened
B-06910,Concrete / cement
B-06911,Concrete / cement
B-06912,Mixed / unsure
B-06913,Concrete / cement
B-06914,White / cool coating
B-06915,Concrete / cement
B-06916,small / not screened
B-06917,small / not screened
B-06918,Concrete / cement
B-06919,Concrete / cement
B-06920,Concrete / cement
B-06921,small / not screened
B-06922,small / not screened
B-06923,small / not screened
B-06924,small / not screened
B-06925,small / not screened
B-06926,small / not screened
B-06927,small / not screened
B-06928,Concrete / cement
B-06929,small / not screened
B-06930,Concrete / cement
B-06931,small / not screened
B-06932,Concrete / cement
B-06933,small / not screened
B-06934,small / not screened
B-06935,Concrete / cement
B-06936,small / not screened
B-06937,small / not screened
B-06938,small / not screened
B-06939,small / not screened
B-06940,Concrete / cement
B-06941,small / not screened
B-06942,Concrete / cement
B-06943,small / not screened
B-06944,small / not screened
B-06945,Concrete / cement
B-06946,White / cool coating
B-06947,Concrete / cement
B-06948,Mixed / unsure
B-06949,Concrete / cement
B-06950,Mixed / unsure
B-06951,Concrete / cement
B-06952,small / not screened
B-06953,White / cool coating
B-06954,White / cool coating
B-06955,Concrete / cement
B-06956,small / not screened
B-06957,small / not screened
B-06958,small / not screened
B-06959,small / not screened
B-06960,small / not screened
B-06961,small / not screened
B-06962,White / cool coating
B-06963,Mixed / unsure
B-06964,small / not screened
B-06965,Mixed / unsure
B-06966,small / not screened
B-06967,small / not screened
B-06968,White / cool coating
B-06969,small / not screened
B-06970,small / not screened
B-06971,Concrete / cement
B-06972,small / not screened
B-06973,Concrete / cement
B-06974,Concrete / cement
B-06975,small / not screened
B-06976,small / not screened
B-06977,small / not screened
B-06978,small / not screened
B-06979,small / not screened
B-06980,small / not screened
B-06981,Concrete / cement
B-06982,small / not screened
B-06983,Mixed / unsure
B-06984,small / not screened
B-06985,small / not screened
B-06986,Mixed / unsure
B-06987,small / not screened
B-06988,Concrete / cement
B-06989,small / not screened
B-06990,small / not screened
B-06991,small / not screened
B-06992,small / not screened
B-06993,small / not screened
B-06994,small / not screened
B-06995,small / not screened
B-06996,Concrete / cement
B-06997,Mixed / unsure
B-06998,Metal sheet (bare / painted)
B-06999,Metal sheet (bare / painted)
B-07000,small / not screened
B-07001,small / not screened
B-07002,Concrete / cement
B-07003,small / not screened
B-07004,small / not screened
B-07005,small / not screened
B-07006,Concrete / cement
B-07007,small / not screened
B-07008,small / not screened
B-07009,Mixed / unsure
B-07010,small / not screened
B-07011,Concrete / cement
B-07012,Concrete / cement
B-07013,small / not screened
B-07014,small / not screened
B-07015,White / cool coating
B-07016,Concrete / cement
B-07017,small / not screened
B-07018,small / not screened
B-07019,small / not screened
B-07020,small / not screened
B-07021,small / not screened
B-07022,small / not screened
B-07023,small / not screened
B-07024,White / cool coating
B-07025,small / not screened
B-07026,Concrete / cement
B-07027,small / not screened
B-07028,small / not screened
B-07029,White / cool coating
B-07030,small / not screened
B-07031,small / not screened
B-07032,small / not screened
B-07033,small / not screened
B-07034,Concrete / cement
B-07035,small / not screened
B-07036,small / not screened
B-07037,small / not screened
B-07038,small / not screened
B-07039,small / not screened
B-07040,small / not screened
B-07041,small / not screened
B-07042,small / not screened
B-07043,White / cool coating
B-07044,small / not screened
B-07045,small / not screened
B-07046,small / not screened
B-07047,small / not screened
B-07048,small / not screened
B-07049,Concrete / cement
B-07050,small / not screened
B-07051,Concrete / cement
B-07052,Concrete / cement
B-07053,small / not screened
B-07054,small / not screened
B-07055,small / not screened
B-07056,Concrete / cement
B-07057,Concrete / cement
B-07058,small / not screened
B-07059,small / not screened
B-07060,Concrete / cement
B-07061,Concrete / cement
B-07062,Concrete / cement
B-07063,White / cool coating
B-07064,White / cool coating
B-07065,small / not screened
B-07066,White / cool coating
B-07067,Concrete / cement
B-07068,Concrete / cement
B-07069,small / not screened
B-07070,White / cool coating
B-07071,Mixed / unsure
B-07072,Mixed / unsure
B-07073,small / not screened
B-07074,small / not screened
B-07075,Concrete / cement
B-07076,small / not screened
B-07077,small / not screened
B-07078,small / not screened
B-07079,small / not screened
B-07080,small / not screened
B-07081,White / cool coating
B-07082,Concrete / cement
B-07083,small / not screened
B-07084,small / not screened
B-07085,Concrete / cement
B-07086,small / not screened
B-07087,Concrete / cement
B-07088,White / cool coating
B-07089,small / not screened
B-07090,small / not screened
B-07091,Concrete / cement
B-07092,White / cool coating
B-07093,small / not screened
B-07094,small / not screened
B-07095,small / not screened
B-07096,small / not screened
B-07097,small / not screened
B-07098,small / not screened
B-07099,small / not screened
B-07100,Concrete / cement
B-07101,small / not screened
B-07102,small / not screened
B-07103,small / not screened
B-07104,small / not screened
B-07105,Mixed / unsure
B-07106,Concrete / cement
B-07107,small / not screened
B-07108,small / not screened
B-07109,small / not screened
B-07110,Concrete / cement
B-07111,small / not screened
B-07112,small / not screened
B-07113,small / not screened
B-07114,small / not screened
B-07115,small / not screened
B-07116,Concrete / cement
B-07117,small / not screened
B-07118,small / not screened
B-07119,Concrete / cement
B-07120,Concrete / cement
B-07121,Concrete / cement
B-07122,Concrete / cement
B-07123,Concrete / cement
B-07124,small / not screened
B-07125,small / not screened
B-07126,small / not screened
B-07127,Mixed / unsure
B-07128,small / not screened
B-07129,Concrete / cement
B-07130,White / cool coating
B-07131,small / not screened
B-07132,Concrete / cement
B-07133,Concrete / cement
B-07134,small / not screened
B-07135,small / not screened
B-07136,small / not screened
B-07137,small / not screened
B-07138,Concrete / cement
B-07139,Concrete / cement
B-07140,small / not screened
B-07141,small / not screened
B-07142,small / not screened
B-07143,Concrete / cement
B-07144,Concrete / cement
B-07145,Concrete / cement
B-07146,Concrete / cement
B-07147,small / not screened
B-07148,small / not screened
B-07149,small / not screened
B-07150,small / not screened
B-07151,Mixed / unsure
B-07152,Concrete / cement
B-07153,Concrete / cement
B-07154,Concrete / cement
B-07155,Concrete / cement
B-07156,small / not screened
B-07157,small / not screened
B-07158,Metal sheet (bare / painted)
B-07159,small / not screened
B-07160,Concrete / cement
B-07161,Metal sheet (bare / painted)
B-07162,small / not screened
B-07163,Concrete / cement
B-07164,small / not screened
B-07165,Metal sheet (bare / painted)
B-07166,small / not screened
B-07167,small / not screened
B-07168,small / not screened
B-07169,Mixed / unsure
B-07170,Metal sheet (bare / painted)
B-07171,Mixed / unsure
B-07172,Concrete / cement
B-07173,small / not screened
B-07174,small / not screened
B-07175,small / not screened
B-07176,Concrete / cement
B-07177,Metal sheet (bare / painted)
B-07178,small / not screened
B-07179,Concrete / cement
B-07180,small / not screened
B-07181,White / cool coating
B-07182,small / not screened
B-07183,small / not screened
B-07184,Concrete / cement
B-07185,Mixed / unsure
B-07186,Mixed / unsure
B-07187,small / not screened
B-07188,small / not screened
B-07189,White / cool coating
B-07190,White / cool coating
B-07191,small / not screened
B-07192,Concrete / cement
B-07193,Concrete / cement
B-07194,Metal sheet (bare / painted)
B-07195,small / not screened
B-07196,Concrete / cement
B-07197,White / cool coating
B-07198,White / cool coating
B-07199,White / cool coating
B-07200,Concrete / cement
B-07201,small / not screened
B-07202,small / not screened
B-07203,small / not screened
B-07204,Concrete / cement
B-07205,Concrete / cement
B-07206,White / cool coating
B-07207,Concrete / cement
B-07208,Metal sheet (bare / painted)
B-07209,White / cool coating
B-07210,Concrete / cement
B-07211,small / not screened
B-07212,Concrete / cement
B-07213,Concrete / cement
B-07214,Concrete / cement
B-07215,Concrete / cement
B-07216,Concrete / cement
B-07217,Concrete / cement
B-07218,small / not screened
B-07219,Concrete / cement
B-07220,small / not screened
B-07221,Concrete / cement
B-07222,small / not screened
B-07223,small / not screened
B-07224,Mixed / unsure
B-07225,Mixed / unsure
B-07226,small / not screened
B-07227,Concrete / cement
B-07228,small / not screened
B-07229,small / not screened
B-07230,small / not screened
B-07231,Concrete / cement
B-07232,Concrete / cement
B-07233,Concrete / cement
B-07234,Concrete / cement
B-07235,small / not screened
B-07236,small / not screened
B-07237,Concrete / cement
B-07238,small / not screened
B-07239,small / not screened
B-07240,small / not screened
B-07241,small / not screened
B-07242,White / cool coating
B-07243,small / not screened
B-07244,Metal sheet (bare / painted)
B-07245,Concrete / cement
B-07246,Concrete / cement
B-07247,Concrete / cement
B-07248,small / not screened
B-07249,small / not screened
B-07250,small / not screened
B-07251,small / not screened
B-07252,small / not screened
B-07253,Mixed / unsure
B-07254,small / not screened
B-07255,small / not screened
B-07256,Concrete / cement
B-07257,small / not screened
B-07258,small / not screened
B-07259,small / not screened
B-07260,small / not screened
B-07261,Concrete / cement
B-07262,Mixed / unsure
B-07263,Concrete / cement
B-07264,small / not screened
B-07265,Concrete / cement
B-07266,Mixed / unsure
B-07267,Concrete / cement
B-07268,small / not screened
B-07269,Mixed / unsure
B-07270,Concrete / cement
B-07271,small / not screened
B-07272,small / not screened
B-07273,White / cool coating
B-07274,small / not screened
B-07275,White / cool coating
B-07276,small / not screened
B-07277,White / cool coating
B-07278,small / not screened
B-07279,small / not screened
B-07280,small / not screened
B-07281,Concrete / cement
B-07282,small / not screened
B-07283,White / cool coating
B-07284,small / not screened
B-07285,small / not screened
B-07286,small / not screened
B-07287,small / not screened
B-07288,small / not screened
B-07289,small / not screened
B-07290,small / not screened
B-07291,small / not screened
B-07292,small / not screened
B-07293,small / not screened
B-07294,small / not screened
B-07295,small / not screened
B-07296,small / not screened
B-07297,Concrete / cement
B-07298,Mixed / unsure
B-07299,Concrete / cement
B-07300,Concrete / cement
B-07301,small / not screened
B-07302,White / cool coating
B-07303,small / not screened
B-07304,Concrete / cement
B-07305,small / not screened
B-07306,small / not screened
B-07307,small / not screened
B-07308,White / cool coating
B-07309,Concrete / cement
B-07310,Concrete / cement
B-07311,small / not screened
B-07312,small / not screened
B-07313,Concrete / cement
B-07314,Concrete / cement
B-07315,small / not screened
B-07316,Concrete / cement
B-07317,Concrete / cement
B-07318,Mixed / unsure
B-07319,small / not screened
B-07320,Concrete / cement
B-07321,Concrete / cement
B-07322,small / not screened
B-07323,small / not screened
B-07324,small / not screened
B-07325,small / not screened
B-07326,small / not screened
B-07327,Concrete / cement
B-07328,small / not screened
B-07329,small / not screened
B-07330,small / not screened
B-07331,Concrete / cement
B-07332,Metal sheet (bare / painted)
B-07333,small / not screened
B-07334,small / not screened
B-07335,Metal sheet (bare / painted)
B-07336,small / not screened
B-07337,small / not screened
B-07338,small / not screened
B-07339,Mixed / unsure
B-07340,White / cool coating
B-07341,Concrete / cement
B-07342,small / not screened
B-07343,Concrete / cement
B-07344,Concrete / cement
B-07345,small / not screened
B-07346,small / not screened
B-07347,small / not screened
B-07348,small / not screened
B-07349,small / not screened
B-07350,Concrete / cement
B-07351,White / cool coating
B-07352,Concrete / cement
B-07353,White / cool coating
B-07354,small / not screened
B-07355,small / not screened
B-07356,small / not screened
B-07357,small / not screened
B-07358,Metal sheet (bare / painted)
B-07359,Concrete / cement
B-07360,Concrete / cement
B-07361,small / not screened
B-07362,Concrete / cement
B-07363,small / not screened
B-07364,small / not screened
B-07365,small / not screened
B-07366,Mixed / unsure
B-07367,small / not screened
B-07368,small / not screened
B-07369,small / not screened
B-07370,White / cool coating
B-07371,Concrete / cement
B-07372,small / not screened
B-07373,Concrete / cement
B-07374,Concrete / cement
B-07375,Concrete / cement
B-07376,Concrete / cement
B-07377,small / not screened
B-07378,Concrete / cement
B-07379,Mixed / unsure
B-07380,small / not screened
B-07381,Concrete / cement
B-07382,Mixed / unsure
B-07383,small / not screened
B-07384,small / not screened
B-07385,small / not screened
B-07386,Concrete / cement
B-07387,Concrete / cement
B-07388,small / not screened
B-07389,small / not screened
B-07390,White / cool coating
B-07391,small / not screened
B-07392,Metal sheet (bare / painted)
B-07393,Concrete / cement
B-07394,small / not screened
B-07395,small / not screened
B-07396,White / cool coating
B-07397,small / not screened
B-07398,small / not screened
B-07399,small / not screened
B-07400,Mixed / unsure
B-07401,Concrete / cement
B-07402,small / not screened
B-07403,Concrete / cement
B-07404,small / not screened
B-07405,small / not screened
B-07406,Concrete / cement
B-07407,Concrete / cement
B-07408,small / not screened
B-07409,small / not screened
B-07410,small / not screened
B-07411,small / not screened
B-07412,small / not screened
B-07413,small / not screened
B-07414,small / not screened
B-07415,Concrete / cement
B-07416,small / not screened
B-07417,Concrete / cement
B-07418,small / not screened
B-07419,Concrete / cement
B-07420,small / not screened
B-07421,Concrete / cement
B-07422,White / cool coating
B-07423,Concrete / cement
B-07424,small / not screened
B-07425,Concrete / cement
B-07426,small / not screened
B-07427,small / not screened
B-07428,Concrete / cement
B-07429,small / not screened
B-07430,small / not screened
B-07431,small / not screened
B-07432,Concrete / cement
B-07433,Concrete / cement
B-07434,small / not screened
B-07435,Concrete / cement
B-07436,small / not screened
B-07437,small / not screened
B-07438,Concrete / cement
B-07439,Mixed / unsure
B-07440,small / not screened
B-07441,small / not screened
B-07442,small / not screened
B-07443,Concrete / cement
B-07444,small / not screened
B-07445,small / not screened
B-07446,White / cool coating
B-07447,small / not screened
B-07448,Concrete / cement
B-07449,small / not screened
B-07450,White / cool coating
B-07451,Concrete / cement
B-07452,Mixed / unsure
B-07453,Mixed / unsure
B-07454,White / cool coating
B-07455,Concrete / cement
B-07456,small / not screened
B-07457,small / not screened
B-07458,small / not screened
B-07459,small / not screened
B-07460,small / not screened
B-07461,Concrete / cement
B-07462,small / not screened
B-07463,small / not screened
B-07464,Metal sheet (bare / painted)
B-07465,White / cool coating
B-07466,Concrete / cement
B-07467,small / not screened
B-07468,small / not screened
B-07469,small / not screened
B-07470,Mixed / unsure
B-07471,small / not screened
B-07472,small / not screened
B-07473,Concrete / cement
B-07474,small / not screened
B-07475,small / not screened
B-07476,Concrete / cement
B-07477,small / not screened
B-07478,small / not screened
B-07479,Mixed / unsure
B-07480,small / not screened
B-07481,small / not screened
B-07482,small / not screened
B-07483,small / not screened
B-07484,small / not screened
B-07485,Concrete / cement
B-07486,small / not screened
B-07487,small / not screened
B-07488,small / not screened
B-07489,small / not screened
B-07490,small / not screened
B-07491,small / not screened
B-07492,White / cool coating
B-07493,small / not screened
B-07494,small / not screened
B-07495,small / not screened
B-07496,Concrete / cement
B-07497,small / not screened
B-07498,Concrete / cement
B-07499,small / not screened
B-07500,small / not screened
B-07501,small / not screened
B-07502,White / cool coating
B-07503,Concrete / cement
B-07504,small / not screened
B-07505,Metal sheet (bare / painted)
B-07506,small / not screened
B-07507,Metal sheet (bare / painted)
B-07508,White / cool coating
B-07509,small / not screened
B-07510,small / not screened
B-07511,small / not screened
B-07512,small / not screened
B-07513,White / cool coating
B-07514,small / not screened
B-07515,Concrete / cement
B-07516,Concrete / cement
B-07517,small / not screened
B-07518,Metal sheet (bare / painted)
B-07519,Concrete / cement
B-07520,Metal sheet (bare / painted)
B-07521,Mixed / unsure
B-07522,Concrete / cement
B-07523,small / not screened
B-07524,Mixed / unsure
B-07525,small / not screened
B-07526,Concrete / cement
B-07527,Concrete / cement
B-07528,small / not screened
B-07529,Concrete / cement
B-07530,small / not screened
B-07531,small / not screened
B-07532,small / not screened
B-07533,White / cool coating
B-07534,Metal sheet (bare / painted)
B-07535,small / not screened
B-07536,Metal sheet (bare / painted)
B-07537,Concrete / cement
B-07538,White / cool coating
B-07539,Mixed / unsure
B-07540,Concrete / cement
B-07541,small / not screened
B-07542,Mixed / unsure
B-07543,White / cool coating
B-07544,small / not screened
B-07545,Mixed / unsure
B-07546,small / not screened
B-07547,small / not screened
B-07548,small / not screened
B-07549,Mixed / unsure
B-07550,small / not screened
B-07551,small / not screened
B-07552,Mixed / unsure
B-07553,small / not screened
B-07554,Concrete / cement
B-07555,Concrete / cement
B-07556,small / not screened
B-07557,Concrete / cement
B-07558,small / not screened
B-07559,small / not screened
B-07560,small / not screened
B-07561,small / not screened
B-07562,small / not screened
B-07563,small / not screened
B-07564,Concrete / cement
B-07565,small / not screened
B-07566,small / not screened
B-07567,Concrete / cement
B-07568,small / not screened
B-07569,Metal sheet (bare / painted)
B-07570,small / not screened
B-07571,small / not screened
B-07572,Concrete / cement
B-07573,small / not screened
B-07574,Concrete / cement
B-07575,White / cool coating
B-07576,Mixed / unsure
B-07577,small / not screened
B-07578,small / not screened
B-07579,small / not screened
B-07580,small / not screened
B-07581,Concrete / cement
B-07582,Concrete / cement
B-07583,small / not screened
B-07584,small / not screened
B-07585,White / cool coating
B-07586,Concrete / cement
B-07587,Mixed / unsure
B-07588,small / not screened
B-07589,Concrete / cement
B-07590,small / not screened
B-07591,small / not screened
B-07592,Concrete / cement
B-07593,Metal sheet (bare / painted)
B-07594,Concrete / cement
B-07595,small / not screened
B-07596,small / not screened
B-07597,small / not screened
B-07598,Concrete / cement
B-07599,Concrete / cement
B-07600,Metal sheet (bare / painted)
B-07601,Concrete / cement
B-07602,small / not screened
B-07603,Concrete / cement
B-07604,Concrete / cement
B-07605,Concrete / cement
B-07606,small / not screened
B-07607,small / not screened
B-07608,small / not screened
B-07609,small / not screened
B-07610,Metal sheet (bare / painted)
B-07611,small / not screened
B-07612,small / not screened
B-07613,small / not screened
B-07614,small / not screened
B-07615,Concrete / cement
B-07616,small / not screened
B-07617,small / not screened
B-07618,Concrete / cement
B-07619,small / not screened
B-07620,small / not screened
B-07621,small / not screened
B-07622,small / not screened
B-07623,White / cool coating
B-07624,small / not screened
B-07625,Concrete / cement
B-07626,White / cool coating
B-07627,small / not screened
B-07628,White / cool coating
B-07629,small / not screened
B-07630,White / cool coating
B-07631,Metal sheet (bare / painted)
B-07632,White / cool coating
B-07633,Concrete / cement
B-07634,small / not screened
B-07635,small / not screened
B-07636,small / not screened
B-07637,Mixed / unsure
B-07638,small / not screened
B-07639,Concrete / cement
B-07640,White / cool coating
B-07641,small / not screened
B-07642,small / not screened
B-07643,Concrete / cement
B-07644,Concrete / cement
B-07645,Concrete / cement
B-07646,Concrete / cement
B-07647,Concrete / cement
B-07648,Concrete / cement
B-07649,small / not screened
B-07650,small / not screened
B-07651,Concrete / cement
B-07652,small / not screened
B-07653,Concrete / cement
B-07654,small / not screened
B-07655,White / cool coating
B-07656,White / cool coating
B-07657,small / not screened
B-07658,small / not screened
B-07659,Concrete / cement
B-07660,small / not screened
B-07661,small / not screened
B-07662,small / not screened
B-07663,Concrete / cement
B-07664,Concrete / cement
B-07665,small / not screened
B-07666,Concrete / cement
B-07667,White / cool coating
B-07668,small / not screened
B-07669,Concrete / cement
B-07670,small / not screened
B-07671,small / not screened
B-07672,small / not screened
B-07673,White / cool coating
B-07674,Concrete / cement
B-07675,small / not screened
B-07676,White / cool coating
B-07677,Concrete / cement
B-07678,small / not screened
B-07679,Mixed / unsure
B-07680,White / cool coating
B-07681,Concrete / cement
B-07682,small / not screened
B-07683,small / not screened
B-07684,small / not screened
B-07685,small / not screened
B-07686,Concrete / cement
B-07687,small / not screened
B-07688,small / not screened
B-07689,Concrete / cement
B-07690,small / not screened
B-07691,Concrete / cement
B-07692,small / not screened
B-07693,small / not screened
B-07694,small / not screened
B-07695,Concrete / cement
B-07696,Mixed / unsure
B-07697,small / not screened
B-07698,small / not screened
B-07699,Concrete / cement
B-07700,White / cool coating
B-07701,small / not screened
B-07702,Concrete / cement
B-07703,small / not screened
B-07704,Concrete / cement
B-07705,White / cool coating
B-07706,small / not screened
B-07707,Concrete / cement
B-07708,small / not screened
B-07709,Concrete / cement
B-07710,small / not screened
B-07711,small / not screened
B-07712,Mixed / unsure
B-07713,Concrete / cement
B-07714,small / not screened
B-07715,Concrete / cement
B-07716,small / not screened
B-07717,White / cool coating
B-07718,Concrete / cement
B-07719,small / not screened
B-07720,small / not screened
B-07721,Mixed / unsure
B-07722,White / cool coating
B-07723,Concrete / cement
B-07724,small / not screened
B-07725,small / not screened
B-07726,Concrete / cement
B-07727,small / not screened
B-07728,small / not screened
B-07729,Concrete / cement
B-07730,small / not screened
B-07731,small / not screened
B-07732,small / not screened
B-07733,Concrete / cement
B-07734,small / not screened
B-07735,Concrete / cement
B-07736,small / not screened
B-07737,small / not screened
B-07738,Concrete / cement
B-07739,White / cool coating
B-07740,small / not screened
B-07741,small / not screened
B-07742,small / not screened
B-07743,White / cool coating
B-07744,White / cool coating
B-07745,small / not screened
B-07746,small / not screened
B-07747,small / not screened
B-07748,small / not screened
B-07749,small / not screened
B-07750,small / not screened
B-07751,Concrete / cement
B-07752,White / cool coating
B-07753,Concrete / cement
B-07754,Concrete / cement
B-07755,small / not screened
B-07756,small / not screened
B-07757,Metal sheet (bare / painted)
B-07758,Concrete / cement
B-07759,Concrete / cement
B-07760,small / not screened
B-07761,White / cool coating
B-07762,small / not screened
B-07763,small / not screened
B-07764,small / not screened
B-07765,Mixed / unsure
B-07766,small / not screened
B-07767,small / not screened
B-07768,Mixed / unsure
B-07769,Concrete / cement
B-07770,Concrete / cement
B-07771,small / not screened
B-07772,small / not screened
B-07773,Mixed / unsure
B-07774,White / cool coating
B-07775,small / not screened
B-07776,Concrete / cement
B-07777,Concrete / cement
B-07778,Metal sheet (bare / painted)
B-07779,small / not screened
B-07780,small / not screened
B-07781,small / not screened
B-07782,small / not screened
B-07783,small / not screened
B-07784,small / not screened
B-07785,small / not screened
B-07786,small / not screened
B-07787,Mixed / unsure
B-07788,small / not screened
B-07789,small / not screened
B-07790,small / not screened
B-07791,small / not screened
B-07792,small / not screened
B-07793,small / not screened
B-07794,small / not screened
B-07795,small / not screened
B-07796,small / not screened
B-07797,Mixed / unsure
B-07798,Concrete / cement
B-07799,small / not screened
B-07800,Concrete / cement
B-07801,small / not screened
B-07802,Concrete / cement
B-07803,small / not screened
B-07804,Concrete / cement
B-07805,small / not screened
B-07806,small / not screened
B-07807,small / not screened
B-07808,small / not screened
B-07809,Mixed / unsure
B-07810,Concrete / cement
B-07811,small / not screened
B-07812,small / not screened
B-07813,Mixed / unsure
B-07814,Concrete / cement
B-07815,Concrete / cement
B-07816,Metal sheet (bare / painted)
B-07817,small / not screened
B-07818,Concrete / cement
B-07819,small / not screened
B-07820,small / not screened
B-07821,Concrete / cement
B-07822,White / cool coating
B-07823,Concrete / cement
B-07824,Concrete / cement
B-07825,Concrete / cement
B-07826,small / not screened
B-07827,small / not screened
B-07828,Concrete / cement
B-07829,Concrete / cement
B-07830,Concrete / cement
B-07831,small / not screened
B-07832,Concrete / cement
B-07833,small / not screened
B-07834,Mixed / unsure
B-07835,Mixed / unsure
B-07836,small / not screened
B-07837,small / not screened
B-07838,small / not screened
B-07839,small / not screened
B-07840,White / cool coating
B-07841,Concrete / cement
B-07842,Concrete / cement
B-07843,Mixed / unsure
B-07844,Concrete / cement
B-07845,small / not screened
B-07846,Concrete / cement
B-07847,small / not screened
B-07848,small / not screened
B-07849,Mixed / unsure
B-07850,White / cool coating
B-07851,small / not screened
B-07852,Mixed / unsure
B-07853,small / not screened
B-07854,Concrete / cement
B-07855,small / not screened
B-07856,small / not screened
B-07857,Concrete / cement
B-07858,small / not screened
B-07859,White / cool coating
B-07860,small / not screened
B-07861,Concrete / cement
B-07862,small / not screened
B-07863,White / cool coating
B-07864,small / not screened
B-07865,Concrete / cement
B-07866,small / not screened
B-07867,small / not screened
B-07868,small / not screened
B-07869,Concrete / cement
B-07870,small / not screened
B-07871,small / not screened
B-07872,small / not screened
B-07873,Concrete / cement
B-07874,Concrete / cement
B-07875,Concrete / cement
B-07876,Concrete / cement
B-07877,small / not screened
B-07878,Mixed / unsure
B-07879,small / not screened
B-07880,White / cool coating
B-07881,White / cool coating
B-07882,small / not screened
B-07883,small / not screened
B-07884,small / not screened
B-07885,Concrete / cement
B-07886,small / not screened
B-07887,small / not screened
B-07888,Concrete / cement
B-07889,small / not screened
B-07890,small / not screened
B-07891,small / not screened
B-07892,small / not screened
B-07893,small / not screened
B-07894,White / cool coating
B-07895,small / not screened
B-07896,small / not screened
B-07897,White / cool coating
B-07898,Metal sheet (bare / painted)
B-07899,small / not screened
B-07900,Metal sheet (bare / painted)
B-07901,White / cool coating
B-07902,small / not screened
B-07903,Metal sheet (bare / painted)
B-07904,Mixed / unsure
B-07905,small / not screened
B-07906,White / cool coating
B-07907,small / not screened
B-07908,small / not screened
B-07909,Concrete / cement
B-07910,small / not screened
B-07911,Concrete / cement
B-07912,Concrete / cement
B-07913,White / cool coating
B-07914,White / cool coating
B-07915,small / not screened
B-07916,small / not screened
B-07917,small / not screened
B-07918,small / not screened
B-07919,Concrete / cement
B-07920,Metal sheet (bare / painted)
B-07921,small / not screened
B-07922,Concrete / cement
B-07923,Concrete / cement
B-07924,small / not screened
B-07925,Concrete / cement
B-07926,small / not screened
B-07927,Concrete / cement
B-07928,Mixed / unsure
B-07929,small / not screened
B-07930,Concrete / cement
B-07931,small / not screened
B-07932,small / not screened
B-07933,small / not screened
B-07934,Concrete / cement
B-07935,White / cool coating
B-07936,Concrete / cement
B-07937,Metal sheet (bare / painted)
B-07938,Concrete / cement
B-07939,small / not screened
B-07940,Mixed / unsure
B-07941,Concrete / cement
B-07942,Concrete / cement
B-07943,small / not screened
B-07944,Mixed / unsure
B-07945,small / not screened
B-07946,small / not screened
B-07947,small / not screened
B-07948,Mixed / unsure
B-07949,White / cool coating
B-07950,White / cool coating
B-07951,small / not screened
B-07952,small / not screened
B-07953,Concrete / cement
B-07954,small / not screened
B-07955,White / cool coating
B-07956,White / cool coating
B-07957,small / not screened
B-07958,Concrete / cement
B-07959,small / not screened
B-07960,small / not screened
B-07961,White / cool coating
B-07962,small / not screened
B-07963,Mixed / unsure
B-07964,small / not screened
B-07965,White / cool coating
B-07966,small / not screened
B-07967,small / not screened
B-07968,Concrete / cement
B-07969,Mixed / unsure
B-07970,small / not screened
B-07971,small / not screened
B-07972,Mixed / unsure
B-07973,Bitumen / dark membrane
B-07974,Concrete / cement
B-07975,small / not screened
B-07976,Mixed / unsure
B-07977,White / cool coating
B-07978,small / not screened
B-07979,Concrete / cement
B-07980,small / not screened
B-07981,Concrete / cement
B-07982,White / cool coating
B-07983,small / not screened
B-07984,Concrete / cement
B-07985,Concrete / cement
B-07986,Mixed / unsure
B-07987,Concrete / cement
B-07988,Bitumen / dark membrane
B-07989,small / not screened
B-07990,small / not screened
B-07991,small / not screened
B-07992,Concrete / cement
B-07993,Mixed / unsure
B-07994,Concrete / cement
B-07995,small / not screened
B-07996,Mixed / unsure
B-07997,small / not screened
B-07998,Mixed / unsure
B-07999,Concrete / cement
B-08000,Mixed / unsure
B-08001,small / not screened
B-08002,Concrete / cement
B-08003,small / not screened
B-08004,small / not screened
B-08005,small / not screened
B-08006,Concrete / cement
B-08007,small / not screened
B-08008,Concrete / cement
B-08009,small / not screened
B-08010,small / not screened
B-08011,small / not screened
B-08012,White / cool coating
B-08013,small / not screened
B-08014,small / not screened
B-08015,small / not screened
B-08016,small / not screened
B-08017,small / not screened
B-08018,small / not screened
B-08019,small / not screened
B-08020,small / not screened
B-08021,White / cool coating
B-08022,small / not screened
B-08023,small / not screened
B-08024,Concrete / cement
B-08025,small / not screened
B-08026,Mixed / unsure
B-08027,Mixed / unsure
B-08028,Concrete / cement
B-08029,small / not screened
B-08030,small / not screened
B-08031,small / not screened
B-08032,small / not screened
B-08033,small / not screened
B-08034,White / cool coating
B-08035,small / not screened
B-08036,small / not screened
B-08037,small / not screened
B-08038,small / not screened
B-08039,Concrete / cement
B-08040,Concrete / cement
B-08041,Mixed / unsure
B-08042,Concrete / cement
B-08043,small / not screened
B-08044,small / not screened
B-08045,small / not screened
B-08046,White / cool coating
B-08047,small / not screened
B-08048,Concrete / cement
B-08049,Concrete / cement
B-08050,White / cool coating
B-08051,small / not screened
B-08052,Concrete / cement
B-08053,small / not screened
B-08054,Concrete / cement
B-08055,small / not screened
B-08056,White / cool coating
B-08057,Concrete / cement
B-08058,Concrete / cement
B-08059,small / not screened
B-08060,White / cool coating
B-08061,small / not screened
B-08062,Concrete / cement
B-08063,small / not screened
B-08064,Concrete / cement
B-08065,small / not screened
B-08066,Metal sheet (bare / painted)
B-08067,Concrete / cement
B-08068,small / not screened
B-08069,small / not screened
B-08070,small / not screened
B-08071,Concrete / cement
B-08072,Concrete / cement
B-08073,Metal sheet (bare / painted)
B-08074,Concrete / cement
B-08075,small / not screened
B-08076,small / not screened
B-08077,Concrete / cement
B-08078,small / not screened
B-08079,Concrete / cement
B-08080,Concrete / cement
B-08081,small / not screened
B-08082,Metal sheet (bare / painted)
B-08083,small / not screened
B-08084,small / not screened
B-08085,small / not screened
B-08086,small / not screened
B-08087,Concrete / cement
B-08088,small / not screened
B-08089,Concrete / cement
B-08090,small / not screened
B-08091,Concrete / cement
B-08092,Concrete / cement
B-08093,small / not screened
B-08094,White / cool coating
B-08095,small / not screened
B-08096,small / not screened
B-08097,small / not screened
B-08098,small / not screened
B-08099,Concrete / cement
B-08100,small / not screened
B-08101,Concrete / cement
B-08102,Metal sheet (bare / painted)
B-08103,small / not screened
B-08104,Mixed / unsure
B-08105,small / not screened
B-08106,White / cool coating
B-08107,Concrete / cement
B-08108,small / not screened
B-08109,Mixed / unsure
B-08110,White / cool coating
B-08111,White / cool coating
B-08112,Concrete / cement
B-08113,small / not screened
B-08114,Metal sheet (bare / painted)
B-08115,small / not screened
B-08116,Concrete / cement
B-08117,small / not screened
B-08118,Metal sheet (bare / painted)
B-08119,small / not screened
B-08120,small / not screened
B-08121,Metal sheet (bare / painted)
B-08122,Concrete / cement
B-08123,small / not screened
B-08124,small / not screened
B-08125,small / not screened
B-08126,small / not screened
B-08127,small / not screened
B-08128,small / not screened
B-08129,Concrete / cement
B-08130,small / not screened
B-08131,Concrete / cement
B-08132,small / not screened
B-08133,small / not screened
B-08134,small / not screened
B-08135,Concrete / cement
B-08136,small / not screened
B-08137,small / not screened
B-08138,Concrete / cement
B-08139,Metal sheet (bare / painted)
B-08140,small / not screened
B-08141,Mixed / unsure
B-08142,small / not screened
B-08143,small / not screened
B-08144,Concrete / cement
B-08145,Mixed / unsure
B-08146,Concrete / cement
B-08147,small / not screened
B-08148,small / not screened
B-08149,small / not screened
B-08150,Concrete / cement
B-08151,Concrete / cement
B-08152,small / not screened
B-08153,small / not screened
B-08154,Metal sheet (bare / painted)
B-08155,small / not screened
B-08156,small / not screened
B-08157,small / not screened
B-08158,Concrete / cement
B-08159,Concrete / cement
B-08160,small / not screened
B-08161,Concrete / cement
B-08162,small / not screened
B-08163,Concrete / cement
B-08164,Concrete / cement
B-08165,small / not screened
B-08166,White / cool coating
B-08167,White / cool coating
B-08168,small / not screened
B-08169,small / not screened
B-08170,Concrete / cement
B-08171,Mixed / unsure
B-08172,small / not screened
B-08173,Concrete / cement
B-08174,small / not screened
B-08175,Concrete / cement
B-08176,White / cool coating
B-08177,small / not screened
B-08178,small / not screened
B-08179,small / not screened
B-08180,Metal sheet (bare / painted)
B-08181,Mixed / unsure
B-08182,Metal sheet (bare / painted)
B-08183,White / cool coating
B-08184,Concrete / cement
B-08185,Mixed / unsure
B-08186,small / not screened
B-08187,small / not screened
B-08188,Concrete / cement
B-08189,small / not screened
B-08190,small / not screened
B-08191,White / cool coating
B-08192,small / not screened
B-08193,small / not screened
B-08194,small / not screened
B-08195,small / not screened
B-08196,small / not screened
B-08197,Concrete / cement
B-08198,small / not screened
B-08199,White / cool coating
B-08200,small / not screened
B-08201,small / not screened
B-08202,Mixed / unsure
B-08203,Concrete / cement
B-08204,Concrete / cement
B-08205,small / not screened
B-08206,small / not screened
B-08207,small / not screened
B-08208,Mixed / unsure
B-08209,small / not screened
B-08210,Concrete / cement
B-08211,Metal sheet (bare / painted)
B-08212,small / not screened
B-08213,small / not screened
B-08214,Mixed / unsure
B-08215,small / not screened
B-08216,Concrete / cement
B-08217,small / not screened
B-08218,small / not screened
B-08219,small / not screened
B-08220,small / not screened
B-08221,Concrete / cement
B-08222,Mixed / unsure
B-08223,small / not screened
B-08224,small / not screened
B-08225,small / not screened
B-08226,Concrete / cement
B-08227,small / not screened
B-08228,small / not screened
B-08229,Concrete / cement
B-08230,Concrete / cement
B-08231,small / not screened
B-08232,Metal sheet (bare / painted)
B-08233,small / not screened
B-08234,small / not screened
B-08235,Concrete / cement
B-08236,Concrete / cement
B-08237,small / not screened
B-08238,Concrete / cement
B-08239,small / not screened
B-08240,Concrete / cement
B-08241,small / not screened
B-08242,small / not screened
B-08243,small / not screened
B-08244,small / not screened
B-08245,Concrete / cement
B-08246,Concrete / cement
B-08247,White / cool coating
B-08248,small / not screened
B-08249,White / cool coating
B-08250,Concrete / cement
B-08251,Mixed / unsure
B-08252,Mixed / unsure
B-08253,Concrete / cement
B-08254,Concrete / cement
B-08255,small / not screened
B-08256,small / not screened
B-08257,Concrete / cement
B-08258,Concrete / cement
B-08259,small / not screened
B-08260,small / not screened
B-08261,White / cool coating
B-08262,Concrete / cement
B-08263,Concrete / cement
B-08264,Mixed / unsure
B-08265,small / not screened
B-08266,Concrete / cement
B-08267,Mixed / unsure
B-08268,small / not screened
B-08269,small / not screened
B-08270,small / not screened
B-08271,small / not screened
B-08272,small / not screened
B-08273,Concrete / cement
B-08274,small / not screened
B-08275,small / not screened
B-08276,small / not screened
B-08277,Mixed / unsure
B-08278,small / not screened
B-08279,Concrete / cement
B-08280,Concrete / cement
B-08281,small / not screened
B-08282,Mixed / unsure
B-08283,small / not screened
B-08284,small / not screened
B-08285,small / not screened
B-08286,Concrete / cement
B-08287,small / not screened
B-08288,small / not screened
B-08289,Concrete / cement
B-08290,Concrete / cement
B-08291,small / not screened
B-08292,Concrete / cement
B-08293,small / not screened
B-08294,small / not screened
B-08295,small / not screened
B-08296,Concrete / cement
B-08297,small / not screened
B-08298,small / not screened
B-08299,small / not screened
B-08300,small / not screened
B-08301,Concrete / cement
B-08302,Concrete / cement
B-08303,Concrete / cement
B-08304,small / not screened
B-08305,Concrete / cement
B-08306,small / not screened
B-08307,small / not screened
B-08308,White / cool coating
B-08309,Mixed / unsure
B-08310,small / not screened
B-08311,small / not screened
B-08312,small / not screened
B-08313,small / not screened
B-08314,Bitumen / dark membrane
B-08315,Concrete / cement
B-08316,Concrete / cement
B-08317,Concrete / cement
B-08318,White / cool coating
B-08319,Concrete / cement
B-08320,Concrete / cement
B-08321,White / cool coating
B-08322,small / not screened
B-08323,small / not screened
B-08324,Concrete / cement
B-08325,small / not screened
B-08326,Mixed / unsure
B-08327,Metal sheet (bare / painted)
B-08328,White / cool coating
B-08329,small / not screened
B-08330,Concrete / cement
B-08331,Concrete / cement
B-08332,small / not screened
B-08333,small / not screened
B-08334,small / not screened
B-08335,small / not screened
B-08336,small / not screened
B-08337,Concrete / cement
B-08338,Mixed / unsure
B-08339,small / not screened
B-08340,small / not screened
B-08341,small / not screened
B-08342,small / not screened
B-08343,Concrete / cement
B-08344,Concrete / cement
B-08345,Concrete / cement
B-08346,small / not screened
B-08347,Mixed / unsure
B-08348,Mixed / unsure
B-08349,Concrete / cement
B-08350,small / not screened
B-08351,Concrete / cement
B-08352,small / not screened
B-08353,small / not screened
B-08354,small / not screened
B-08355,Mixed / unsure
B-08356,small / not screened
B-08357,Concrete / cement
B-08358,small / not screened
B-08359,White / cool coating
B-08360,Concrete / cement
B-08361,small / not screened
B-08362,Concrete / cement
B-08363,small / not screened
B-08364,White / cool coating
B-08365,small / not screened
B-08366,small / not screened
B-08367,Concrete / cement
B-08368,small / not screened
B-08369,small / not screened
B-08370,small / not screened
B-08371,small / not screened
B-08372,Mixed / unsure
B-08373,Concrete / cement
B-08374,small / not screened
B-08375,Concrete / cement
B-08376,Mixed / unsure
B-08377,small / not screened
B-08378,Concrete / cement
B-08379,small / not screened
B-08380,White / cool coating
B-08381,Concrete / cement
B-08382,Mixed / unsure
B-08383,Concrete / cement
B-08384,small / not screened
B-08385,small / not screened
B-08386,small / not screened
B-08387,small / not screened
B-08388,small / not screened
B-08389,White / cool coating
B-08390,small / not screened
B-08391,Mixed / unsure
B-08392,Concrete / cement
B-08393,small / not screened
B-08394,Concrete / cement
B-08395,small / not screened
B-08396,small / not screened
B-08397,small / not screened
B-08398,White / cool coating
B-08399,small / not screened
B-08400,small / not screened
B-08401,Concrete / cement
B-08402,White / cool coating
B-08403,small / not screened
B-08404,small / not screened
B-08405,Concrete / cement
B-08406,White / cool coating
B-08407,Concrete / cement
B-08408,small / not screened
B-08409,small / not screened
B-08410,small / not screened
B-08411,small / not screened
B-08412,small / not screened
B-08413,Concrete / cement
B-08414,White / cool coating
B-08415,small / not screened
B-08416,small / not screened
B-08417,White / cool coating
B-08418,White / cool coating
B-08419,small / not screened
B-08420,Mixed / unsure
B-08421,small / not screened
B-08422,Concrete / cement
B-08423,small / not screened
B-08424,small / not screened
B-08425,small / not screened
B-08426,small / not screened
B-08427,small / not screened
B-08428,Concrete / cement
B-08429,White / cool coating
B-08430,small / not screened
B-08431,Mixed / unsure
B-08432,small / not screened
B-08433,small / not screened
B-08434,small / not screened
B-08435,small / not screened
B-08436,White / cool coating
B-08437,small / not screened
B-08438,Concrete / cement
B-08439,Concrete / cement
B-08440,small / not screened
B-08441,Concrete / cement
B-08442,small / not screened
B-08443,Mixed / unsure
B-08444,Concrete / cement
B-08445,small / not screened
B-08446,small / not screened
B-08447,Concrete / cement
B-08448,Metal sheet (bare / painted)
B-08449,small / not screened
B-08450,Concrete / cement
B-08451,small / not screened
B-08452,Concrete / cement
B-08453,small / not screened
B-08454,small / not screened
B-08455,small / not screened
B-08456,White / cool coating
B-08457,small / not screened
B-08458,small / not screened
B-08459,small / not screened
B-08460,small / not screened
B-08461,Concrete / cement
B-08462,small / not screened
B-08463,small / not screened
B-08464,Concrete / cement
B-08465,Concrete / cement
B-08466,Mixed / unsure
B-08467,small / not screened
B-08468,Mixed / unsure
B-08469,Metal sheet (bare / painted)
B-08470,White / cool coating
B-08471,small / not screened
B-08472,Concrete / cement
B-08473,small / not screened
B-08474,small / not screened
B-08475,Concrete / cement
B-08476,Concrete / cement
B-08477,small / not screened
B-08478,Concrete / cement
B-08479,small / not screened
B-08480,Concrete / cement
B-08481,Concrete / cement
B-08482,small / not screened
B-08483,Concrete / cement
B-08484,small / not screened
B-08485,small / not screened
B-08486,small / not screened
B-08487,Concrete / cement
B-08488,small / not screened
B-08489,small / not screened
B-08490,Concrete / cement
B-08491,Concrete / cement
B-08492,small / not screened
B-08493,small / not screened
B-08494,small / not screened
B-08495,small / not screened
B-08496,small / not screened
B-08497,small / not screened
B-08498,Concrete / cement
B-08499,Concrete / cement
B-08500,small / not screened
B-08501,Mixed / unsure
B-08502,Concrete / cement
B-08503,Mixed / unsure
B-08504,Metal sheet (bare / painted)
B-08505,small / not screened
B-08506,White / cool coating
B-08507,Metal sheet (bare / painted)
B-08508,small / not screened
B-08509,small / not screened
B-08510,small / not screened
B-08511,small / not screened
B-08512,Metal sheet (bare / painted)
B-08513,small / not screened
B-08514,Metal sheet (bare / painted)
B-08515,Concrete / cement
B-08516,Concrete / cement
B-08517,Concrete / cement
B-08518,small / not screened
B-08519,small / not screened
B-08520,White / cool coating
B-08521,Concrete / cement
B-08522,small / not screened
B-08523,small / not screened
B-08524,White / cool coating
B-08525,Concrete / cement
B-08526,Concrete / cement
B-08527,small / not screened
B-08528,Concrete / cement
B-08529,small / not screened
B-08530,White / cool coating
B-08531,small / not screened
B-08532,small / not screened
B-08533,small / not screened
B-08534,small / not screened
B-08535,Concrete / cement
B-08536,small / not screened
B-08537,Concrete / cement
B-08538,small / not screened
B-08539,Concrete / cement
B-08540,Concrete / cement
B-08541,small / not screened
B-08542,Concrete / cement
B-08543,small / not screened
B-08544,Concrete / cement
B-08545,Metal sheet (bare / painted)
B-08546,Concrete / cement
B-08547,Metal sheet (bare / painted)
B-08548,small / not screened
B-08549,Mixed / unsure
B-08550,Mixed / unsure
B-08551,small / not screened
B-08552,small / not screened
B-08553,small / not screened
B-08554,Mixed / unsure
B-08555,small / not screened
B-08556,Concrete / cement
B-08557,small / not screened
B-08558,small / not screened
B-08559,Concrete / cement
B-08560,Concrete / cement
B-08561,Concrete / cement
B-08562,White / cool coating
B-08563,small / not screened
B-08564,small / not screened
B-08565,Metal sheet (bare / painted)
B-08566,small / not screened
B-08567,Mixed / unsure
B-08568,Concrete / cement
B-08569,small / not screened
B-08570,small / not screened
B-08571,small / not screened
B-08572,small / not screened
B-08573,Metal sheet (bare / painted)
B-08574,small / not screened
B-08575,Mixed / unsure
B-08576,White / cool coating
B-08577,Concrete / cement
B-08578,small / not screened
B-08579,small / not screened
B-08580,small / not screened
B-08581,Mixed / unsure
B-08582,Concrete / cement
B-08583,small / not screened
B-08584,Metal sheet (bare / painted)
B-08585,Concrete / cement
B-08586,small / not screened
B-08587,Concrete / cement
B-08588,small / not screened
B-08589,Concrete / cement
B-08590,Concrete / cement
B-08591,Concrete / cement
B-08592,Mixed / unsure
B-08593,small / not screened
B-08594,Concrete / cement
B-08595,Mixed / unsure
B-08596,small / not screened
B-08597,small / not screened
B-08598,small / not screened
B-08599,small / not screened
B-08600,Concrete / cement
B-08601,Concrete / cement
B-08602,small / not screened
B-08603,Concrete / cement
B-08604,small / not screened
B-08605,small / not screened
B-08606,small / not screened
B-08607,Mixed / unsure
B-08608,small / not screened
B-08609,small / not screened
B-08610,White / cool coating
B-08611,White / cool coating
B-08612,Concrete / cement
B-08613,small / not screened
B-08614,small / not screened
B-08615,Concrete / cement
B-08616,White / cool coating
B-08617,small / not screened
B-08618,small / not screened
B-08619,Concrete / cement
B-08620,Metal sheet (bare / painted)
B-08621,small / not screened
B-08622,Concrete / cement
B-08623,small / not screened
B-08624,Mixed / unsure
B-08625,small / not screened
B-08626,small / not screened
B-08627,small / not screened
B-08628,small / not screened
B-08629,small / not screened
B-08630,Concrete / cement
B-08631,White / cool coating
B-08632,White / cool coating
B-08633,small / not screened
B-08634,Concrete / cement
B-08635,small / not screened
B-08636,small / not screened
B-08637,Concrete / cement
B-08638,small / not screened
B-08639,White / cool coating
B-08640,small / not screened
B-08641,small / not screened
B-08642,small / not screened
B-08643,Concrete / cement
B-08644,small / not screened
B-08645,small / not screened
B-08646,small / not screened
B-08647,small / not screened
B-08648,Mixed / unsure
B-08649,small / not screened
B-08650,Concrete / cement
B-08651,White / cool coating
B-08652,White / cool coating
B-08653,Concrete / cement
B-08654,small / not screened
B-08655,small / not screened
B-08656,small / not screened
B-08657,small / not screened
B-08658,Concrete / cement
B-08659,small / not screened
B-08660,White / cool coating
B-08661,Concrete / cement
B-08662,White / cool coating
B-08663,small / not screened
B-08664,small / not screened
B-08665,White / cool coating
B-08666,small / not screened
B-08667,small / not screened
B-08668,White / cool coating
B-08669,Concrete / cement
B-08670,Concrete / cement
B-08671,small / not screened
B-08672,small / not screened
B-08673,small / not screened
B-08674,small / not screened
B-08675,Concrete / cement
B-08676,small / not screened
B-08677,Concrete / cement
B-08678,small / not screened
B-08679,Mixed / unsure
B-08680,small / not screened
B-08681,Concrete / cement
B-08682,small / not screened
B-08683,Metal sheet (bare / painted)
B-08684,Metal sheet (bare / painted)
B-08685,small / not screened
B-08686,Mixed / unsure
B-08687,Concrete / cement
B-08688,small / not screened
B-08689,small / not screened
B-08690,Mixed / unsure
B-08691,White / cool coating
B-08692,small / not screened
B-08693,White / cool coating
B-08694,Concrete / cement
B-08695,small / not screened
B-08696,Concrete / cement
B-08697,Concrete / cement
B-08698,small / not screened
B-08699,small / not screened
B-08700,Concrete / cement
B-08701,small / not screened
B-08702,Concrete / cement
B-08703,Concrete / cement
B-08704,small / not screened
B-08705,small / not screened
B-08706,Concrete / cement
B-08707,small / not screened
B-08708,Concrete / cement
B-08709,small / not screened
B-08710,small / not screened
B-08711,White / cool coating
B-08712,Metal sheet (bare / painted)
B-08713,Concrete / cement
B-08714,Concrete / cement
B-08715,Concrete / cement
B-08716,small / not screened
B-08717,small / not screened
B-08718,Concrete / cement
B-08719,Concrete / cement
B-08720,small / not screened
B-08721,small / not screened
B-08722,Concrete / cement
B-08723,White / cool coating
B-08724,small / not screened
B-08725,small / not screened
B-08726,small / not screened
B-08727,small / not screened
B-08728,Concrete / cement
B-08729,small / not screened
B-08730,small / not screened
B-08731,White / cool coating
B-08732,Mixed / unsure
B-08733,White / cool coating
B-08734,small / not screened
B-08735,Concrete / cement
B-08736,White / cool coating
B-08737,small / not screened
B-08738,small / not screened
B-08739,small / not screened
B-08740,small / not screened
B-08741,Concrete / cement
B-08742,White / cool coating
B-08743,White / cool coating
B-08744,Concrete / cement
B-08745,White / cool coating
B-08746,small / not screened
B-08747,small / not screened
B-08748,Concrete / cement
B-08749,small / not screened
B-08750,Concrete / cement
B-08751,small / not screened
B-08752,Concrete / cement
B-08753,Concrete / cement
B-08754,Concrete / cement
B-08755,Concrete / cement
B-08756,small / not screened
B-08757,small / not screened
B-08758,small / not screened
B-08759,Concrete / cement
B-08760,small / not screened
B-08761,Concrete / cement
B-08762,Concrete / cement
B-08763,small / not screened
B-08764,small / not screened
B-08765,small / not screened
B-08766,small / not screened
B-08767,small / not screened
B-08768,small / not screened
B-08769,small / not screened
B-08770,Concrete / cement
B-08771,small / not screened
B-08772,small / not screened
B-08773,Concrete / cement
B-08774,small / not screened
B-08775,small / not screened
B-08776,small / not screened
B-08777,small / not screened
B-08778,small / not screened
B-08779,small / not screened
B-08780,small / not screened
B-08781,Metal sheet (bare / painted)
B-08782,small / not screened
B-08783,Metal sheet (bare / painted)
B-08784,small / not screened
B-08785,small / not screened
B-08786,Concrete / cement
B-08787,small / not screened
B-08788,small / not screened
B-08789,small / not screened
B-08790,small / not screened
B-08791,small / not screened
B-08792,Concrete / cement
B-08793,small / not screened
B-08794,Concrete / cement
B-08795,Metal sheet (bare / painted)
B-08796,small / not screened
B-08797,small / not screened
B-08798,small / not screened
B-08799,Concrete / cement
B-08800,Concrete / cement
B-08801,Concrete / cement
B-08802,small / not screened
B-08803,small / not screened
B-08804,Metal sheet (bare / painted)
B-08805,small / not screened
B-08806,small / not screened
B-08807,Mixed / unsure
B-08808,small / not screened
B-08809,White / cool coating
B-08810,small / not screened
B-08811,Concrete / cement
B-08812,small / not screened
B-08813,White / cool coating
B-08814,small / not screened
B-08815,small / not screened
B-08816,Concrete / cement
B-08817,White / cool coating
B-08818,small / not screened
B-08819,White / cool coating
B-08820,small / not screened
B-08821,small / not screened
B-08822,small / not screened
B-08823,small / not screened
B-08824,small / not screened
B-08825,small / not screened
B-08826,Concrete / cement
B-08827,small / not screened
B-08828,small / not screened
B-08829,small / not screened
B-08830,small / not screened
B-08831,Metal sheet (bare / painted)
B-08832,Concrete / cement
B-08833,small / not screened
B-08834,Concrete / cement
B-08835,Mixed / unsure
B-08836,small / not screened
B-08837,small / not screened
B-08838,White / cool coating
B-08839,small / not screened
B-08840,small / not screened
B-08841,small / not screened
B-08842,small / not screened
B-08843,White / cool coating
B-08844,small / not screened
B-08845,Mixed / unsure
B-08846,Mixed / unsure
B-08847,small / not screened
B-08848,small / not screened
B-08849,Concrete / cement
B-08850,small / not screened
B-08851,small / not screened
B-08852,small / not screened
B-08853,Concrete / cement
B-08854,Concrete / cement
B-08855,small / not screened
B-08856,Metal sheet (bare / painted)
B-08857,small / not screened
B-08858,Concrete / cement
B-08859,small / not screened
B-08860,Concrete / cement
B-08861,Concrete / cement
B-08862,Concrete / cement
B-08863,small / not screened
B-08864,Concrete / cement
B-08865,Concrete / cement
B-08866,White / cool coating
B-08867,small / not screened
B-08868,small / not screened
B-08869,small / not screened
B-08870,Metal sheet (bare / painted)
B-08871,small / not screened
B-08872,small / not screened
B-08873,White / cool coating
B-08874,small / not screened
B-08875,small / not screened
B-08876,Mixed / unsure
B-08877,small / not screened
B-08878,Mixed / unsure
B-08879,small / not screened
B-08880,Concrete / cement
B-08881,small / not screened
B-08882,Metal sheet (bare / painted)
B-08883,small / not screened
B-08884,Concrete / cement
B-08885,White / cool coating
B-08886,small / not screened
B-08887,small / not screened
B-08888,Mixed / unsure
B-08889,Concrete / cement
B-08890,Mixed / unsure
B-08891,small / not screened
B-08892,small / not screened
B-08893,Concrete / cement
B-08894,small / not screened
B-08895,Mixed / unsure
B-08896,small / not screened
B-08897,Concrete / cement
B-08898,small / not screened
B-08899,Concrete / cement
B-08900,small / not screened
B-08901,Concrete / cement
B-08902,small / not screened
B-08903,Metal sheet (bare / painted)
B-08904,Concrete / cement
B-08905,Mixed / unsure
B-08906,Concrete / cement
B-08907,Concrete / cement
B-08908,small / not screened
B-08909,small / not screened
B-08910,Concrete / cement
B-08911,Concrete / cement
B-08912,Concrete / cement
B-08913,small / not screened
B-08914,small / not screened
B-08915,small / not screened
B-08916,Concrete / cement
B-08917,White / cool coating
B-08918,small / not screened
B-08919,small / not screened
B-08920,Concrete / cement
B-08921,White / cool coating
B-08922,small / not screened
B-08923,small / not screened
B-08924,small / not screened
B-08925,small / not screened
B-08926,Concrete / cement
B-08927,small / not screened
B-08928,small / not screened
B-08929,Mixed / unsure
B-08930,small / not screened
B-08931,Concrete / cement
B-08932,Concrete / cement
B-08933,Concrete / cement
B-08934,White / cool coating
B-08935,small / not screened
B-08936,Concrete / cement
B-08937,small / not screened
B-08938,small / not screened
B-08939,White / cool coating
B-08940,Concrete / cement
B-08941,small / not screened
B-08942,small / not screened
B-08943,Concrete / cement
B-08944,small / not screened
B-08945,small / not screened
B-08946,Metal sheet (bare / painted)
B-08947,Concrete / cement
B-08948,Concrete / cement
B-08949,small / not screened
B-08950,Concrete / cement
B-08951,small / not screened
B-08952,small / not screened
B-08953,White / cool coating
B-08954,White / cool coating
B-08955,Concrete / cement
B-08956,small / not screened
B-08957,Metal sheet (bare / painted)
B-08958,Metal sheet (bare / painted)
B-08959,White / cool coating
B-08960,Concrete / cement
B-08961,Concrete / cement
B-08962,small / not screened
B-08963,small / not screened
B-08964,Concrete / cement
B-08965,White / cool coating
B-08966,small / not screened
B-08967,small / not screened
B-08968,small / not screened
B-08969,Concrete / cement
B-08970,small / not screened
B-08971,Concrete / cement
B-08972,Concrete / cement
B-08973,White / cool coating
B-08974,small / not screened
B-08975,Concrete / cement
B-08976,small / not screened
B-08977,Concrete / cement
B-08978,Concrete / cement
B-08979,small / not screened
B-08980,small / not screened
B-08981,small / not screened
B-08982,Concrete / cement
B-08983,White / cool coating
B-08984,Concrete / cement
B-08985,White / cool coating
B-08986,small / not screened
B-08987,small / not screened
B-08988,Concrete / cement
B-08989,small / not screened
B-08990,Concrete / cement
B-08991,Concrete / cement
B-08992,small / not screened
B-08993,Concrete / cement
B-08994,Concrete / cement
B-08995,Metal sheet (bare / painted)
B-08996,small / not screened
B-08997,Concrete / cement
B-08998,small / not screened
B-08999,small / not screened
B-09000,small / not screened
B-09001,small / not screened
B-09002,small / not screened
B-09003,small / not screened
B-09004,small / not screened
B-09005,small / not screened
B-09006,small / not screened
B-09007,small / not screened
B-09008,small / not screened
B-09009,Mixed / unsure
B-09010,small / not screened
B-09011,small / not screened
B-09012,small / not screened
B-09013,small / not screened
B-09014,Mixed / unsure
B-09015,small / not screened
B-09016,small / not screened
B-09017,small / not screened
B-09018,White / cool coating
B-09019,small / not screened
B-09020,small / not screened
B-09021,small / not screened
B-09022,Concrete / cement
B-09023,small / not screened
B-09024,Mixed / unsure
B-09025,small / not screened
B-09026,Concrete / cement
B-09027,Metal sheet (bare / painted)
B-09028,small / not screened
B-09029,small / not screened
B-09030,small / not screened
B-09031,small / not screened
B-09032,small / not screened
B-09033,White / cool coating
B-09034,Concrete / cement
B-09035,small / not screened
B-09036,Concrete / cement
B-09037,Concrete / cement
B-09038,small / not screened
B-09039,Metal sheet (bare / painted)
B-09040,Concrete / cement
B-09041,Concrete / cement
B-09042,Concrete / cement
B-09043,small / not screened
B-09044,small / not screened
B-09045,Concrete / cement
B-09046,small / not screened
B-09047,small / not screened
B-09048,small / not screened
B-09049,Concrete / cement
B-09050,small / not screened
B-09051,small / not screened
B-09052,Concrete / cement
B-09053,Metal sheet (bare / painted)
B-09054,small / not screened
B-09055,small / not screened
B-09056,small / not screened
B-09057,small / not screened
B-09058,small / not screened
B-09059,small / not screened
B-09060,Concrete / cement
B-09061,Concrete / cement
B-09062,small / not screened
B-09063,Metal sheet (bare / painted)
B-09064,Concrete / cement
B-09065,Concrete / cement
B-09066,Concrete / cement
B-09067,small / not screened
B-09068,Mixed / unsure
B-09069,Concrete / cement
B-09070,Concrete / cement
B-09071,small / not screened
B-09072,small / not screened
B-09073,White / cool coating
B-09074,small / not screened
B-09075,Concrete / cement
B-09076,Mixed / unsure
B-09077,small / not screened
B-09078,small / not screened
B-09079,small / not screened
B-09080,small / not screened
B-09081,small / not screened
B-09082,Mixed / unsure
B-09083,small / not screened
B-09084,White / cool coating
B-09085,White / cool coating
B-09086,small / not screened
B-09087,Mixed / unsure
B-09088,small / not screened
B-09089,Concrete / cement
B-09090,small / not screened
B-09091,small / not screened
B-09092,small / not screened
B-09093,Concrete / cement
B-09094,Concrete / cement
B-09095,White / cool coating
B-09096,Concrete / cement
B-09097,small / not screened
B-09098,small / not screened
B-09099,small / not screened
B-09100,Concrete / cement
B-09101,White / cool coating
B-09102,small / not screened
B-09103,small / not screened
B-09104,Concrete / cement
B-09105,Concrete / cement
B-09106,Concrete / cement
B-09107,small / not screened
B-09108,small / not screened
B-09109,Concrete / cement
B-09110,small / not screened
B-09111,small / not screened
B-09112,small / not screened
B-09113,small / not screened
B-09114,small / not screened
B-09115,Concrete / cement
B-09116,Concrete / cement
B-09117,small / not screened
B-09118,small / not screened
B-09119,White / cool coating
B-09120,small / not screened
B-09121,Concrete / cement
B-09122,Concrete / cement
B-09123,Concrete / cement
B-09124,White / cool coating
B-09125,Concrete / cement
B-09126,small / not screened
B-09127,small / not screened
B-09128,Concrete / cement
B-09129,small / not screened
B-09130,small / not screened
B-09131,Metal sheet (bare / painted)
B-09132,small / not screened
B-09133,Concrete / cement
B-09134,Mixed / unsure
B-09135,Concrete / cement
B-09136,small / not screened
B-09137,Concrete / cement
B-09138,small / not screened
B-09139,small / not screened
B-09140,Metal sheet (bare / painted)
B-09141,small / not screened
B-09142,small / not screened
B-09143,small / not screened
B-09144,Concrete / cement
B-09145,Concrete / cement
B-09146,Concrete / cement
B-09147,small / not screened
B-09148,Mixed / unsure
B-09149,small / not screened
B-09150,small / not screened
B-09151,small / not screened
B-09152,Concrete / cement
B-09153,small / not screened
B-09154,small / not screened
B-09155,Concrete / cement
B-09156,small / not screened
B-09157,Mixed / unsure
B-09158,small / not screened
B-09159,Metal sheet (bare / painted)
B-09160,small / not screened
B-09161,small / not screened
B-09162,small / not screened
B-09163,Mixed / unsure
B-09164,small / not screened
B-09165,Concrete / cement
B-09166,Concrete / cement
B-09167,Concrete / cement
B-09168,small / not screened
B-09169,Concrete / cement
B-09170,small / not screened
B-09171,Mixed / unsure
B-09172,Concrete / cement
B-09173,Concrete / cement
B-09174,Concrete / cement
B-09175,small / not screened
B-09176,Metal sheet (bare / painted)
B-09177,small / not screened
B-09178,small / not screened
B-09179,Concrete / cement
B-09180,small / not screened
B-09181,Mixed / unsure
B-09182,small / not screened
B-09183,small / not screened
B-09184,Mixed / unsure
B-09185,small / not screened
B-09186,White / cool coating
B-09187,small / not screened
B-09188,small / not screened
B-09189,Concrete / cement
B-09190,White / cool coating
B-09191,Concrete / cement
B-09192,small / not screened
B-09193,small / not screened
B-09194,small / not screened
B-09195,Mixed / unsure
B-09196,small / not screened
B-09197,small / not screened
B-09198,small / not screened
B-09199,Mixed / unsure
B-09200,Metal sheet (bare / painted)
B-09201,small / not screened
B-09202,small / not screened
B-09203,small / not screened
B-09204,Metal sheet (bare / painted)
B-09205,small / not screened
B-09206,White / cool coating
B-09207,Concrete / cement
B-09208,Concrete / cement
B-09209,small / not screened
B-09210,Concrete / cement
B-09211,White / cool coating
B-09212,small / not screened
B-09213,small / not screened
B-09214,Concrete / cement
B-09215,small / not screened
B-09216,White / cool coating
B-09217,small / not screened
B-09218,Mixed / unsure
B-09219,small / not screened
B-09220,small / not screened
B-09221,small / not screened
B-09222,Metal sheet (bare / painted)
B-09223,small / not screened
B-09224,small / not screened
B-09225,small / not screened
B-09226,small / not screened
B-09227,Metal sheet (bare / painted)
B-09228,Concrete / cement
B-09229,small / not screened
B-09230,small / not screened
B-09231,Mixed / unsure
B-09232,Mixed / unsure
B-09233,Concrete / cement
B-09234,Concrete / cement
B-09235,small / not screened
B-09236,White / cool coating
B-09237,small / not screened
B-09238,small / not screened
B-09239,small / not screened
B-09240,Concrete / cement
B-09241,small / not screened
B-09242,Concrete / cement
B-09243,small / not screened
B-09244,Metal sheet (bare / painted)
B-09245,Concrete / cement
B-09246,Concrete / cement
B-09247,small / not screened
B-09248,Concrete / cement
B-09249,small / not screened
B-09250,small / not screened
B-09251,Concrete / cement
B-09252,small / not screened
B-09253,small / not screened
B-09254,Concrete / cement
B-09255,small / not screened
B-09256,Metal sheet (bare / painted)
B-09257,small / not screened
B-09258,small / not screened
B-09259,Concrete / cement
B-09260,Metal sheet (bare / painted)
B-09261,small / not screened
B-09262,Concrete / cement
B-09263,small / not screened
B-09264,small / not screened
B-09265,Concrete / cement
B-09266,small / not screened
B-09267,Concrete / cement
B-09268,White / cool coating
B-09269,Mixed / unsure
B-09270,Concrete / cement
B-09271,small / not screened
B-09272,White / cool coating
B-09273,small / not screened
B-09274,Mixed / unsure
B-09275,White / cool coating
B-09276,small / not screened
B-09277,small / not screened
B-09278,small / not screened
B-09279,small / not screened
B-09280,Concrete / cement
B-09281,Bitumen / dark membrane
B-09282,Concrete / cement
B-09283,small / not screened
B-09284,small / not screened
B-09285,Concrete / cement
B-09286,small / not screened
B-09287,small / not screened
B-09288,small / not screened
B-09289,Concrete / cement
B-09290,Concrete / cement
B-09291,Concrete / cement
B-09292,small / not screened
B-09293,small / not screened
B-09294,Concrete / cement
B-09295,small / not screened
B-09296,small / not screened
B-09297,White / cool coating
B-09298,Concrete / cement
B-09299,Concrete / cement
B-09300,small / not screened
B-09301,White / cool coating
B-09302,small / not screened
B-09303,small / not screened
B-09304,Concrete / cement
B-09305,small / not screened
B-09306,Concrete / cement
B-09307,Mixed / unsure
B-09308,small / not screened
B-09309,small / not screened
B-09310,small / not screened
B-09311,small / not screened
B-09312,Mixed / unsure
B-09313,small / not screened
B-09314,Concrete / cement
B-09315,small / not screened
B-09316,White / cool coating
B-09317,small / not screened
B-09318,small / not screened
B-09319,small / not screened
B-09320,small / not screened
B-09321,small / not screened
B-09322,small / not screened
B-09323,small / not screened
B-09324,Concrete / cement
B-09325,small / not screened
B-09326,small / not screened
B-09327,Concrete / cement
B-09328,small / not screened
B-09329,small / not screened
B-09330,Concrete / cement
B-09331,small / not screened
B-09332,small / not screened
B-09333,small / not screened
B-09334,Concrete / cement
B-09335,small / not screened
B-09336,small / not screened
B-09337,Mixed / unsure
B-09338,Concrete / cement
B-09339,Concrete / cement
B-09340,small / not screened
B-09341,Concrete / cement
B-09342,Concrete / cement
B-09343,Mixed / unsure
B-09344,Mixed / unsure
B-09345,small / not screened
B-09346,Concrete / cement
B-09347,small / not screened
B-09348,small / not screened
B-09349,Concrete / cement
B-09350,small / not screened
B-09351,White / cool coating
B-09352,small / not screened
B-09353,small / not screened
B-09354,Concrete / cement
B-09355,small / not screened
B-09356,Concrete / cement
B-09357,small / not screened
B-09358,small / not screened
B-09359,Mixed / unsure
B-09360,small / not screened
B-09361,Concrete / cement
B-09362,small / not screened
B-09363,White / cool coating
B-09364,Concrete / cement
B-09365,small / not screened
B-09366,Concrete / cement
B-09367,White / cool coating
B-09368,Concrete / cement
B-09369,Concrete / cement
B-09370,small / not screened
B-09371,small / not screened
B-09372,Concrete / cement
B-09373,Concrete / cement
B-09374,Concrete / cement
B-09375,small / not screened
B-09376,small / not screened
B-09377,small / not screened
B-09378,small / not screened
B-09379,Metal sheet (bare / painted)
B-09380,small / not screened
B-09381,small / not screened
B-09382,small / not screened
B-09383,small / not screened
B-09384,Concrete / cement
B-09385,small / not screened
B-09386,small / not screened
B-09387,small / not screened
B-09388,small / not screened
B-09389,Bitumen / dark membrane
B-09390,Concrete / cement
B-09391,White / cool coating
B-09392,Concrete / cement
B-09393,Concrete / cement
B-09394,small / not screened
B-09395,Concrete / cement
B-09396,small / not screened
B-09397,small / not screened
B-09398,Concrete / cement
B-09399,small / not screened
B-09400,small / not screened
B-09401,Mixed / unsure
B-09402,Concrete / cement
B-09403,small / not screened
B-09404,small / not screened
B-09405,small / not screened
B-09406,small / not screened
B-09407,White / cool coating
B-09408,small / not screened
B-09409,Concrete / cement
B-09410,small / not screened
B-09411,small / not screened
B-09412,small / not screened
B-09413,small / not screened
B-09414,White / cool coating
B-09415,Concrete / cement
B-09416,Concrete / cement
B-09417,Concrete / cement
B-09418,Mixed / unsure
B-09419,Concrete / cement
B-09420,Concrete / cement
B-09421,Concrete / cement
B-09422,Concrete / cement
B-09423,small / not screened
B-09424,Metal sheet (bare / painted)
B-09425,small / not screened
B-09426,Concrete / cement
B-09427,White / cool coating
B-09428,White / cool coating
B-09429,small / not screened
B-09430,small / not screened
B-09431,small / not screened
B-09432,Concrete / cement
B-09433,Concrete / cement
B-09434,small / not screened
B-09435,small / not screened
B-09436,small / not screened
B-09437,small / not screened
B-09438,small / not screened
B-09439,small / not screened
B-09440,Mixed / unsure
B-09441,Concrete / cement
B-09442,Concrete / cement
B-09443,Metal sheet (bare / painted)
B-09444,small / not screened
B-09445,Concrete / cement
B-09446,Concrete / cement
B-09447,Concrete / cement
B-09448,small / not screened
B-09449,Mixed / unsure
B-09450,Concrete / cement
B-09451,small / not screened
B-09452,Concrete / cement
B-09453,small / not screened
B-09454,small / not screened
B-09455,Concrete / cement
B-09456,small / not screened
B-09457,Mixed / unsure
B-09458,small / not screened
B-09459,Concrete / cement
B-09460,small / not screened
B-09461,small / not screened
B-09462,White / cool coating
B-09463,Concrete / cement
B-09464,small / not screened
B-09465,Concrete / cement
B-09466,small / not screened
B-09467,Concrete / cement
B-09468,small / not screened
B-09469,small / not screened
B-09470,small / not screened
B-09471,Concrete / cement
B-09472,small / not screened
B-09473,small / not screened
B-09474,small / not screened
B-09475,Concrete / cement
B-09476,small / not screened
B-09477,small / not screened
B-09478,Concrete / cement
B-09479,small / not screened
B-09480,Concrete / cement
B-09481,Concrete / cement
B-09482,small / not screened
B-09483,small / not screened
B-09484,Concrete / cement
B-09485,small / not screened
B-09486,small / not screened
B-09487,small / not screened
B-09488,small / not screened
B-09489,small / not screened
B-09490,small / not screened
B-09491,small / not screened
B-09492,small / not screened
B-09493,White / cool coating
B-09494,small / not screened
B-09495,Concrete / cement
B-09496,White / cool coating
B-09497,small / not screened
B-09498,Concrete / cement
B-09499,Metal sheet (bare / painted)
B-09500,White / cool coating
B-09501,Mixed / unsure
B-09502,Concrete / cement
B-09503,small / not screened
B-09504,Concrete / cement
B-09505,Concrete / cement
B-09506,small / not screened
B-09507,Concrete / cement
B-09508,small / not screened
B-09509,small / not screened
B-09510,small / not screened
B-09511,small / not screened
B-09512,small / not screened
B-09513,small / not screened
B-09514,Mixed / unsure
B-09515,small / not screened
B-09516,small / not screened
B-09517,small / not screened
B-09518,Concrete / cement
B-09519,Concrete / cement
B-09520,small / not screened
B-09521,small / not screened
B-09522,small / not screened
B-09523,small / not screened
B-09524,small / not screened
B-09525,Concrete / cement
B-09526,small / not screened
B-09527,small / not screened
B-09528,Concrete / cement
B-09529,small / not screened
B-09530,small / not screened
B-09531,small / not screened
B-09532,small / not screened
B-09533,Mixed / unsure
B-09534,small / not screened
B-09535,Concrete / cement
B-09536,small / not screened
B-09537,Mixed / unsure
B-09538,Mixed / unsure
B-09539,White / cool coating
B-09540,small / not screened
B-09541,small / not screened
B-09542,small / not screened
B-09543,Concrete / cement
B-09544,small / not screened
B-09545,small / not screened
B-09546,small / not screened
B-09547,Concrete / cement
B-09548,small / not screened
B-09549,small / not screened
B-09550,small / not screened
B-09551,White / cool coating
B-09552,small / not screened
B-09553,small / not screened
B-09554,small / not screened
B-09555,small / not screened
B-09556,White / cool coating
B-09557,small / not screened
B-09558,small / not screened
B-09559,small / not screened
B-09560,Concrete / cement
B-09561,small / not screened
B-09562,Concrete / cement
B-09563,White / cool coating
B-09564,White / cool coating
B-09565,Concrete / cement
B-09566,Concrete / cement
B-09567,small / not screened
B-09568,small / not screened
B-09569,small / not screened
B-09570,Concrete / cement
B-09571,Concrete / cement
B-09572,small / not screened
B-09573,small / not screened
B-09574,small / not screened
B-09575,Concrete / cement
B-09576,small / not screened
B-09577,small / not screened
B-09578,Metal sheet (bare / painted)
B-09579,small / not screened
B-09580,Concrete / cement
B-09581,Mixed / unsure
B-09582,Concrete / cement
B-09583,White / cool coating
B-09584,Mixed / unsure
B-09585,White / cool coating
B-09586,small / not screened
B-09587,Concrete / cement
B-09588,small / not screened
B-09589,small / not screened
B-09590,Concrete / cement
B-09591,Mixed / unsure
B-09592,small / not screened
B-09593,Concrete / cement
B-09594,White / cool coating
B-09595,Concrete / cement
B-09596,small / not screened
B-09597,small / not screened
B-09598,White / cool coating
B-09599,Concrete / cement
B-09600,Concrete / cement
B-09601,small / not screened
B-09602,small / not screened
B-09603,Mixed / unsure
B-09604,White / cool coating
B-09605,Metal sheet (bare / painted)
B-09606,small / not screened
B-09607,White / cool coating
B-09608,Concrete / cement
B-09609,small / not screened
B-09610,small / not screened
B-09611,small / not screened
B-09612,White / cool coating
B-09613,Concrete / cement
B-09614,White / cool coating
B-09615,small / not screened
B-09616,Concrete / cement
B-09617,small / not screened
B-09618,small / not screened
B-09619,small / not screened
B-09620,small / not screened
B-09621,White / cool coating
B-09622,White / cool coating
B-09623,small / not screened
B-09624,White / cool coating
B-09625,small / not screened
B-09626,Concrete / cement
B-09627,Concrete / cement
B-09628,Concrete / cement
B-09629,White / cool coating
B-09630,Concrete / cement
B-09631,Concrete / cement
B-09632,small / not screened
B-09633,small / not screened
B-09634,Metal sheet (bare / painted)
B-09635,small / not screened
B-09636,small / not screened
B-09637,small / not screened
B-09638,Concrete / cement
B-09639,small / not screened
B-09640,Concrete / cement
B-09641,small / not screened
B-09642,small / not screened
B-09643,Concrete / cement
B-09644,small / not screened
B-09645,small / not screened
B-09646,small / not screened
B-09647,Concrete / cement
B-09648,small / not screened
B-09649,small / not screened
B-09650,small / not screened
B-09651,Concrete / cement
B-09652,Concrete / cement
B-09653,Concrete / cement
B-09654,Concrete / cement
B-09655,small / not screened
B-09656,small / not screened
B-09657,small / not screened
B-09658,White / cool coating
B-09659,Concrete / cement
B-09660,small / not screened
B-09661,Concrete / cement
B-09662,small / not screened
B-09663,Concrete / cement
B-09664,Concrete / cement
B-09665,small / not screened
B-09666,small / not screened
B-09667,small / not screened
B-09668,small / not screened
B-09669,small / not screened
B-09670,Concrete / cement
B-09671,White / cool coating
B-09672,Concrete / cement
B-09673,small / not screened
B-09674,Concrete / cement
B-09675,White / cool coating
B-09676,small / not screened
B-09677,small / not screened
B-09678,small / not screened
B-09679,small / not screened
B-09680,small / not screened
B-09681,small / not screened
B-09682,small / not screened
B-09683,Concrete / cement
B-09684,small / not screened
B-09685,small / not screened
B-09686,Concrete / cement
B-09687,Concrete / cement
B-09688,Mixed / unsure
B-09689,Concrete / cement
B-09690,small / not screened
B-09691,small / not screened
B-09692,Concrete / cement
B-09693,Concrete / cement
B-09694,Concrete / cement
B-09695,White / cool coating
B-09696,small / not screened
B-09697,White / cool coating
B-09698,Concrete / cement
B-09699,small / not screened
B-09700,Concrete / cement
B-09701,Concrete / cement
B-09702,Concrete / cement
B-09703,small / not screened
B-09704,small / not screened
B-09705,Concrete / cement
B-09706,Concrete / cement
B-09707,small / not screened
B-09708,Metal sheet (bare / painted)
B-09709,Metal sheet (bare / painted)
B-09710,small / not screened
B-09711,small / not screened
B-09712,small / not screened
B-09713,small / not screened
B-09714,White / cool coating
B-09715,Concrete / cement
B-09716,Concrete / cement
B-09717,small / not screened
B-09718,small / not screened
B-09719,Concrete / cement
B-09720,small / not screened
B-09721,small / not screened
B-09722,small / not screened
B-09723,small / not screened
B-09724,Concrete / cement
B-09725,Concrete / cement
B-09726,small / not screened
B-09727,White / cool coating
B-09728,small / not screened
B-09729,White / cool coating
B-09730,Concrete / cement
B-09731,small / not screened
B-09732,White / cool coating
B-09733,Concrete / cement
B-09734,small / not screened
B-09735,small / not screened
B-09736,small / not screened
B-09737,Concrete / cement
B-09738,small / not screened
B-09739,White / cool coating
B-09740,Concrete / cement
B-09741,small / not screened
B-09742,Mixed / unsure
B-09743,Concrete / cement
B-09744,small / not screened
B-09745,small / not screened
B-09746,small / not screened
B-09747,Concrete / cement
B-09748,small / not screened
B-09749,Concrete / cement
B-09750,Metal sheet (bare / painted)
B-09751,Concrete / cement
B-09752,small / not screened
B-09753,small / not screened
B-09754,Metal sheet (bare / painted)
B-09755,Concrete / cement
B-09756,small / not screened
B-09757,Concrete / cement
B-09758,small / not screened
B-09759,small / not screened
B-09760,small / not screened
B-09761,small / not screened
B-09762,Mixed / unsure
B-09763,White / cool coating
B-09764,small / not screened
B-09765,small / not screened
B-09766,Concrete / cement
B-09767,Concrete / cement
B-09768,Mixed / unsure
B-09769,Concrete / cement
B-09770,Concrete / cement
B-09771,small / not screened
B-09772,Metal sheet (bare / painted)
B-09773,small / not screened
B-09774,White / cool coating
B-09775,Metal sheet (bare / painted)
B-09776,White / cool coating
B-09777,small / not screened
B-09778,Concrete / cement
B-09779,Concrete / cement
B-09780,Concrete / cement
B-09781,small / not screened
B-09782,Concrete / cement
B-09783,White / cool coating
B-09784,Concrete / cement
B-09785,Concrete / cement
B-09786,Mixed / unsure
B-09787,small / not screened
B-09788,Concrete / cement
B-09789,small / not screened
B-09790,small / not screened
B-09791,White / cool coating
B-09792,Concrete / cement
B-09793,Mixed / unsure
B-09794,Concrete / cement
B-09795,small / not screened
B-09796,Concrete / cement
B-09797,small / not screened
B-09798,White / cool coating
B-09799,small / not screened
B-09800,Mixed / unsure
B-09801,small / not screened
B-09802,Concrete / cement
B-09803,Mixed / unsure
B-09804,Concrete / cement
B-09805,small / not screened
B-09806,small / not screened
B-09807,small / not screened
B-09808,Concrete / cement
B-09809,small / not screened
B-09810,Concrete / cement
B-09811,small / not screened
B-09812,White / cool coating
B-09813,small / not screened
B-09814,small / not screened
B-09815,small / not screened
B-09816,Concrete / cement
B-09817,Metal sheet (bare / painted)
B-09818,small / not screened
B-09819,small / not screened
B-09820,small / not screened
B-09821,White / cool coating
B-09822,White / cool coating
B-09823,Concrete / cement
B-09824,small / not screened
B-09825,Mixed / unsure
B-09826,small / not screened
B-09827,small / not screened
B-09828,small / not screened
B-09829,small / not screened
B-09830,small / not screened
B-09831,small / not screened
B-09832,small / not screened
B-09833,small / not screened
B-09834,small / not screened
B-09835,small / not screened
B-09836,small / not screened
B-09837,Concrete / cement
B-09838,small / not screened
B-09839,Metal sheet (bare / painted)
B-09840,Concrete / cement
B-09841,Concrete / cement
B-09842,small / not screened
B-09843,small / not screened
B-09844,small / not screened
B-09845,small / not screened
B-09846,small / not screened
B-09847,Concrete / cement
B-09848,small / not screened
B-09849,small / not screened
B-09850,Concrete / cement
B-09851,Concrete / cement
B-09852,small / not screened
B-09853,Concrete / cement
B-09854,White / cool coating
B-09855,small / not screened
B-09856,Mixed / unsure
B-09857,small / not screened
B-09858,Concrete / cement
B-09859,Concrete / cement
B-09860,small / not screened
B-09861,small / not screened
B-09862,Concrete / cement
B-09863,small / not screened
B-09864,small / not screened
B-09865,small / not screened
B-09866,Metal sheet (bare / painted)
B-09867,small / not screened
B-09868,small / not screened
B-09869,small / not screened
B-09870,Concrete / cement
B-09871,Concrete / cement
B-09872,Concrete / cement
B-09873,small / not screened
B-09874,White / cool coating
B-09875,small / not screened
B-09876,small / not screened
B-09877,small / not screened
B-09878,Concrete / cement
B-09879,small / not screened
B-09880,small / not screened
B-09881,small / not screened
B-09882,Concrete / cement
B-09883,small / not screened
B-09884,small / not screened
B-09885,Mixed / unsure
B-09886,small / not screened
B-09887,small / not screened
B-09888,Mixed / unsure
B-09889,Metal sheet (bare / painted)
B-09890,small / not screened
B-09891,small / not screened
B-09892,White / cool coating
B-09893,Concrete / cement
B-09894,small / not screened
B-09895,small / not screened
B-09896,small / not screened
B-09897,small / not screened
B-09898,White / cool coating
B-09899,small / not screened
B-09900,small / not screened
B-09901,Concrete / cement
B-09902,Mixed / unsure
B-09903,small / not screened
B-09904,Mixed / unsure
B-09905,small / not screened
B-09906,small / not screened
B-09907,small / not screened
B-09908,small / not screened
B-09909,Mixed / unsure
B-09910,Concrete / cement
B-09911,small / not screened
B-09912,Metal sheet (bare / painted)
B-09913,small / not screened
B-09914,small / not screened
B-09915,small / not screened
B-09916,small / not screened
B-09917,Mixed / unsure
B-09918,small / not screened
B-09919,small / not screened
B-09920,small / not screened
B-09921,small / not screened
B-09922,Concrete / cement
B-09923,small / not screened
B-09924,Concrete / cement
B-09925,small / not screened
B-09926,Mixed / unsure
B-09927,small / not screened
B-09928,small / not screened
B-09929,Concrete / cement
B-09930,Concrete / cement
B-09931,Concrete / cement
B-09932,Concrete / cement
B-09933,Concrete / cement
B-09934,small / not screened
B-09935,small / not screened
B-09936,small / not screened
B-09937,Mixed / unsure
B-09938,small / not screened
B-09939,small / not screened
B-09940,small / not screened
B-09941,Concrete / cement
B-09942,Concrete / cement
B-09943,Mixed / unsure
B-09944,White / cool coating
B-09945,small / not screened
B-09946,Concrete / cement
B-09947,Concrete / cement
B-09948,White / cool coating
B-09949,Concrete / cement
B-09950,Concrete / cement
B-09951,White / cool coating
B-09952,Mixed / unsure
B-09953,small / not screened
B-09954,small / not screened
B-09955,White / cool coating
B-09956,small / not screened
B-09957,small / not screened
B-09958,small / not screened
B-09959,small / not screened
B-09960,small / not screened
B-09961,small / not screened
B-09962,small / not screened
B-09963,small / not screened
B-09964,Concrete / cement
B-09965,Concrete / cement
B-09966,Concrete / cement
B-09967,small / not screened
B-09968,Mixed / unsure
B-09969,small / not screened
B-09970,White / cool coating
B-09971,Concrete / cement
B-09972,small / not screened
B-09973,small / not screened
B-09974,small / not screened
B-09975,small / not screened
B-09976,Concrete / cement
B-09977,small / not screened
B-09978,small / not screened
B-09979,small / not screened
B-09980,Concrete / cement
B-09981,White / cool coating
B-09982,small / not screened
B-09983,Mixed / unsure
B-09984,Concrete / cement
B-09985,Mixed / unsure
B-09986,small / not screened
B-09987,Concrete / cement
B-09988,small / not screened
B-09989,Concrete / cement
B-09990,Concrete / cement
B-09991,small / not screened
B-09992,small / not screened
B-09993,small / not screened
B-09994,Concrete / cement
B-09995,small / not screened
B-09996,small / not screened
B-09997,small / not screened
B-09998,Concrete / cement
B-09999,small / not screened
B-10000,small / not screened
B-10001,small / not screened
B-10002,Concrete / cement
B-10003,Concrete / cement
B-10004,Metal sheet (bare / painted)
B-10005,small / not screened
B-10006,small / not screened
B-10007,Concrete / cement
B-10008,small / not screened
B-10009,small / not screened
B-10010,small / not screened
B-10011,small / not screened
B-10012,small / not screened
B-10013,small / not screened
B-10014,small / not screened
B-10015,small / not screened
B-10016,small / not screened
B-10017,Concrete / cement
B-10018,small / not screened
B-10019,White / cool coating
B-10020,small / not screened
B-10021,small / not screened
B-10022,small / not screened
B-10023,Concrete / cement
B-10024,Concrete / cement
B-10025,Metal sheet (bare / painted)
B-10026,Concrete / cement
B-10027,Mixed / unsure
B-10028,Metal sheet (bare / painted)
B-10029,small / not screened
B-10030,Concrete / cement
B-10031,small / not screened
B-10032,small / not screened
B-10033,Concrete / cement
B-10034,small / not screened
B-10035,Concrete / cement
B-10036,Mixed / unsure
B-10037,Concrete / cement
B-10038,Concrete / cement
B-10039,small / not screened
B-10040,Mixed / unsure
B-10041,small / not screened
B-10042,small / not screened
B-10043,small / not screened
B-10044,Concrete / cement
B-10045,Mixed / unsure
B-10046,Concrete / cement
B-10047,Concrete / cement
B-10048,small / not screened
B-10049,small / not screened
B-10050,small / not screened
B-10051,small / not screened
B-10052,small / not screened
B-10053,small / not screened
B-10054,Metal sheet (bare / painted)
B-10055,Mixed / unsure
B-10056,Concrete / cement
B-10057,small / not screened
B-10058,small / not screened
B-10059,small / not screened
B-10060,small / not screened
B-10061,small / not screened
B-10062,small / not screened
B-10063,Concrete / cement
B-10064,Concrete / cement
B-10065,small / not screened
B-10066,small / not screened
B-10067,small / not screened
B-10068,small / not screened
B-10069,small / not screened
B-10070,small / not screened
B-10071,small / not screened
B-10072,small / not screened
B-10073,small / not screened
B-10074,small / not screened
B-10075,small / not screened
B-10076,small / not screened
B-10077,small / not screened
B-10078,small / not screened
B-10079,small / not screened
B-10080,small / not screened
B-10081,small / not screened
B-10082,small / not screened
B-10083,Concrete / cement
B-10084,small / not screened
B-10085,small / not screened
B-10086,Concrete / cement
B-10087,Concrete / cement
B-10088,White / cool coating
B-10089,Concrete / cement
B-10090,small / not screened
B-10091,small / not screened
B-10092,small / not screened
B-10093,small / not screened
B-10094,Concrete / cement
B-10095,small / not screened
B-10096,White / cool coating
B-10097,Concrete / cement
B-10098,small / not screened
B-10099,Concrete / cement
B-10100,small / not screened
B-10101,Mixed / unsure
B-10102,Concrete / cement
B-10103,Concrete / cement
B-10104,Concrete / cement
B-10105,Concrete / cement
B-10106,Concrete / cement
B-10107,Concrete / cement
B-10108,Concrete / cement
B-10109,small / not screened
B-10110,small / not screened
B-10111,small / not screened
B-10112,Concrete / cement
B-10113,White / cool coating
B-10114,small / not screened
B-10115,small / not screened
B-10116,small / not screened
B-10117,small / not screened
B-10118,Concrete / cement
B-10119,small / not screened
B-10120,small / not screened
B-10121,White / cool coating
B-10122,Concrete / cement
B-10123,small / not screened
B-10124,small / not screened
B-10125,small / not screened
B-10126,Concrete / cement
B-10127,small / not screened
B-10128,White / cool coating
B-10129,small / not screened
B-10130,White / cool coating
B-10131,Mixed / unsure
B-10132,small / not screened
B-10133,small / not screened
B-10134,small / not screened
B-10135,Concrete / cement
B-10136,White / cool coating
B-10137,small / not screened
B-10138,small / not screened
B-10139,Concrete / cement
B-10140,small / not screened
B-10141,small / not screened
B-10142,Concrete / cement
B-10143,Concrete / cement
B-10144,small / not screened
B-10145,small / not screened
B-10146,White / cool coating
B-10147,Concrete / cement
B-10148,small / not screened
B-10149,Concrete / cement
B-10150,small / not screened
B-10151,Concrete / cement
B-10152,Concrete / cement
B-10153,Concrete / cement
B-10154,small / not screened
B-10155,Mixed / unsure
B-10156,small / not screened
B-10157,Metal sheet (bare / painted)
B-10158,Concrete / cement
B-10159,Mixed / unsure
B-10160,small / not screened
B-10161,small / not screened
B-10162,White / cool coating
B-10163,small / not screened
B-10164,Mixed / unsure
B-10165,small / not screened
B-10166,small / not screened
B-10167,Concrete / cement
B-10168,small / not screened
B-10169,small / not screened
B-10170,Concrete / cement
B-10171,small / not screened
B-10172,Concrete / cement
B-10173,Concrete / cement
B-10174,Concrete / cement
B-10175,small / not screened
B-10176,Concrete / cement
B-10177,Mixed / unsure
B-10178,small / not screened
B-10179,small / not screened
B-10180,Concrete / cement
B-10181,small / not screened
B-10182,Concrete / cement
B-10183,small / not screened
B-10184,small / not screened
B-10185,small / not screened
B-10186,small / not screened
B-10187,small / not screened
B-10188,small / not screened
B-10189,small / not screened
B-10190,small / not screened
B-10191,small / not screened
B-10192,small / not screened
B-10193,Mixed / unsure
B-10194,Metal sheet (bare / painted)
B-10195,Metal sheet (bare / painted)
B-10196,Mixed / unsure
B-10197,small / not screened
B-10198,small / not screened
B-10199,small / not screened
B-10200,small / not screened
B-10201,Concrete / cement
B-10202,Concrete / cement
B-10203,Concrete / cement
B-10204,Metal sheet (bare / painted)
B-10205,Concrete / cement
B-10206,Concrete / cement
B-10207,small / not screened
B-10208,small / not screened
B-10209,Concrete / cement
B-10210,small / not screened
B-10211,small / not screened
B-10212,small / not screened
B-10213,Mixed / unsure
B-10214,White / cool coating
B-10215,small / not screened
B-10216,Metal sheet (bare / painted)
B-10217,small / not screened
B-10218,small / not screened
B-10219,White / cool coating
B-10220,Concrete / cement
B-10221,small / not screened
B-10222,Concrete / cement
B-10223,small / not screened
B-10224,small / not screened
B-10225,small / not screened
B-10226,Concrete / cement
B-10227,Concrete / cement
B-10228,small / not screened
B-10229,Mixed / unsure
B-10230,Concrete / cement
B-10231,small / not screened
B-10232,Concrete / cement
B-10233,small / not screened
B-10234,small / not screened
B-10235,Concrete / cement
B-10236,small / not screened
B-10237,Concrete / cement
B-10238,Concrete / cement
B-10239,White / cool coating
B-10240,small / not screened
B-10241,White / cool coating
B-10242,Concrete / cement
B-10243,Mixed / unsure
B-10244,small / not screened
B-10245,Concrete / cement
B-10246,small / not screened
B-10247,small / not screened
B-10248,small / not screened
B-10249,small / not screened
B-10250,small / not screened
B-10251,small / not screened
B-10252,small / not screened
B-10253,Concrete / cement
B-10254,small / not screened
B-10255,Concrete / cement
B-10256,Concrete / cement
B-10257,Concrete / cement
B-10258,Mixed / unsure
B-10259,small / not screened
B-10260,small / not screened
B-10261,small / not screened
B-10262,Concrete / cement
B-10263,Concrete / cement
B-10264,small / not screened
B-10265,small / not screened
B-10266,small / not screened
B-10267,small / not screened
B-10268,small / not screened
B-10269,Concrete / cement
B-10270,small / not screened
B-10271,small / not screened
B-10272,Concrete / cement
B-10273,small / not screened
B-10274,small / not screened
B-10275,Concrete / cement
B-10276,Concrete / cement
B-10277,small / not screened
B-10278,small / not screened
B-10279,Mixed / unsure
B-10280,small / not screened
B-10281,small / not screened
B-10282,small / not screened
B-10283,Concrete / cement
B-10284,Mixed / unsure
B-10285,small / not screened
B-10286,small / not screened
B-10287,Concrete / cement
B-10288,Concrete / cement
B-10289,Concrete / cement
B-10290,Concrete / cement
B-10291,small / not screened
B-10292,Concrete / cement
B-10293,Concrete / cement
B-10294,Mixed / unsure
B-10295,Concrete / cement
B-10296,small / not screened
B-10297,small / not screened
B-10298,small / not screened
B-10299,small / not screened
B-10300,small / not screened
B-10301,small / not screened
B-10302,Concrete / cement
B-10303,small / not screened
B-10304,White / cool coating
B-10305,small / not screened
B-10306,small / not screened
B-10307,Concrete / cement
B-10308,Mixed / unsure
B-10309,small / not screened
B-10310,small / not screened
B-10311,small / not screened
B-10312,small / not screened
B-10313,Mixed / unsure
B-10314,Concrete / cement
B-10315,Concrete / cement
B-10316,White / cool coating
B-10317,White / cool coating
B-10318,Concrete / cement
B-10319,small / not screened
B-10320,Concrete / cement
B-10321,small / not screened
B-10322,small / not screened
B-10323,small / not screened
B-10324,Concrete / cement
B-10325,White / cool coating
B-10326,small / not screened
B-10327,small / not screened
B-10328,Concrete / cement
B-10329,small / not screened
B-10330,small / not screened
B-10331,White / cool coating
B-10332,small / not screened
B-10333,small / not screened
B-10334,small / not screened
B-10335,small / not screened
B-10336,White / cool coating
B-10337,small / not screened
B-10338,small / not screened
B-10339,small / not screened
B-10340,small / not screened
B-10341,Mixed / unsure
B-10342,Concrete / cement
B-10343,Concrete / cement
B-10344,small / not screened
B-10345,Mixed / unsure
B-10346,Concrete / cement
B-10347,Mixed / unsure
B-10348,White / cool coating
B-10349,small / not screened
B-10350,small / not screened
B-10351,small / not screened
B-10352,small / not screened
B-10353,Concrete / cement
B-10354,Concrete / cement
B-10355,small / not screened
B-10356,small / not screened
B-10357,small / not screened
B-10358,small / not screened
B-10359,White / cool coating
B-10360,small / not screened
B-10361,White / cool coating
B-10362,small / not screened
B-10363,White / cool coating
B-10364,small / not screened
B-10365,small / not screened
B-10366,Concrete / cement
B-10367,small / not screened
B-10368,Concrete / cement
B-10369,Concrete / cement
B-10370,small / not screened
B-10371,Concrete / cement
B-10372,Concrete / cement
B-10373,White / cool coating
B-10374,small / not screened
B-10375,small / not screened
B-10376,small / not screened
B-10377,Metal sheet (bare / painted)
B-10378,small / not screened
B-10379,Concrete / cement
B-10380,White / cool coating
B-10381,small / not screened
B-10382,Mixed / unsure
B-10383,small / not screened
B-10384,small / not screened
B-10385,Concrete / cement
B-10386,Concrete / cement
B-10387,small / not screened
B-10388,Concrete / cement
B-10389,Concrete / cement
B-10390,small / not screened
B-10391,small / not screened
B-10392,small / not screened
B-10393,small / not screened
B-10394,small / not screened
B-10395,small / not screened
B-10396,small / not screened
B-10397,small / not screened
B-10398,small / not screened
B-10399,White / cool coating
B-10400,small / not screened
B-10401,small / not screened
B-10402,small / not screened
B-10403,small / not screened
B-10404,small / not screened
B-10405,small / not screened
B-10406,small / not screened
B-10407,small / not screened
B-10408,Concrete / cement
B-10409,small / not screened
B-10410,White / cool coating
B-10411,small / not screened
B-10412,small / not screened
B-10413,Concrete / cement
B-10414,White / cool coating
B-10415,small / not screened
B-10416,small / not screened
B-10417,small / not screened
B-10418,Concrete / cement
B-10419,Concrete / cement
B-10420,Metal sheet (bare / painted)
B-10421,small / not screened
B-10422,small / not screened
B-10423,small / not screened
B-10424,small / not screened
B-10425,small / not screened
B-10426,Concrete / cement
B-10427,small / not screened
B-10428,small / not screened
B-10429,small / not screened
B-10430,Concrete / cement
B-10431,small / not screened
B-10432,small / not screened
B-10433,Mixed / unsure
B-10434,White / cool coating
B-10435,small / not screened
B-10436,White / cool coating
B-10437,Concrete / cement
B-10438,small / not screened
B-10439,Mixed / unsure
B-10440,small / not screened
B-10441,White / cool coating
B-10442,White / cool coating
B-10443,small / not screened
B-10444,White / cool coating
B-10445,Concrete / cement
B-10446,small / not screened
B-10447,small / not screened
B-10448,small / not screened
B-10449,small / not screened
B-10450,White / cool coating
B-10451,Concrete / cement
B-10452,small / not screened
B-10453,Concrete / cement
B-10454,small / not screened
B-10455,small / not screened
B-10456,Concrete / cement
B-10457,Concrete / cement
B-10458,small / not screened
B-10459,Concrete / cement
B-10460,Concrete / cement
B-10461,Concrete / cement
B-10462,Concrete / cement
B-10463,small / not screened
B-10464,Concrete / cement
B-10465,small / not screened
B-10466,small / not screened
B-10467,small / not screened
B-10468,small / not screened
B-10469,small / not screened
B-10470,small / not screened
B-10471,Concrete / cement
B-10472,small / not screened
B-10473,small / not screened
B-10474,small / not screened
B-10475,small / not screened
B-10476,small / not screened
B-10477,small / not screened
B-10478,Concrete / cement
B-10479,small / not screened
B-10480,small / not screened
B-10481,Concrete / cement
B-10482,Mixed / unsure
B-10483,small / not screened
B-10484,White / cool coating
B-10485,White / cool coating
B-10486,small / not screened
B-10487,small / not screened
B-10488,small / not screened
B-10489,small / not screened
B-10490,Mixed / unsure
B-10491,small / not screened
B-10492,small / not screened
B-10493,White / cool coating
B-10494,Concrete / cement
B-10495,small / not screened
B-10496,Metal sheet (bare / painted)
B-10497,Metal sheet (bare / painted)
B-10498,Concrete / cement
B-10499,White / cool coating
B-10500,Concrete / cement
B-10501,Concrete / cement
B-10502,small / not screened
B-10503,small / not screened
B-10504,small / not screened
B-10505,small / not screened
B-10506,small / not screened
B-10507,Mixed / unsure
B-10508,small / not screened
B-10509,small / not screened
B-10510,Mixed / unsure
B-10511,Concrete / cement
B-10512,small / not screened
B-10513,Concrete / cement
B-10514,small / not screened
B-10515,small / not screened
B-10516,White / cool coating
B-10517,Concrete / cement
B-10518,Concrete / cement
B-10519,Concrete / cement
B-10520,small / not screened
B-10521,small / not screened
B-10522,small / not screened
B-10523,small / not screened
B-10524,small / not screened
B-10525,small / not screened
B-10526,White / cool coating
B-10527,Concrete / cement
B-10528,small / not screened
B-10529,small / not screened
B-10530,small / not screened
B-10531,Metal sheet (bare / painted)
B-10532,Mixed / unsure
B-10533,small / not screened
B-10534,small / not screened
B-10535,Concrete / cement
B-10536,White / cool coating
B-10537,small / not screened
B-10538,Metal sheet (bare / painted)
B-10539,small / not screened
B-10540,Concrete / cement
B-10541,Mixed / unsure
B-10542,Mixed / unsure
B-10543,Concrete / cement
B-10544,small / not screened
B-10545,Concrete / cement
B-10546,small / not screened
B-10547,Concrete / cement
B-10548,small / not screened
B-10549,small / not screened
B-10550,small / not screened
B-10551,small / not screened
B-10552,small / not screened
B-10553,small / not screened
B-10554,White / cool coating
B-10555,small / not screened
B-10556,small / not screened
B-10557,small / not screened
B-10558,small / not screened
B-10559,small / not screened
B-10560,Mixed / unsure
B-10561,Concrete / cement
B-10562,small / not screened
B-10563,small / not screened
B-10564,small / not screened
B-10565,Concrete / cement
B-10566,small / not screened
B-10567,small / not screened
B-10568,small / not screened
B-10569,small / not screened
B-10570,small / not screened
B-10571,small / not screened
B-10572,small / not screened
B-10573,small / not screened
B-10574,White / cool coating
B-10575,Concrete / cement
B-10576,White / cool coating
B-10577,Concrete / cement
B-10578,small / not screened
B-10579,small / not screened
B-10580,small / not screened
B-10581,small / not screened
B-10582,Concrete / cement
B-10583,Concrete / cement
B-10584,Concrete / cement
B-10585,small / not screened
B-10586,Concrete / cement
B-10587,Concrete / cement
B-10588,White / cool coating
B-10589,small / not screened
B-10590,small / not screened
B-10591,Mixed / unsure
B-10592,White / cool coating
B-10593,small / not screened
B-10594,small / not screened
B-10595,small / not screened
B-10596,small / not screened
B-10597,small / not screened
B-10598,Mixed / unsure
B-10599,Concrete / cement
B-10600,small / not screened
B-10601,Concrete / cement
B-10602,small / not screened
B-10603,small / not screened
B-10604,small / not screened
B-10605,small / not screened
B-10606,small / not screened
B-10607,small / not screened
B-10608,small / not screened
B-10609,Concrete / cement
B-10610,Concrete / cement
B-10611,small / not screened
B-10612,Concrete / cement
B-10613,small / not screened
B-10614,small / not screened
B-10615,Concrete / cement
B-10616,small / not screened
B-10617,Concrete / cement
B-10618,small / not screened
B-10619,White / cool coating
B-10620,Concrete / cement
B-10621,Concrete / cement
B-10622,small / not screened
B-10623,small / not screened
B-10624,White / cool coating
B-10625,Concrete / cement
B-10626,Concrete / cement
B-10627,small / not screened
B-10628,small / not screened
B-10629,Concrete / cement
B-10630,Concrete / cement
B-10631,Mixed / unsure
B-10632,Concrete / cement
B-10633,Metal sheet (bare / painted)
B-10634,White / cool coating
B-10635,small / not screened
B-10636,small / not screened
B-10637,White / cool coating
B-10638,small / not screened
B-10639,small / not screened
B-10640,small / not screened
B-10641,small / not screened
B-10642,Metal sheet (bare / painted)
B-10643,Mixed / unsure
B-10644,small / not screened
B-10645,small / not screened
B-10646,small / not screened
B-10647,small / not screened
B-10648,Concrete / cement
B-10649,Mixed / unsure
B-10650,Mixed / unsure
B-10651,small / not screened
B-10652,Concrete / cement
B-10653,small / not screened
B-10654,small / not screened
B-10655,small / not screened
B-10656,Metal sheet (bare / painted)
B-10657,small / not screened
B-10658,Concrete / cement
B-10659,small / not screened
B-10660,small / not screened
B-10661,Concrete / cement
B-10662,small / not screened
B-10663,small / not screened
B-10664,small / not screened
B-10665,small / not screened
B-10666,Concrete / cement
B-10667,small / not screened
B-10668,small / not screened
B-10669,small / not screened
B-10670,small / not screened
B-10671,Metal sheet (bare / painted)
B-10672,small / not screened
B-10673,small / not screened
B-10674,small / not screened
B-10675,Metal sheet (bare / painted)
B-10676,Metal sheet (bare / painted)
B-10677,small / not screened
B-10678,Concrete / cement
B-10679,Concrete / cement
B-10680,Concrete / cement
B-10681,small / not screened
B-10682,small / not screened
B-10683,White / cool coating
B-10684,small / not screened
B-10685,small / not screened
B-10686,small / not screened
B-10687,Concrete / cement
B-10688,small / not screened
B-10689,Concrete / cement
B-10690,Concrete / cement
B-10691,small / not screened
B-10692,small / not screened
B-10693,Concrete / cement
B-10694,small / not screened
B-10695,small / not screened
B-10696,Concrete / cement
B-10697,small / not screened
B-10698,Mixed / unsure
B-10699,small / not screened
B-10700,small / not screened
B-10701,Metal sheet (bare / painted)
B-10702,small / not screened
B-10703,small / not screened
B-10704,Mixed / unsure
B-10705,White / cool coating
B-10706,small / not screened
B-10707,small / not screened
B-10708,small / not screened
B-10709,small / not screened
B-10710,small / not screened
B-10711,White / cool coating
B-10712,Concrete / cement
B-10713,small / not screened
B-10714,small / not screened
B-10715,small / not screened
B-10716,small / not screened
B-10717,Concrete / cement
B-10718,small / not screened
B-10719,Mixed / unsure
B-10720,small / not screened
B-10721,Concrete / cement
B-10722,small / not screened
B-10723,small / not screened
B-10724,small / not screened
B-10725,small / not screened
B-10726,small / not screened
B-10727,small / not screened
B-10728,small / not screened
B-10729,Mixed / unsure
B-10730,small / not screened
B-10731,Concrete / cement
B-10732,small / not screened
B-10733,Concrete / cement
B-10734,Concrete / cement
B-10735,White / cool coating
B-10736,small / not screened
B-10737,small / not screened
B-10738,Mixed / unsure
B-10739,small / not screened
B-10740,small / not screened
B-10741,small / not screened
B-10742,small / not screened
B-10743,Mixed / unsure
B-10744,small / not screened
B-10745,Metal sheet (bare / painted)
B-10746,small / not screened
B-10747,small / not screened
B-10748,Concrete / cement
B-10749,Mixed / unsure
B-10750,small / not screened
B-10751,small / not screened
B-10752,Concrete / cement
B-10753,Concrete / cement
B-10754,small / not screened
B-10755,small / not screened
B-10756,White / cool coating
B-10757,small / not screened
B-10758,small / not screened
B-10759,Concrete / cement
B-10760,Concrete / cement
B-10761,Metal sheet (bare / painted)
B-10762,small / not screened
B-10763,small / not screened
B-10764,Mixed / unsure
B-10765,Concrete / cement
B-10766,Concrete / cement
B-10767,Concrete / cement
B-10768,small / not screened
B-10769,Metal sheet (bare / painted)
B-10770,small / not screened
B-10771,small / not screened
B-10772,small / not screened
B-10773,small / not screened
B-10774,small / not screened
B-10775,small / not screened
B-10776,Concrete / cement
B-10777,small / not screened
B-10778,small / not screened
B-10779,Concrete / cement
B-10780,small / not screened
B-10781,small / not screened
B-10782,small / not screened
B-10783,small / not screened
B-10784,Mixed / unsure
B-10785,small / not screened
B-10786,small / not screened
B-10787,small / not screened
B-10788,White / cool coating
B-10789,White / cool coating
B-10790,small / not screened
B-10791,Concrete / cement
B-10792,small / not screened
B-10793,small / not screened
B-10794,small / not screened
B-10795,Concrete / cement
B-10796,Concrete / cement
B-10797,small / not screened
B-10798,Concrete / cement
B-10799,small / not screened
B-10800,small / not screened
B-10801,small / not screened
B-10802,Concrete / cement
B-10803,small / not screened
B-10804,Concrete / cement
B-10805,White / cool coating
B-10806,small / not screened
B-10807,Concrete / cement
B-10808,small / not screened
B-10809,small / not screened
B-10810,White / cool coating
B-10811,Concrete / cement
B-10812,small / not screened
B-10813,White / cool coating
B-10814,small / not screened
B-10815,small / not screened
B-10816,small / not screened
B-10817,White / cool coating
B-10818,small / not screened
B-10819,small / not screened
B-10820,Mixed / unsure
B-10821,small / not screened
B-10822,Concrete / cement
B-10823,small / not screened
B-10824,small / not screened
B-10825,small / not screened
B-10826,small / not screened
B-10827,small / not screened
B-10828,Concrete / cement
B-10829,small / not screened
B-10830,small / not screened
B-10831,small / not screened
B-10832,Mixed / unsure
B-10833,Concrete / cement
B-10834,small / not screened
B-10835,Concrete / cement
B-10836,small / not screened
B-10837,Concrete / cement
B-10838,White / cool coating
B-10839,small / not screened
B-10840,Metal sheet (bare / painted)
B-10841,Concrete / cement
B-10842,small / not screened
B-10843,small / not screened
B-10844,small / not screened
B-10845,small / not screened
B-10846,small / not screened
B-10847,Concrete / cement
B-10848,small / not screened
B-10849,small / not screened
B-10850,small / not screened
B-10851,small / not screened
B-10852,small / not screened
B-10853,small / not screened
B-10854,Concrete / cement
B-10855,small / not screened
B-10856,small / not screened
B-10857,small / not screened
B-10858,small / not screened
B-10859,small / not screened
B-10860,White / cool coating
B-10861,Concrete / cement
B-10862,small / not screened
B-10863,White / cool coating
B-10864,Concrete / cement
B-10865,small / not screened
B-10866,Concrete / cement
B-10867,Concrete / cement
B-10868,small / not screened
B-10869,small / not screened
B-10870,Concrete / cement
B-10871,small / not screened
B-10872,Concrete / cement
B-10873,small / not screened
B-10874,White / cool coating
B-10875,small / not screened
B-10876,small / not screened
B-10877,small / not screened
B-10878,small / not screened
B-10879,small / not screened
B-10880,small / not screened
B-10881,small / not screened
B-10882,Mixed / unsure
B-10883,Concrete / cement
B-10884,small / not screened
B-10885,Concrete / cement
B-10886,small / not screened
B-10887,White / cool coating
B-10888,small / not screened
B-10889,small / not screened
B-10890,small / not screened
B-10891,Concrete / cement
B-10892,small / not screened
B-10893,small / not screened
B-10894,small / not screened
B-10895,Concrete / cement
B-10896,Mixed / unsure
B-10897,Concrete / cement
B-10898,small / not screened
B-10899,Mixed / unsure
B-10900,small / not screened
B-10901,small / not screened
B-10902,small / not screened
B-10903,small / not screened
B-10904,small / not screened
B-10905,small / not screened
B-10906,small / not screened
B-10907,Concrete / cement
B-10908,small / not screened
B-10909,small / not screened
B-10910,small / not screened
B-10911,small / not screened
B-10912,Concrete / cement
B-10913,small / not screened
B-10914,small / not screened
B-10915,small / not screened
B-10916,small / not screened
B-10917,small / not screened
B-10918,small / not screened
B-10919,small / not screened
B-10920,small / not screened
B-10921,small / not screened
B-10922,small / not screened
B-10923,Concrete / cement
B-10924,small / not screened
B-10925,Metal sheet (bare / painted)
B-10926,small / not screened
B-10927,small / not screened
B-10928,small / not screened
B-10929,small / not screened
B-10930,White / cool coating
B-10931,small / not screened
B-10932,small / not screened
B-10933,small / not screened
B-10934,small / not screened
B-10935,small / not screened
B-10936,Mixed / unsure
B-10937,Concrete / cement
B-10938,Concrete / cement
B-10939,Concrete / cement
B-10940,Concrete / cement
B-10941,White / cool coating
B-10942,small / not screened
B-10943,small / not screened
B-10944,Concrete / cement
B-10945,White / cool coating
B-10946,Concrete / cement
B-10947,small / not screened
B-10948,White / cool coating
B-10949,small / not screened
B-10950,small / not screened
B-10951,small / not screened
B-10952,small / not screened
B-10953,White / cool coating
B-10954,Concrete / cement
B-10955,Concrete / cement
B-10956,Metal sheet (bare / painted)
B-10957,small / not screened
B-10958,White / cool coating
B-10959,Concrete / cement
B-10960,Metal sheet (bare / painted)
B-10961,small / not screened
B-10962,small / not screened
B-10963,small / not screened
B-10964,small / not screened
B-10965,small / not screened
B-10966,small / not screened
B-10967,small / not screened
B-10968,small / not screened
B-10969,small / not screened
B-10970,White / cool coating
B-10971,Concrete / cement
B-10972,small / not screened
B-10973,White / cool coating
B-10974,small / not screened
B-10975,small / not screened
B-10976,small / not screened
B-10977,White / cool coating
B-10978,Concrete / cement
B-10979,small / not screened
B-10980,White / cool coating
B-10981,small / not screened
B-10982,small / not screened
B-10983,small / not screened
B-10984,small / not screened
B-10985,small / not screened
B-10986,Concrete / cement
B-10987,Concrete / cement
B-10988,small / not screened
B-10989,Concrete / cement
B-10990,small / not screened
B-10991,small / not screened
B-10992,small / not screened
B-10993,small / not screened
B-10994,Concrete / cement
B-10995,small / not screened
B-10996,small / not screened
B-10997,small / not screened
B-10998,Mixed / unsure
B-10999,Concrete / cement
B-11000,small / not screened
B-11001,Concrete / cement
B-11002,Mixed / unsure
B-11003,Concrete / cement
B-11004,small / not screened
B-11005,small / not screened
B-11006,Concrete / cement
B-11007,Metal sheet (bare / painted)
B-11008,small / not screened
B-11009,small / not screened
B-11010,small / not screened
B-11011,small / not screened
B-11012,small / not screened
B-11013,small / not screened
B-11014,small / not screened
B-11015,small / not screened
B-11016,White / cool coating
B-11017,small / not screened
B-11018,small / not screened
B-11019,small / not screened
B-11020,Concrete / cement
B-11021,White / cool coating
B-11022,small / not screened
B-11023,small / not screened
B-11024,Metal sheet (bare / painted)
B-11025,small / not screened
B-11026,Concrete / cement
B-11027,Concrete / cement
B-11028,small / not screened
B-11029,small / not screened
B-11030,small / not screened
B-11031,Concrete / cement
B-11032,White / cool coating
B-11033,small / not screened
B-11034,small / not screened
B-11035,White / cool coating
B-11036,Concrete / cement
B-11037,small / not screened
B-11038,small / not screened
B-11039,small / not screened
B-11040,small / not screened
B-11041,small / not screened
B-11042,Concrete / cement
B-11043,small / not screened
B-11044,Concrete / cement
B-11045,small / not screened
B-11046,Mixed / unsure
B-11047,Concrete / cement
B-11048,small / not screened
B-11049,small / not screened
B-11050,Concrete / cement
B-11051,small / not screened
B-11052,small / not screened
B-11053,small / not screened
B-11054,small / not screened
B-11055,small / not screened
B-11056,Mixed / unsure
B-11057,small / not screened
B-11058,Concrete / cement
B-11059,small / not screened
B-11060,Concrete / cement
B-11061,Mixed / unsure
B-11062,small / not screened
B-11063,Concrete / cement
B-11064,small / not screened
B-11065,Mixed / unsure
B-11066,small / not screened
B-11067,small / not screened
B-11068,Mixed / unsure
B-11069,small / not screened
B-11070,small / not screened
B-11071,small / not screened
B-11072,small / not screened
B-11073,small / not screened
B-11074,small / not screened
B-11075,small / not screened
B-11076,Concrete / cement
B-11077,small / not screened
B-11078,small / not screened
B-11079,small / not screened
B-11080,small / not screened
B-11081,small / not screened
B-11082,White / cool coating
B-11083,Concrete / cement
B-11084,small / not screened
B-11085,Concrete / cement
B-11086,small / not screened
B-11087,Concrete / cement
B-11088,Concrete / cement
B-11089,small / not screened
B-11090,Concrete / cement
B-11091,small / not screened
B-11092,small / not screened
B-11093,small / not screened
B-11094,Concrete / cement
B-11095,Concrete / cement
B-11096,Concrete / cement
B-11097,Concrete / cement
B-11098,small / not screened
B-11099,small / not screened
B-11100,Concrete / cement
B-11101,Concrete / cement
B-11102,Concrete / cement
B-11103,Concrete / cement
B-11104,Concrete / cement
B-11105,small / not screened
B-11106,Concrete / cement
B-11107,White / cool coating
B-11108,small / not screened
B-11109,small / not screened
B-11110,small / not screened
B-11111,Concrete / cement
B-11112,Mixed / unsure
B-11113,small / not screened
B-11114,small / not screened
B-11115,White / cool coating
B-11116,Concrete / cement
B-11117,small / not screened
B-11118,Concrete / cement
B-11119,Concrete / cement
B-11120,small / not screened
B-11121,small / not screened
B-11122,small / not screened
B-11123,Mixed / unsure
B-11124,White / cool coating
B-11125,small / not screened
B-11126,White / cool coating
B-11127,Metal sheet (bare / painted)
B-11128,small / not screened
B-11129,Concrete / cement
B-11130,small / not screened
B-11131,small / not screened
B-11132,small / not screened
B-11133,Mixed / unsure
B-11134,Concrete / cement
B-11135,White / cool coating
B-11136,small / not screened
B-11137,small / not screened
B-11138,White / cool coating
B-11139,small / not screened
B-11140,small / not screened
B-11141,small / not screened
B-11142,small / not screened
B-11143,small / not screened
B-11144,small / not screened
B-11145,small / not screened
B-11146,Concrete / cement
B-11147,White / cool coating
B-11148,Mixed / unsure
B-11149,small / not screened
B-11150,small / not screened
B-11151,Mixed / unsure
B-11152,small / not screened
B-11153,Mixed / unsure
B-11154,small / not screened
B-11155,small / not screened
B-11156,small / not screened
B-11157,small / not screened
B-11158,Concrete / cement
B-11159,small / not screened
B-11160,small / not screened
B-11161,White / cool coating
B-11162,small / not screened
B-11163,small / not screened
B-11164,Mixed / unsure
B-11165,small / not screened
B-11166,small / not screened
B-11167,small / not screened
B-11168,Concrete / cement
B-11169,small / not screened
B-11170,small / not screened
B-11171,small / not screened
B-11172,Concrete / cement
B-11173,small / not screened
B-11174,Concrete / cement
B-11175,small / not screened
B-11176,Mixed / unsure
B-11177,small / not screened
B-11178,Concrete / cement
B-11179,small / not screened
B-11180,small / not screened
B-11181,Concrete / cement
B-11182,small / not screened
B-11183,small / not screened
B-11184,small / not screened
B-11185,small / not screened
B-11186,Metal sheet (bare / painted)
B-11187,small / not screened
B-11188,small / not screened
B-11189,Concrete / cement
B-11190,Concrete / cement
B-11191,Concrete / cement
B-11192,small / not screened
B-11193,Concrete / cement
B-11194,Concrete / cement
B-11195,small / not screened
B-11196,White / cool coating
B-11197,Concrete / cement
B-11198,small / not screened
B-11199,small / not screened
B-11200,small / not screened
B-11201,Mixed / unsure
B-11202,White / cool coating
B-11203,small / not screened
B-11204,Concrete / cement
B-11205,small / not screened
B-11206,Concrete / cement
B-11207,Mixed / unsure
B-11208,small / not screened
B-11209,small / not screened
B-11210,Concrete / cement
B-11211,small / not screened
B-11212,small / not screened
B-11213,Concrete / cement
B-11214,small / not screened
B-11215,Mixed / unsure
B-11216,small / not screened
B-11217,small / not screened
B-11218,small / not screened
B-11219,small / not screened
B-11220,small / not screened
B-11221,Concrete / cement
B-11222,Concrete / cement
B-11223,small / not screened
B-11224,Concrete / cement
B-11225,Concrete / cement
B-11226,Concrete / cement
B-11227,Concrete / cement
B-11228,White / cool coating
B-11229,Mixed / unsure
B-11230,small / not screened
B-11231,Metal sheet (bare / painted)
B-11232,Concrete / cement
B-11233,small / not screened
B-11234,Concrete / cement
B-11235,small / not screened
B-11236,Concrete / cement
B-11237,Concrete / cement
B-11238,Concrete / cement
B-11239,small / not screened
B-11240,small / not screened
B-11241,Concrete / cement
B-11242,Concrete / cement
B-11243,Concrete / cement
B-11244,White / cool coating
B-11245,Concrete / cement
B-11246,small / not screened
B-11247,small / not screened
B-11248,small / not screened
B-11249,small / not screened
B-11250,Concrete / cement
B-11251,small / not screened
B-11252,small / not screened
B-11253,Concrete / cement
B-11254,small / not screened
B-11255,White / cool coating
B-11256,Concrete / cement
B-11257,small / not screened
B-11258,Concrete / cement
B-11259,Concrete / cement
B-11260,Concrete / cement
B-11261,small / not screened
B-11262,small / not screened
B-11263,small / not screened
B-11264,small / not screened
B-11265,Concrete / cement
B-11266,small / not screened
B-11267,Concrete / cement
B-11268,small / not screened
B-11269,Metal sheet (bare / painted)
B-11270,Concrete / cement
B-11271,Concrete / cement
B-11272,small / not screened
B-11273,small / not screened
B-11274,small / not screened
B-11275,Metal sheet (bare / painted)
B-11276,small / not screened
B-11277,small / not screened
B-11278,Concrete / cement
B-11279,Concrete / cement
B-11280,Concrete / cement
B-11281,small / not screened
B-11282,Concrete / cement
B-11283,small / not screened
B-11284,small / not screened
B-11285,Concrete / cement
B-11286,White / cool coating
B-11287,Mixed / unsure
B-11288,small / not screened
B-11289,Concrete / cement
B-11290,small / not screened
B-11291,small / not screened
B-11292,White / cool coating
B-11293,small / not screened
B-11294,Concrete / cement
B-11295,Concrete / cement
B-11296,small / not screened
B-11297,small / not screened
B-11298,small / not screened
B-11299,White / cool coating
B-11300,Concrete / cement
B-11301,small / not screened
B-11302,small / not screened
B-11303,small / not screened
B-11304,small / not screened
B-11305,small / not screened
B-11306,small / not screened
B-11307,White / cool coating
B-11308,small / not screened
B-11309,small / not screened
B-11310,Concrete / cement
B-11311,Mixed / unsure
B-11312,small / not screened
B-11313,small / not screened
B-11314,small / not screened
B-11315,small / not screened
B-11316,small / not screened
B-11317,small / not screened
B-11318,small / not screened
B-11319,small / not screened
B-11320,small / not screened
B-11321,small / not screened
B-11322,Concrete / cement
B-11323,White / cool coating
B-11324,small / not screened
B-11325,Mixed / unsure
B-11326,Concrete / cement
B-11327,Concrete / cement
B-11328,small / not screened
B-11329,small / not screened
B-11330,small / not screened
B-11331,small / not screened
B-11332,small / not screened
B-11333,Metal sheet (bare / painted)
B-11334,small / not screened
B-11335,small / not screened
B-11336,White / cool coating
B-11337,Concrete / cement
B-11338,Metal sheet (bare / painted)
B-11339,small / not screened
B-11340,small / not screened
B-11341,Concrete / cement
B-11342,small / not screened
B-11343,Concrete / cement
B-11344,Mixed / unsure
B-11345,White / cool coating
B-11346,Mixed / unsure
B-11347,small / not screened
B-11348,White / cool coating
B-11349,small / not screened
B-11350,Concrete / cement
B-11351,Mixed / unsure
B-11352,small / not screened
B-11353,small / not screened
B-11354,small / not screened
B-11355,Metal sheet (bare / painted)
B-11356,small / not screened
B-11357,small / not screened
B-11358,small / not screened
B-11359,small / not screened
B-11360,small / not screened
B-11361,Concrete / cement
B-11362,White / cool coating
B-11363,Concrete / cement
B-11364,Concrete / cement
B-11365,Concrete / cement
B-11366,Mixed / unsure
B-11367,small / not screened
B-11368,Concrete / cement
B-11369,Concrete / cement
B-11370,Bitumen / dark membrane
B-11371,Concrete / cement
B-11372,White / cool coating
B-11373,small / not screened
B-11374,small / not screened
B-11375,Concrete / cement
B-11376,White / cool coating
B-11377,Concrete / cement
B-11378,small / not screened
B-11379,Concrete / cement
B-11380,small / not screened
B-11381,small / not screened
B-11382,small / not screened
B-11383,small / not screened
B-11384,Concrete / cement
B-11385,Concrete / cement
B-11386,small / not screened
B-11387,small / not screened
B-11388,Metal sheet (bare / painted)
B-11389,Metal sheet (bare / painted)
B-11390,Concrete / cement
B-11391,small / not screened
B-11392,small / not screened
B-11393,White / cool coating
B-11394,Concrete / cement
B-11395,small / not screened
B-11396,small / not screened
B-11397,small / not screened
B-11398,Concrete / cement
B-11399,small / not screened
B-11400,Concrete / cement
B-11401,Concrete / cement
B-11402,White / cool coating
B-11403,small / not screened
B-11404,small / not screened
B-11405,Concrete / cement
B-11406,Metal sheet (bare / painted)
B-11407,Mixed / unsure
B-11408,Mixed / unsure
B-11409,Concrete / cement
B-11410,small / not screened
B-11411,small / not screened
B-11412,small / not screened
B-11413,small / not screened
B-11414,small / not screened
B-11415,small / not screened
B-11416,small / not screened
B-11417,small / not screened
B-11418,small / not screened
B-11419,small / not screened
B-11420,small / not screened
B-11421,White / cool coating
B-11422,small / not screened
B-11423,Concrete / cement
B-11424,Concrete / cement
B-11425,small / not screened
B-11426,Concrete / cement
B-11427,Concrete / cement
B-11428,small / not screened
B-11429,small / not screened
B-11430,small / not screened
B-11431,Metal sheet (bare / painted)
B-11432,small / not screened
B-11433,small / not screened
B-11434,small / not screened
B-11435,small / not screened
B-11436,Concrete / cement
B-11437,small / not screened
B-11438,small / not screened
B-11439,Concrete / cement
B-11440,Concrete / cement
B-11441,small / not screened
B-11442,small / not screened
B-11443,Concrete / cement
B-11444,Concrete / cement
B-11445,small / not screened
B-11446,small / not screened
B-11447,Concrete / cement
B-11448,small / not screened
B-11449,small / not screened
B-11450,Concrete / cement
B-11451,Concrete / cement
B-11452,Concrete / cement
B-11453,small / not screened
B-11454,small / not screened
B-11455,Mixed / unsure
B-11456,Concrete / cement
B-11457,Mixed / unsure
B-11458,Metal sheet (bare / painted)
B-11459,small / not screened
B-11460,small / not screened
B-11461,small / not screened
B-11462,Concrete / cement
B-11463,small / not screened
B-11464,White / cool coating
B-11465,White / cool coating
B-11466,Concrete / cement
B-11467,small / not screened
B-11468,small / not screened
B-11469,small / not screened
B-11470,Concrete / cement
B-11471,small / not screened
B-11472,small / not screened
B-11473,small / not screened
B-11474,Concrete / cement
B-11475,Concrete / cement
B-11476,Metal sheet (bare / painted)
B-11477,small / not screened
B-11478,small / not screened
B-11479,small / not screened
B-11480,small / not screened
B-11481,Concrete / cement
B-11482,Concrete / cement
B-11483,Mixed / unsure
B-11484,small / not screened
B-11485,small / not screened
B-11486,White / cool coating
B-11487,Concrete / cement
B-11488,Mixed / unsure
B-11489,Mixed / unsure
B-11490,small / not screened
B-11491,Concrete / cement
B-11492,small / not screened
B-11493,Metal sheet (bare / painted)
B-11494,Concrete / cement
B-11495,small / not screened
B-11496,Metal sheet (bare / painted)
B-11497,small / not screened
B-11498,small / not screened
B-11499,Mixed / unsure
B-11500,small / not screened
B-11501,White / cool coating
B-11502,Concrete / cement
B-11503,small / not screened
B-11504,Metal sheet (bare / painted)
B-11505,small / not screened
B-11506,small / not screened
B-11507,Mixed / unsure
B-11508,small / not screened
B-11509,small / not screened
B-11510,small / not screened
B-11511,Concrete / cement
B-11512,Concrete / cement
B-11513,Concrete / cement
B-11514,White / cool coating
B-11515,small / not screened
B-11516,Concrete / cement
B-11517,small / not screened
B-11518,small / not screened
B-11519,small / not screened
B-11520,White / cool coating
B-11521,Concrete / cement
B-11522,Mixed / unsure
B-11523,Concrete / cement
B-11524,small / not screened
B-11525,small / not screened
B-11526,small / not screened
B-11527,small / not screened
B-11528,Concrete / cement
B-11529,Concrete / cement
B-11530,small / not screened
B-11531,small / not screened
B-11532,Concrete / cement
B-11533,small / not screened
B-11534,Concrete / cement
B-11535,small / not screened
B-11536,White / cool coating
B-11537,small / not screened
B-11538,Concrete / cement
B-11539,Concrete / cement
B-11540,small / not screened
B-11541,small / not screened
B-11542,White / cool coating
B-11543,Concrete / cement
B-11544,small / not screened
B-11545,small / not screened
B-11546,small / not screened
B-11547,small / not screened
B-11548,small / not screened
B-11549,small / not screened
B-11550,small / not screened
B-11551,Mixed / unsure
B-11552,Concrete / cement
B-11553,small / not screened
B-11554,small / not screened
B-11555,small / not screened
B-11556,small / not screened
B-11557,Concrete / cement
B-11558,small / not screened
B-11559,Concrete / cement
B-11560,Concrete / cement
B-11561,small / not screened
B-11562,small / not screened
B-11563,White / cool coating
B-11564,Mixed / unsure
B-11565,small / not screened
B-11566,small / not screened
B-11567,Concrete / cement
B-11568,small / not screened
B-11569,small / not screened
B-11570,small / not screened
B-11571,Concrete / cement
B-11572,small / not screened
B-11573,Concrete / cement
B-11574,Mixed / unsure
B-11575,Mixed / unsure
B-11576,White / cool coating
B-11577,small / not screened
B-11578,small / not screened
B-11579,small / not screened
B-11580,Concrete / cement
B-11581,small / not screened
B-11582,small / not screened
B-11583,small / not screened
B-11584,small / not screened
B-11585,small / not screened
B-11586,Concrete / cement
B-11587,small / not screened
B-11588,White / cool coating
B-11589,small / not screened
B-11590,small / not screened
B-11591,Concrete / cement
B-11592,Concrete / cement
B-11593,small / not screened
B-11594,small / not screened
B-11595,Concrete / cement
B-11596,small / not screened
B-11597,Concrete / cement
B-11598,Concrete / cement
B-11599,White / cool coating
B-11600,Concrete / cement
B-11601,small / not screened
B-11602,small / not screened
B-11603,Concrete / cement
B-11604,Concrete / cement
B-11605,small / not screened
B-11606,Metal sheet (bare / painted)
B-11607,Concrete / cement
B-11608,small / not screened
B-11609,Metal sheet (bare / painted)
B-11610,White / cool coating
B-11611,small / not screened
B-11612,Mixed / unsure
B-11613,Concrete / cement
B-11614,Metal sheet (bare / painted)
B-11615,small / not screened
B-11616,Mixed / unsure
B-11617,small / not screened
B-11618,small / not screened
B-11619,Metal sheet (bare / painted)
B-11620,Concrete / cement
B-11621,small / not screened
B-11622,Concrete / cement
B-11623,small / not screened
B-11624,Mixed / unsure
B-11625,small / not screened
B-11626,White / cool coating
B-11627,small / not screened
B-11628,small / not screened
B-11629,Concrete / cement
B-11630,small / not screened
B-11631,Concrete / cement
B-11632,Concrete / cement
B-11633,small / not screened
B-11634,White / cool coating
B-11635,Concrete / cement
B-11636,Concrete / cement
B-11637,small / not screened
B-11638,small / not screened
B-11639,small / not screened
B-11640,Concrete / cement
B-11641,Concrete / cement
B-11642,small / not screened
B-11643,small / not screened
B-11644,small / not screened
B-11645,small / not screened
B-11646,small / not screened
B-11647,small / not screened
B-11648,White / cool coating
B-11649,White / cool coating
B-11650,small / not screened
B-11651,Concrete / cement
B-11652,small / not screened
B-11653,Concrete / cement
B-11654,small / not screened
B-11655,small / not screened
B-11656,small / not screened
B-11657,small / not screened
B-11658,Mixed / unsure
B-11659,small / not screened
B-11660,White / cool coating
B-11661,small / not screened
B-11662,Concrete / cement
B-11663,Metal sheet (bare / painted)
B-11664,small / not screened
B-11665,Concrete / cement
B-11666,Bitumen / dark membrane
B-11667,Concrete / cement
B-11668,small / not screened
B-11669,small / not screened
B-11670,small / not screened
B-11671,small / not screened
B-11672,Concrete / cement
B-11673,small / not screened
B-11674,small / not screened
B-11675,small / not screened
B-11676,Concrete / cement
B-11677,small / not screened
B-11678,Concrete / cement
B-11679,Concrete / cement
B-11680,Concrete / cement
B-11681,Concrete / cement
B-11682,small / not screened
B-11683,White / cool coating
B-11684,small / not screened
B-11685,small / not screened
B-11686,Concrete / cement
B-11687,small / not screened
B-11688,White / cool coating
B-11689,Concrete / cement
B-11690,White / cool coating
B-11691,Concrete / cement
B-11692,small / not screened
B-11693,small / not screened
B-11694,Concrete / cement
B-11695,small / not screened
B-11696,small / not screened
B-11697,White / cool coating
B-11698,small / not screened
B-11699,Concrete / cement
B-11700,small / not screened
B-11701,Concrete / cement
B-11702,Concrete / cement
B-11703,small / not screened
B-11704,Concrete / cement
B-11705,Concrete / cement
B-11706,small / not screened
B-11707,Concrete / cement
B-11708,Concrete / cement
B-11709,small / not screened
B-11710,small / not screened
B-11711,small / not screened
B-11712,Mixed / unsure
B-11713,White / cool coating
B-11714,small / not screened
B-11715,small / not screened
B-11716,small / not screened
B-11717,small / not screened
B-11718,small / not screened
B-11719,small / not screened
B-11720,Concrete / cement
B-11721,small / not screened
B-11722,Concrete / cement
B-11723,small / not screened
B-11724,Concrete / cement
B-11725,Mixed / unsure
B-11726,Metal sheet (bare / painted)
B-11727,Concrete / cement
B-11728,small / not screened
B-11729,small / not screened
B-11730,Mixed / unsure
B-11731,White / cool coating
B-11732,small / not screened
B-11733,Concrete / cement
B-11734,Concrete / cement
B-11735,White / cool coating
B-11736,small / not screened
B-11737,Concrete / cement
B-11738,small / not screened
B-11739,small / not screened
B-11740,Concrete / cement
B-11741,small / not screened
B-11742,Concrete / cement
B-11743,small / not screened
B-11744,small / not screened
B-11745,Concrete / cement
B-11746,small / not screened
B-11747,small / not screened
B-11748,Concrete / cement
B-11749,Concrete / cement
B-11750,small / not screened
B-11751,small / not screened
B-11752,Concrete / cement
B-11753,small / not screened
B-11754,Concrete / cement
B-11755,Concrete / cement
B-11756,small / not screened
B-11757,Concrete / cement
B-11758,White / cool coating
B-11759,small / not screened
B-11760,small / not screened
B-11761,Concrete / cement
B-11762,small / not screened
B-11763,small / not screened
B-11764,small / not screened
B-11765,small / not screened
B-11766,small / not screened
B-11767,small / not screened
B-11768,small / not screened
B-11769,small / not screened
B-11770,small / not screened
B-11771,Concrete / cement
B-11772,small / not screened
B-11773,Concrete / cement
B-11774,small / not screened
B-11775,Concrete / cement
B-11776,White / cool coating
B-11777,small / not screened
B-11778,small / not screened
B-11779,small / not screened
B-11780,Concrete / cement
B-11781,small / not screened
B-11782,Mixed / unsure
B-11783,Concrete / cement
B-11784,Metal sheet (bare / painted)
B-11785,small / not screened
B-11786,small / not screened
B-11787,small / not screened
B-11788,small / not screened
B-11789,small / not screened
B-11790,small / not screened
B-11791,White / cool coating
B-11792,Concrete / cement
B-11793,small / not screened
B-11794,Mixed / unsure
B-11795,small / not screened
B-11796,Concrete / cement
B-11797,Concrete / cement
B-11798,White / cool coating
B-11799,White / cool coating
B-11800,Concrete / cement
B-11801,Concrete / cement
B-11802,small / not screened
B-11803,small / not screened
B-11804,small / not screened
B-11805,Mixed / unsure
B-11806,small / not screened
B-11807,White / cool coating
B-11808,White / cool coating
B-11809,small / not screened
B-11810,small / not screened
B-11811,Concrete / cement
B-11812,small / not screened
B-11813,small / not screened
B-11814,small / not screened
B-11815,small / not screened
B-11816,small / not screened
B-11817,small / not screened
B-11818,small / not screened
B-11819,small / not screened
B-11820,Concrete / cement
B-11821,small / not screened
B-11822,small / not screened
B-11823,small / not screened
B-11824,Mixed / unsure
B-11825,Mixed / unsure
B-11826,small / not screened
B-11827,Mixed / unsure
B-11828,Metal sheet (bare / painted)
B-11829,small / not screened
B-11830,small / not screened
B-11831,Concrete / cement
B-11832,Concrete / cement
B-11833,small / not screened
B-11834,small / not screened
B-11835,small / not screened
B-11836,small / not screened
B-11837,Concrete / cement
B-11838,White / cool coating
B-11839,Concrete / cement
B-11840,small / not screened
B-11841,small / not screened
B-11842,White / cool coating
B-11843,Concrete / cement
B-11844,Concrete / cement
B-11845,Concrete / cement
B-11846,small / not screened
B-11847,Concrete / cement
B-11848,small / not screened
B-11849,small / not screened
B-11850,small / not screened
B-11851,small / not screened
B-11852,small / not screened
B-11853,Concrete / cement
B-11854,Concrete / cement
B-11855,small / not screened
B-11856,small / not screened
B-11857,small / not screened
B-11858,small / not screened
B-11859,Concrete / cement
B-11860,small / not screened
B-11861,Concrete / cement
B-11862,small / not screened
B-11863,small / not screened
B-11864,Concrete / cement
B-11865,small / not screened
B-11866,Mixed / unsure
B-11867,Concrete / cement
B-11868,small / not screened
B-11869,White / cool coating
B-11870,small / not screened
B-11871,Concrete / cement
B-11872,small / not screened
B-11873,Concrete / cement
B-11874,White / cool coating
B-11875,Concrete / cement
B-11876,Concrete / cement
B-11877,small / not screened
B-11878,small / not screened
B-11879,small / not screened
B-11880,small / not screened
B-11881,small / not screened
B-11882,small / not screened
B-11883,White / cool coating
B-11884,White / cool coating
B-11885,small / not screened
B-11886,small / not screened
B-11887,White / cool coating
B-11888,small / not screened
B-11889,small / not screened
B-11890,Concrete / cement
B-11891,small / not screened
B-11892,Concrete / cement
B-11893,small / not screened
B-11894,Mixed / unsure
B-11895,Mixed / unsure
B-11896,small / not screened
B-11897,Concrete / cement
B-11898,Metal sheet (bare / painted)
B-11899,small / not screened
B-11900,small / not screened
B-11901,small / not screened
B-11902,small / not screened
B-11903,Concrete / cement
B-11904,small / not screened
B-11905,Concrete / cement
B-11906,small / not screened
B-11907,Concrete / cement
B-11908,small / not screened
B-11909,Concrete / cement
B-11910,Concrete / cement
B-11911,Concrete / cement
B-11912,small / not screened
B-11913,small / not screened
B-11914,Concrete / cement
B-11915,small / not screened
B-11916,small / not screened
B-11917,small / not screened
B-11918,small / not screened
B-11919,Concrete / cement
B-11920,Concrete / cement
B-11921,Concrete / cement
B-11922,small / not screened
B-11923,Mixed / unsure
B-11924,White / cool coating
B-11925,small / not screened
B-11926,Mixed / unsure
B-11927,Concrete / cement
B-11928,Concrete / cement
B-11929,small / not screened
B-11930,Concrete / cement
B-11931,small / not screened
B-11932,Concrete / cement
B-11933,Mixed / unsure
B-11934,small / not screened
B-11935,small / not screened
B-11936,Concrete / cement
B-11937,Concrete / cement
B-11938,small / not screened
B-11939,small / not screened
B-11940,small / not screened
B-11941,small / not screened
B-11942,small / not screened
B-11943,small / not screened
B-11944,small / not screened
B-11945,small / not screened
B-11946,small / not screened
B-11947,small / not screened
B-11948,small / not screened
B-11949,White / cool coating
B-11950,Concrete / cement
B-11951,small / not screened
B-11952,small / not screened
B-11953,Concrete / cement
B-11954,small / not screened
B-11955,small / not screened
B-11956,small / not screened
B-11957,Concrete / cement
B-11958,small / not screened
B-11959,small / not screened
B-11960,small / not screened
B-11961,small / not screened
B-11962,Concrete / cement
B-11963,Concrete / cement
B-11964,small / not screened
B-11965,small / not screened
B-11966,small / not screened
B-11967,Metal sheet (bare / painted)
B-11968,Concrete / cement
B-11969,small / not screened
B-11970,small / not screened
B-11971,small / not screened
B-11972,small / not screened
B-11973,small / not screened
B-11974,small / not screened
B-11975,small / not screened
B-11976,Mixed / unsure
B-11977,small / not screened
B-11978,small / not screened
B-11979,small / not screened
B-11980,small / not screened
B-11981,small / not screened
B-11982,Mixed / unsure
B-11983,small / not screened
B-11984,Concrete / cement
B-11985,small / not screened
B-11986,Concrete / cement
B-11987,small / not screened
B-11988,small / not screened
B-11989,Mixed / unsure
B-11990,small / not screened
B-11991,Concrete / cement
B-11992,small / not screened
B-11993,small / not screened
B-11994,Concrete / cement
B-11995,small / not screened
B-11996,small / not screened
B-11997,Concrete / cement
B-11998,small / not screened
B-11999,Concrete / cement
B-12000,White / cool coating
B-12001,small / not screened
B-12002,small / not screened
B-12003,small / not screened
B-12004,White / cool coating
B-12005,White / cool coating
B-12006,small / not screened
B-12007,Concrete / cement
B-12008,small / not screened
B-12009,small / not screened
B-12010,Concrete / cement
B-12011,small / not screened
B-12012,Metal sheet (bare / painted)
B-12013,Concrete / cement
B-12014,small / not screened
B-12015,small / not screened
B-12016,small / not screened
B-12017,small / not screened
B-12018,small / not screened
B-12019,small / not screened
B-12020,small / not screened
B-12021,small / not screened
B-12022,small / not screened
B-12023,Concrete / cement
B-12024,small / not screened
B-12025,small / not screened
B-12026,small / not screened
B-12027,small / not screened
B-12028,small / not screened
B-12029,Concrete / cement
B-12030,small / not screened
B-12031,small / not screened
B-12032,small / not screened
B-12033,small / not screened
B-12034,Concrete / cement
B-12035,small / not screened
B-12036,small / not screened
B-12037,small / not screened
B-12038,Metal sheet (bare / painted)
B-12039,White / cool coating
B-12040,Metal sheet (bare / painted)
B-12041,small / not screened
B-12042,small / not screened
B-12043,Concrete / cement
B-12044,small / not screened
B-12045,small / not screened
B-12046,Concrete / cement
B-12047,White / cool coating
B-12048,Concrete / cement
B-12049,small / not screened
B-12050,small / not screened
B-12051,small / not screened
B-12052,Concrete / cement
B-12053,small / not screened
B-12054,Mixed / unsure
B-12055,White / cool coating
B-12056,small / not screened
B-12057,Concrete / cement
B-12058,Concrete / cement
B-12059,small / not screened
B-12060,small / not screened
B-12061,small / not screened
B-12062,Concrete / cement
B-12063,small / not screened
B-12064,Concrete / cement
B-12065,small / not screened
B-12066,small / not screened
B-12067,small / not screened
B-12068,White / cool coating
B-12069,Mixed / unsure
B-12070,Concrete / cement
B-12071,Concrete / cement
B-12072,small / not screened
B-12073,Concrete / cement
B-12074,Concrete / cement
B-12075,White / cool coating
B-12076,Concrete / cement
B-12077,Concrete / cement
B-12078,small / not screened
B-12079,Concrete / cement
B-12080,Concrete / cement
B-12081,White / cool coating
B-12082,small / not screened
B-12083,small / not screened
B-12084,small / not screened
B-12085,White / cool coating
B-12086,Metal sheet (bare / painted)
B-12087,White / cool coating
B-12088,Metal sheet (bare / painted)
B-12089,small / not screened
B-12090,small / not screened
B-12091,small / not screened
B-12092,Concrete / cement
B-12093,Concrete / cement
B-12094,Concrete / cement
B-12095,small / not screened
B-12096,small / not screened
B-12097,Concrete / cement
B-12098,Mixed / unsure
B-12099,small / not screened
B-12100,small / not screened
B-12101,small / not screened
B-12102,small / not screened
B-12103,small / not screened
B-12104,Concrete / cement
B-12105,small / not screened
B-12106,Mixed / unsure
B-12107,small / not screened
B-12108,Mixed / unsure
B-12109,small / not screened
B-12110,small / not screened
B-12111,small / not screened
B-12112,small / not screened
B-12113,small / not screened
B-12114,Concrete / cement
B-12115,small / not screened
B-12116,small / not screened
B-12117,Concrete / cement
B-12118,small / not screened
B-12119,White / cool coating
B-12120,small / not screened
B-12121,Concrete / cement
B-12122,small / not screened
B-12123,Concrete / cement
B-12124,Mixed / unsure
B-12125,Concrete / cement
B-12126,small / not screened
B-12127,Concrete / cement
B-12128,White / cool coating
B-12129,small / not screened
B-12130,small / not screened
B-12131,Metal sheet (bare / painted)
B-12132,Concrete / cement
B-12133,small / not screened
B-12134,Concrete / cement
B-12135,Concrete / cement
B-12136,small / not screened
B-12137,Concrete / cement
B-12138,small / not screened
B-12139,small / not screened
B-12140,small / not screened
B-12141,small / not screened
B-12142,Concrete / cement
B-12143,Concrete / cement
B-12144,small / not screened
B-12145,White / cool coating
B-12146,small / not screened
B-12147,small / not screened
B-12148,Concrete / cement
B-12149,Concrete / cement
B-12150,small / not screened
B-12151,small / not screened
B-12152,small / not screened
B-12153,small / not screened
B-12154,Concrete / cement
B-12155,Concrete / cement
B-12156,small / not screened
B-12157,small / not screened
B-12158,Concrete / cement
B-12159,small / not screened
B-12160,small / not screened
B-12161,small / not screened
B-12162,small / not screened
B-12163,small / not screened
B-12164,small / not screened
B-12165,Concrete / cement
B-12166,Concrete / cement
B-12167,Concrete / cement
B-12168,Concrete / cement
B-12169,Concrete / cement
B-12170,small / not screened
B-12171,Concrete / cement
B-12172,small / not screened
B-12173,small / not screened
B-12174,small / not screened
B-12175,small / not screened
B-12176,Concrete / cement
B-12177,small / not screened
B-12178,White / cool coating
B-12179,small / not screened
B-12180,Concrete / cement
B-12181,small / not screened
B-12182,small / not screened
B-12183,Concrete / cement
B-12184,small / not screened
B-12185,small / not screened
B-12186,small / not screened
B-12187,small / not screened
B-12188,White / cool coating
B-12189,small / not screened
B-12190,small / not screened
B-12191,small / not screened
B-12192,Metal sheet (bare / painted)
B-12193,small / not screened
B-12194,small / not screened
B-12195,small / not screened
B-12196,Concrete / cement
B-12197,small / not screened
B-12198,small / not screened
B-12199,small / not screened
B-12200,small / not screened
B-12201,Mixed / unsure
B-12202,small / not screened
B-12203,small / not screened
B-12204,Concrete / cement
B-12205,Concrete / cement
B-12206,small / not screened
B-12207,Concrete / cement
B-12208,Concrete / cement
B-12209,small / not screened
B-12210,small / not screened
B-12211,small / not screened
B-12212,small / not screened
B-12213,small / not screened
B-12214,small / not screened
B-12215,small / not screened
B-12216,small / not screened
B-12217,small / not screened
B-12218,White / cool coating
B-12219,Concrete / cement
B-12220,Concrete / cement
B-12221,Concrete / cement
B-12222,Concrete / cement
B-12223,Concrete / cement
B-12224,small / not screened
B-12225,small / not screened
B-12226,Concrete / cement
B-12227,small / not screened
B-12228,Concrete / cement
B-12229,Concrete / cement
B-12230,small / not screened
B-12231,small / not screened
B-12232,Concrete / cement
B-12233,White / cool coating
B-12234,small / not screened
B-12235,small / not screened
B-12236,small / not screened
B-12237,Concrete / cement
B-12238,small / not screened
B-12239,small / not screened
B-12240,small / not screened
B-12241,small / not screened
B-12242,small / not screened
B-12243,Concrete / cement
B-12244,small / not screened
B-12245,Metal sheet (bare / painted)
B-12246,White / cool coating
B-12247,Concrete / cement
B-12248,Concrete / cement
B-12249,Mixed / unsure
B-12250,small / not screened
B-12251,Concrete / cement
B-12252,small / not screened
B-12253,Concrete / cement
B-12254,small / not screened
B-12255,small / not screened
B-12256,Concrete / cement
B-12257,small / not screened
B-12258,small / not screened
B-12259,small / not screened
B-12260,small / not screened
B-12261,small / not screened
B-12262,Concrete / cement
B-12263,White / cool coating
B-12264,small / not screened
B-12265,small / not screened
B-12266,small / not screened
B-12267,Mixed / unsure
B-12268,small / not screened
B-12269,Concrete / cement
B-12270,small / not screened
B-12271,Concrete / cement
B-12272,small / not screened
B-12273,small / not screened
B-12274,small / not screened
B-12275,Concrete / cement
B-12276,Concrete / cement
B-12277,small / not screened
B-12278,small / not screened
B-12279,Concrete / cement
B-12280,small / not screened
B-12281,Metal sheet (bare / painted)
B-12282,small / not screened
B-12283,small / not screened
B-12284,small / not screened
B-12285,White / cool coating
B-12286,small / not screened
B-12287,Concrete / cement
B-12288,small / not screened
B-12289,small / not screened
B-12290,Concrete / cement
B-12291,small / not screened
B-12292,Concrete / cement
B-12293,Concrete / cement
B-12294,small / not screened
B-12295,White / cool coating
B-12296,small / not screened
B-12297,small / not screened
B-12298,Concrete / cement
B-12299,Concrete / cement
B-12300,Concrete / cement
B-12301,White / cool coating
B-12302,Concrete / cement
B-12303,Mixed / unsure
B-12304,Metal sheet (bare / painted)
B-12305,Concrete / cement
B-12306,small / not screened
B-12307,small / not screened
B-12308,small / not screened
B-12309,Concrete / cement
B-12310,small / not screened
B-12311,Mixed / unsure
B-12312,small / not screened
B-12313,small / not screened
B-12314,small / not screened
B-12315,small / not screened
B-12316,small / not screened
B-12317,small / not screened
B-12318,Metal sheet (bare / painted)
B-12319,small / not screened
B-12320,small / not screened
B-12321,small / not screened
B-12322,small / not screened
B-12323,Concrete / cement
B-12324,small / not screened
B-12325,Concrete / cement
B-12326,small / not screened
B-12327,small / not screened
B-12328,Concrete / cement
B-12329,small / not screened
B-12330,Concrete / cement
B-12331,small / not screened
B-12332,Concrete / cement
B-12333,Concrete / cement
B-12334,small / not screened
B-12335,Concrete / cement
B-12336,small / not screened
B-12337,Concrete / cement
B-12338,Concrete / cement
B-12339,small / not screened
B-12340,small / not screened
B-12341,small / not screened
B-12342,White / cool coating
B-12343,Concrete / cement
B-12344,small / not screened
B-12345,small / not screened
B-12346,small / not screened
B-12347,small / not screened
B-12348,small / not screened
B-12349,Metal sheet (bare / painted)
B-12350,Concrete / cement
B-12351,White / cool coating
B-12352,small / not screened
B-12353,small / not screened
B-12354,small / not screened
B-12355,small / not screened
B-12356,Mixed / unsure
B-12357,small / not screened
B-12358,small / not screened
B-12359,small / not screened
B-12360,small / not screened
B-12361,Mixed / unsure
B-12362,Mixed / unsure
B-12363,White / cool coating
B-12364,small / not screened
B-12365,Concrete / cement
B-12366,Concrete / cement
B-12367,small / not screened
B-12368,small / not screened
B-12369,small / not screened
B-12370,small / not screened
B-12371,Metal sheet (bare / painted)
B-12372,small / not screened
B-12373,small / not screened
B-12374,small / not screened
B-12375,Concrete / cement
B-12376,small / not screened
B-12377,small / not screened
B-12378,Concrete / cement
B-12379,small / not screened
B-12380,Concrete / cement
B-12381,small / not screened
B-12382,small / not screened
B-12383,small / not screened
B-12384,Metal sheet (bare / painted)
B-12385,Mixed / unsure
B-12386,Concrete / cement
B-12387,small / not screened
B-12388,small / not screened
B-12389,small / not screened
B-12390,small / not screened
B-12391,small / not screened
B-12392,small / not screened
B-12393,small / not screened
B-12394,small / not screened
B-12395,small / not screened
B-12396,Concrete / cement
B-12397,small / not screened
B-12398,small / not screened
B-12399,small / not screened
B-12400,small / not screened
B-12401,small / not screened
B-12402,Mixed / unsure
B-12403,small / not screened
B-12404,White / cool coating
B-12405,small / not screened
B-12406,White / cool coating
B-12407,small / not screened
B-12408,Concrete / cement
B-12409,small / not screened
B-12410,small / not screened
B-12411,small / not screened
B-12412,Concrete / cement
B-12413,small / not screened
B-12414,small / not screened
B-12415,small / not screened
B-12416,Metal sheet (bare / painted)
B-12417,Concrete / cement
B-12418,Concrete / cement
B-12419,Concrete / cement
B-12420,small / not screened
B-12421,White / cool coating
B-12422,small / not screened
B-12423,White / cool coating
B-12424,small / not screened
B-12425,small / not screened
B-12426,small / not screened
B-12427,Concrete / cement
B-12428,small / not screened
B-12429,small / not screened
B-12430,small / not screened
B-12431,Metal sheet (bare / painted)
B-12432,small / not screened
B-12433,small / not screened
B-12434,small / not screened
B-12435,small / not screened
B-12436,small / not screened
B-12437,Mixed / unsure
B-12438,small / not screened
B-12439,small / not screened
B-12440,Concrete / cement
B-12441,Mixed / unsure
B-12442,small / not screened
B-12443,small / not screened
B-12444,small / not screened
B-12445,small / not screened
B-12446,Concrete / cement
B-12447,small / not screened
B-12448,small / not screened
B-12449,small / not screened
B-12450,small / not screened
B-12451,Concrete / cement
B-12452,small / not screened
B-12453,Concrete / cement
B-12454,Concrete / cement
B-12455,Concrete / cement
B-12456,small / not screened
B-12457,small / not screened
B-12458,small / not screened
B-12459,small / not screened
B-12460,Mixed / unsure
B-12461,small / not screened
B-12462,small / not screened
B-12463,small / not screened
B-12464,small / not screened
B-12465,small / not screened
B-12466,small / not screened
B-12467,small / not screened
B-12468,small / not screened
B-12469,Concrete / cement
B-12470,small / not screened
B-12471,White / cool coating
B-12472,Concrete / cement
B-12473,small / not screened
B-12474,White / cool coating
B-12475,Concrete / cement
B-12476,small / not screened
B-12477,Mixed / unsure
B-12478,White / cool coating
B-12479,Mixed / unsure
B-12480,Concrete / cement
B-12481,small / not screened
B-12482,Concrete / cement
B-12483,small / not screened
B-12484,Concrete / cement
B-12485,small / not screened
B-12486,small / not screened
B-12487,Concrete / cement
B-12488,small / not screened
B-12489,small / not screened
B-12490,small / not screened
B-12491,Concrete / cement
B-12492,Concrete / cement
B-12493,small / not screened
B-12494,Concrete / cement
B-12495,small / not screened
B-12496,Concrete / cement
B-12497,small / not screened
B-12498,White / cool coating
B-12499,small / not screened
B-12500,Mixed / unsure
B-12501,small / not screened
B-12502,small / not screened
B-12503,small / not screened
B-12504,White / cool coating
B-12505,small / not screened
B-12506,Concrete / cement
B-12507,small / not screened
B-12508,small / not screened
B-12509,small / not screened
B-12510,small / not screened
B-12511,small / not screened
B-12512,Mixed / unsure
B-12513,small / not screened
B-12514,small / not screened
B-12515,Concrete / cement
B-12516,Concrete / cement
B-12517,small / not screened
B-12518,Mixed / unsure
B-12519,Concrete / cement
B-12520,Concrete / cement
B-12521,Concrete / cement
B-12522,small / not screened
B-12523,small / not screened
B-12524,small / not screened
B-12525,Concrete / cement
B-12526,small / not screened
B-12527,small / not screened
B-12528,small / not screened
B-12529,Concrete / cement
B-12530,Concrete / cement
B-12531,small / not screened
B-12532,small / not screened
B-12533,small / not screened
B-12534,small / not screened
B-12535,small / not screened
B-12536,small / not screened
B-12537,Concrete / cement
B-12538,Metal sheet (bare / painted)
B-12539,Concrete / cement
B-12540,small / not screened
B-12541,White / cool coating
B-12542,Metal sheet (bare / painted)
B-12543,small / not screened
B-12544,small / not screened
B-12545,Concrete / cement
B-12546,small / not screened
B-12547,small / not screened
B-12548,small / not screened
B-12549,small / not screened
B-12550,small / not screened
B-12551,small / not screened
B-12552,Concrete / cement
B-12553,small / not screened
B-12554,Concrete / cement
B-12555,Concrete / cement
B-12556,small / not screened
B-12557,Concrete / cement
B-12558,Concrete / cement
B-12559,small / not screened
B-12560,Concrete / cement
B-12561,Concrete / cement
B-12562,small / not screened
B-12563,Concrete / cement
B-12564,small / not screened
B-12565,Concrete / cement
B-12566,small / not screened
B-12567,small / not screened
B-12568,small / not screened
B-12569,small / not screened
B-12570,Concrete / cement
B-12571,small / not screened
B-12572,Mixed / unsure
B-12573,small / not screened
B-12574,small / not screened
B-12575,Concrete / cement
B-12576,Mixed / unsure
B-12577,small / not screened
B-12578,Concrete / cement
B-12579,small / not screened
B-12580,small / not screened
B-12581,small / not screened
B-12582,small / not screened
B-12583,Concrete / cement
B-12584,White / cool coating
B-12585,small / not screened
B-12586,small / not screened
B-12587,Concrete / cement
B-12588,small / not screened
B-12589,White / cool coating
B-12590,small / not screened
B-12591,White / cool coating
B-12592,small / not screened
B-12593,Concrete / cement
B-12594,small / not screened
B-12595,small / not screened
B-12596,small / not screened
B-12597,Concrete / cement
B-12598,Mixed / unsure
B-12599,Concrete / cement
B-12600,Concrete / cement
B-12601,Concrete / cement
B-12602,small / not screened
B-12603,Concrete / cement
B-12604,small / not screened
B-12605,small / not screened
B-12606,small / not screened
B-12607,small / not screened
B-12608,small / not screened
B-12609,small / not screened
B-12610,Concrete / cement
B-12611,small / not screened
B-12612,small / not screened
B-12613,Concrete / cement
B-12614,Concrete / cement
B-12615,small / not screened
B-12616,Concrete / cement
B-12617,Mixed / unsure
B-12618,small / not screened
B-12619,White / cool coating
B-12620,Concrete / cement
B-12621,small / not screened
B-12622,Concrete / cement
B-12623,small / not screened
B-12624,Concrete / cement
B-12625,Mixed / unsure
B-12626,Concrete / cement
B-12627,Concrete / cement
B-12628,small / not screened
B-12629,Concrete / cement
B-12630,small / not screened
B-12631,small / not screened
B-12632,Concrete / cement
B-12633,small / not screened
B-12634,Metal sheet (bare / painted)
B-12635,small / not screened
B-12636,Mixed / unsure
B-12637,small / not screened
B-12638,small / not screened
B-12639,Concrete / cement
B-12640,Metal sheet (bare / painted)
B-12641,Concrete / cement
B-12642,small / not screened
B-12643,small / not screened
B-12644,small / not screened
B-12645,small / not screened
B-12646,Mixed / unsure
B-12647,small / not screened
B-12648,Concrete / cement
B-12649,small / not screened
B-12650,small / not screened
B-12651,small / not screened
B-12652,Mixed / unsure
B-12653,small / not screened
B-12654,Concrete / cement
B-12655,White / cool coating
B-12656,Concrete / cement
B-12657,White / cool coating
B-12658,Concrete / cement
B-12659,small / not screened
B-12660,small / not screened
B-12661,small / not screened
B-12662,small / not screened
B-12663,small / not screened
B-12664,Concrete / cement
B-12665,Concrete / cement
B-12666,Mixed / unsure
B-12667,Mixed / unsure
B-12668,Concrete / cement
B-12669,small / not screened
B-12670,small / not screened
B-12671,Mixed / unsure
B-12672,small / not screened
B-12673,Mixed / unsure
B-12674,small / not screened
B-12675,White / cool coating
B-12676,small / not screened
B-12677,small / not screened
B-12678,small / not screened
B-12679,small / not screened
B-12680,small / not screened
B-12681,small / not screened
B-12682,small / not screened
B-12683,Concrete / cement
B-12684,Metal sheet (bare / painted)
B-12685,small / not screened
B-12686,small / not screened
B-12687,small / not screened
B-12688,Concrete / cement
B-12689,small / not screened
B-12690,small / not screened
B-12691,small / not screened
B-12692,small / not screened
B-12693,small / not screened
B-12694,small / not screened
B-12695,Concrete / cement
B-12696,White / cool coating
B-12697,Concrete / cement
B-12698,small / not screened
B-12699,Metal sheet (bare / painted)
B-12700,Concrete / cement
B-12701,Concrete / cement
B-12702,Concrete / cement
B-12703,small / not screened
B-12704,small / not screened
B-12705,small / not screened
B-12706,small / not screened
B-12707,Concrete / cement
B-12708,Concrete / cement
B-12709,White / cool coating
B-12710,White / cool coating
B-12711,small / not screened
B-12712,small / not screened
B-12713,Concrete / cement
B-12714,small / not screened
B-12715,small / not screened
B-12716,Mixed / unsure
B-12717,Concrete / cement
B-12718,Concrete / cement
B-12719,small / not screened
B-12720,small / not screened
B-12721,small / not screened
B-12722,small / not screened
B-12723,small / not screened
B-12724,small / not screened
B-12725,small / not screened
B-12726,small / not screened
B-12727,Metal sheet (bare / painted)
B-12728,Concrete / cement
B-12729,small / not screened
B-12730,small / not screened
B-12731,small / not screened
B-12732,small / not screened
B-12733,Concrete / cement
B-12734,Concrete / cement
B-12735,small / not screened
B-12736,small / not screened
B-12737,small / not screened
B-12738,Concrete / cement
B-12739,small / not screened
B-12740,small / not screened
B-12741,Concrete / cement
B-12742,small / not screened
B-12743,small / not screened
B-12744,small / not screened
B-12745,small / not screened
B-12746,White / cool coating
B-12747,Mixed / unsure
B-12748,small / not screened
B-12749,Concrete / cement
B-12750,small / not screened
B-12751,small / not screened
B-12752,small / not screened
B-12753,small / not screened
B-12754,Concrete / cement
B-12755,small / not screened
B-12756,small / not screened
B-12757,Concrete / cement
B-12758,small / not screened
B-12759,small / not screened
B-12760,White / cool coating
B-12761,small / not screened
B-12762,Concrete / cement
B-12763,Concrete / cement
B-12764,small / not screened
B-12765,small / not screened
B-12766,Metal sheet (bare / painted)
B-12767,Concrete / cement
B-12768,small / not screened
B-12769,small / not screened
B-12770,small / not screened
B-12771,small / not screened
B-12772,White / cool coating
B-12773,small / not screened
B-12774,Concrete / cement
B-12775,Concrete / cement
B-12776,small / not screened
B-12777,small / not screened
B-12778,Concrete / cement
B-12779,Concrete / cement
B-12780,small / not screened
B-12781,Metal sheet (bare / painted)
B-12782,small / not screened
B-12783,small / not screened
B-12784,Concrete / cement
B-12785,Metal sheet (bare / painted)
B-12786,Mixed / unsure
B-12787,Concrete / cement
B-12788,small / not screened
B-12789,small / not screened
B-12790,Mixed / unsure
B-12791,small / not screened
B-12792,small / not screened
B-12793,small / not screened
B-12794,Metal sheet (bare / painted)
B-12795,small / not screened
B-12796,small / not screened
B-12797,Concrete / cement
B-12798,small / not screened
B-12799,small / not screened
B-12800,Concrete / cement
B-12801,small / not screened
B-12802,Concrete / cement
B-12803,small / not screened
B-12804,small / not screened
B-12805,Concrete / cement
B-12806,small / not screened
B-12807,small / not screened
B-12808,small / not screened
B-12809,small / not screened
B-12810,Concrete / cement
B-12811,White / cool coating
B-12812,Concrete / cement
B-12813,small / not screened
B-12814,small / not screened
B-12815,Concrete / cement
B-12816,Concrete / cement
B-12817,small / not screened
B-12818,small / not screened
B-12819,small / not screened
B-12820,small / not screened
B-12821,small / not screened
B-12822,White / cool coating
B-12823,Concrete / cement
B-12824,small / not screened
B-12825,small / not screened
B-12826,small / not screened
B-12827,Concrete / cement
B-12828,small / not screened
B-12829,small / not screened
B-12830,small / not screened
B-12831,small / not screened
B-12832,Concrete / cement
B-12833,small / not screened
B-12834,small / not screened
B-12835,small / not screened
B-12836,Concrete / cement
B-12837,White / cool coating
B-12838,small / not screened
B-12839,small / not screened
B-12840,Concrete / cement
B-12841,small / not screened
B-12842,small / not screened
B-12843,Concrete / cement
B-12844,Mixed / unsure
B-12845,small / not screened
B-12846,small / not screened
B-12847,Concrete / cement
B-12848,small / not screened
B-12849,Mixed / unsure
B-12850,Concrete / cement
B-12851,small / not screened
B-12852,small / not screened
B-12853,Concrete / cement
B-12854,White / cool coating
B-12855,small / not screened
B-12856,Mixed / unsure
B-12857,small / not screened
B-12858,small / not screened
B-12859,Concrete / cement
B-12860,small / not screened
B-12861,small / not screened
B-12862,Concrete / cement
B-12863,small / not screened
B-12864,small / not screened
B-12865,Concrete / cement
B-12866,small / not screened
B-12867,small / not screened
B-12868,small / not screened
B-12869,small / not screened
B-12870,small / not screened
B-12871,small / not screened
B-12872,Concrete / cement
B-12873,Concrete / cement
B-12874,small / not screened
B-12875,small / not screened
B-12876,White / cool coating
B-12877,small / not screened
B-12878,small / not screened
B-12879,small / not screened
B-12880,small / not screened
B-12881,Concrete / cement
B-12882,small / not screened
B-12883,small / not screened
B-12884,Concrete / cement
B-12885,small / not screened
B-12886,small / not screened
B-12887,small / not screened
B-12888,Concrete / cement
B-12889,White / cool coating
B-12890,small / not screened
B-12891,small / not screened
B-12892,White / cool coating
B-12893,small / not screened
B-12894,Concrete / cement
B-12895,small / not screened
B-12896,Concrete / cement
B-12897,small / not screened
B-12898,small / not screened
B-12899,small / not screened
B-12900,small / not screened
B-12901,Concrete / cement
B-12902,small / not screened
B-12903,Concrete / cement
B-12904,Concrete / cement
B-12905,small / not screened
B-12906,small / not screened
B-12907,small / not screened
B-12908,small / not screened
B-12909,small / not screened
B-12910,Concrete / cement
B-12911,Concrete / cement
B-12912,Concrete / cement
B-12913,small / not screened
B-12914,small / not screened
B-12915,small / not screened
B-12916,Concrete / cement
B-12917,White / cool coating
B-12918,Concrete / cement
B-12919,small / not screened
B-12920,Bitumen / dark membrane
B-12921,small / not screened
B-12922,small / not screened
B-12923,Concrete / cement
B-12924,small / not screened
B-12925,Concrete / cement
B-12926,White / cool coating
B-12927,small / not screened
B-12928,small / not screened
B-12929,Mixed / unsure
B-12930,small / not screened
B-12931,small / not screened
B-12932,small / not screened
B-12933,small / not screened
B-12934,small / not screened
B-12935,small / not screened
B-12936,small / not screened
B-12937,small / not screened
B-12938,Concrete / cement
B-12939,Metal sheet (bare / painted)
B-12940,small / not screened
B-12941,small / not screened
B-12942,small / not screened
B-12943,Concrete / cement
B-12944,small / not screened
B-12945,small / not screened
B-12946,Concrete / cement
B-12947,Concrete / cement
B-12948,small / not screened
B-12949,small / not screened
B-12950,small / not screened
B-12951,small / not screened
B-12952,small / not screened
B-12953,small / not screened
B-12954,Mixed / unsure
B-12955,White / cool coating
B-12956,small / not screened
B-12957,Mixed / unsure
B-12958,Concrete / cement
B-12959,small / not screened
B-12960,Mixed / unsure
B-12961,White / cool coating
B-12962,small / not screened
B-12963,small / not screened
B-12964,Concrete / cement
B-12965,Concrete / cement
B-12966,small / not screened
B-12967,small / not screened
B-12968,small / not screened
B-12969,small / not screened
B-12970,Concrete / cement
B-12971,small / not screened
B-12972,small / not screened
B-12973,Mixed / unsure
B-12974,small / not screened
B-12975,small / not screened
B-12976,Mixed / unsure
B-12977,small / not screened
B-12978,Concrete / cement
B-12979,Mixed / unsure
B-12980,Mixed / unsure
B-12981,small / not screened
B-12982,small / not screened
B-12983,Concrete / cement
B-12984,Mixed / unsure
B-12985,small / not screened
B-12986,Concrete / cement
B-12987,small / not screened
B-12988,small / not screened
B-12989,Mixed / unsure
B-12990,small / not screened
B-12991,small / not screened
B-12992,Mixed / unsure
B-12993,Mixed / unsure
B-12994,small / not screened
B-12995,Concrete / cement
B-12996,White / cool coating
B-12997,small / not screened
B-12998,Concrete / cement
B-12999,Mixed / unsure
B-13000,Concrete / cement
B-13001,small / not screened
B-13002,small / not screened
B-13003,small / not screened
B-13004,small / not screened
B-13005,small / not screened
B-13006,small / not screened
B-13007,small / not screened
B-13008,small / not screened
B-13009,small / not screened
B-13010,Concrete / cement
B-13011,Metal sheet (bare / painted)
B-13012,small / not screened
B-13013,small / not screened
B-13014,Concrete / cement
B-13015,Metal sheet (bare / painted)
B-13016,Concrete / cement
B-13017,Concrete / cement
B-13018,small / not screened
B-13019,Concrete / cement
B-13020,small / not screened
B-13021,Metal sheet (bare / painted)
B-13022,Concrete / cement
B-13023,small / not screened
B-13024,Concrete / cement
B-13025,small / not screened
B-13026,White / cool coating
B-13027,Mixed / unsure
B-13028,small / not screened
B-13029,Concrete / cement
B-13030,small / not screened
B-13031,Concrete / cement
B-13032,small / not screened
B-13033,Metal sheet (bare / painted)
B-13034,Concrete / cement
B-13035,small / not screened
B-13036,small / not screened
B-13037,Metal sheet (bare / painted)
B-13038,small / not screened
B-13039,small / not screened
B-13040,Concrete / cement
B-13041,small / not screened
B-13042,Concrete / cement
B-13043,small / not screened
B-13044,small / not screened
B-13045,small / not screened
B-13046,small / not screened
B-13047,Concrete / cement
B-13048,Concrete / cement
B-13049,small / not screened
B-13050,Concrete / cement
B-13051,small / not screened
B-13052,Concrete / cement
B-13053,small / not screened
B-13054,Concrete / cement
B-13055,small / not screened
B-13056,Concrete / cement
B-13057,Concrete / cement
B-13058,small / not screened
B-13059,Concrete / cement
B-13060,small / not screened
B-13061,Concrete / cement
B-13062,small / not screened
B-13063,small / not screened
B-13064,small / not screened
B-13065,Concrete / cement
B-13066,Concrete / cement
B-13067,small / not screened
B-13068,Concrete / cement
B-13069,small / not screened
B-13070,small / not screened
B-13071,White / cool coating
B-13072,Concrete / cement
B-13073,small / not screened
B-13074,small / not screened
B-13075,Mixed / unsure
B-13076,White / cool coating
B-13077,small / not screened
B-13078,small / not screened
B-13079,small / not screened
B-13080,small / not screened
B-13081,Concrete / cement
B-13082,White / cool coating
B-13083,Metal sheet (bare / painted)
B-13084,Bitumen / dark membrane
B-13085,small / not screened
B-13086,Metal sheet (bare / painted)
B-13087,Metal sheet (bare / painted)
B-13088,small / not screened
B-13089,Concrete / cement
B-13090,Metal sheet (bare / painted)
B-13091,small / not screened
B-13092,small / not screened
B-13093,small / not screened
B-13094,small / not screened
B-13095,small / not screened
B-13096,Concrete / cement
B-13097,Concrete / cement
B-13098,small / not screened
B-13099,Concrete / cement
B-13100,small / not screened
B-13101,small / not screened
B-13102,White / cool coating
B-13103,Concrete / cement
B-13104,small / not screened
B-13105,small / not screened
B-13106,small / not screened
B-13107,small / not screened
B-13108,small / not screened
B-13109,small / not screened
B-13110,small / not screened
B-13111,Concrete / cement
B-13112,Metal sheet (bare / painted)
B-13113,small / not screened
B-13114,Concrete / cement
B-13115,Concrete / cement
B-13116,Concrete / cement
B-13117,Concrete / cement
B-13118,small / not screened
B-13119,small / not screened
B-13120,Concrete / cement
B-13121,small / not screened
B-13122,Concrete / cement
B-13123,small / not screened
B-13124,small / not screened
B-13125,Mixed / unsure
B-13126,Concrete / cement
B-13127,White / cool coating
B-13128,White / cool coating
B-13129,small / not screened
B-13130,Concrete / cement
B-13131,Concrete / cement
B-13132,small / not screened
B-13133,small / not screened
B-13134,small / not screened
B-13135,small / not screened
B-13136,small / not screened
B-13137,small / not screened
B-13138,small / not screened
B-13139,small / not screened
B-13140,White / cool coating
B-13141,small / not screened
B-13142,small / not screened
B-13143,small / not screened
B-13144,Metal sheet (bare / painted)
B-13145,small / not screened
B-13146,small / not screened
B-13147,Concrete / cement
B-13148,small / not screened
B-13149,small / not screened
B-13150,Concrete / cement
B-13151,White / cool coating
B-13152,Mixed / unsure
B-13153,Mixed / unsure
B-13154,Concrete / cement
B-13155,small / not screened
B-13156,small / not screened
B-13157,small / not screened
B-13158,small / not screened
B-13159,Mixed / unsure
B-13160,small / not screened
B-13161,small / not screened
B-13162,small / not screened
B-13163,small / not screened
B-13164,small / not screened
B-13165,small / not screened
B-13166,small / not screened
B-13167,small / not screened
B-13168,small / not screened
B-13169,small / not screened
B-13170,small / not screened
B-13171,Metal sheet (bare / painted)
B-13172,White / cool coating
B-13173,small / not screened
B-13174,Concrete / cement
B-13175,Mixed / unsure
B-13176,Concrete / cement
B-13177,Metal sheet (bare / painted)
B-13178,Concrete / cement
B-13179,Concrete / cement
B-13180,small / not screened
B-13181,small / not screened
B-13182,small / not screened
B-13183,Concrete / cement
B-13184,Mixed / unsure
B-13185,small / not screened
B-13186,small / not screened
B-13187,small / not screened
B-13188,small / not screened
B-13189,small / not screened
B-13190,small / not screened
B-13191,small / not screened
B-13192,small / not screened
B-13193,small / not screened
B-13194,Concrete / cement
B-13195,small / not screened
B-13196,small / not screened
B-13197,small / not screened
B-13198,Metal sheet (bare / painted)
B-13199,White / cool coating
B-13200,Concrete / cement
B-13201,small / not screened
B-13202,Concrete / cement
B-13203,Concrete / cement
B-13204,small / not screened
B-13205,White / cool coating
B-13206,small / not screened
B-13207,small / not screened
B-13208,Concrete / cement
B-13209,small / not screened
B-13210,Concrete / cement
B-13211,Concrete / cement
B-13212,Concrete / cement
B-13213,Metal sheet (bare / painted)
B-13214,Metal sheet (bare / painted)
B-13215,small / not screened
B-13216,small / not screened
B-13217,Concrete / cement
B-13218,small / not screened
B-13219,Concrete / cement
B-13220,Concrete / cement
B-13221,small / not screened
B-13222,Concrete / cement
B-13223,small / not screened
B-13224,Concrete / cement
B-13225,Concrete / cement
B-13226,small / not screened
B-13227,Concrete / cement
B-13228,small / not screened
B-13229,Concrete / cement
B-13230,small / not screened
B-13231,small / not screened
B-13232,Mixed / unsure
B-13233,small / not screened
B-13234,Concrete / cement
B-13235,Concrete / cement
B-13236,small / not screened
B-13237,small / not screened
B-13238,small / not screened
B-13239,Metal sheet (bare / painted)
B-13240,small / not screened
B-13241,Concrete / cement
B-13242,Concrete / cement
B-13243,Concrete / cement
B-13244,small / not screened
B-13245,Concrete / cement
B-13246,Mixed / unsure
B-13247,Metal sheet (bare / painted)
B-13248,small / not screened
B-13249,small / not screened
B-13250,small / not screened
B-13251,small / not screened
B-13252,Concrete / cement
B-13253,small / not screened
B-13254,Concrete / cement
B-13255,Mixed / unsure
B-13256,Concrete / cement
B-13257,small / not screened
B-13258,Concrete / cement
B-13259,Mixed / unsure
B-13260,White / cool coating
B-13261,Concrete / cement
B-13262,Mixed / unsure
B-13263,small / not screened
B-13264,small / not screened
B-13265,Concrete / cement
B-13266,small / not screened
B-13267,small / not screened
B-13268,Concrete / cement
B-13269,Concrete / cement
B-13270,Concrete / cement
B-13271,Mixed / unsure
B-13272,small / not screened
B-13273,small / not screened
B-13274,small / not screened
B-13275,small / not screened
B-13276,White / cool coating
B-13277,small / not screened
B-13278,small / not screened
B-13279,Concrete / cement
B-13280,small / not screened
B-13281,small / not screened
B-13282,small / not screened
B-13283,Concrete / cement
B-13284,Concrete / cement
B-13285,small / not screened
B-13286,small / not screened
B-13287,Mixed / unsure
B-13288,Concrete / cement
B-13289,Concrete / cement
B-13290,Mixed / unsure
B-13291,small / not screened
B-13292,small / not screened
B-13293,small / not screened
B-13294,small / not screened
B-13295,Concrete / cement
B-13296,small / not screened
B-13297,Concrete / cement
B-13298,White / cool coating
B-13299,small / not screened
B-13300,small / not screened
B-13301,Concrete / cement
B-13302,small / not screened
B-13303,Mixed / unsure
B-13304,White / cool coating
B-13305,small / not screened
B-13306,small / not screened
B-13307,Concrete / cement
B-13308,small / not screened
B-13309,Concrete / cement
B-13310,Metal sheet (bare / painted)
B-13311,small / not screened
B-13312,small / not screened
B-13313,Concrete / cement
B-13314,Concrete / cement
B-13315,small / not screened
B-13316,Concrete / cement
B-13317,Concrete / cement
B-13318,Mixed / unsure
B-13319,small / not screened
B-13320,small / not screened
B-13321,Concrete / cement
B-13322,small / not screened
B-13323,small / not screened
B-13324,small / not screened
B-13325,small / not screened
B-13326,small / not screened
B-13327,White / cool coating
B-13328,White / cool coating
B-13329,small / not screened
B-13330,Mixed / unsure
B-13331,Concrete / cement
B-13332,small / not screened
B-13333,small / not screened
B-13334,small / not screened
B-13335,Concrete / cement
B-13336,Concrete / cement
B-13337,small / not screened
B-13338,Metal sheet (bare / painted)
B-13339,Concrete / cement
B-13340,Concrete / cement
B-13341,White / cool coating
B-13342,small / not screened
B-13343,small / not screened
B-13344,small / not screened
B-13345,small / not screened
B-13346,small / not screened
B-13347,Concrete / cement
B-13348,Concrete / cement
B-13349,small / not screened
B-13350,small / not screened
B-13351,Concrete / cement
B-13352,White / cool coating
B-13353,small / not screened
B-13354,small / not screened
B-13355,Concrete / cement
B-13356,small / not screened
B-13357,small / not screened
B-13358,small / not screened
B-13359,small / not screened
B-13360,small / not screened
B-13361,Metal sheet (bare / painted)
B-13362,Mixed / unsure
B-13363,small / not screened
B-13364,White / cool coating
B-13365,small / not screened
B-13366,small / not screened
B-13367,Concrete / cement
B-13368,Concrete / cement
B-13369,small / not screened
B-13370,small / not screened
B-13371,small / not screened
B-13372,small / not screened
B-13373,White / cool coating
B-13374,Concrete / cement
B-13375,Metal sheet (bare / painted)
B-13376,Concrete / cement
B-13377,small / not screened
B-13378,small / not screened
B-13379,small / not screened
B-13380,small / not screened
B-13381,Concrete / cement
B-13382,Concrete / cement
B-13383,small / not screened
B-13384,small / not screened
B-13385,Concrete / cement
B-13386,small / not screened
B-13387,small / not screened
B-13388,small / not screened
B-13389,small / not screened
B-13390,Concrete / cement
B-13391,small / not screened
B-13392,Concrete / cement
B-13393,Concrete / cement
B-13394,Concrete / cement
B-13395,small / not screened
B-13396,small / not screened
B-13397,Metal sheet (bare / painted)
B-13398,Concrete / cement
B-13399,small / not screened
B-13400,small / not screened
B-13401,Concrete / cement
B-13402,Concrete / cement
B-13403,small / not screened
B-13404,Concrete / cement
B-13405,Concrete / cement
B-13406,small / not screened
B-13407,White / cool coating
B-13408,Concrete / cement
B-13409,Concrete / cement
B-13410,Concrete / cement
B-13411,small / not screened
B-13412,small / not screened
B-13413,small / not screened
B-13414,small / not screened
B-13415,White / cool coating
B-13416,White / cool coating
B-13417,White / cool coating
B-13418,Concrete / cement
B-13419,Concrete / cement
B-13420,small / not screened
B-13421,Concrete / cement
B-13422,Concrete / cement
B-13423,Mixed / unsure
B-13424,small / not screened
B-13425,small / not screened
B-13426,Metal sheet (bare / painted)
B-13427,small / not screened
B-13428,small / not screened
B-13429,Metal sheet (bare / painted)
B-13430,Concrete / cement
B-13431,Concrete / cement
B-13432,White / cool coating
B-13433,Concrete / cement
B-13434,Concrete / cement
B-13435,Concrete / cement
B-13436,small / not screened
B-13437,Metal sheet (bare / painted)
B-13438,small / not screened
B-13439,Concrete / cement
B-13440,small / not screened
B-13441,Concrete / cement
B-13442,small / not screened
B-13443,Concrete / cement
B-13444,small / not screened
B-13445,small / not screened
B-13446,small / not screened
B-13447,Concrete / cement
B-13448,Concrete / cement
B-13449,small / not screened
B-13450,White / cool coating
B-13451,Concrete / cement
B-13452,Concrete / cement
B-13453,Mixed / unsure
B-13454,Concrete / cement
B-13455,Metal sheet (bare / painted)
B-13456,Mixed / unsure
B-13457,Concrete / cement
B-13458,Concrete / cement
B-13459,small / not screened
B-13460,small / not screened
B-13461,Concrete / cement
B-13462,small / not screened
B-13463,small / not screened
B-13464,Concrete / cement
B-13465,White / cool coating
B-13466,small / not screened
B-13467,Concrete / cement
B-13468,small / not screened
B-13469,Concrete / cement
B-13470,Metal sheet (bare / painted)
B-13471,small / not screened
B-13472,small / not screened
B-13473,Concrete / cement
B-13474,small / not screened
B-13475,small / not screened
B-13476,White / cool coating
B-13477,Concrete / cement
B-13478,small / not screened
B-13479,Concrete / cement
B-13480,Concrete / cement
B-13481,Concrete / cement
B-13482,small / not screened
B-13483,small / not screened
B-13484,small / not screened
B-13485,Concrete / cement
B-13486,small / not screened
B-13487,small / not screened
B-13488,White / cool coating
B-13489,Concrete / cement
B-13490,small / not screened
B-13491,small / not screened
B-13492,small / not screened
B-13493,Concrete / cement
B-13494,Concrete / cement
B-13495,Mixed / unsure
B-13496,small / not screened
B-13497,Concrete / cement
B-13498,White / cool coating
B-13499,small / not screened
B-13500,Concrete / cement
B-13501,small / not screened
B-13502,Concrete / cement
B-13503,small / not screened
B-13504,Mixed / unsure
B-13505,small / not screened
B-13506,small / not screened
B-13507,White / cool coating
B-13508,small / not screened
B-13509,Mixed / unsure
B-13510,small / not screened
B-13511,small / not screened
B-13512,Mixed / unsure
B-13513,small / not screened
B-13514,small / not screened
B-13515,Concrete / cement
B-13516,small / not screened
B-13517,White / cool coating
B-13518,White / cool coating
B-13519,Concrete / cement
B-13520,small / not screened
B-13521,small / not screened
B-13522,small / not screened
B-13523,small / not screened
B-13524,small / not screened
B-13525,small / not screened
B-13526,Concrete / cement
B-13527,small / not screened
B-13528,Mixed / unsure
B-13529,Concrete / cement
B-13530,small / not screened
B-13531,Concrete / cement
B-13532,small / not screened
B-13533,small / not screened
B-13534,Concrete / cement
B-13535,Concrete / cement
B-13536,small / not screened
B-13537,Metal sheet (bare / painted)
B-13538,small / not screened
B-13539,Concrete / cement
B-13540,small / not screened
B-13541,small / not screened
B-13542,White / cool coating
B-13543,small / not screened
B-13544,Metal sheet (bare / painted)
B-13545,Mixed / unsure
B-13546,small / not screened
B-13547,small / not screened
B-13548,Concrete / cement
B-13549,small / not screened
B-13550,Metal sheet (bare / painted)
B-13551,small / not screened
B-13552,Concrete / cement
B-13553,White / cool coating
B-13554,small / not screened
B-13555,small / not screened
B-13556,Concrete / cement
B-13557,small / not screened
B-13558,Concrete / cement
B-13559,small / not screened
B-13560,small / not screened
B-13561,small / not screened
B-13562,small / not screened
B-13563,small / not screened
B-13564,Concrete / cement
B-13565,small / not screened
B-13566,small / not screened
B-13567,small / not screened
B-13568,small / not screened
B-13569,Mixed / unsure
B-13570,Concrete / cement
B-13571,small / not screened
B-13572,Metal sheet (bare / painted)
B-13573,small / not screened
B-13574,small / not screened
B-13575,Concrete / cement
B-13576,small / not screened
B-13577,small / not screened
B-13578,Concrete / cement
B-13579,small / not screened
B-13580,Concrete / cement
B-13581,Concrete / cement
B-13582,small / not screened
B-13583,White / cool coating
B-13584,small / not screened
B-13585,Concrete / cement
B-13586,small / not screened
B-13587,small / not screened
B-13588,Mixed / unsure
B-13589,small / not screened
B-13590,small / not screened
B-13591,small / not screened
B-13592,small / not screened
B-13593,small / not screened
B-13594,small / not screened
B-13595,Concrete / cement
B-13596,small / not screened
B-13597,Concrete / cement
B-13598,small / not screened
B-13599,small / not screened
B-13600,White / cool coating
B-13601,small / not screened
B-13602,Concrete / cement
B-13603,Mixed / unsure
B-13604,small / not screened
B-13605,Concrete / cement
B-13606,Concrete / cement
B-13607,small / not screened
B-13608,small / not screened
B-13609,Concrete / cement
B-13610,small / not screened
B-13611,Concrete / cement
B-13612,small / not screened
B-13613,small / not screened
B-13614,small / not screened
B-13615,Concrete / cement
B-13616,small / not screened
B-13617,Concrete / cement
B-13618,small / not screened
B-13619,Metal sheet (bare / painted)
B-13620,small / not screened
B-13621,small / not screened
B-13622,small / not screened
B-13623,Mixed / unsure
B-13624,Mixed / unsure
B-13625,Concrete / cement
B-13626,small / not screened
B-13627,Concrete / cement
B-13628,Concrete / cement
B-13629,White / cool coating
B-13630,White / cool coating
B-13631,small / not screened
B-13632,small / not screened
B-13633,Concrete / cement
B-13634,small / not screened
B-13635,Concrete / cement
B-13636,White / cool coating
B-13637,small / not screened
B-13638,small / not screened
B-13639,Concrete / cement
B-13640,small / not screened
B-13641,Concrete / cement
B-13642,Concrete / cement
B-13643,small / not screened
B-13644,small / not screened
B-13645,small / not screened
B-13646,Concrete / cement
B-13647,small / not screened
B-13648,small / not screened
B-13649,Concrete / cement
B-13650,Mixed / unsure
B-13651,Concrete / cement
B-13652,small / not screened
B-13653,small / not screened
B-13654,small / not screened
B-13655,small / not screened
B-13656,Concrete / cement
B-13657,small / not screened
B-13658,Concrete / cement
B-13659,Concrete / cement
B-13660,Metal sheet (bare / painted)
B-13661,Concrete / cement
B-13662,small / not screened
B-13663,Concrete / cement
B-13664,Concrete / cement
B-13665,White / cool coating
B-13666,small / not screened
B-13667,White / cool coating
B-13668,Mixed / unsure
B-13669,Concrete / cement
B-13670,Concrete / cement
B-13671,small / not screened
B-13672,Concrete / cement
B-13673,Concrete / cement
B-13674,small / not screened
B-13675,small / not screened
B-13676,small / not screened
B-13677,small / not screened
B-13678,small / not screened
B-13679,Concrete / cement
B-13680,White / cool coating
B-13681,Mixed / unsure
B-13682,small / not screened
B-13683,small / not screened
B-13684,Concrete / cement
B-13685,Concrete / cement
B-13686,small / not screened
B-13687,small / not screened
B-13688,Mixed / unsure
B-13689,Concrete / cement
B-13690,small / not screened
B-13691,small / not screened
B-13692,Concrete / cement
B-13693,small / not screened
B-13694,small / not screened
B-13695,small / not screened
B-13696,small / not screened
B-13697,small / not screened
B-13698,Mixed / unsure
B-13699,Mixed / unsure
B-13700,small / not screened
B-13701,small / not screened
B-13702,small / not screened
B-13703,small / not screened
B-13704,White / cool coating
B-13705,Concrete / cement
B-13706,small / not screened
B-13707,small / not screened
B-13708,Concrete / cement
B-13709,Concrete / cement
B-13710,Concrete / cement
B-13711,small / not screened
B-13712,small / not screened
B-13713,small / not screened
B-13714,Concrete / cement
B-13715,Mixed / unsure
B-13716,Concrete / cement
B-13717,small / not screened
B-13718,White / cool coating
B-13719,small / not screened
B-13720,Metal sheet (bare / painted)
B-13721,Concrete / cement
B-13722,small / not screened
B-13723,small / not screened
B-13724,White / cool coating
B-13725,small / not screened
B-13726,small / not screened
B-13727,small / not screened
B-13728,White / cool coating
B-13729,White / cool coating
B-13730,small / not screened
B-13731,small / not screened
B-13732,small / not screened
B-13733,small / not screened
B-13734,small / not screened
B-13735,White / cool coating
B-13736,small / not screened
B-13737,White / cool coating
B-13738,small / not screened
B-13739,Metal sheet (bare / painted)
B-13740,Concrete / cement
B-13741,small / not screened
B-13742,small / not screened
B-13743,small / not screened
B-13744,White / cool coating
B-13745,small / not screened
B-13746,White / cool coating
B-13747,small / not screened
B-13748,Concrete / cement
B-13749,Mixed / unsure
B-13750,Concrete / cement
B-13751,White / cool coating
B-13752,small / not screened
B-13753,small / not screened
B-13754,small / not screened
B-13755,Concrete / cement
B-13756,small / not screened
B-13757,Concrete / cement
B-13758,Concrete / cement
B-13759,small / not screened
B-13760,Concrete / cement
B-13761,Concrete / cement
B-13762,Concrete / cement
B-13763,Concrete / cement
B-13764,small / not screened
B-13765,small / not screened
B-13766,small / not screened
B-13767,Concrete / cement
B-13768,Concrete / cement
B-13769,Mixed / unsure
B-13770,small / not screened
B-13771,Concrete / cement
B-13772,Mixed / unsure
B-13773,small / not screened
B-13774,Mixed / unsure
B-13775,small / not screened
B-13776,small / not screened
B-13777,Concrete / cement
B-13778,small / not screened
B-13779,Concrete / cement
B-13780,small / not screened
B-13781,Concrete / cement
B-13782,small / not screened
B-13783,small / not screened
B-13784,small / not screened
B-13785,Concrete / cement
B-13786,small / not screened
B-13787,small / not screened
B-13788,White / cool coating
B-13789,small / not screened
B-13790,White / cool coating
B-13791,small / not screened
B-13792,Concrete / cement
B-13793,small / not screened
B-13794,small / not screened
B-13795,small / not screened
B-13796,small / not screened
B-13797,small / not screened
B-13798,Concrete / cement
B-13799,Concrete / cement
B-13800,Concrete / cement
B-13801,small / not screened
B-13802,Concrete / cement
B-13803,small / not screened
B-13804,small / not screened
B-13805,Concrete / cement
B-13806,White / cool coating
B-13807,Concrete / cement
B-13808,White / cool coating
B-13809,small / not screened
B-13810,Concrete / cement
B-13811,small / not screened
B-13812,Concrete / cement
B-13813,Concrete / cement
B-13814,small / not screened
B-13815,Concrete / cement
B-13816,small / not screened
B-13817,small / not screened
B-13818,small / not screened
B-13819,Metal sheet (bare / painted)
B-13820,Mixed / unsure
B-13821,small / not screened
B-13822,small / not screened
B-13823,Concrete / cement
B-13824,small / not screened
B-13825,White / cool coating
B-13826,small / not screened
B-13827,Mixed / unsure
B-13828,small / not screened
B-13829,small / not screened
B-13830,small / not screened
B-13831,small / not screened
B-13832,small / not screened
B-13833,Concrete / cement
B-13834,Mixed / unsure
B-13835,Concrete / cement
B-13836,Concrete / cement
B-13837,White / cool coating
B-13838,Concrete / cement
B-13839,Concrete / cement
B-13840,small / not screened
B-13841,Concrete / cement
B-13842,White / cool coating
B-13843,small / not screened
B-13844,small / not screened
B-13845,small / not screened
B-13846,Concrete / cement
B-13847,Concrete / cement
B-13848,small / not screened
B-13849,small / not screened
B-13850,small / not screened
B-13851,small / not screened
B-13852,small / not screened
B-13853,small / not screened
B-13854,Concrete / cement
B-13855,small / not screened
B-13856,small / not screened
B-13857,small / not screened
B-13858,small / not screened
B-13859,Mixed / unsure
B-13860,small / not screened
B-13861,Concrete / cement
B-13862,small / not screened
B-13863,small / not screened
B-13864,Metal sheet (bare / painted)
B-13865,small / not screened
B-13866,small / not screened
B-13867,Mixed / unsure
B-13868,Concrete / cement
B-13869,Mixed / unsure
B-13870,White / cool coating
B-13871,small / not screened
B-13872,small / not screened
B-13873,small / not screened
B-13874,small / not screened
B-13875,small / not screened
B-13876,small / not screened
B-13877,small / not screened
B-13878,small / not screened
B-13879,small / not screened
B-13880,Mixed / unsure
B-13881,Concrete / cement
B-13882,small / not screened
B-13883,Mixed / unsure
B-13884,Concrete / cement
B-13885,small / not screened
B-13886,Concrete / cement
B-13887,small / not screened
B-13888,small / not screened
B-13889,White / cool coating
B-13890,small / not screened
B-13891,small / not screened
B-13892,small / not screened
B-13893,small / not screened
B-13894,Metal sheet (bare / painted)
B-13895,Mixed / unsure
B-13896,Concrete / cement
B-13897,small / not screened
B-13898,Concrete / cement
B-13899,small / not screened
B-13900,Concrete / cement
B-13901,small / not screened
B-13902,small / not screened
B-13903,small / not screened
B-13904,small / not screened
B-13905,small / not screened
B-13906,small / not screened
B-13907,Concrete / cement
B-13908,small / not screened
B-13909,Concrete / cement
B-13910,Metal sheet (bare / painted)
B-13911,small / not screened
B-13912,Metal sheet (bare / painted)
B-13913,Concrete / cement
B-13914,small / not screened
B-13915,small / not screened
B-13916,small / not screened
B-13917,Concrete / cement
B-13918,Concrete / cement
B-13919,Concrete / cement
B-13920,small / not screened
B-13921,Concrete / cement
B-13922,small / not screened
B-13923,small / not screened
B-13924,Concrete / cement
B-13925,Concrete / cement
B-13926,small / not screened
B-13927,small / not screened
B-13928,Metal sheet (bare / painted)
B-13929,Concrete / cement
B-13930,Concrete / cement
B-13931,small / not screened
B-13932,small / not screened
B-13933,White / cool coating
B-13934,small / not screened
B-13935,small / not screened
B-13936,small / not screened
B-13937,Metal sheet (bare / painted)
B-13938,small / not screened
B-13939,small / not screened
B-13940,Concrete / cement
B-13941,White / cool coating
B-13942,Concrete / cement
B-13943,small / not screened
B-13944,Mixed / unsure
B-13945,Concrete / cement
B-13946,small / not screened
B-13947,Concrete / cement
B-13948,Concrete / cement
B-13949,small / not screened
B-13950,Concrete / cement
B-13951,White / cool coating
B-13952,small / not screened
B-13953,small / not screened
B-13954,small / not screened
B-13955,Concrete / cement
B-13956,Mixed / unsure
B-13957,Concrete / cement
B-13958,small / not screened
B-13959,Concrete / cement
B-13960,small / not screened
B-13961,Concrete / cement
B-13962,small / not screened
B-13963,Metal sheet (bare / painted)
B-13964,Mixed / unsure
B-13965,small / not screened
B-13966,Mixed / unsure
B-13967,small / not screened
B-13968,small / not screened
B-13969,Mixed / unsure
B-13970,small / not screened
B-13971,small / not screened
B-13972,small / not screened
B-13973,White / cool coating
B-13974,small / not screened
B-13975,small / not screened
B-13976,small / not screened
B-13977,small / not screened
B-13978,Concrete / cement
B-13979,Concrete / cement
B-13980,small / not screened
B-13981,small / not screened
B-13982,Concrete / cement
B-13983,small / not screened
B-13984,small / not screened
B-13985,Concrete / cement
B-13986,White / cool coating
B-13987,White / cool coating
B-13988,Concrete / cement
B-13989,White / cool coating
B-13990,Concrete / cement
B-13991,Concrete / cement
B-13992,small / not screened
B-13993,Concrete / cement
B-13994,Concrete / cement
B-13995,Concrete / cement
B-13996,small / not screened
B-13997,small / not screened
B-13998,small / not screened
B-13999,small / not screened
B-14000,Concrete / cement
B-14001,Metal sheet (bare / painted)
B-14002,Concrete / cement
B-14003,small / not screened
B-14004,Mixed / unsure
B-14005,small / not screened
B-14006,small / not screened
B-14007,Mixed / unsure
B-14008,White / cool coating
B-14009,Concrete / cement
B-14010,small / not screened
B-14011,Concrete / cement
B-14012,Metal sheet (bare / painted)
B-14013,Metal sheet (bare / painted)
B-14014,small / not screened
B-14015,Mixed / unsure
B-14016,Concrete / cement
B-14017,Concrete / cement
B-14018,Mixed / unsure
B-14019,Concrete / cement
B-14020,Mixed / unsure
B-14021,Concrete / cement
B-14022,small / not screened
B-14023,small / not screened
B-14024,Concrete / cement
B-14025,small / not screened
B-14026,small / not screened
B-14027,small / not screened
B-14028,Concrete / cement
B-14029,Metal sheet (bare / painted)
B-14030,small / not screened
B-14031,Concrete / cement
B-14032,small / not screened
B-14033,small / not screened
B-14034,Concrete / cement
B-14035,White / cool coating
B-14036,small / not screened
B-14037,small / not screened
B-14038,small / not screened
B-14039,Mixed / unsure
B-14040,small / not screened
B-14041,Concrete / cement
B-14042,small / not screened
B-14043,small / not screened
B-14044,small / not screened
B-14045,small / not screened
B-14046,small / not screened
B-14047,White / cool coating
B-14048,small / not screened
B-14049,Concrete / cement
B-14050,Metal sheet (bare / painted)
B-14051,Concrete / cement
B-14052,Concrete / cement
B-14053,small / not screened
B-14054,Concrete / cement
B-14055,small / not screened
B-14056,Concrete / cement
B-14057,Concrete / cement
B-14058,Concrete / cement
B-14059,small / not screened
B-14060,small / not screened
B-14061,White / cool coating
B-14062,Mixed / unsure
B-14063,Concrete / cement
B-14064,small / not screened
B-14065,small / not screened
B-14066,small / not screened
B-14067,small / not screened
B-14068,small / not screened
B-14069,White / cool coating
B-14070,small / not screened
B-14071,small / not screened
B-14072,Mixed / unsure
B-14073,small / not screened
B-14074,small / not screened
B-14075,White / cool coating
B-14076,small / not screened
B-14077,Mixed / unsure
B-14078,small / not screened
B-14079,small / not screened
B-14080,Concrete / cement
B-14081,White / cool coating
B-14082,White / cool coating
B-14083,White / cool coating
B-14084,Concrete / cement
B-14085,White / cool coating
B-14086,White / cool coating
B-14087,small / not screened
B-14088,Concrete / cement
B-14089,small / not screened
B-14090,small / not screened
B-14091,small / not screened
B-14092,small / not screened
B-14093,Concrete / cement
B-14094,small / not screened
B-14095,small / not screened
B-14096,Concrete / cement
B-14097,Concrete / cement
B-14098,Concrete / cement
B-14099,small / not screened
B-14100,small / not screened
B-14101,Mixed / unsure
B-14102,small / not screened
B-14103,Metal sheet (bare / painted)
B-14104,small / not screened
B-14105,small / not screened
B-14106,small / not screened
B-14107,small / not screened
B-14108,Mixed / unsure
B-14109,Concrete / cement
B-14110,small / not screened
B-14111,Metal sheet (bare / painted)
B-14112,Concrete / cement
B-14113,Concrete / cement
B-14114,small / not screened
B-14115,small / not screened
B-14116,Concrete / cement
B-14117,small / not screened
B-14118,small / not screened
B-14119,small / not screened
B-14120,small / not screened
B-14121,small / not screened
B-14122,small / not screened
B-14123,small / not screened
B-14124,White / cool coating
B-14125,small / not screened
B-14126,small / not screened
B-14127,Concrete / cement
B-14128,small / not screened
B-14129,small / not screened
B-14130,White / cool coating
B-14131,small / not screened
B-14132,small / not screened
B-14133,White / cool coating
B-14134,small / not screened
B-14135,Concrete / cement
B-14136,Concrete / cement
B-14137,small / not screened
B-14138,small / not screened
B-14139,small / not screened
B-14140,Concrete / cement
B-14141,White / cool coating
B-14142,small / not screened
B-14143,small / not screened
B-14144,small / not screened
B-14145,Concrete / cement
B-14146,small / not screened
B-14147,Concrete / cement
B-14148,Metal sheet (bare / painted)
B-14149,small / not screened
B-14150,Concrete / cement
B-14151,Mixed / unsure
B-14152,small / not screened
B-14153,Mixed / unsure
B-14154,Concrete / cement
B-14155,small / not screened
B-14156,Mixed / unsure
B-14157,small / not screened
B-14158,Concrete / cement
B-14159,small / not screened
B-14160,small / not screened
B-14161,White / cool coating
B-14162,Concrete / cement
B-14163,Concrete / cement
B-14164,Concrete / cement
B-14165,small / not screened
B-14166,Mixed / unsure
B-14167,small / not screened
B-14168,small / not screened
B-14169,Concrete / cement
B-14170,small / not screened
B-14171,Metal sheet (bare / painted)
B-14172,small / not screened
B-14173,small / not screened
B-14174,small / not screened
B-14175,Concrete / cement
B-14176,small / not screened
B-14177,Concrete / cement
B-14178,small / not screened
B-14179,Concrete / cement
B-14180,small / not screened
B-14181,Concrete / cement
B-14182,Concrete / cement
B-14183,Concrete / cement
B-14184,small / not screened
B-14185,small / not screened
B-14186,small / not screened
B-14187,small / not screened
B-14188,small / not screened
B-14189,small / not screened
B-14190,small / not screened
B-14191,small / not screened
B-14192,Concrete / cement
B-14193,Concrete / cement
B-14194,small / not screened
B-14195,small / not screened
B-14196,small / not screened
B-14197,small / not screened
B-14198,small / not screened
B-14199,Concrete / cement
B-14200,small / not screened
B-14201,small / not screened
B-14202,small / not screened
B-14203,Concrete / cement
B-14204,Concrete / cement
B-14205,small / not screened
B-14206,Concrete / cement
B-14207,Mixed / unsure
B-14208,small / not screened
B-14209,Concrete / cement
B-14210,Concrete / cement
B-14211,small / not screened
B-14212,White / cool coating
B-14213,small / not screened
B-14214,small / not screened
B-14215,small / not screened
B-14216,White / cool coating
B-14217,Concrete / cement
B-14218,small / not screened
B-14219,White / cool coating
B-14220,small / not screened
B-14221,Concrete / cement
B-14222,Mixed / unsure
B-14223,Concrete / cement
B-14224,small / not screened
B-14225,small / not screened
B-14226,small / not screened
B-14227,small / not screened
B-14228,small / not screened
B-14229,small / not screened
B-14230,small / not screened
B-14231,Concrete / cement
B-14232,small / not screened
B-14233,small / not screened
B-14234,Concrete / cement
B-14235,White / cool coating
B-14236,Concrete / cement
B-14237,small / not screened
B-14238,Concrete / cement
B-14239,small / not screened
B-14240,Concrete / cement
B-14241,Metal sheet (bare / painted)
B-14242,Concrete / cement
B-14243,Concrete / cement
B-14244,Metal sheet (bare / painted)
B-14245,small / not screened
B-14246,Mixed / unsure
B-14247,Mixed / unsure
B-14248,Mixed / unsure
B-14249,Concrete / cement
B-14250,small / not screened
B-14251,small / not screened
B-14252,Concrete / cement
B-14253,small / not screened
B-14254,Concrete / cement
B-14255,Mixed / unsure
B-14256,small / not screened
B-14257,small / not screened
B-14258,small / not screened
B-14259,Concrete / cement
B-14260,small / not screened
B-14261,small / not screened
B-14262,small / not screened
B-14263,Concrete / cement
B-14264,small / not screened
B-14265,small / not screened
B-14266,small / not screened
B-14267,small / not screened
B-14268,small / not screened
B-14269,small / not screened
B-14270,small / not screened
B-14271,Concrete / cement
B-14272,small / not screened
B-14273,small / not screened
B-14274,small / not screened
B-14275,Concrete / cement
B-14276,small / not screened
B-14277,Mixed / unsure
B-14278,Concrete / cement
B-14279,small / not screened
B-14280,small / not screened
B-14281,Concrete / cement
B-14282,Mixed / unsure
B-14283,small / not screened
B-14284,small / not screened
B-14285,small / not screened
B-14286,Concrete / cement
B-14287,Mixed / unsure
B-14288,Concrete / cement
B-14289,Mixed / unsure
B-14290,Concrete / cement
B-14291,White / cool coating
B-14292,White / cool coating
B-14293,small / not screened
B-14294,White / cool coating
B-14295,Mixed / unsure
B-14296,Concrete / cement
B-14297,small / not screened
B-14298,small / not screened
B-14299,White / cool coating
B-14300,small / not screened
B-14301,White / cool coating
B-14302,small / not screened
B-14303,small / not screened
B-14304,White / cool coating
B-14305,Concrete / cement
B-14306,small / not screened
B-14307,Concrete / cement
B-14308,Concrete / cement
B-14309,small / not screened
B-14310,small / not screened
B-14311,small / not screened
B-14312,small / not screened
B-14313,small / not screened
B-14314,small / not screened
B-14315,small / not screened
B-14316,Concrete / cement
B-14317,small / not screened
B-14318,Concrete / cement
B-14319,Mixed / unsure
B-14320,Mixed / unsure
B-14321,White / cool coating
B-14322,Concrete / cement
B-14323,small / not screened
B-14324,small / not screened
B-14325,small / not screened
B-14326,small / not screened
B-14327,small / not screened
B-14328,small / not screened
B-14329,small / not screened
B-14330,small / not screened
B-14331,White / cool coating
B-14332,Concrete / cement
B-14333,White / cool coating
B-14334,small / not screened
B-14335,White / cool coating
B-14336,Concrete / cement
B-14337,small / not screened
B-14338,small / not screened
B-14339,small / not screened
B-14340,White / cool coating
B-14341,small / not screened
B-14342,small / not screened
B-14343,small / not screened
B-14344,small / not screened
B-14345,Mixed / unsure
B-14346,Mixed / unsure
B-14347,Concrete / cement
B-14348,White / cool coating
B-14349,White / cool coating
B-14350,White / cool coating
B-14351,small / not screened
B-14352,Concrete / cement
B-14353,small / not screened
B-14354,small / not screened
B-14355,small / not screened
B-14356,small / not screened
B-14357,Concrete / cement
B-14358,small / not screened
B-14359,small / not screened
B-14360,small / not screened
B-14361,small / not screened
B-14362,small / not screened
B-14363,Concrete / cement
B-14364,small / not screened
B-14365,small / not screened
B-14366,Mixed / unsure
B-14367,Concrete / cement
B-14368,Concrete / cement
B-14369,small / not screened
B-14370,small / not screened
B-14371,small / not screened
B-14372,small / not screened
B-14373,Mixed / unsure
B-14374,Concrete / cement
B-14375,Mixed / unsure
B-14376,small / not screened
B-14377,Mixed / unsure
B-14378,small / not screened
B-14379,small / not screened
B-14380,Mixed / unsure
B-14381,small / not screened
B-14382,small / not screened
B-14383,White / cool coating
B-14384,small / not screened
B-14385,small / not screened
B-14386,Concrete / cement
B-14387,Concrete / cement
B-14388,Mixed / unsure
B-14389,Concrete / cement
B-14390,small / not screened
B-14391,Concrete / cement
B-14392,Concrete / cement
B-14393,small / not screened
B-14394,small / not screened
B-14395,Concrete / cement
B-14396,Concrete / cement
B-14397,small / not screened
B-14398,Concrete / cement
B-14399,small / not screened
B-14400,small / not screened
B-14401,Concrete / cement
B-14402,small / not screened
B-14403,small / not screened
B-14404,White / cool coating
B-14405,small / not screened
B-14406,small / not screened
B-14407,small / not screened
B-14408,small / not screened
B-14409,Concrete / cement
B-14410,small / not screened
B-14411,small / not screened
B-14412,small / not screened
B-14413,White / cool coating
B-14414,small / not screened
B-14415,Concrete / cement
B-14416,Concrete / cement
B-14417,small / not screened
B-14418,small / not screened
B-14419,Concrete / cement
B-14420,small / not screened
B-14421,small / not screened
B-14422,small / not screened
B-14423,small / not screened
B-14424,small / not screened
B-14425,Mixed / unsure
B-14426,Metal sheet (bare / painted)
B-14427,small / not screened
B-14428,White / cool coating
B-14429,small / not screened
B-14430,small / not screened
B-14431,Concrete / cement
B-14432,small / not screened
B-14433,Mixed / unsure
B-14434,small / not screened
B-14435,White / cool coating
B-14436,Concrete / cement
B-14437,small / not screened
B-14438,small / not screened
B-14439,small / not screened
B-14440,Concrete / cement
B-14441,Concrete / cement
B-14442,small / not screened
B-14443,Concrete / cement
B-14444,Concrete / cement
B-14445,small / not screened
B-14446,Concrete / cement
B-14447,White / cool coating
B-14448,small / not screened
B-14449,White / cool coating
B-14450,small / not screened
B-14451,small / not screened
B-14452,Concrete / cement
B-14453,Concrete / cement
B-14454,small / not screened
B-14455,Concrete / cement
B-14456,White / cool coating
B-14457,Concrete / cement
B-14458,Concrete / cement
B-14459,small / not screened
B-14460,Concrete / cement
B-14461,White / cool coating
B-14462,small / not screened
B-14463,White / cool coating
B-14464,White / cool coating
B-14465,small / not screened
B-14466,small / not screened
B-14467,small / not screened
B-14468,small / not screened
B-14469,small / not screened
B-14470,small / not screened
B-14471,Metal sheet (bare / painted)
B-14472,small / not screened
B-14473,Metal sheet (bare / painted)
B-14474,Concrete / cement
B-14475,Concrete / cement
B-14476,small / not screened
B-14477,Concrete / cement
B-14478,small / not screened
B-14479,small / not screened
B-14480,Concrete / cement
B-14481,Concrete / cement
B-14482,small / not screened
B-14483,Concrete / cement
B-14484,small / not screened
B-14485,small / not screened
B-14486,Concrete / cement
B-14487,small / not screened
B-14488,White / cool coating
B-14489,small / not screened
B-14490,Mixed / unsure
B-14491,small / not screened
B-14492,small / not screened
B-14493,small / not screened
B-14494,Mixed / unsure
B-14495,Mixed / unsure
B-14496,small / not screened
B-14497,White / cool coating
B-14498,small / not screened
B-14499,Concrete / cement
B-14500,Concrete / cement
B-14501,Metal sheet (bare / painted)
B-14502,small / not screened
B-14503,Concrete / cement
B-14504,small / not screened
B-14505,Concrete / cement
B-14506,small / not screened
B-14507,small / not screened
B-14508,Mixed / unsure
B-14509,small / not screened
B-14510,small / not screened
B-14511,small / not screened
B-14512,Mixed / unsure
B-14513,small / not screened
B-14514,small / not screened
B-14515,Concrete / cement
B-14516,small / not screened
B-14517,Concrete / cement
B-14518,Concrete / cement
B-14519,small / not screened
B-14520,Concrete / cement
B-14521,small / not screened
B-14522,small / not screened
B-14523,small / not screened
B-14524,White / cool coating
B-14525,small / not screened
B-14526,small / not screened
B-14527,small / not screened
B-14528,small / not screened
B-14529,Concrete / cement
B-14530,small / not screened
B-14531,White / cool coating
B-14532,small / not screened
B-14533,small / not screened
B-14534,Concrete / cement
B-14535,small / not screened
B-14536,small / not screened
B-14537,Concrete / cement
B-14538,small / not screened
B-14539,small / not screened
B-14540,Concrete / cement
B-14541,small / not screened
B-14542,small / not screened
B-14543,small / not screened
B-14544,small / not screened
B-14545,small / not screened
B-14546,Metal sheet (bare / painted)
B-14547,Concrete / cement
B-14548,small / not screened
B-14549,Concrete / cement
B-14550,White / cool coating
B-14551,small / not screened
B-14552,small / not screened
B-14553,small / not screened
B-14554,small / not screened
B-14555,Concrete / cement
B-14556,White / cool coating
B-14557,small / not screened
B-14558,small / not screened
B-14559,Concrete / cement
B-14560,small / not screened
B-14561,small / not screened
B-14562,Concrete / cement
B-14563,small / not screened
B-14564,small / not screened
B-14565,Mixed / unsure
B-14566,Mixed / unsure
B-14567,Concrete / cement
B-14568,small / not screened
B-14569,small / not screened
B-14570,small / not screened
B-14571,small / not screened
B-14572,small / not screened
B-14573,small / not screened
B-14574,Mixed / unsure
B-14575,small / not screened
B-14576,small / not screened
B-14577,Concrete / cement
B-14578,small / not screened
B-14579,small / not screened
B-14580,Concrete / cement
B-14581,small / not screened
B-14582,Concrete / cement
B-14583,small / not screened
B-14584,White / cool coating
B-14585,small / not screened
B-14586,small / not screened
B-14587,Metal sheet (bare / painted)
B-14588,Concrete / cement
B-14589,small / not screened
B-14590,small / not screened
B-14591,small / not screened
B-14592,small / not screened
B-14593,White / cool coating
B-14594,small / not screened
B-14595,small / not screened
B-14596,Concrete / cement
B-14597,Mixed / unsure
B-14598,small / not screened
B-14599,Concrete / cement
B-14600,Concrete / cement
B-14601,small / not screened
B-14602,small / not screened
B-14603,small / not screened
B-14604,small / not screened
B-14605,small / not screened
B-14606,Concrete / cement
B-14607,small / not screened
B-14608,small / not screened
B-14609,Concrete / cement
B-14610,small / not screened
B-14611,small / not screened
B-14612,small / not screened
B-14613,small / not screened
B-14614,small / not screened
B-14615,Concrete / cement
B-14616,White / cool coating
B-14617,Concrete / cement
B-14618,Concrete / cement
B-14619,small / not screened
B-14620,Concrete / cement
B-14621,Mixed / unsure
B-14622,Mixed / unsure
B-14623,small / not screened
B-14624,Metal sheet (bare / painted)
B-14625,small / not screened
B-14626,White / cool coating
B-14627,small / not screened
B-14628,Concrete / cement
B-14629,Concrete / cement
B-14630,small / not screened
B-14631,Metal sheet (bare / painted)
B-14632,Concrete / cement
B-14633,Concrete / cement
B-14634,Concrete / cement
B-14635,small / not screened
B-14636,Concrete / cement
B-14637,small / not screened
B-14638,White / cool coating
B-14639,Concrete / cement
B-14640,Concrete / cement
B-14641,small / not screened
B-14642,small / not screened
B-14643,small / not screened
B-14644,small / not screened
B-14645,Concrete / cement
B-14646,Concrete / cement
B-14647,Mixed / unsure
B-14648,small / not screened
B-14649,small / not screened
B-14650,small / not screened
B-14651,small / not screened
B-14652,small / not screened
B-14653,small / not screened
B-14654,Concrete / cement
B-14655,small / not screened
B-14656,small / not screened
B-14657,small / not screened
B-14658,small / not screened
B-14659,small / not screened
B-14660,small / not screened
B-14661,White / cool coating
B-14662,small / not screened
B-14663,small / not screened
B-14664,small / not screened
B-14665,Concrete / cement
B-14666,small / not screened
B-14667,small / not screened
B-14668,small / not screened
B-14669,Concrete / cement
B-14670,small / not screened
B-14671,Mixed / unsure
B-14672,White / cool coating
B-14673,Metal sheet (bare / painted)
B-14674,Concrete / cement
B-14675,small / not screened
B-14676,Mixed / unsure
B-14677,small / not screened
B-14678,Concrete / cement
B-14679,Mixed / unsure
B-14680,small / not screened
B-14681,Mixed / unsure
B-14682,small / not screened
B-14683,small / not screened
B-14684,small / not screened
B-14685,small / not screened
B-14686,White / cool coating
B-14687,small / not screened
B-14688,small / not screened
B-14689,small / not screened
B-14690,small / not screened
B-14691,White / cool coating
B-14692,small / not screened
B-14693,Concrete / cement
B-14694,small / not screened
B-14695,small / not screened
B-14696,small / not screened
B-14697,Concrete / cement
B-14698,Concrete / cement
B-14699,Concrete / cement
B-14700,Concrete / cement
B-14701,Concrete / cement
B-14702,small / not screened
B-14703,small / not screened
B-14704,small / not screened
B-14705,Concrete / cement
B-14706,small / not screened
B-14707,Concrete / cement
B-14708,Concrete / cement
B-14709,small / not screened
B-14710,Mixed / unsure
B-14711,Concrete / cement
B-14712,small / not screened
B-14713,Mixed / unsure
B-14714,small / not screened
B-14715,small / not screened
B-14716,Concrete / cement
B-14717,small / not screened
B-14718,small / not screened
B-14719,small / not screened
B-14720,White / cool coating
B-14721,Concrete / cement
B-14722,Concrete / cement
B-14723,small / not screened
B-14724,Concrete / cement
B-14725,Concrete / cement
B-14726,small / not screened
B-14727,small / not screened
B-14728,small / not screened
B-14729,small / not screened
B-14730,Concrete / cement
B-14731,small / not screened
B-14732,Concrete / cement
B-14733,small / not screened
B-14734,Concrete / cement
B-14735,White / cool coating
B-14736,Concrete / cement
B-14737,Concrete / cement
B-14738,small / not screened
B-14739,Concrete / cement
B-14740,Concrete / cement
B-14741,small / not screened
B-14742,small / not screened
B-14743,small / not screened
B-14744,Concrete / cement
B-14745,small / not screened
B-14746,small / not screened
B-14747,small / not screened
B-14748,small / not screened
B-14749,small / not screened
B-14750,small / not screened
B-14751,small / not screened
B-14752,Concrete / cement
B-14753,Concrete / cement
B-14754,Concrete / cement
B-14755,small / not screened
B-14756,Metal sheet (bare / painted)
B-14757,Mixed / unsure
B-14758,Concrete / cement
B-14759,small / not screened
B-14760,small / not screened
B-14761,Concrete / cement
B-14762,small / not screened
B-14763,small / not screened
B-14764,small / not screened
B-14765,Concrete / cement
B-14766,small / not screened
B-14767,Concrete / cement
B-14768,Concrete / cement
B-14769,small / not screened
B-14770,White / cool coating
B-14771,Metal sheet (bare / painted)
B-14772,Mixed / unsure
B-14773,Concrete / cement
B-14774,small / not screened
B-14775,Concrete / cement
B-14776,Concrete / cement
B-14777,small / not screened
B-14778,small / not screened
B-14779,Concrete / cement
B-14780,small / not screened
B-14781,small / not screened
B-14782,small / not screened
B-14783,small / not screened
B-14784,White / cool coating
B-14785,small / not screened
B-14786,small / not screened
B-14787,small / not screened
B-14788,small / not screened
B-14789,Concrete / cement
B-14790,Concrete / cement
B-14791,small / not screened
B-14792,small / not screened
B-14793,Concrete / cement
B-14794,small / not screened
B-14795,Concrete / cement
B-14796,small / not screened
B-14797,small / not screened
B-14798,White / cool coating
B-14799,small / not screened
B-14800,small / not screened
B-14801,small / not screened
B-14802,small / not screened
B-14803,small / not screened
B-14804,small / not screened
B-14805,Mixed / unsure
B-14806,Concrete / cement
B-14807,small / not screened
B-14808,small / not screened
B-14809,small / not screened
B-14810,small / not screened
B-14811,small / not screened
B-14812,Concrete / cement
B-14813,Concrete / cement
B-14814,Concrete / cement
B-14815,small / not screened
B-14816,small / not screened
B-14817,small / not screened
B-14818,Concrete / cement
B-14819,small / not screened
B-14820,small / not screened
B-14821,small / not screened
B-14822,Concrete / cement
B-14823,small / not screened
B-14824,Metal sheet (bare / painted)
B-14825,Concrete / cement
B-14826,small / not screened
B-14827,Concrete / cement
B-14828,Concrete / cement
B-14829,Metal sheet (bare / painted)
B-14830,Concrete / cement
B-14831,small / not screened
B-14832,small / not screened
B-14833,White / cool coating
B-14834,Mixed / unsure
B-14835,Concrete / cement
B-14836,small / not screened
B-14837,Concrete / cement
B-14838,White / cool coating
B-14839,small / not screened
B-14840,small / not screened
B-14841,Metal sheet (bare / painted)
B-14842,Concrete / cement
B-14843,small / not screened
B-14844,small / not screened
B-14845,small / not screened
B-14846,small / not screened
B-14847,small / not screened
B-14848,White / cool coating
B-14849,small / not screened
B-14850,Concrete / cement
B-14851,Concrete / cement
B-14852,White / cool coating
B-14853,Mixed / unsure
B-14854,small / not screened
B-14855,Concrete / cement
B-14856,White / cool coating
B-14857,small / not screened
B-14858,small / not screened
B-14859,Concrete / cement
B-14860,Metal sheet (bare / painted)
B-14861,small / not screened
B-14862,small / not screened
B-14863,Concrete / cement
B-14864,small / not screened
B-14865,small / not screened
B-14866,small / not screened
B-14867,small / not screened
B-14868,White / cool coating
B-14869,Concrete / cement
B-14870,Metal sheet (bare / painted)
B-14871,small / not screened
B-14872,small / not screened
B-14873,Concrete / cement
B-14874,Mixed / unsure
B-14875,Concrete / cement
B-14876,White / cool coating
B-14877,Concrete / cement
B-14878,Concrete / cement
B-14879,small / not screened
B-14880,small / not screened
B-14881,small / not screened
B-14882,Metal sheet (bare / painted)
B-14883,small / not screened
B-14884,small / not screened
B-14885,small / not screened
B-14886,White / cool coating
B-14887,White / cool coating
B-14888,small / not screened
B-14889,small / not screened
B-14890,Concrete / cement
B-14891,White / cool coating
B-14892,White / cool coating
B-14893,small / not screened
B-14894,Concrete / cement
B-14895,small / not screened
B-14896,small / not screened
B-14897,Concrete / cement
B-14898,Concrete / cement
B-14899,Concrete / cement
B-14900,small / not screened
B-14901,small / not screened
B-14902,small / not screened
B-14903,Concrete / cement
B-14904,Concrete / cement
B-14905,Concrete / cement
B-14906,Metal sheet (bare / painted)
B-14907,small / not screened
B-14908,small / not screened
B-14909,small / not screened
B-14910,small / not screened
B-14911,Metal sheet (bare / painted)
B-14912,White / cool coating
B-14913,small / not screened
B-14914,small / not screened
B-14915,small / not screened
B-14916,small / not screened
B-14917,small / not screened
B-14918,small / not screened
B-14919,Mixed / unsure
B-14920,small / not screened
B-14921,White / cool coating
B-14922,small / not screened
B-14923,Concrete / cement
B-14924,small / not screened
B-14925,Mixed / unsure
B-14926,small / not screened
B-14927,small / not screened
B-14928,small / not screened
B-14929,small / not screened
B-14930,small / not screened
B-14931,Concrete / cement
B-14932,Metal sheet (bare / painted)
B-14933,Concrete / cement
B-14934,small / not screened
B-14935,small / not screened
B-14936,small / not screened
B-14937,small / not screened
B-14938,small / not screened
B-14939,small / not screened
B-14940,Concrete / cement
B-14941,small / not screened
B-14942,small / not screened
B-14943,Concrete / cement
B-14944,small / not screened
B-14945,small / not screened
B-14946,Concrete / cement
B-14947,small / not screened
B-14948,White / cool coating
B-14949,small / not screened
B-14950,Concrete / cement
B-14951,Concrete / cement
B-14952,small / not screened
B-14953,Concrete / cement
B-14954,small / not screened
B-14955,Concrete / cement
B-14956,small / not screened
B-14957,small / not screened
B-14958,Concrete / cement
B-14959,Concrete / cement
B-14960,Concrete / cement
B-14961,small / not screened
B-14962,small / not screened
B-14963,Concrete / cement
B-14964,small / not screened
B-14965,small / not screened
B-14966,small / not screened
B-14967,Concrete / cement
B-14968,small / not screened
B-14969,small / not screened
B-14970,Concrete / cement
B-14971,small / not screened
B-14972,White / cool coating
B-14973,small / not screened
B-14974,small / not screened
B-14975,White / cool coating
B-14976,small / not screened
B-14977,small / not screened
B-14978,small / not screened
B-14979,small / not screened
B-14980,Mixed / unsure
B-14981,small / not screened
B-14982,Concrete / cement
B-14983,White / cool coating
B-14984,small / not screened
B-14985,small / not screened
B-14986,small / not screened
B-14987,small / not screened
B-14988,Concrete / cement
B-14989,small / not screened
B-14990,small / not screened
B-14991,small / not screened
B-14992,Concrete / cement
B-14993,small / not screened
B-14994,small / not screened
B-14995,small / not screened
B-14996,small / not screened
B-14997,Concrete / cement
B-14998,small / not screened
B-14999,Concrete / cement
B-15000,White / cool coating
B-15001,small / not screened
B-15002,Metal sheet (bare / painted)
B-15003,Concrete / cement
B-15004,Concrete / cement
B-15005,small / not screened
B-15006,small / not screened
B-15007,Metal sheet (bare / painted)
B-15008,Concrete / cement
B-15009,Mixed / unsure
B-15010,small / not screened
B-15011,small / not screened
B-15012,small / not screened
B-15013,small / not screened
B-15014,small / not screened
B-15015,small / not screened
B-15016,small / not screened
B-15017,Mixed / unsure
B-15018,small / not screened
B-15019,small / not screened
B-15020,Concrete / cement
B-15021,Concrete / cement
B-15022,small / not screened
B-15023,Concrete / cement
B-15024,small / not screened
B-15025,Concrete / cement
B-15026,small / not screened
B-15027,small / not screened
B-15028,small / not screened
B-15029,small / not screened
B-15030,White / cool coating
B-15031,small / not screened
B-15032,small / not screened
B-15033,small / not screened
B-15034,Mixed / unsure
B-15035,White / cool coating
B-15036,small / not screened
B-15037,small / not screened
B-15038,small / not screened
B-15039,Concrete / cement
B-15040,Concrete / cement
B-15041,Metal sheet (bare / painted)
B-15042,small / not screened
B-15043,small / not screened
B-15044,small / not screened
B-15045,small / not screened
B-15046,small / not screened
B-15047,Concrete / cement
B-15048,small / not screened
B-15049,Concrete / cement
B-15050,Concrete / cement
B-15051,small / not screened
B-15052,small / not screened
B-15053,small / not screened
B-15054,Concrete / cement
B-15055,Metal sheet (bare / painted)
B-15056,small / not screened
B-15057,small / not screened
B-15058,Mixed / unsure
B-15059,small / not screened
B-15060,White / cool coating
B-15061,small / not screened
B-15062,Mixed / unsure
B-15063,White / cool coating
B-15064,Metal sheet (bare / painted)
B-15065,small / not screened
B-15066,Concrete / cement
B-15067,Mixed / unsure
B-15068,small / not screened
B-15069,White / cool coating
B-15070,Concrete / cement
B-15071,small / not screened
B-15072,Concrete / cement
B-15073,small / not screened
B-15074,small / not screened
B-15075,Concrete / cement
B-15076,small / not screened
B-15077,Metal sheet (bare / painted)
B-15078,small / not screened
B-15079,Concrete / cement
B-15080,Concrete / cement
B-15081,small / not screened
B-15082,Mixed / unsure
B-15083,White / cool coating
B-15084,small / not screened
B-15085,White / cool coating
B-15086,Concrete / cement
B-15087,White / cool coating
B-15088,Concrete / cement
B-15089,small / not screened
B-15090,small / not screened
B-15091,small / not screened
B-15092,Mixed / unsure
B-15093,White / cool coating
B-15094,small / not screened
B-15095,small / not screened
B-15096,Mixed / unsure
B-15097,Concrete / cement
B-15098,small / not screened
B-15099,Concrete / cement
B-15100,small / not screened
B-15101,small / not screened
B-15102,small / not screened
B-15103,Mixed / unsure
B-15104,small / not screened
B-15105,small / not screened
B-15106,small / not screened
B-15107,White / cool coating
B-15108,small / not screened
B-15109,Mixed / unsure
B-15110,small / not screened
B-15111,small / not screened
B-15112,small / not screened
B-15113,Metal sheet (bare / painted)
B-15114,small / not screened
B-15115,small / not screened
B-15116,small / not screened
B-15117,White / cool coating
B-15118,small / not screened
B-15119,Mixed / unsure
B-15120,Concrete / cement
B-15121,Concrete / cement
B-15122,small / not screened
B-15123,small / not screened
B-15124,small / not screened
B-15125,small / not screened
B-15126,Mixed / unsure
B-15127,small / not screened
B-15128,small / not screened
B-15129,small / not screened
B-15130,Mixed / unsure
B-15131,Mixed / unsure
B-15132,small / not screened
B-15133,small / not screened
B-15134,White / cool coating
B-15135,Concrete / cement
B-15136,small / not screened
B-15137,Concrete / cement
B-15138,small / not screened
B-15139,small / not screened
B-15140,Mixed / unsure
B-15141,small / not screened
B-15142,small / not screened
B-15143,small / not screened
B-15144,small / not screened
B-15145,Concrete / cement
B-15146,small / not screened
B-15147,Metal sheet (bare / painted)
B-15148,Concrete / cement
B-15149,small / not screened
B-15150,small / not screened
B-15151,White / cool coating
B-15152,Concrete / cement
B-15153,White / cool coating
B-15154,Concrete / cement
B-15155,Concrete / cement
B-15156,Concrete / cement
B-15157,Concrete / cement
B-15158,Concrete / cement
B-15159,Metal sheet (bare / painted)
B-15160,Metal sheet (bare / painted)
B-15161,Concrete / cement
B-15162,Metal sheet (bare / painted)
B-15163,Concrete / cement
B-15164,White / cool coating
B-15165,Metal sheet (bare / painted)
B-15166,Concrete / cement
B-15167,White / cool coating
B-15168,Metal sheet (bare / painted)
B-15169,Concrete / cement
B-15170,White / cool coating
B-15171,White / cool coating
B-15172,White / cool coating
B-15173,Concrete / cement
B-15174,White / cool coating
B-15175,Concrete / cement
B-15176,White / cool coating
B-15177,White / cool coating
B-15178,White / cool coating
B-15179,White / cool coating
B-15180,Concrete / cement
B-15181,Concrete / cement
B-15182,Concrete / cement
B-15183,White / cool coating
B-15184,Concrete / cement
B-15185,White / cool coating
B-15186,Concrete / cement
B-15187,Concrete / cement
B-15188,White / cool coating
B-15189,Concrete / cement
B-15190,White / cool coating
B-15191,White / cool coating
B-15192,Concrete / cement
B-15193,Concrete / cement
B-15194,Concrete / cement
B-15195,Concrete / cement
B-15196,White / cool coating
B-15197,Concrete / cement
B-15198,small / not screened
B-15199,White / cool coating
B-15200,Concrete / cement
B-15201,White / cool coating
B-15202,Concrete / cement
B-15203,Concrete / cement
B-15204,Concrete / cement
B-15205,White / cool coating
B-15206,Concrete / cement
B-15207,White / cool coating
B-15208,White / cool coating
B-15209,Concrete / cement
B-15210,Concrete / cement
B-15211,Concrete / cement
B-15212,Concrete / cement
B-15213,small / not screened
B-15214,Concrete / cement
B-15215,Concrete / cement
B-15216,Concrete / cement
B-15217,Concrete / cement
B-15218,Concrete / cement
B-15219,White / cool coating
B-15220,Concrete / cement
B-15221,White / cool coating
B-15222,small / not screened
B-15223,White / cool coating
B-15224,White / cool coating
B-15225,White / cool coating
B-15226,Concrete / cement
B-15227,Concrete / cement
B-15228,Concrete / cement
B-15229,small / not screened
B-15230,Concrete / cement
B-15231,Metal sheet (bare / painted)
B-15232,Metal sheet (bare / painted)
B-15233,small / not screened
B-15234,Concrete / cement
B-15235,Concrete / cement
B-15236,small / not screened
B-15237,White / cool coating
B-15238,Concrete / cement
B-15239,small / not screened
B-15240,Concrete / cement
B-15241,small / not screened
B-15242,Concrete / cement
B-15243,Metal sheet (bare / painted)
B-15244,Metal sheet (bare / painted)
B-15245,Metal sheet (bare / painted)
B-15246,Concrete / cement
B-15247,White / cool coating
B-15248,Metal sheet (bare / painted)
B-15249,Metal sheet (bare / painted)
B-15250,Metal sheet (bare / painted)
B-15251,small / not screened
B-15252,small / not screened
B-15253,small / not screened
B-15254,Concrete / cement
B-15255,small / not screened
B-15256,Concrete / cement
B-15257,small / not screened
B-15258,small / not screened
B-15259,small / not screened
B-15260,small / not screened
B-15261,Metal sheet (bare / painted)
B-15262,small / not screened
B-15263,Metal sheet (bare / painted)
B-15264,small / not screened
B-15265,small / not screened
B-15266,small / not screened
B-15267,small / not screened
B-15268,small / not screened
B-15269,small / not screened
B-15270,Metal sheet (bare / painted)
B-15271,Concrete / cement
B-15272,Concrete / cement
B-15273,Concrete / cement
B-15274,White / cool coating
B-15275,Concrete / cement
B-15276,Metal sheet (bare / painted)
B-15277,White / cool coating
B-15278,White / cool coating
B-15279,White / cool coating
B-15280,White / cool coating
B-15281,Concrete / cement
B-15282,White / cool coating
B-15283,White / cool coating
B-15284,Concrete / cement
B-15285,Concrete / cement
B-15286,White / cool coating
B-15287,Concrete / cement
B-15288,Concrete / cement
B-15289,Concrete / cement
B-15290,Concrete / cement
B-15291,White / cool coating
B-15292,White / cool coating
B-15293,White / cool coating
B-15294,White / cool coating
B-15295,White / cool coating
B-15296,White / cool coating
B-15297,White / cool coating
B-15298,White / cool coating
B-15299,White / cool coating
B-15300,Concrete / cement
B-15301,Concrete / cement
B-15302,Metal sheet (bare / painted)
B-15303,White / cool coating
B-15304,White / cool coating
B-15305,White / cool coating
B-15306,White / cool coating
B-15307,White / cool coating
B-15308,White / cool coating
B-15309,Concrete / cement
B-15310,Metal sheet (bare / painted)
B-15311,small / not screened
B-15312,White / cool coating
B-15313,White / cool coating
B-15314,small / not screened
B-15315,small / not screened
B-15316,small / not screened
B-15317,Concrete / cement
B-15318,Metal sheet (bare / painted)
B-15319,small / not screened
B-15320,small / not screened
B-15321,small / not screened
B-15322,Concrete / cement
B-15323,Concrete / cement
B-15324,White / cool coating
B-15325,Concrete / cement
B-15326,small / not screened
B-15327,small / not screened
B-15328,small / not screened
B-15329,small / not screened
B-15330,small / not screened
B-15331,Concrete / cement
B-15332,Concrete / cement
B-15333,Metal sheet (bare / painted)
B-15334,small / not screened
B-15335,White / cool coating
B-15336,Metal sheet (bare / painted)
B-15337,Concrete / cement
B-15338,Concrete / cement
B-15339,small / not screened
B-15340,Concrete / cement
B-15341,small / not screened
B-15342,Metal sheet (bare / painted)
B-15343,Metal sheet (bare / painted)
B-15344,Metal sheet (bare / painted)
B-15345,Concrete / cement
B-15346,White / cool coating
B-15347,Metal sheet (bare / painted)
B-15348,Metal sheet (bare / painted)
B-15349,Metal sheet (bare / painted)
B-15350,small / not screened
B-15351,small / not screened
B-15352,small / not screened
B-15353,small / not screened
B-15354,small / not screened
B-15355,Metal sheet (bare / painted)
B-15356,small / not screened
B-15357,Concrete / cement
B-15358,White / cool coating
B-15359,White / cool coating
B-15360,Metal sheet (bare / painted)
B-15361,Metal sheet (bare / painted)
B-15362,Concrete / cement
B-15363,Metal sheet (bare / painted)
B-15364,Metal sheet (bare / painted)
B-15365,Metal sheet (bare / painted)
B-15366,Concrete / cement
B-15367,Metal sheet (bare / painted)
B-15368,Metal sheet (bare / painted)
B-15369,Concrete / cement
B-15370,White / cool coating
B-15371,Metal sheet (bare / painted)
B-15372,Metal sheet (bare / painted)
B-15373,Metal sheet (bare / painted)
B-15374,Metal sheet (bare / painted)
B-15375,Metal sheet (bare / painted)
B-15376,Metal sheet (bare / painted)
B-15377,small / not screened
B-15378,small / not screened
B-15379,small / not screened
B-15380,Metal sheet (bare / painted)
B-15381,Concrete / cement
B-15382,Metal sheet (bare / painted)
B-15383,Metal sheet (bare / painted)
B-15384,Metal sheet (bare / painted)
B-15385,Concrete / cement
B-15386,Concrete / cement
B-15387,Concrete / cement
B-15388,Concrete / cement
B-15389,small / not screened
B-15390,Concrete / cement
B-15391,small / not screened
B-15392,small / not screened
B-15393,small / not screened
B-15394,small / not screened
B-15395,small / not screened
B-15396,small / not screened
B-15397,Metal sheet (bare / painted)
B-15398,Metal sheet (bare / painted)
B-15399,Concrete / cement
B-15400,Metal sheet (bare / painted)
B-15401,Concrete / cement
B-15402,Concrete / cement
B-15403,White / cool coating
B-15404,Metal sheet (bare / painted)
B-15405,Metal sheet (bare / painted)
B-15406,Metal sheet (bare / painted)
B-15407,Metal sheet (bare / painted)
B-15408,Metal sheet (bare / painted)
B-15409,Metal sheet (bare / painted)
B-15410,Concrete / cement
B-15411,small / not screened
B-15412,Metal sheet (bare / painted)
B-15413,Concrete / cement
B-15414,Concrete / cement
B-15415,Metal sheet (bare / painted)
B-15416,Metal sheet (bare / painted)
B-15417,small / not screened
B-15418,Concrete / cement
B-15419,Metal sheet (bare / painted)
B-15420,Metal sheet (bare / painted)
B-15421,Concrete / cement
B-15422,Metal sheet (bare / painted)
B-15423,Metal sheet (bare / painted)
B-15424,White / cool coating
B-15425,small / not screened
B-15426,Concrete / cement
B-15427,Metal sheet (bare / painted)
B-15428,Metal sheet (bare / painted)
B-15429,Metal sheet (bare / painted)
B-15430,Metal sheet (bare / painted)
B-15431,Concrete / cement
B-15432,Metal sheet (bare / painted)
B-15433,Metal sheet (bare / painted)
B-15434,Concrete / cement
B-15435,Metal sheet (bare / painted)
B-15436,Metal sheet (bare / painted)
B-15437,Metal sheet (bare / painted)
B-15438,Metal sheet (bare / painted)
B-15439,Metal sheet (bare / painted)
B-15440,Concrete / cement
B-15441,Metal sheet (bare / painted)
B-15442,Metal sheet (bare / painted)
B-15443,Concrete / cement
B-15444,Metal sheet (bare / painted)
B-15445,Metal sheet (bare / painted)
B-15446,Concrete / cement
B-15447,Metal sheet (bare / painted)
B-15448,Concrete / cement
B-15449,Metal sheet (bare / painted)
B-15450,Metal sheet (bare / painted)
B-15451,Concrete / cement
B-15452,Metal sheet (bare / painted)
B-15453,White / cool coating
B-15454,Metal sheet (bare / painted)
B-15455,Concrete / cement
B-15456,White / cool coating
B-15457,Metal sheet (bare / painted)
B-15458,Concrete / cement
B-15459,Metal sheet (bare / painted)
B-15460,Metal sheet (bare / painted)
B-15461,Metal sheet (bare / painted)
B-15462,Metal sheet (bare / painted)
B-15463,Metal sheet (bare / painted)
B-15464,Metal sheet (bare / painted)
B-15465,Metal sheet (bare / painted)
B-15466,Metal sheet (bare / painted)
B-15467,Metal sheet (bare / painted)
B-15468,Metal sheet (bare / painted)
B-15469,Concrete / cement
B-15470,Concrete / cement
B-15471,Concrete / cement
B-15472,Concrete / cement
B-15473,Metal sheet (bare / painted)
B-15474,Metal sheet (bare / painted)
B-15475,Metal sheet (bare / painted)
B-15476,Metal sheet (bare / painted)
B-15477,Metal sheet (bare / painted)
B-15478,Metal sheet (bare / painted)
B-15479,Concrete / cement
B-15480,Concrete / cement
B-15481,Concrete / cement
B-15482,Concrete / cement
B-15483,Metal sheet (bare / painted)
B-15484,Concrete / cement
B-15485,Concrete / cement
B-15486,Concrete / cement
B-15487,Concrete / cement
B-15488,Concrete / cement
B-15489,Metal sheet (bare / painted)
B-15490,Concrete / cement
B-15491,Metal sheet (bare / painted)
B-15492,Metal sheet (bare / painted)
B-15493,Metal sheet (bare / painted)
B-15494,Concrete / cement
B-15495,Concrete / cement
B-15496,Concrete / cement
B-15497,Concrete / cement
B-15498,Metal sheet (bare / painted)
B-15499,Concrete / cement
B-15500,Concrete / cement
B-15501,Concrete / cement
B-15502,Concrete / cement
B-15503,Concrete / cement
B-15504,Concrete / cement
B-15505,Concrete / cement
B-15506,White / cool coating
B-15507,Concrete / cement
B-15508,Concrete / cement
B-15509,Concrete / cement
B-15510,Metal sheet (bare / painted)
B-15511,Metal sheet (bare / painted)
B-15512,Concrete / cement
B-15513,Concrete / cement
B-15514,Concrete / cement
B-15515,Concrete / cement
B-15516,Concrete / cement
B-15517,Metal sheet (bare / painted)
B-15518,Concrete / cement
B-15519,Concrete / cement
B-15520,Metal sheet (bare / painted)
B-15521,Metal sheet (bare / painted)
B-15522,Concrete / cement
B-15523,Concrete / cement
B-15524,Metal sheet (bare / painted)
B-15525,Metal sheet (bare / painted)
B-15526,Concrete / cement
B-15527,Metal sheet (bare / painted)
B-15528,Concrete / cement
B-15529,Metal sheet (bare / painted)
B-15530,Concrete / cement
B-15531,Concrete / cement
B-15532,Metal sheet (bare / painted)
B-15533,Concrete / cement
B-15534,Metal sheet (bare / painted)
B-15535,Concrete / cement
B-15536,Concrete / cement
B-15537,White / cool coating
B-15538,Concrete / cement
B-15539,Metal sheet (bare / painted)
B-15540,Concrete / cement
B-15541,Metal sheet (bare / painted)
B-15542,Concrete / cement
B-15543,Concrete / cement
B-15544,Concrete / cement
B-15545,Concrete / cement
B-15546,Concrete / cement
B-15547,Concrete / cement
B-15548,Concrete / cement
B-15549,Metal sheet (bare / painted)
B-15550,Metal sheet (bare / painted)
B-15551,Metal sheet (bare / painted)
B-15552,Metal sheet (bare / painted)
B-15553,Concrete / cement
B-15554,White / cool coating
B-15555,Concrete / cement
B-15556,Metal sheet (bare / painted)
B-15557,Metal sheet (bare / painted)
B-15558,Metal sheet (bare / painted)
B-15559,Concrete / cement
B-15560,Metal sheet (bare / painted)
B-15561,Metal sheet (bare / painted)
B-15562,Metal sheet (bare / painted)
B-15563,Metal sheet (bare / painted)
B-15564,White / cool coating
B-15565,Metal sheet (bare / painted)
B-15566,Metal sheet (bare / painted)
B-15567,Concrete / cement
B-15568,Metal sheet (bare / painted)
B-15569,Metal sheet (bare / painted)
B-15570,Metal sheet (bare / painted)
B-15571,Concrete / cement
B-15572,Metal sheet (bare / painted)
B-15573,Metal sheet (bare / painted)
B-15574,Concrete / cement
B-15575,small / not screened
B-15576,Metal sheet (bare / painted)
B-15577,Metal sheet (bare / painted)
B-15578,White / cool coating
B-15579,Metal sheet (bare / painted)
B-15580,Concrete / cement
B-15581,Concrete / cement
B-15582,Metal sheet (bare / painted)
B-15583,Metal sheet (bare / painted)
B-15584,small / not screened
B-15585,small / not screened
B-15586,small / not screened
B-15587,small / not screened
B-15588,Concrete / cement
B-15589,small / not screened
B-15590,Metal sheet (bare / painted)
B-15591,Metal sheet (bare / painted)
B-15592,Metal sheet (bare / painted)
B-15593,Metal sheet (bare / painted)
B-15594,Metal sheet (bare / painted)
B-15595,Metal sheet (bare / painted)
B-15596,Metal sheet (bare / painted)
B-15597,Concrete / cement
B-15598,Metal sheet (bare / painted)
B-15599,Metal sheet (bare / painted)
B-15600,Metal sheet (bare / painted)
B-15601,Metal sheet (bare / painted)
B-15602,White / cool coating
B-15603,Concrete / cement
B-15604,Concrete / cement
B-15605,Concrete / cement
B-15606,Concrete / cement
B-15607,Concrete / cement
B-15608,Metal sheet (bare / painted)
B-15609,Metal sheet (bare / painted)
B-15610,Concrete / cement
B-15611,Concrete / cement
B-15612,Metal sheet (bare / painted)
B-15613,Concrete / cement
B-15614,small / not screened
B-15615,Metal sheet (bare / painted)
B-15616,Concrete / cement
B-15617,small / not screened
B-15618,small / not screened
B-15619,Metal sheet (bare / painted)
B-15620,Concrete / cement
B-15621,small / not screened
B-15622,Concrete / cement
B-15623,Concrete / cement
B-15624,Concrete / cement
B-15625,Metal sheet (bare / painted)
B-15626,Metal sheet (bare / painted)
B-15627,Concrete / cement
B-15628,Concrete / cement
B-15629,Metal sheet (bare / painted)
B-15630,small / not screened
B-15631,small / not screened
B-15632,small / not screened
B-15633,Metal sheet (bare / painted)
B-15634,Metal sheet (bare / painted)
B-15635,Metal sheet (bare / painted)
B-15636,Concrete / cement
B-15637,Metal sheet (bare / painted)
B-15638,small / not screened
B-15639,small / not screened
B-15640,small / not screened
B-15641,small / not screened
B-15642,small / not screened
B-15643,small / not screened
B-15644,small / not screened
B-15645,small / not screened
B-15646,small / not screened
B-15647,small / not screened
B-15648,Concrete / cement
B-15649,Concrete / cement
B-15650,Concrete / cement
B-15651,Concrete / cement
B-15652,small / not screened
B-15653,small / not screened
B-15654,Concrete / cement
B-15655,Concrete / cement
B-15656,Concrete / cement
B-15657,small / not screened
B-15658,Concrete / cement
B-15659,Metal sheet (bare / painted)
B-15660,Concrete / cement
B-15661,Concrete / cement
B-15662,Concrete / cement
B-15663,Concrete / cement
B-15664,Metal sheet (bare / painted)
B-15665,Concrete / cement
B-15666,Concrete / cement
B-15667,Metal sheet (bare / painted)
B-15668,Concrete / cement
B-15669,Metal sheet (bare / painted)
B-15670,Concrete / cement
B-15671,Metal sheet (bare / painted)
B-15672,small / not screened
B-15673,Concrete / cement
B-15674,Metal sheet (bare / painted)
B-15675,small / not screened
B-15676,Metal sheet (bare / painted)
B-15677,Concrete / cement
B-15678,Concrete / cement
B-15679,Concrete / cement
B-15680,small / not screened
B-15681,Metal sheet (bare / painted)
B-15682,Concrete / cement
B-15683,Concrete / cement
B-15684,Metal sheet (bare / painted)
B-15685,Metal sheet (bare / painted)
B-15686,Metal sheet (bare / painted)
B-15687,small / not screened
B-15688,Concrete / cement
B-15689,Concrete / cement
B-15690,Metal sheet (bare / painted)
B-15691,Metal sheet (bare / painted)
B-15692,Metal sheet (bare / painted)
B-15693,Metal sheet (bare / painted)
B-15694,Concrete / cement
B-15695,Concrete / cement
B-15696,small / not screened
B-15697,small / not screened
B-15698,Metal sheet (bare / painted)
B-15699,Metal sheet (bare / painted)
B-15700,small / not screened
B-15701,Concrete / cement
B-15702,small / not screened
B-15703,Metal sheet (bare / painted)
B-15704,small / not screened
B-15705,Concrete / cement
B-15706,small / not screened
B-15707,Concrete / cement
B-15708,small / not screened
B-15709,small / not screened
B-15710,small / not screened
B-15711,Metal sheet (bare / painted)
B-15712,Concrete / cement
B-15713,Concrete / cement
B-15714,White / cool coating
B-15715,Concrete / cement
B-15716,Concrete / cement
B-15717,White / cool coating
B-15718,Concrete / cement
B-15719,Metal sheet (bare / painted)
B-15720,Concrete / cement
B-15721,Metal sheet (bare / painted)
B-15722,Concrete / cement
B-15723,White / cool coating
B-15724,Metal sheet (bare / painted)
B-15725,White / cool coating
B-15726,Concrete / cement
B-15727,Metal sheet (bare / painted)
B-15728,Concrete / cement
B-15729,Concrete / cement
B-15730,Metal sheet (bare / painted)
B-15731,Concrete / cement
B-15732,small / not screened
B-15733,Concrete / cement
B-15734,Metal sheet (bare / painted)
B-15735,Metal sheet (bare / painted)
B-15736,Concrete / cement
B-15737,Concrete / cement
B-15738,Metal sheet (bare / painted)
B-15739,Metal sheet (bare / painted)
B-15740,Metal sheet (bare / painted)
B-15741,Metal sheet (bare / painted)
B-15742,Metal sheet (bare / painted)
B-15743,Metal sheet (bare / painted)
B-15744,Metal sheet (bare / painted)
B-15745,Metal sheet (bare / painted)
B-15746,Metal sheet (bare / painted)
B-15747,Concrete / cement
B-15748,Metal sheet (bare / painted)
B-15749,Metal sheet (bare / painted)
B-15750,Metal sheet (bare / painted)
B-15751,Metal sheet (bare / painted)
B-15752,Metal sheet (bare / painted)
B-15753,Metal sheet (bare / painted)
B-15754,Metal sheet (bare / painted)
B-15755,Metal sheet (bare / painted)
B-15756,Concrete / cement
B-15757,Metal sheet (bare / painted)
B-15758,Metal sheet (bare / painted)
B-15759,Concrete / cement
B-15760,Metal sheet (bare / painted)
B-15761,Metal sheet (bare / painted)
B-15762,Metal sheet (bare / painted)
B-15763,Metal sheet (bare / painted)
B-15764,Metal sheet (bare / painted)
B-15765,Concrete / cement
B-15766,Metal sheet (bare / painted)
B-15767,Metal sheet (bare / painted)
B-15768,Metal sheet (bare / painted)
B-15769,Metal sheet (bare / painted)
B-15770,Metal sheet (bare / painted)
B-15771,Metal sheet (bare / painted)
B-15772,Metal sheet (bare / painted)
B-15773,Metal sheet (bare / painted)
B-15774,Metal sheet (bare / painted)
B-15775,Concrete / cement
B-15776,Concrete / cement
B-15777,Concrete / cement
B-15778,Metal sheet (bare / painted)
B-15779,Metal sheet (bare / painted)
B-15780,Metal sheet (bare / painted)
B-15781,Metal sheet (bare / painted)
B-15782,Concrete / cement
B-15783,Concrete / cement
B-15784,small / not screened
B-15785,Metal sheet (bare / painted)
B-15786,Metal sheet (bare / painted)
B-15787,Concrete / cement
B-15788,Concrete / cement
B-15789,small / not screened
B-15790,Metal sheet (bare / painted)
B-15791,Concrete / cement
B-15792,Metal sheet (bare / painted)
B-15793,Metal sheet (bare / painted)
B-15794,Concrete / cement
B-15795,Metal sheet (bare / painted)
B-15796,Concrete / cement
B-15797,small / not screened
B-15798,Metal sheet (bare / painted)
B-15799,Metal sheet (bare / painted)
B-15800,Metal sheet (bare / painted)
B-15801,small / not screened
B-15802,Metal sheet (bare / painted)
B-15803,Metal sheet (bare / painted)
B-15804,Metal sheet (bare / painted)
B-15805,small / not screened
B-15806,Metal sheet (bare / painted)
B-15807,small / not screened
B-15808,small / not screened
B-15809,Concrete / cement
B-15810,Concrete / cement
B-15811,Metal sheet (bare / painted)
B-15812,Concrete / cement
B-15813,Metal sheet (bare / painted)
B-15814,Metal sheet (bare / painted)
B-15815,Concrete / cement
B-15816,Metal sheet (bare / painted)
B-15817,Concrete / cement
B-15818,Concrete / cement
B-15819,Concrete / cement
B-15820,Concrete / cement
B-15821,Metal sheet (bare / painted)
B-15822,Concrete / cement
B-15823,Metal sheet (bare / painted)
B-15824,Metal sheet (bare / painted)
B-15825,Concrete / cement
B-15826,Concrete / cement
B-15827,Metal sheet (bare / painted)
B-15828,Metal sheet (bare / painted)
B-15829,Concrete / cement
B-15830,small / not screened
B-15831,small / not screened
B-15832,small / not screened
B-15833,small / not screened
B-15834,Concrete / cement
B-15835,Concrete / cement
B-15836,Concrete / cement
B-15837,Concrete / cement
B-15838,Metal sheet (bare / painted)
B-15839,Concrete / cement
B-15840,small / not screened
B-15841,small / not screened
B-15842,small / not screened
B-15843,small / not screened
B-15844,small / not screened
B-15845,Concrete / cement
B-15846,White / cool coating
B-15847,small / not screened
B-15848,small / not screened
B-15849,small / not screened
B-15850,Concrete / cement
B-15851,Metal sheet (bare / painted)
B-15852,Concrete / cement
B-15853,Metal sheet (bare / painted)
B-15854,Metal sheet (bare / painted)
B-15855,Metal sheet (bare / painted)
B-15856,Metal sheet (bare / painted)
B-15857,Concrete / cement
B-15858,small / not screened
B-15859,Metal sheet (bare / painted)
B-15860,Metal sheet (bare / painted)
B-15861,Concrete / cement
B-15862,Metal sheet (bare / painted)
B-15863,Metal sheet (bare / painted)
B-15864,Concrete / cement
B-15865,Concrete / cement
B-15866,Metal sheet (bare / painted)
B-15867,Concrete / cement
B-15868,Concrete / cement
B-15869,Concrete / cement
B-15870,Concrete / cement
B-15871,Concrete / cement
B-15872,White / cool coating
B-15873,White / cool coating
B-15874,Concrete / cement
B-15875,Concrete / cement
B-15876,White / cool coating
B-15877,Concrete / cement
B-15878,Concrete / cement
B-15879,Concrete / cement
B-15880,Concrete / cement
B-15881,Concrete / cement
B-15882,Concrete / cement
B-15883,White / cool coating
B-15884,White / cool coating
B-15885,White / cool coating
B-15886,White / cool coating
B-15887,White / cool coating
B-15888,White / cool coating
B-15889,Concrete / cement
B-15890,Concrete / cement
B-15891,White / cool coating
B-15892,Concrete / cement
B-15893,Concrete / cement
B-15894,White / cool coating
B-15895,Concrete / cement
B-15896,Concrete / cement
B-15897,Concrete / cement
B-15898,Concrete / cement
B-15899,Concrete / cement
B-15900,Concrete / cement
B-15901,Concrete / cement
B-15902,Concrete / cement
B-15903,Metal sheet (bare / painted)
B-15904,Metal sheet (bare / painted)
B-15905,Metal sheet (bare / painted)
B-15906,Metal sheet (bare / painted)
B-15907,Concrete / cement
B-15908,Concrete / cement
B-15909,Metal sheet (bare / painted)
B-15910,Metal sheet (bare / painted)
B-15911,Metal sheet (bare / painted)
B-15912,Metal sheet (bare / painted)
B-15913,Metal sheet (bare / painted)
B-15914,Metal sheet (bare / painted)
B-15915,Metal sheet (bare / painted)
B-15916,Metal sheet (bare / painted)
B-15917,White / cool coating
B-15918,Concrete / cement
B-15919,Concrete / cement
B-15920,Concrete / cement
B-15921,Metal sheet (bare / painted)
B-15922,Metal sheet (bare / painted)
B-15923,Concrete / cement
B-15924,Concrete / cement
B-15925,Metal sheet (bare / painted)
B-15926,Concrete / cement
B-15927,Concrete / cement
B-15928,small / not screened
B-15929,Metal sheet (bare / painted)
B-15930,Concrete / cement
B-15931,Concrete / cement
B-15932,Concrete / cement
B-15933,Metal sheet (bare / painted)
B-15934,Concrete / cement
B-15935,Concrete / cement
B-15936,Concrete / cement
B-15937,Concrete / cement
B-15938,Concrete / cement
B-15939,Concrete / cement
B-15940,Concrete / cement
B-15941,Concrete / cement
B-15942,Concrete / cement
B-15943,Concrete / cement
B-15944,small / not screened
B-15945,small / not screened
B-15946,small / not screened
B-15947,small / not screened
B-15948,small / not screened
B-15949,small / not screened
B-15950,small / not screened
B-15951,Concrete / cement
B-15952,Concrete / cement
B-15953,small / not screened
B-15954,small / not screened
B-15955,small / not screened
B-15956,small / not screened
B-15957,small / not screened
B-15958,Concrete / cement
B-15959,Concrete / cement
B-15960,Concrete / cement
B-15961,Concrete / cement
B-15962,Concrete / cement
B-15963,Concrete / cement
B-15964,Concrete / cement
B-15965,Concrete / cement
B-15966,small / not screened
B-15967,Concrete / cement
B-15968,Concrete / cement
B-15969,Concrete / cement
B-15970,Concrete / cement
B-15971,Concrete / cement
B-15972,small / not screened
B-15973,Concrete / cement
B-15974,Concrete / cement
B-15975,Concrete / cement
B-15976,Metal sheet (bare / painted)
B-15977,Concrete / cement
B-15978,Concrete / cement
B-15979,small / not screened
B-15980,small / not screened
B-15981,White / cool coating
B-15982,White / cool coating
B-15983,Concrete / cement
B-15984,Metal sheet (bare / painted)
B-15985,Metal sheet (bare / painted)
B-15986,Concrete / cement
B-15987,Metal sheet (bare / painted)
B-15988,Metal sheet (bare / painted)
B-15989,Metal sheet (bare / painted)
B-15990,Metal sheet (bare / painted)
B-15991,Concrete / cement
B-15992,Concrete / cement
B-15993,Metal sheet (bare / painted)
B-15994,Metal sheet (bare / painted)
B-15995,Concrete / cement
B-15996,White / cool coating
B-15997,Metal sheet (bare / painted)
B-15998,Concrete / cement
B-15999,White / cool coating
B-16000,Metal sheet (bare / painted)
B-16001,Metal sheet (bare / painted)
B-16002,White / cool coating
B-16003,Concrete / cement
B-16004,White / cool coating
B-16005,Concrete / cement
B-16006,Metal sheet (bare / painted)
B-16007,White / cool coating
B-16008,Metal sheet (bare / painted)
B-16009,Metal sheet (bare / painted)
B-16010,Concrete / cement
B-16011,Concrete / cement
B-16012,Metal sheet (bare / painted)
B-16013,Metal sheet (bare / painted)
B-16014,Concrete / cement
B-16015,Concrete / cement
B-16016,small / not screened
B-16017,Concrete / cement
B-16018,small / not screened
B-16019,Metal sheet (bare / painted)
B-16020,Concrete / cement
B-16021,small / not screened
B-16022,small / not screened
B-16023,Concrete / cement
B-16024,small / not screened
B-16025,small / not screened
B-16026,Metal sheet (bare / painted)
B-16027,Metal sheet (bare / painted)
B-16028,Concrete / cement
B-16029,Metal sheet (bare / painted)
B-16030,Concrete / cement
B-16031,Metal sheet (bare / painted)
B-16032,Concrete / cement
B-16033,Concrete / cement
B-16034,White / cool coating
B-16035,White / cool coating
B-16036,White / cool coating
B-16037,small / not screened
B-16038,White / cool coating
B-16039,White / cool coating
B-16040,Metal sheet (bare / painted)
B-16041,White / cool coating
B-16042,White / cool coating
B-16043,White / cool coating
B-16044,White / cool coating
B-16045,Concrete / cement
B-16046,White / cool coating
B-16047,White / cool coating
B-16048,White / cool coating
B-16049,White / cool coating
B-16050,Concrete / cement
B-16051,Concrete / cement
B-16052,small / not screened
B-16053,small / not screened
B-16054,small / not screened
B-16055,small / not screened
B-16056,Concrete / cement
B-16057,Concrete / cement
B-16058,small / not screened
B-16059,Concrete / cement
B-16060,Concrete / cement
B-16061,Concrete / cement
B-16062,Metal sheet (bare / painted)
B-16063,Metal sheet (bare / painted)
B-16064,Metal sheet (bare / painted)
B-16065,Metal sheet (bare / painted)
B-16066,Metal sheet (bare / painted)
B-16067,Metal sheet (bare / painted)
B-16068,White / cool coating
B-16069,Metal sheet (bare / painted)
B-16070,White / cool coating
B-16071,White / cool coating
B-16072,Concrete / cement
B-16073,Concrete / cement
B-16074,Concrete / cement
B-16075,Metal sheet (bare / painted)
B-16076,Concrete / cement
B-16077,Concrete / cement
B-16078,small / not screened
B-16079,Concrete / cement
B-16080,Concrete / cement
B-16081,Concrete / cement
B-16082,Concrete / cement
B-16083,Metal sheet (bare / painted)
B-16084,Metal sheet (bare / painted)
B-16085,Concrete / cement
B-16086,small / not screened
B-16087,White / cool coating
B-16088,White / cool coating
B-16089,Concrete / cement
B-16090,White / cool coating
B-16091,Metal sheet (bare / painted)
B-16092,Metal sheet (bare / painted)
B-16093,White / cool coating
B-16094,Concrete / cement
B-16095,Concrete / cement
B-16096,Concrete / cement
B-16097,Concrete / cement
B-16098,Concrete / cement
B-16099,small / not screened
B-16100,Concrete / cement
B-16101,Metal sheet (bare / painted)
B-16102,small / not screened
B-16103,Metal sheet (bare / painted)
B-16104,Metal sheet (bare / painted)
B-16105,Metal sheet (bare / painted)
B-16106,Concrete / cement
B-16107,White / cool coating
B-16108,Concrete / cement
B-16109,Concrete / cement
B-16110,Concrete / cement
B-16111,Metal sheet (bare / painted)
B-16112,Metal sheet (bare / painted)
B-16113,Metal sheet (bare / painted)
B-16114,Concrete / cement
B-16115,Concrete / cement
B-16116,Metal sheet (bare / painted)
B-16117,small / not screened
B-16118,Metal sheet (bare / painted)
B-16119,Concrete / cement
B-16120,small / not screened
B-16121,Concrete / cement
B-16122,Concrete / cement
B-16123,small / not screened
B-16124,Metal sheet (bare / painted)
B-16125,Concrete / cement
B-16126,Concrete / cement
B-16127,Concrete / cement
B-16128,Concrete / cement
B-16129,Concrete / cement
B-16130,Concrete / cement
B-16131,Metal sheet (bare / painted)
B-16132,Metal sheet (bare / painted)
B-16133,small / not screened
B-16134,Concrete / cement
B-16135,small / not screened
B-16136,Concrete / cement
B-16137,Concrete / cement
B-16138,small / not screened
B-16139,small / not screened
B-16140,Metal sheet (bare / painted)
B-16141,Metal sheet (bare / painted)
B-16142,Metal sheet (bare / painted)
B-16143,Concrete / cement
B-16144,Concrete / cement
B-16145,Concrete / cement
B-16146,Metal sheet (bare / painted)
B-16147,Concrete / cement
B-16148,small / not screened
B-16149,Metal sheet (bare / painted)
B-16150,small / not screened
B-16151,small / not screened
B-16152,Concrete / cement
B-16153,Concrete / cement
B-16154,Concrete / cement
B-16155,Concrete / cement
B-16156,White / cool coating
B-16157,Concrete / cement
B-16158,Concrete / cement
B-16159,White / cool coating
B-16160,Concrete / cement
B-16161,Concrete / cement
B-16162,Concrete / cement
B-16163,small / not screened
B-16164,Concrete / cement
B-16165,Concrete / cement
B-16166,Concrete / cement
B-16167,Concrete / cement
B-16168,Concrete / cement
B-16169,small / not screened
B-16170,Concrete / cement
B-16171,Concrete / cement
B-16172,Concrete / cement
B-16173,Concrete / cement
B-16174,Metal sheet (bare / painted)
B-16175,Concrete / cement
B-16176,White / cool coating
B-16177,White / cool coating
B-16178,White / cool coating
B-16179,White / cool coating
B-16180,Concrete / cement
B-16181,Concrete / cement
B-16182,Concrete / cement
B-16183,Metal sheet (bare / painted)
B-16184,small / not screened
B-16185,Metal sheet (bare / painted)
B-16186,Metal sheet (bare / painted)
B-16187,Concrete / cement
B-16188,Concrete / cement
B-16189,Metal sheet (bare / painted)
B-16190,Concrete / cement
B-16191,Metal sheet (bare / painted)
B-16192,Concrete / cement
B-16193,Metal sheet (bare / painted)
B-16194,Metal sheet (bare / painted)
B-16195,Metal sheet (bare / painted)
B-16196,Concrete / cement
B-16197,small / not screened
B-16198,Metal sheet (bare / painted)
B-16199,Metal sheet (bare / painted)
B-16200,Concrete / cement
B-16201,Metal sheet (bare / painted)
B-16202,Concrete / cement
B-16203,Metal sheet (bare / painted)
B-16204,Concrete / cement
B-16205,Metal sheet (bare / painted)
B-16206,Metal sheet (bare / painted)
B-16207,small / not screened
B-16208,Concrete / cement
B-16209,Metal sheet (bare / painted)
B-16210,Metal sheet (bare / painted)
B-16211,Concrete / cement
B-16212,Concrete / cement
B-16213,Concrete / cement
B-16214,Metal sheet (bare / painted)
B-16215,Metal sheet (bare / painted)
B-16216,Metal sheet (bare / painted)
B-16217,Metal sheet (bare / painted)
B-16218,small / not screened
B-16219,small / not screened
B-16220,small / not screened
B-16221,small / not screened
B-16222,White / cool coating
B-16223,Concrete / cement
B-16224,Concrete / cement
B-16225,small / not screened
B-16226,Concrete / cement
B-16227,Concrete / cement
B-16228,White / cool coating
B-16229,White / cool coating
B-16230,small / not screened
B-16231,small / not screened
B-16232,Concrete / cement
B-16233,Concrete / cement
B-16234,small / not screened
B-16235,small / not screened
B-16236,Concrete / cement
B-16237,Concrete / cement
B-16238,Concrete / cement
B-16239,small / not screened
B-16240,Metal sheet (bare / painted)
B-16241,small / not screened
B-16242,small / not screened
B-16243,White / cool coating
B-16244,White / cool coating
B-16245,small / not screened
B-16246,small / not screened
B-16247,Concrete / cement
B-16248,Concrete / cement
B-16249,Concrete / cement
B-16250,Concrete / cement
B-16251,White / cool coating
B-16252,White / cool coating
B-16253,White / cool coating
B-16254,Concrete / cement
B-16255,White / cool coating
B-16256,White / cool coating
B-16257,Metal sheet (bare / painted)
B-16258,Concrete / cement
B-16259,White / cool coating
B-16260,Concrete / cement
B-16261,White / cool coating
B-16262,White / cool coating
B-16263,small / not screened
B-16264,small / not screened
B-16265,small / not screened
B-16266,Concrete / cement
B-16267,Metal sheet (bare / painted)
B-16268,Concrete / cement
B-16269,small / not screened
B-16270,Concrete / cement
B-16271,White / cool coating
B-16272,White / cool coating
B-16273,White / cool coating
B-16274,Concrete / cement
B-16275,Concrete / cement
B-16276,Metal sheet (bare / painted)
B-16277,Concrete / cement
B-16278,Concrete / cement
B-16279,Metal sheet (bare / painted)
B-16280,Metal sheet (bare / painted)
B-16281,Concrete / cement
B-16282,Concrete / cement
B-16283,Concrete / cement
B-16284,Concrete / cement
B-16285,Concrete / cement
B-16286,small / not screened
B-16287,small / not screened
B-16288,Concrete / cement
B-16289,small / not screened
B-16290,Metal sheet (bare / painted)
B-16291,Metal sheet (bare / painted)
B-16292,Metal sheet (bare / painted)
B-16293,Concrete / cement
B-16294,Metal sheet (bare / painted)
B-16295,Concrete / cement
B-16296,Concrete / cement
B-16297,Concrete / cement
B-16298,small / not screened
B-16299,small / not screened
B-16300,White / cool coating
B-16301,Concrete / cement
B-16302,White / cool coating
B-16303,Metal sheet (bare / painted)
B-16304,White / cool coating
B-16305,Concrete / cement
B-16306,White / cool coating
B-16307,Metal sheet (bare / painted)
B-16308,Metal sheet (bare / painted)
B-16309,Concrete / cement
B-16310,White / cool coating
B-16311,Concrete / cement
B-16312,Concrete / cement
B-16313,Metal sheet (bare / painted)
B-16314,Metal sheet (bare / painted)
B-16315,small / not screened
B-16316,small / not screened
B-16317,Metal sheet (bare / painted)
B-16318,Metal sheet (bare / painted)
B-16319,Concrete / cement
B-16320,Metal sheet (bare / painted)
B-16321,White / cool coating
B-16322,White / cool coating
B-16323,White / cool coating
B-16324,Concrete / cement
B-16325,small / not screened
B-16326,Concrete / cement
B-16327,small / not screened
B-16328,White / cool coating
B-16329,Concrete / cement
B-16330,small / not screened
B-16331,Concrete / cement
B-16332,Concrete / cement
B-16333,White / cool coating
B-16334,Concrete / cement
B-16335,Metal sheet (bare / painted)
B-16336,small / not screened
B-16337,Metal sheet (bare / painted)
B-16338,Metal sheet (bare / painted)
B-16339,Metal sheet (bare / painted)
B-16340,small / not screened
B-16341,Concrete / cement
B-16342,Concrete / cement
B-16343,Concrete / cement
B-16344,Metal sheet (bare / painted)
B-16345,Metal sheet (bare / painted)
B-16346,Concrete / cement
B-16347,Concrete / cement
B-16348,Metal sheet (bare / painted)
B-16349,Concrete / cement
B-16350,Concrete / cement
B-16351,small / not screened
B-16352,White / cool coating
B-16353,Metal sheet (bare / painted)
B-16354,Concrete / cement
B-16355,Concrete / cement
B-16356,Metal sheet (bare / painted)
B-16357,Metal sheet (bare / painted)
B-16358,small / not screened
B-16359,small / not screened
B-16360,small / not screened
B-16361,small / not screened
B-16362,Metal sheet (bare / painted)
B-16363,Metal sheet (bare / painted)
B-16364,Metal sheet (bare / painted)
B-16365,Concrete / cement
B-16366,Metal sheet (bare / painted)
B-16367,small / not screened
B-16368,small / not screened
B-16369,small / not screened
B-16370,Concrete / cement
B-16371,Concrete / cement
B-16372,small / not screened
B-16373,small / not screened
B-16374,small / not screened
B-16375,small / not screened
B-16376,Concrete / cement
B-16377,Concrete / cement
B-16378,White / cool coating
B-16379,Concrete / cement
B-16380,Metal sheet (bare / painted)
B-16381,White / cool coating
B-16382,small / not screened
B-16383,Metal sheet (bare / painted)
B-16384,Concrete / cement
B-16385,small / not screened
B-16386,small / not screened
B-16387,small / not screened
B-16388,Metal sheet (bare / painted)
B-16389,Concrete / cement
B-16390,Metal sheet (bare / painted)
B-16391,Metal sheet (bare / painted)
B-16392,Concrete / cement
B-16393,Metal sheet (bare / painted)
B-16394,Concrete / cement
B-16395,Concrete / cement
B-16396,Concrete / cement
B-16397,Concrete / cement
B-16398,Concrete / cement
B-16399,Concrete / cement
B-16400,White / cool coating
B-16401,White / cool coating
B-16402,small / not screened
B-16403,Concrete / cement
B-16404,Concrete / cement
B-16405,small / not screened
B-16406,Concrete / cement
B-16407,Concrete / cement
B-16408,White / cool coating
B-16409,White / cool coating
B-16410,Concrete / cement
B-16411,Metal sheet (bare / painted)
B-16412,Metal sheet (bare / painted)
B-16413,Concrete / cement
B-16414,small / not screened
B-16415,Concrete / cement
B-16416,small / not screened
B-16417,small / not screened
B-16418,Concrete / cement
B-16419,Concrete / cement
B-16420,Metal sheet (bare / painted)
B-16421,Metal sheet (bare / painted)
B-16422,Metal sheet (bare / painted)
B-16423,Concrete / cement
B-16424,Concrete / cement
B-16425,small / not screened
B-16426,White / cool coating
B-16427,Concrete / cement
B-16428,Concrete / cement
B-16429,Concrete / cement
B-16430,Concrete / cement
B-16431,Concrete / cement
B-16432,Concrete / cement
B-16433,Concrete / cement
B-16434,White / cool coating
B-16435,Metal sheet (bare / painted)
B-16436,Concrete / cement
B-16437,Concrete / cement
B-16438,White / cool coating
B-16439,small / not screened
B-16440,small / not screened
B-16441,Metal sheet (bare / painted)
B-16442,Concrete / cement
B-16443,small / not screened
B-16444,small / not screened
B-16445,White / cool coating
B-16446,small / not screened
B-16447,small / not screened
B-16448,Metal sheet (bare / painted)
B-16449,Concrete / cement
B-16450,White / cool coating
B-16451,small / not screened
B-16452,small / not screened
B-16453,White / cool coating
B-16454,small / not screened
B-16455,small / not screened
B-16456,small / not screened
B-16457,small / not screened
B-16458,small / not screened
B-16459,Concrete / cement
B-16460,small / not screened
B-16461,Metal sheet (bare / painted)
B-16462,small / not screened
B-16463,White / cool coating
B-16464,White / cool coating
B-16465,small / not screened
B-16466,small / not screened
B-16467,small / not screened
B-16468,small / not screened
B-16469,small / not screened
B-16470,Metal sheet (bare / painted)
B-16471,small / not screened
B-16472,White / cool coating
B-16473,Concrete / cement
B-16474,Concrete / cement
B-16475,Concrete / cement
B-16476,Metal sheet (bare / painted)
B-16477,Concrete / cement
B-16478,White / cool coating
B-16479,small / not screened
B-16480,small / not screened
B-16481,White / cool coating
B-16482,small / not screened
B-16483,small / not screened
B-16484,White / cool coating
B-16485,Concrete / cement
B-16486,Concrete / cement
B-16487,Concrete / cement
B-16488,Concrete / cement
B-16489,Concrete / cement
B-16490,small / not screened
B-16491,Concrete / cement
B-16492,small / not screened
B-16493,small / not screened
B-16494,small / not screened
B-16495,small / not screened
B-16496,White / cool coating
B-16497,small / not screened
B-16498,small / not screened
B-16499,small / not screened
B-16500,small / not screened
B-16501,small / not screened
B-16502,small / not screened
B-16503,small / not screened
B-16504,small / not screened
B-16505,small / not screened
B-16506,small / not screened
B-16507,small / not screened
B-16508,small / not screened
B-16509,small / not screened
B-16510,small / not screened
B-16511,small / not screened
B-16512,small / not screened
B-16513,small / not screened
B-16514,small / not screened
B-16515,small / not screened
B-16516,small / not screened
B-16517,small / not screened
B-16518,small / not screened
B-16519,small / not screened
B-16520,small / not screened
B-16521,small / not screened
B-16522,small / not screened
B-16523,small / not screened
B-16524,small / not screened
B-16525,Metal sheet (bare / painted)
B-16526,Concrete / cement
B-16527,Concrete / cement
B-16528,Concrete / cement
B-16529,Metal sheet (bare / painted)
B-16530,Metal sheet (bare / painted)
B-16531,Metal sheet (bare / painted)
B-16532,Metal sheet (bare / painted)
B-16533,Metal sheet (bare / painted)
B-16534,Metal sheet (bare / painted)
B-16535,Concrete / cement
B-16536,small / not screened
B-16537,Concrete / cement
B-16538,Metal sheet (bare / painted)
B-16539,Metal sheet (bare / painted)
B-16540,Metal sheet (bare / painted)
B-16541,Metal sheet (bare / painted)
B-16542,Metal sheet (bare / painted)
B-16543,small / not screened
B-16544,Metal sheet (bare / painted)
B-16545,Concrete / cement
B-16546,White / cool coating
B-16547,Metal sheet (bare / painted)
B-16548,small / not screened
B-16549,Concrete / cement
B-16550,Concrete / cement
B-16551,Concrete / cement
B-16552,Concrete / cement
B-16553,Concrete / cement
B-16554,Concrete / cement
B-16555,Concrete / cement
B-16556,White / cool coating
B-16557,Metal sheet (bare / painted)
B-16558,small / not screened
B-16559,Concrete / cement
B-16560,small / not screened
B-16561,small / not screened
B-16562,Metal sheet (bare / painted)
B-16563,Concrete / cement
B-16564,small / not screened
B-16565,Concrete / cement
B-16566,Concrete / cement
B-16567,Concrete / cement
B-16568,Concrete / cement
B-16569,small / not screened
B-16570,small / not screened
B-16571,small / not screened
B-16572,small / not screened
B-16573,small / not screened
B-16574,Concrete / cement
B-16575,Concrete / cement
B-16576,small / not screened
B-16577,small / not screened
B-16578,small / not screened
B-16579,small / not screened
B-16580,small / not screened
B-16581,small / not screened
B-16582,small / not screened
B-16583,small / not screened
B-16584,Concrete / cement
B-16585,small / not screened
B-16586,Concrete / cement
B-16587,small / not screened
B-16588,Concrete / cement
B-16589,small / not screened
B-16590,small / not screened
B-16591,Metal sheet (bare / painted)
B-16592,Concrete / cement
B-16593,Metal sheet (bare / painted)
B-16594,Metal sheet (bare / painted)
B-16595,Metal sheet (bare / painted)
B-16596,Metal sheet (bare / painted)
B-16597,small / not screened
B-16598,small / not screened
B-16599,small / not screened
B-16600,small / not screened
B-16601,White / cool coating
B-16602,Concrete / cement
B-16603,Concrete / cement
B-16604,small / not screened
B-16605,small / not screened
B-16606,Concrete / cement
B-16607,Concrete / cement
B-16608,Concrete / cement
B-16609,small / not screened
B-16610,Metal sheet (bare / painted)
B-16611,Concrete / cement
B-16612,small / not screened
B-16613,small / not screened
B-16614,Metal sheet (bare / painted)
B-16615,small / not screened
B-16616,small / not screened
B-16617,Metal sheet (bare / painted)
B-16618,Concrete / cement
B-16619,Concrete / cement
B-16620,Concrete / cement
B-16621,small / not screened
B-16622,small / not screened
B-16623,Metal sheet (bare / painted)
B-16624,small / not screened
B-16625,White / cool coating
B-16626,Metal sheet (bare / painted)
B-16627,small / not screened
B-16628,Concrete / cement
B-16629,small / not screened
B-16630,Metal sheet (bare / painted)
B-16631,Metal sheet (bare / painted)
B-16632,small / not screened
B-16633,small / not screened
B-16634,Concrete / cement
B-16635,Metal sheet (bare / painted)
B-16636,Concrete / cement
B-16637,Concrete / cement
B-16638,Concrete / cement
B-16639,Concrete / cement
B-16640,Concrete / cement
B-16641,Concrete / cement
B-16642,Concrete / cement
B-16643,small / not screened
B-16644,Concrete / cement
B-16645,Concrete / cement
B-16646,Metal sheet (bare / painted)
B-16647,Metal sheet (bare / painted)
B-16648,Concrete / cement
B-16649,Concrete / cement
B-16650,Metal sheet (bare / painted)
B-16651,Concrete / cement
B-16652,Concrete / cement
B-16653,small / not screened
B-16654,Concrete / cement
B-16655,Concrete / cement
B-16656,Concrete / cement
B-16657,Metal sheet (bare / painted)
B-16658,Metal sheet (bare / painted)
B-16659,Metal sheet (bare / painted)
B-16660,Metal sheet (bare / painted)
B-16661,Metal sheet (bare / painted)
B-16662,Metal sheet (bare / painted)
B-16663,Metal sheet (bare / painted)
B-16664,small / not screened
B-16665,Metal sheet (bare / painted)
B-16666,Metal sheet (bare / painted)
B-16667,Metal sheet (bare / painted)
B-16668,Metal sheet (bare / painted)
B-16669,Metal sheet (bare / painted)
B-16670,Concrete / cement
B-16671,Metal sheet (bare / painted)
B-16672,Metal sheet (bare / painted)
B-16673,small / not screened
B-16674,small / not screened
B-16675,Concrete / cement
B-16676,Concrete / cement
B-16677,Metal sheet (bare / painted)
B-16678,small / not screened
B-16679,Metal sheet (bare / painted)
B-16680,Metal sheet (bare / painted)
B-16681,Concrete / cement
B-16682,small / not screened
B-16683,small / not screened
B-16684,Metal sheet (bare / painted)
B-16685,Concrete / cement
B-16686,small / not screened
B-16687,small / not screened
B-16688,Metal sheet (bare / painted)
B-16689,small / not screened
B-16690,Concrete / cement
B-16691,small / not screened
B-16692,Concrete / cement
B-16693,Metal sheet (bare / painted)
B-16694,Concrete / cement
B-16695,Concrete / cement
B-16696,Metal sheet (bare / painted)
B-16697,Concrete / cement
B-16698,Concrete / cement
B-16699,Concrete / cement
B-16700,Concrete / cement
B-16701,Concrete / cement
B-16702,Metal sheet (bare / painted)
B-16703,Concrete / cement
B-16704,Concrete / cement
B-16705,Metal sheet (bare / painted)
B-16706,Metal sheet (bare / painted)
B-16707,Metal sheet (bare / painted)
B-16708,Concrete / cement
B-16709,Concrete / cement
B-16710,Metal sheet (bare / painted)
B-16711,Metal sheet (bare / painted)
B-16712,Metal sheet (bare / painted)
B-16713,Concrete / cement
B-16714,Metal sheet (bare / painted)
B-16715,Concrete / cement
B-16716,Metal sheet (bare / painted)
B-16717,Concrete / cement
B-16718,Metal sheet (bare / painted)
B-16719,Metal sheet (bare / painted)
B-16720,Metal sheet (bare / painted)
B-16721,Concrete / cement
B-16722,Concrete / cement
B-16723,Metal sheet (bare / painted)
B-16724,Concrete / cement
B-16725,Concrete / cement
B-16726,White / cool coating
B-16727,small / not screened
B-16728,small / not screened
B-16729,small / not screened
B-16730,small / not screened
B-16731,small / not screened
B-16732,small / not screened
B-16733,small / not screened
B-16734,small / not screened
B-16735,small / not screened
B-16736,small / not screened
B-16737,small / not screened
B-16738,small / not screened
B-16739,small / not screened
B-16740,small / not screened
B-16741,small / not screened
B-16742,small / not screened
B-16743,small / not screened
B-16744,small / not screened
B-16745,small / not screened
B-16746,small / not screened
B-16747,small / not screened
B-16748,small / not screened
B-16749,small / not screened
B-16750,small / not screened
B-16751,small / not screened
B-16752,small / not screened
B-16753,small / not screened
B-16754,small / not screened
B-16755,small / not screened
B-16756,small / not screened
B-16757,small / not screened
B-16758,small / not screened
B-16759,small / not screened
B-16760,small / not screened
B-16761,small / not screened
B-16762,small / not screened
B-16763,small / not screened
B-16764,small / not screened
B-16765,small / not screened
B-16766,small / not screened
B-16767,Concrete / cement
B-16768,Concrete / cement
B-16769,Concrete / cement
B-16770,White / cool coating
B-16771,Metal sheet (bare / painted)
B-16772,Concrete / cement
B-16773,small / not screened
B-16774,Concrete / cement
B-16775,small / not screened
B-16776,Concrete / cement
B-16777,White / cool coating
B-16778,Concrete / cement
B-16779,White / cool coating
B-16780,White / cool coating
B-16781,Concrete / cement
B-16782,Concrete / cement
B-16783,White / cool coating
B-16784,White / cool coating
B-16785,Concrete / cement
B-16786,Concrete / cement
B-16787,Concrete / cement
B-16788,Concrete / cement
B-16789,Concrete / cement
B-16790,Concrete / cement
B-16791,Concrete / cement
B-16792,Concrete / cement
B-16793,Concrete / cement
B-16794,Concrete / cement
B-16795,White / cool coating
B-16796,Metal sheet (bare / painted)
B-16797,Concrete / cement
B-16798,White / cool coating
B-16799,small / not screened
B-16800,Concrete / cement
B-16801,small / not screened
B-16802,small / not screened
B-16803,Concrete / cement
B-16804,Concrete / cement
B-16805,White / cool coating
B-16806,Concrete / cement
B-16807,Concrete / cement
B-16808,Concrete / cement
B-16809,Concrete / cement
B-16810,Concrete / cement
B-16811,White / cool coating
B-16812,Concrete / cement
B-16813,Concrete / cement
B-16814,White / cool coating
B-16815,Concrete / cement
B-16816,White / cool coating
B-16817,Concrete / cement
B-16818,Concrete / cement
B-16819,White / cool coating
B-16820,Concrete / cement
B-16821,Concrete / cement
B-16822,White / cool coating
B-16823,Concrete / cement
B-16824,White / cool coating
B-16825,White / cool coating
B-16826,White / cool coating
B-16827,White / cool coating
B-16828,Concrete / cement
B-16829,Concrete / cement
B-16830,Concrete / cement
B-16831,Metal sheet (bare / painted)
B-16832,Concrete / cement
B-16833,White / cool coating
B-16834,small / not screened
B-16835,Metal sheet (bare / painted)
B-16836,Concrete / cement
B-16837,White / cool coating
B-16838,Concrete / cement
B-16839,Concrete / cement
B-16840,Concrete / cement
B-16841,White / cool coating
B-16842,Metal sheet (bare / painted)
B-16843,Concrete / cement
B-16844,Concrete / cement
B-16845,Concrete / cement
B-16846,Concrete / cement
B-16847,White / cool coating
B-16848,Concrete / cement
B-16849,Concrete / cement
B-16850,White / cool coating
B-16851,small / not screened
B-16852,Metal sheet (bare / painted)
B-16853,small / not screened
B-16854,small / not screened
B-16855,Concrete / cement
B-16856,White / cool coating
B-16857,White / cool coating
B-16858,Metal sheet (bare / painted)
B-16859,Concrete / cement
B-16860,Concrete / cement
B-16861,small / not screened
B-16862,small / not screened
B-16863,Concrete / cement
B-16864,Metal sheet (bare / painted)
B-16865,Concrete / cement
B-16866,White / cool coating
B-16867,White / cool coating
B-16868,small / not screened
B-16869,Concrete / cement
B-16870,White / cool coating
B-16871,White / cool coating
B-16872,Concrete / cement
B-16873,White / cool coating
B-16874,Concrete / cement
B-16875,Concrete / cement
B-16876,White / cool coating
B-16877,White / cool coating
B-16878,Metal sheet (bare / painted)
B-16879,White / cool coating
B-16880,White / cool coating
B-16881,White / cool coating
B-16882,White / cool coating
B-16883,Metal sheet (bare / painted)
B-16884,Metal sheet (bare / painted)
B-16885,White / cool coating
B-16886,Concrete / cement
B-16887,White / cool coating
B-16888,White / cool coating
B-16889,Metal sheet (bare / painted)
B-16890,Concrete / cement
B-16891,Concrete / cement
B-16892,Concrete / cement
B-16893,Concrete / cement
B-16894,Metal sheet (bare / painted)
B-16895,Metal sheet (bare / painted)
B-16896,Concrete / cement
B-16897,Concrete / cement
B-16898,Concrete / cement
B-16899,White / cool coating
B-16900,White / cool coating
B-16901,White / cool coating
B-16902,White / cool coating
B-16903,White / cool coating
B-16904,White / cool coating
B-16905,Concrete / cement
B-16906,Concrete / cement
B-16907,Concrete / cement
B-16908,White / cool coating
B-16909,White / cool coating
B-16910,Concrete / cement
B-16911,Metal sheet (bare / painted)
B-16912,White / cool coating
B-16913,Concrete / cement
B-16914,White / cool coating
B-16915,Metal sheet (bare / painted)
B-16916,Concrete / cement
B-16917,Concrete / cement
B-16918,Concrete / cement
B-16919,Metal sheet (bare / painted)
B-16920,Concrete / cement
B-16921,Concrete / cement
B-16922,Concrete / cement
B-16923,Concrete / cement
B-16924,Concrete / cement
B-16925,Concrete / cement
B-16926,small / not screened
B-16927,small / not screened
B-16928,Metal sheet (bare / painted)
B-16929,Concrete / cement
B-16930,Concrete / cement
B-16931,small / not screened
B-16932,Metal sheet (bare / painted)
B-16933,small / not screened
B-16934,Concrete / cement
B-16935,White / cool coating
B-16936,White / cool coating
B-16937,Concrete / cement
B-16938,Concrete / cement
B-16939,small / not screened
B-16940,Concrete / cement
B-16941,Metal sheet (bare / painted)
B-16942,small / not screened
B-16943,Concrete / cement
B-16944,Concrete / cement
B-16945,Concrete / cement
B-16946,small / not screened
B-16947,small / not screened
B-16948,White / cool coating
B-16949,White / cool coating
B-16950,White / cool coating
B-16951,White / cool coating
B-16952,White / cool coating
B-16953,White / cool coating
B-16954,White / cool coating
B-16955,Concrete / cement
B-16956,small / not screened
B-16957,Concrete / cement
B-16958,Concrete / cement
B-16959,White / cool coating
B-16960,White / cool coating
B-16961,small / not screened
B-16962,small / not screened
B-16963,small / not screened
B-16964,small / not screened
B-16965,small / not screened
B-16966,small / not screened
B-16967,small / not screened
B-16968,small / not screened
B-16969,small / not screened
B-16970,White / cool coating
B-16971,Concrete / cement
B-16972,Metal sheet (bare / painted)
B-16973,small / not screened
B-16974,small / not screened
B-16975,small / not screened
B-16976,White / cool coating
B-16977,White / cool coating
B-16978,White / cool coating
B-16979,small / not screened
B-16980,small / not screened
B-16981,small / not screened
B-16982,small / not screened
B-16983,small / not screened
B-16984,Concrete / cement
B-16985,Concrete / cement
B-16986,White / cool coating
B-16987,White / cool coating
B-16988,Concrete / cement
B-16989,Concrete / cement
B-16990,Concrete / cement
B-16991,Concrete / cement
B-16992,small / not screened
B-16993,small / not screened
B-16994,small / not screened
B-16995,small / not screened
B-16996,small / not screened
B-16997,small / not screened
B-16998,small / not screened
B-16999,Concrete / cement
B-17000,Concrete / cement
B-17001,White / cool coating
B-17002,Concrete / cement
B-17003,White / cool coating
B-17004,Concrete / cement
B-17005,small / not screened
B-17006,small / not screened
B-17007,small / not screened
B-17008,White / cool coating
B-17009,White / cool coating
B-17010,White / cool coating
B-17011,White / cool coating
B-17012,White / cool coating
B-17013,White / cool coating
B-17014,small / not screened
B-17015,White / cool coating
B-17016,Concrete / cement
B-17017,White / cool coating
B-17018,White / cool coating
B-17019,Concrete / cement
B-17020,small / not screened
B-17021,small / not screened
B-17022,small / not screened
B-17023,Concrete / cement
B-17024,small / not screened
B-17025,White / cool coating
B-17026,Concrete / cement
B-17027,Metal sheet (bare / painted)
B-17028,small / not screened
B-17029,small / not screened
B-17030,Concrete / cement
B-17031,White / cool coating
B-17032,White / cool coating
B-17033,White / cool coating
B-17034,Metal sheet (bare / painted)
B-17035,White / cool coating
B-17036,White / cool coating
B-17037,White / cool coating
B-17038,small / not screened
B-17039,White / cool coating
B-17040,small / not screened
B-17041,small / not screened
B-17042,Concrete / cement
B-17043,small / not screened
B-17044,Concrete / cement
B-17045,Metal sheet (bare / painted)
B-17046,small / not screened
B-17047,Concrete / cement
B-17048,small / not screened
B-17049,small / not screened
B-17050,small / not screened
B-17051,small / not screened
B-17052,small / not screened
B-17053,small / not screened
B-17054,small / not screened
B-17055,small / not screened
B-17056,small / not screened
B-17057,small / not screened
B-17058,Concrete / cement
B-17059,small / not screened
B-17060,Metal sheet (bare / painted)
B-17061,Concrete / cement
B-17062,Concrete / cement
B-17063,Concrete / cement
B-17064,small / not screened
B-17065,small / not screened
B-17066,Concrete / cement
B-17067,small / not screened
B-17068,Concrete / cement
B-17069,Metal sheet (bare / painted)
B-17070,Concrete / cement
B-17071,Concrete / cement
B-17072,Concrete / cement
B-17073,Concrete / cement
B-17074,Concrete / cement
B-17075,Concrete / cement
B-17076,Concrete / cement
B-17077,Concrete / cement
B-17078,Concrete / cement
B-17079,Concrete / cement
B-17080,Concrete / cement
B-17081,Concrete / cement
B-17082,Concrete / cement
B-17083,Concrete / cement
B-17084,Concrete / cement
B-17085,Concrete / cement
B-17086,Concrete / cement
B-17087,Concrete / cement
B-17088,Concrete / cement
B-17089,Concrete / cement
B-17090,Concrete / cement
B-17091,Metal sheet (bare / painted)
B-17092,Concrete / cement
B-17093,Concrete / cement
B-17094,Concrete / cement
B-17095,Concrete / cement
B-17096,Concrete / cement
B-17097,Concrete / cement
B-17098,Concrete / cement
B-17099,Metal sheet (bare / painted)
B-17100,Concrete / cement
B-17101,Concrete / cement
B-17102,Concrete / cement
B-17103,Concrete / cement
B-17104,Concrete / cement
B-17105,Metal sheet (bare / painted)
B-17106,Concrete / cement
B-17107,Concrete / cement
B-17108,Metal sheet (bare / painted)
B-17109,Metal sheet (bare / painted)
B-17110,Concrete / cement
B-17111,Metal sheet (bare / painted)
B-17112,Concrete / cement
B-17113,Concrete / cement
B-17114,Concrete / cement
B-17115,Metal sheet (bare / painted)
B-17116,Metal sheet (bare / painted)
B-17117,Concrete / cement
B-17118,Concrete / cement
B-17119,Concrete / cement
B-17120,Concrete / cement
B-17121,Concrete / cement
B-17122,Concrete / cement
B-17123,Concrete / cement
B-17124,Concrete / cement
B-17125,Metal sheet (bare / painted)
B-17126,Concrete / cement
B-17127,Concrete / cement
B-17128,Concrete / cement
B-17129,Concrete / cement
B-17130,small / not screened
B-17131,small / not screened
B-17132,small / not screened
B-17133,small / not screened
B-17134,Concrete / cement
B-17135,Concrete / cement
B-17136,Concrete / cement
B-17137,Concrete / cement
B-17138,Concrete / cement
B-17139,Metal sheet (bare / painted)
B-17140,Concrete / cement
B-17141,Concrete / cement
B-17142,Concrete / cement
B-17143,Concrete / cement
B-17144,Concrete / cement
B-17145,Concrete / cement
B-17146,Metal sheet (bare / painted)
B-17147,Concrete / cement
B-17148,Metal sheet (bare / painted)
B-17149,Concrete / cement
B-17150,Concrete / cement
B-17151,Concrete / cement
B-17152,Concrete / cement
B-17153,Concrete / cement
B-17154,Concrete / cement
B-17155,Concrete / cement
B-17156,Concrete / cement
B-17157,Concrete / cement
B-17158,Concrete / cement
B-17159,Concrete / cement
B-17160,Concrete / cement
B-17161,Concrete / cement
B-17162,Concrete / cement
B-17163,Concrete / cement
B-17164,Concrete / cement
B-17165,Concrete / cement
B-17166,Concrete / cement
B-17167,Concrete / cement
B-17168,Concrete / cement
B-17169,Concrete / cement
B-17170,small / not screened
B-17171,White / cool coating
B-17172,White / cool coating
B-17173,Metal sheet (bare / painted)
B-17174,Metal sheet (bare / painted)
B-17175,Concrete / cement
B-17176,White / cool coating
B-17177,White / cool coating
B-17178,Concrete / cement
B-17179,Metal sheet (bare / painted)
B-17180,Metal sheet (bare / painted)
B-17181,Concrete / cement
B-17182,Metal sheet (bare / painted)
B-17183,Metal sheet (bare / painted)
B-17184,Metal sheet (bare / painted)
B-17185,Concrete / cement
B-17186,Metal sheet (bare / painted)
B-17187,Metal sheet (bare / painted)
B-17188,Concrete / cement
B-17189,Concrete / cement
B-17190,Concrete / cement
B-17191,Metal sheet (bare / painted)
B-17192,Metal sheet (bare / painted)
B-17193,Concrete / cement
B-17194,Concrete / cement
B-17195,Metal sheet (bare / painted)
B-17196,Concrete / cement
B-17197,Concrete / cement
B-17198,Concrete / cement
B-17199,Metal sheet (bare / painted)
B-17200,Concrete / cement
B-17201,White / cool coating
B-17202,small / not screened
B-17203,small / not screened
B-17204,small / not screened
B-17205,White / cool coating
B-17206,White / cool coating
B-17207,Concrete / cement
B-17208,White / cool coating
B-17209,White / cool coating
B-17210,White / cool coating
B-17211,small / not screened
B-17212,small / not screened
B-17213,small / not screened
B-17214,Concrete / cement
B-17215,Concrete / cement
B-17216,Concrete / cement
B-17217,small / not screened
B-17218,Concrete / cement
B-17219,Concrete / cement
B-17220,small / not screened
B-17221,Concrete / cement
B-17222,small / not screened
B-17223,Concrete / cement
B-17224,small / not screened
B-17225,Concrete / cement
B-17226,small / not screened
B-17227,small / not screened
B-17228,small / not screened
B-17229,small / not screened
B-17230,small / not screened
B-17231,small / not screened
B-17232,small / not screened
B-17233,Metal sheet (bare / painted)
B-17234,Concrete / cement
B-17235,Metal sheet (bare / painted)
B-17236,Metal sheet (bare / painted)
B-17237,Concrete / cement
B-17238,White / cool coating
B-17239,White / cool coating
B-17240,White / cool coating
B-17241,Concrete / cement
B-17242,White / cool coating
B-17243,White / cool coating
B-17244,Concrete / cement
B-17245,White / cool coating
B-17246,White / cool coating
B-17247,White / cool coating
B-17248,Concrete / cement
B-17249,Metal sheet (bare / painted)
B-17250,Metal sheet (bare / painted)
B-17251,White / cool coating
B-17252,Concrete / cement
B-17253,Concrete / cement
B-17254,White / cool coating
B-17255,White / cool coating
B-17256,White / cool coating
B-17257,Concrete / cement
B-17258,White / cool coating
B-17259,White / cool coating
B-17260,White / cool coating
B-17261,White / cool coating
B-17262,White / cool coating
B-17263,White / cool coating
B-17264,White / cool coating
B-17265,White / cool coating
B-17266,Concrete / cement
B-17267,Concrete / cement
B-17268,Concrete / cement
B-17269,Metal sheet (bare / painted)
B-17270,White / cool coating
B-17271,White / cool coating
B-17272,White / cool coating
B-17273,Concrete / cement
B-17274,Concrete / cement
B-17275,White / cool coating
B-17276,Concrete / cement
B-17277,White / cool coating
B-17278,Concrete / cement
B-17279,small / not screened
B-17280,Concrete / cement
B-17281,Concrete / cement
B-17282,Concrete / cement
B-17283,Concrete / cement
B-17284,Concrete / cement
B-17285,White / cool coating
B-17286,White / cool coating
B-17287,Concrete / cement
B-17288,Concrete / cement
B-17289,White / cool coating
B-17290,Concrete / cement
B-17291,White / cool coating
B-17292,Concrete / cement
B-17293,Concrete / cement
B-17294,Concrete / cement
B-17295,small / not screened
B-17296,Concrete / cement
B-17297,small / not screened
B-17298,White / cool coating
B-17299,Concrete / cement
B-17300,small / not screened
B-17301,White / cool coating
B-17302,White / cool coating
B-17303,White / cool coating
B-17304,White / cool coating
B-17305,Concrete / cement
B-17306,White / cool coating
B-17307,White / cool coating
B-17308,White / cool coating
B-17309,Concrete / cement
B-17310,White / cool coating
B-17311,Metal sheet (bare / painted)
B-17312,small / not screened
B-17313,White / cool coating
B-17314,Concrete / cement
B-17315,Concrete / cement
B-17316,Metal sheet (bare / painted)
B-17317,Metal sheet (bare / painted)
B-17318,Concrete / cement
B-17319,Concrete / cement
B-17320,Concrete / cement
B-17321,Concrete / cement
B-17322,White / cool coating
B-17323,White / cool coating
B-17324,White / cool coating
B-17325,White / cool coating
B-17326,White / cool coating
B-17327,White / cool coating
B-17328,Concrete / cement
B-17329,White / cool coating
B-17330,Concrete / cement
B-17331,White / cool coating
B-17332,White / cool coating
B-17333,White / cool coating
B-17334,White / cool coating
B-17335,White / cool coating
B-17336,White / cool coating
B-17337,White / cool coating
B-17338,Metal sheet (bare / painted)
B-17339,Concrete / cement
B-17340,Concrete / cement
B-17341,White / cool coating
B-17342,White / cool coating
B-17343,White / cool coating
B-17344,Concrete / cement
B-17345,White / cool coating
B-17346,White / cool coating
B-17347,Concrete / cement
B-17348,White / cool coating
B-17349,White / cool coating
B-17350,small / not screened
B-17351,White / cool coating
B-17352,White / cool coating
B-17353,White / cool coating
B-17354,small / not screened
B-17355,small / not screened
B-17356,Concrete / cement
B-17357,White / cool coating
B-17358,White / cool coating
B-17359,Concrete / cement
B-17360,White / cool coating
B-17361,White / cool coating
B-17362,White / cool coating
B-17363,White / cool coating
B-17364,White / cool coating
B-17365,White / cool coating
B-17366,White / cool coating
B-17367,Concrete / cement
B-17368,White / cool coating
B-17369,Concrete / cement
B-17370,Concrete / cement
B-17371,Metal sheet (bare / painted)
B-17372,small / not screened
B-17373,Concrete / cement
B-17374,small / not screened
B-17375,White / cool coating
B-17376,Concrete / cement
B-17377,White / cool coating
B-17378,Concrete / cement
B-17379,Concrete / cement
B-17380,White / cool coating
B-17381,White / cool coating
B-17382,White / cool coating
B-17383,White / cool coating
B-17384,small / not screened
B-17385,White / cool coating
B-17386,Concrete / cement
B-17387,Concrete / cement
B-17388,Concrete / cement
B-17389,small / not screened
B-17390,small / not screened
B-17391,small / not screened
B-17392,small / not screened
B-17393,small / not screened
B-17394,small / not screened
B-17395,White / cool coating
B-17396,White / cool coating
B-17397,White / cool coating
B-17398,Concrete / cement
B-17399,White / cool coating
B-17400,White / cool coating
B-17401,White / cool coating
B-17402,Concrete / cement
B-17403,Concrete / cement
B-17404,White / cool coating
B-17405,White / cool coating
B-17406,White / cool coating
B-17407,White / cool coating
B-17408,White / cool coating
B-17409,White / cool coating
B-17410,Concrete / cement
B-17411,Concrete / cement
B-17412,White / cool coating
B-17413,Concrete / cement
B-17414,White / cool coating
B-17415,Concrete / cement
B-17416,Concrete / cement
B-17417,Concrete / cement
B-17418,White / cool coating
B-17419,Concrete / cement
B-17420,small / not screened
B-17421,small / not screened
B-17422,small / not screened
B-17423,small / not screened
B-17424,small / not screened
B-17425,White / cool coating
B-17426,Concrete / cement
B-17427,Concrete / cement
B-17428,Metal sheet (bare / painted)
B-17429,small / not screened
B-17430,small / not screened
B-17431,Concrete / cement
B-17432,White / cool coating
B-17433,White / cool coating
B-17434,White / cool coating
B-17435,small / not screened
B-17436,small / not screened
B-17437,small / not screened
B-17438,small / not screened
B-17439,small / not screened
B-17440,Concrete / cement
B-17441,small / not screened
B-17442,small / not screened
B-17443,small / not screened
B-17444,small / not screened
B-17445,Concrete / cement
B-17446,small / not screened
B-17447,small / not screened
B-17448,small / not screened
B-17449,small / not screened
B-17450,Metal sheet (bare / painted)
B-17451,Concrete / cement
B-17452,Concrete / cement
B-17453,Concrete / cement
B-17454,Metal sheet (bare / painted)
B-17455,small / not screened
B-17456,Concrete / cement
B-17457,Concrete / cement
B-17458,White / cool coating
B-17459,White / cool coating
B-17460,Concrete / cement
B-17461,Concrete / cement
B-17462,Concrete / cement
B-17463,Concrete / cement
B-17464,small / not screened
B-17465,Concrete / cement
B-17466,Concrete / cement
B-17467,White / cool coating
B-17468,White / cool coating
B-17469,White / cool coating
B-17470,White / cool coating
B-17471,small / not screened
B-17472,Concrete / cement
B-17473,Concrete / cement
B-17474,Concrete / cement
B-17475,Concrete / cement
B-17476,Concrete / cement
B-17477,Concrete / cement
B-17478,Concrete / cement
B-17479,Concrete / cement
B-17480,Concrete / cement
B-17481,Concrete / cement
B-17482,Concrete / cement
B-17483,Concrete / cement
B-17484,Concrete / cement
B-17485,small / not screened
B-17486,small / not screened
B-17487,small / not screened
B-17488,small / not screened
B-17489,small / not screened
B-17490,small / not screened
B-17491,small / not screened
B-17492,small / not screened
B-17493,small / not screened
B-17494,small / not screened
B-17495,small / not screened
B-17496,small / not screened
B-17497,small / not screened
B-17498,small / not screened
B-17499,small / not screened
B-17500,small / not screened
B-17501,small / not screened
B-17502,small / not screened
B-17503,small / not screened
B-17504,small / not screened
B-17505,small / not screened
B-17506,small / not screened
B-17507,small / not screened
B-17508,small / not screened
B-17509,small / not screened
B-17510,small / not screened
B-17511,small / not screened
B-17512,small / not screened
B-17513,small / not screened
B-17514,small / not screened
B-17515,small / not screened
B-17516,small / not screened
B-17517,small / not screened
B-17518,small / not screened
B-17519,small / not screened
B-17520,small / not screened
B-17521,small / not screened
B-17522,Concrete / cement
B-17523,Concrete / cement
B-17524,Concrete / cement
B-17525,small / not screened
B-17526,small / not screened
B-17527,Concrete / cement
B-17528,small / not screened
B-17529,small / not screened
B-17530,small / not screened
B-17531,small / not screened
B-17532,small / not screened
B-17533,small / not screened
B-17534,small / not screened
B-17535,small / not screened
B-17536,small / not screened
B-17537,small / not screened
B-17538,small / not screened
B-17539,small / not screened
B-17540,small / not screened
B-17541,small / not screened
B-17542,small / not screened
B-17543,small / not screened
B-17544,Concrete / cement
B-17545,small / not screened
B-17546,Metal sheet (bare / painted)
B-17547,Concrete / cement
B-17548,small / not screened
B-17549,small / not screened
B-17550,small / not screened
B-17551,small / not screened
B-17552,small / not screened
B-17553,small / not screened
B-17554,small / not screened
B-17555,small / not screened
B-17556,small / not screened
B-17557,small / not screened
B-17558,small / not screened
B-17559,small / not screened
B-17560,small / not screened
B-17561,small / not screened
B-17562,small / not screened
B-17563,small / not screened
B-17564,small / not screened
B-17565,Concrete / cement
B-17566,Metal sheet (bare / painted)
B-17567,Metal sheet (bare / painted)
B-17568,Concrete / cement
B-17569,Concrete / cement
B-17570,Concrete / cement
B-17571,Metal sheet (bare / painted)
B-17572,Concrete / cement
B-17573,Concrete / cement
B-17574,Metal sheet (bare / painted)
B-17575,Metal sheet (bare / painted)
B-17576,Metal sheet (bare / painted)
B-17577,Metal sheet (bare / painted)
B-17578,Metal sheet (bare / painted)
B-17579,Metal sheet (bare / painted)
B-17580,Concrete / cement
B-17581,Metal sheet (bare / painted)
B-17582,Metal sheet (bare / painted)
B-17583,Metal sheet (bare / painted)
B-17584,Metal sheet (bare / painted)
B-17585,Concrete / cement
B-17586,White / cool coating
B-17587,Concrete / cement
B-17588,White / cool coating
B-17589,White / cool coating
B-17590,Concrete / cement
B-17591,Concrete / cement
B-17592,Concrete / cement
B-17593,Concrete / cement
B-17594,Concrete / cement
B-17595,Concrete / cement
B-17596,Concrete / cement
B-17597,Concrete / cement
B-17598,Concrete / cement
B-17599,Concrete / cement
B-17600,Concrete / cement
B-17601,Concrete / cement
B-17602,small / not screened
B-17603,small / not screened
B-17604,White / cool coating
B-17605,small / not screened
B-17606,White / cool coating
B-17607,Concrete / cement
B-17608,Concrete / cement
B-17609,White / cool coating
B-17610,Concrete / cement
B-17611,Metal sheet (bare / painted)
B-17612,Concrete / cement
B-17613,Concrete / cement
B-17614,Concrete / cement
B-17615,Concrete / cement
B-17616,Concrete / cement
B-17617,Concrete / cement
B-17618,Concrete / cement
B-17619,Concrete / cement
B-17620,Concrete / cement
B-17621,Concrete / cement
B-17622,Concrete / cement
B-17623,Concrete / cement
B-17624,Concrete / cement
B-17625,Concrete / cement
B-17626,Concrete / cement
B-17627,Concrete / cement
B-17628,Concrete / cement
B-17629,Concrete / cement
B-17630,Concrete / cement
B-17631,Concrete / cement
B-17632,Concrete / cement
B-17633,Concrete / cement
B-17634,White / cool coating
B-17635,Concrete / cement
B-17636,Concrete / cement
B-17637,White / cool coating
B-17638,White / cool coating
B-17639,White / cool coating
B-17640,Concrete / cement
B-17641,Concrete / cement
B-17642,Concrete / cement
B-17643,Concrete / cement
B-17644,Metal sheet (bare / painted)
B-17645,White / cool coating
B-17646,Metal sheet (bare / painted)
B-17647,Metal sheet (bare / painted)
B-17648,Metal sheet (bare / painted)
B-17649,Metal sheet (bare / painted)
B-17650,Metal sheet (bare / painted)
B-17651,Metal sheet (bare / painted)
B-17652,Concrete / cement
B-17653,Concrete / cement
B-17654,Concrete / cement
B-17655,Metal sheet (bare / painted)
B-17656,Concrete / cement
B-17657,Concrete / cement
B-17658,Concrete / cement
B-17659,Concrete / cement
B-17660,Concrete / cement
B-17661,White / cool coating
B-17662,White / cool coating
B-17663,White / cool coating
B-17664,Concrete / cement
B-17665,White / cool coating
B-17666,Metal sheet (bare / painted)
B-17667,Concrete / cement
B-17668,Metal sheet (bare / painted)
B-17669,Concrete / cement
B-17670,Concrete / cement
B-17671,Metal sheet (bare / painted)
B-17672,Concrete / cement
B-17673,White / cool coating
B-17674,White / cool coating
B-17675,small / not screened
B-17676,Metal sheet (bare / painted)
B-17677,Concrete / cement
B-17678,small / not screened
B-17679,Concrete / cement
B-17680,White / cool coating
B-17681,Concrete / cement
B-17682,Concrete / cement
B-17683,Concrete / cement
B-17684,White / cool coating
B-17685,Concrete / cement
B-17686,Concrete / cement
B-17687,Concrete / cement
B-17688,Concrete / cement
B-17689,Concrete / cement
B-17690,Concrete / cement
B-17691,Concrete / cement
B-17692,Concrete / cement
B-17693,Concrete / cement
B-17694,small / not screened
B-17695,small / not screened
B-17696,small / not screened
B-17697,White / cool coating
B-17698,Metal sheet (bare / painted)
B-17699,Concrete / cement
B-17700,Concrete / cement
B-17701,Concrete / cement
B-17702,Concrete / cement
B-17703,Concrete / cement
B-17704,Concrete / cement
B-17705,Concrete / cement
B-17706,Concrete / cement
B-17707,Concrete / cement
B-17708,White / cool coating
B-17709,Concrete / cement
B-17710,Concrete / cement
B-17711,Metal sheet (bare / painted)
B-17712,Metal sheet (bare / painted)
B-17713,White / cool coating
B-17714,Metal sheet (bare / painted)
B-17715,Concrete / cement
B-17716,Concrete / cement
B-17717,Concrete / cement
B-17718,White / cool coating
B-17719,White / cool coating
B-17720,Concrete / cement
B-17721,small / not screened
B-17722,Concrete / cement
B-17723,small / not screened
B-17724,Concrete / cement
B-17725,Concrete / cement
B-17726,Concrete / cement
B-17727,White / cool coating
B-17728,Concrete / cement
B-17729,White / cool coating
B-17730,Concrete / cement
B-17731,Metal sheet (bare / painted)
B-17732,Concrete / cement
B-17733,Concrete / cement
B-17734,Concrete / cement
B-17735,small / not screened
B-17736,small / not screened
B-17737,Concrete / cement
B-17738,Concrete / cement
B-17739,Concrete / cement
B-17740,Concrete / cement
B-17741,Concrete / cement
B-17742,Concrete / cement
B-17743,White / cool coating
B-17744,Concrete / cement
B-17745,Concrete / cement
B-17746,Concrete / cement
B-17747,Concrete / cement
B-17748,Concrete / cement
B-17749,Concrete / cement
B-17750,Metal sheet (bare / painted)
B-17751,White / cool coating
B-17752,Concrete / cement
B-17753,White / cool coating
B-17754,Concrete / cement
B-17755,Concrete / cement
B-17756,Concrete / cement
B-17757,Concrete / cement
B-17758,White / cool coating
B-17759,White / cool coating
B-17760,Concrete / cement
B-17761,Concrete / cement
B-17762,Concrete / cement
B-17763,Concrete / cement
B-17764,Concrete / cement
B-17765,Concrete / cement
B-17766,White / cool coating
B-17767,White / cool coating
B-17768,White / cool coating
B-17769,White / cool coating
B-17770,White / cool coating
B-17771,White / cool coating
B-17772,White / cool coating
B-17773,Concrete / cement
B-17774,Concrete / cement
B-17775,Concrete / cement
B-17776,Concrete / cement
B-17777,Concrete / cement
B-17778,Concrete / cement
B-17779,White / cool coating
B-17780,Concrete / cement
B-17781,White / cool coating
B-17782,Concrete / cement
B-17783,small / not screened
B-17784,White / cool coating
B-17785,White / cool coating
B-17786,Concrete / cement
B-17787,White / cool coating
B-17788,White / cool coating
B-17789,White / cool coating
B-17790,Concrete / cement
B-17791,White / cool coating
B-17792,White / cool coating
B-17793,White / cool coating
B-17794,Concrete / cement
B-17795,Concrete / cement
B-17796,White / cool coating
B-17797,Concrete / cement
B-17798,Concrete / cement
B-17799,White / cool coating
B-17800,Concrete / cement
B-17801,White / cool coating
B-17802,small / not screened
B-17803,White / cool coating
B-17804,White / cool coating
B-17805,small / not screened
B-17806,small / not screened
B-17807,White / cool coating
B-17808,small / not screened
B-17809,small / not screened
B-17810,small / not screened
B-17811,Concrete / cement
B-17812,small / not screened
B-17813,small / not screened
B-17814,Concrete / cement
B-17815,Concrete / cement
B-17816,small / not screened
B-17817,small / not screened
B-17818,small / not screened
B-17819,Concrete / cement
B-17820,small / not screened
B-17821,small / not screened
B-17822,small / not screened
B-17823,small / not screened
B-17824,Metal sheet (bare / painted)
B-17825,small / not screened
B-17826,small / not screened
B-17827,small / not screened
B-17828,small / not screened
B-17829,Concrete / cement
B-17830,Concrete / cement
B-17831,White / cool coating
B-17832,White / cool coating
B-17833,Metal sheet (bare / painted)
B-17834,Concrete / cement
B-17835,Concrete / cement
B-17836,White / cool coating
B-17837,small / not screened
B-17838,White / cool coating
B-17839,White / cool coating
B-17840,Concrete / cement
B-17841,White / cool coating
B-17842,small / not screened
B-17843,White / cool coating
B-17844,Concrete / cement
B-17845,White / cool coating
B-17846,Metal sheet (bare / painted)
B-17847,Metal sheet (bare / painted)
B-17848,Metal sheet (bare / painted)
B-17849,Metal sheet (bare / painted)
B-17850,Metal sheet (bare / painted)
B-17851,Concrete / cement
B-17852,Concrete / cement
B-17853,Concrete / cement
B-17854,Concrete / cement
B-17855,Concrete / cement
B-17856,Concrete / cement
B-17857,Concrete / cement
B-17858,Concrete / cement
B-17859,small / not screened
B-17860,Concrete / cement
B-17861,Concrete / cement
B-17862,Concrete / cement
B-17863,Concrete / cement
B-17864,White / cool coating
B-17865,Concrete / cement
B-17866,Concrete / cement
B-17867,Concrete / cement
B-17868,White / cool coating
B-17869,Concrete / cement
B-17870,White / cool coating
B-17871,White / cool coating
B-17872,Concrete / cement
B-17873,White / cool coating
B-17874,White / cool coating
B-17875,White / cool coating
B-17876,White / cool coating
B-17877,White / cool coating
B-17878,White / cool coating
B-17879,small / not screened
B-17880,small / not screened
B-17881,Concrete / cement
B-17882,Metal sheet (bare / painted)
B-17883,small / not screened
B-17884,small / not screened
B-17885,small / not screened
B-17886,White / cool coating
B-17887,White / cool coating
B-17888,White / cool coating
B-17889,White / cool coating
B-17890,Concrete / cement
B-17891,White / cool coating
B-17892,White / cool coating
B-17893,White / cool coating
B-17894,White / cool coating
B-17895,Concrete / cement
B-17896,Concrete / cement
B-17897,White / cool coating
B-17898,White / cool coating
B-17899,White / cool coating
B-17900,White / cool coating
B-17901,Concrete / cement
B-17902,Concrete / cement
B-17903,White / cool coating
B-17904,White / cool coating
B-17905,White / cool coating
B-17906,Concrete / cement
B-17907,Concrete / cement
B-17908,Concrete / cement
B-17909,small / not screened
B-17910,Concrete / cement
B-17911,Concrete / cement
B-17912,Concrete / cement
B-17913,White / cool coating
B-17914,small / not screened
B-17915,small / not screened
B-17916,White / cool coating
B-17917,White / cool coating
B-17918,White / cool coating
B-17919,Concrete / cement
B-17920,White / cool coating
B-17921,small / not screened
B-17922,Concrete / cement
B-17923,Concrete / cement
B-17924,Concrete / cement
B-17925,Concrete / cement
B-17926,Concrete / cement
B-17927,White / cool coating
B-17928,Concrete / cement
B-17929,White / cool coating
B-17930,Concrete / cement
B-17931,White / cool coating
B-17932,White / cool coating
B-17933,Concrete / cement
B-17934,Metal sheet (bare / painted)
B-17935,White / cool coating
B-17936,White / cool coating
B-17937,White / cool coating
B-17938,White / cool coating
B-17939,White / cool coating
B-17940,White / cool coating
B-17941,White / cool coating
B-17942,Metal sheet (bare / painted)
B-17943,White / cool coating
B-17944,White / cool coating
B-17945,Concrete / cement
B-17946,Metal sheet (bare / painted)
B-17947,Concrete / cement
B-17948,Concrete / cement
B-17949,White / cool coating
B-17950,White / cool coating
B-17951,White / cool coating
B-17952,White / cool coating
B-17953,Concrete / cement
B-17954,White / cool coating
B-17955,White / cool coating
B-17956,White / cool coating
B-17957,Concrete / cement
B-17958,Concrete / cement
B-17959,White / cool coating
B-17960,White / cool coating
B-17961,White / cool coating
B-17962,White / cool coating
B-17963,Concrete / cement
B-17964,Concrete / cement
B-17965,Metal sheet (bare / painted)
B-17966,White / cool coating
B-17967,Concrete / cement
B-17968,Concrete / cement
B-17969,Concrete / cement
B-17970,Concrete / cement
B-17971,Concrete / cement
B-17972,Concrete / cement
B-17973,White / cool coating
B-17974,Concrete / cement
B-17975,small / not screened
B-17976,White / cool coating
B-17977,Concrete / cement
B-17978,Concrete / cement
B-17979,Concrete / cement
B-17980,Concrete / cement
B-17981,White / cool coating
B-17982,Concrete / cement
B-17983,Concrete / cement
B-17984,Concrete / cement
B-17985,Concrete / cement
B-17986,Metal sheet (bare / painted)
B-17987,Concrete / cement
B-17988,White / cool coating
B-17989,White / cool coating
B-17990,Concrete / cement
B-17991,White / cool coating
B-17992,White / cool coating
B-17993,White / cool coating
B-17994,Concrete / cement
B-17995,small / not screened
B-17996,small / not screened
B-17997,Concrete / cement
B-17998,Concrete / cement
B-17999,small / not screened
B-18000,Concrete / cement
B-18001,Concrete / cement
B-18002,Concrete / cement
B-18003,Concrete / cement
B-18004,White / cool coating
B-18005,Concrete / cement
B-18006,small / not screened
B-18007,small / not screened
B-18008,White / cool coating
B-18009,White / cool coating
B-18010,White / cool coating
B-18011,Concrete / cement
B-18012,Concrete / cement
B-18013,Concrete / cement
B-18014,White / cool coating
B-18015,White / cool coating
B-18016,Concrete / cement
B-18017,Concrete / cement
B-18018,Concrete / cement
B-18019,Concrete / cement
B-18020,Concrete / cement
B-18021,White / cool coating
B-18022,White / cool coating
B-18023,White / cool coating
B-18024,White / cool coating
B-18025,Concrete / cement
B-18026,Concrete / cement
B-18027,White / cool coating
B-18028,Concrete / cement
B-18029,Concrete / cement
B-18030,White / cool coating
B-18031,White / cool coating
B-18032,White / cool coating
B-18033,White / cool coating
B-18034,White / cool coating
B-18035,White / cool coating
B-18036,White / cool coating
B-18037,White / cool coating
B-18038,White / cool coating
B-18039,White / cool coating
B-18040,White / cool coating
B-18041,White / cool coating
B-18042,White / cool coating
B-18043,White / cool coating
B-18044,White / cool coating
B-18045,White / cool coating
B-18046,White / cool coating
B-18047,White / cool coating
B-18048,White / cool coating
B-18049,White / cool coating
B-18050,White / cool coating
B-18051,White / cool coating
B-18052,small / not screened
B-18053,small / not screened
B-18054,White / cool coating
B-18055,small / not screened
B-18056,Concrete / cement
B-18057,White / cool coating
B-18058,White / cool coating
B-18059,Concrete / cement
B-18060,White / cool coating
B-18061,Concrete / cement
B-18062,White / cool coating
B-18063,White / cool coating
B-18064,Concrete / cement
B-18065,White / cool coating
B-18066,Concrete / cement
B-18067,White / cool coating
B-18068,White / cool coating
B-18069,White / cool coating
B-18070,White / cool coating
B-18071,White / cool coating
B-18072,White / cool coating
B-18073,White / cool coating
B-18074,White / cool coating
B-18075,White / cool coating
B-18076,Metal sheet (bare / painted)
B-18077,Metal sheet (bare / painted)
B-18078,small / not screened
B-18079,White / cool coating
B-18080,White / cool coating
B-18081,White / cool coating
B-18082,White / cool coating
B-18083,White / cool coating
B-18084,White / cool coating
B-18085,White / cool coating
B-18086,Concrete / cement
B-18087,White / cool coating
B-18088,small / not screened
B-18089,White / cool coating
B-18090,White / cool coating
B-18091,White / cool coating
B-18092,Concrete / cement
B-18093,Concrete / cement
B-18094,Metal sheet (bare / painted)
B-18095,small / not screened
B-18096,small / not screened
B-18097,White / cool coating
B-18098,small / not screened
B-18099,small / not screened
B-18100,Concrete / cement
B-18101,Concrete / cement
B-18102,small / not screened
B-18103,small / not screened
B-18104,Concrete / cement
B-18105,small / not screened
B-18106,small / not screened
B-18107,small / not screened
B-18108,small / not screened
B-18109,Concrete / cement
B-18110,Metal sheet (bare / painted)
B-18111,White / cool coating
B-18112,Concrete / cement
B-18113,Metal sheet (bare / painted)
B-18114,Concrete / cement
B-18115,Concrete / cement
B-18116,White / cool coating
B-18117,small / not screened
B-18118,Concrete / cement
B-18119,Metal sheet (bare / painted)
B-18120,Metal sheet (bare / painted)
B-18121,Metal sheet (bare / painted)
B-18122,White / cool coating
B-18123,White / cool coating
B-18124,White / cool coating
B-18125,small / not screened
B-18126,small / not screened
B-18127,Concrete / cement
B-18128,White / cool coating
B-18129,White / cool coating
B-18130,small / not screened
B-18131,small / not screened
B-18132,small / not screened
B-18133,White / cool coating
B-18134,Concrete / cement
B-18135,Concrete / cement
B-18136,small / not screened
B-18137,small / not screened
B-18138,Concrete / cement
B-18139,small / not screened
B-18140,small / not screened
B-18141,small / not screened
B-18142,small / not screened
B-18143,Concrete / cement
B-18144,White / cool coating
B-18145,Concrete / cement
B-18146,White / cool coating
B-18147,White / cool coating
B-18148,Concrete / cement
B-18149,small / not screened
B-18150,small / not screened
B-18151,small / not screened
B-18152,White / cool coating
B-18153,Concrete / cement
B-18154,small / not screened
B-18155,Metal sheet (bare / painted)
B-18156,White / cool coating
B-18157,Metal sheet (bare / painted)
B-18158,Concrete / cement
B-18159,White / cool coating
B-18160,White / cool coating
B-18161,small / not screened
B-18162,White / cool coating
B-18163,small / not screened
B-18164,small / not screened
B-18165,White / cool coating
B-18166,Concrete / cement
B-18167,Concrete / cement
B-18168,White / cool coating
B-18169,White / cool coating
B-18170,White / cool coating
B-18171,White / cool coating
B-18172,White / cool coating
B-18173,White / cool coating
B-18174,White / cool coating
B-18175,small / not screened
B-18176,small / not screened
B-18177,White / cool coating
B-18178,small / not screened
B-18179,White / cool coating
B-18180,White / cool coating
B-18181,Concrete / cement
B-18182,small / not screened
B-18183,Metal sheet (bare / painted)
B-18184,Concrete / cement
B-18185,White / cool coating
B-18186,White / cool coating
B-18187,Concrete / cement
B-18188,Concrete / cement
B-18189,Concrete / cement
B-18190,Concrete / cement
B-18191,Concrete / cement
B-18192,small / not screened
B-18193,White / cool coating
B-18194,small / not screened
B-18195,small / not screened
B-18196,White / cool coating
B-18197,White / cool coating
B-18198,White / cool coating
B-18199,White / cool coating
B-18200,Concrete / cement
B-18201,Concrete / cement
B-18202,Concrete / cement
B-18203,Concrete / cement
B-18204,Concrete / cement
B-18205,Concrete / cement
B-18206,White / cool coating
B-18207,Metal sheet (bare / painted)
B-18208,White / cool coating
B-18209,Concrete / cement
B-18210,White / cool coating
B-18211,Concrete / cement
B-18212,Concrete / cement
B-18213,Concrete / cement
B-18214,Concrete / cement
B-18215,Concrete / cement
B-18216,Metal sheet (bare / painted)
B-18217,Concrete / cement
B-18218,Concrete / cement
B-18219,Concrete / cement
B-18220,small / not screened
B-18221,small / not screened
B-18222,Concrete / cement
B-18223,Concrete / cement
B-18224,Concrete / cement
B-18225,small / not screened
B-18226,small / not screened
B-18227,Concrete / cement
B-18228,Concrete / cement
B-18229,small / not screened
B-18230,small / not screened
B-18231,small / not screened
B-18232,small / not screened
B-18233,small / not screened
B-18234,small / not screened
B-18235,small / not screened
B-18236,small / not screened
B-18237,small / not screened
B-18238,small / not screened
B-18239,small / not screened
B-18240,small / not screened
B-18241,Metal sheet (bare / painted)
B-18242,small / not screened
B-18243,small / not screened
B-18244,small / not screened
B-18245,small / not screened
B-18246,small / not screened
B-18247,small / not screened
B-18248,small / not screened
B-18249,small / not screened
B-18250,Concrete / cement
B-18251,Concrete / cement
B-18252,small / not screened
B-18253,Concrete / cement
B-18254,small / not screened
B-18255,small / not screened
B-18256,Concrete / cement
B-18257,Concrete / cement
B-18258,Concrete / cement
B-18259,small / not screened
B-18260,small / not screened
B-18261,small / not screened
B-18262,small / not screened
B-18263,small / not screened
B-18264,small / not screened
B-18265,small / not screened
B-18266,small / not screened
B-18267,small / not screened
B-18268,small / not screened
B-18269,small / not screened
B-18270,White / cool coating
B-18271,White / cool coating
B-18272,small / not screened
B-18273,small / not screened
B-18274,small / not screened
B-18275,small / not screened
B-18276,small / not screened
B-18277,small / not screened
B-18278,small / not screened
B-18279,small / not screened
B-18280,White / cool coating
B-18281,Concrete / cement
B-18282,Concrete / cement
B-18283,small / not screened
B-18284,Concrete / cement
B-18285,Concrete / cement
B-18286,Concrete / cement
B-18287,Concrete / cement
B-18288,Concrete / cement
B-18289,small / not screened
B-18290,small / not screened
B-18291,small / not screened
B-18292,small / not screened
B-18293,small / not screened
B-18294,small / not screened
B-18295,small / not screened
B-18296,small / not screened
B-18297,small / not screened
B-18298,small / not screened
B-18299,small / not screened
B-18300,Concrete / cement
B-18301,small / not screened
B-18302,small / not screened
B-18303,small / not screened
B-18304,small / not screened
B-18305,small / not screened
B-18306,small / not screened
B-18307,Concrete / cement
B-18308,small / not screened
B-18309,Concrete / cement
B-18310,small / not screened
B-18311,small / not screened
B-18312,small / not screened
B-18313,small / not screened
B-18314,small / not screened
B-18315,White / cool coating
B-18316,small / not screened
B-18317,Metal sheet (bare / painted)
B-18318,small / not screened
B-18319,Concrete / cement
B-18320,small / not screened
B-18321,Concrete / cement
B-18322,Concrete / cement
B-18323,small / not screened
B-18324,small / not screened
B-18325,small / not screened
B-18326,small / not screened
B-18327,small / not screened
B-18328,small / not screened
B-18329,small / not screened
B-18330,small / not screened
B-18331,small / not screened
B-18332,small / not screened
B-18333,small / not screened
B-18334,small / not screened
B-18335,Concrete / cement
B-18336,Concrete / cement
B-18337,Concrete / cement
B-18338,small / not screened
B-18339,small / not screened
B-18340,small / not screened
B-18341,small / not screened
B-18342,small / not screened
B-18343,small / not screened
B-18344,small / not screened
B-18345,small / not screened
B-18346,Concrete / cement
B-18347,small / not screened
B-18348,small / not screened
B-18349,Concrete / cement
B-18350,small / not screened
B-18351,small / not screened
B-18352,small / not screened
B-18353,Concrete / cement
B-18354,Concrete / cement
B-18355,Concrete / cement
B-18356,Metal sheet (bare / painted)
B-18357,Concrete / cement
B-18358,Metal sheet (bare / painted)
B-18359,Concrete / cement
B-18360,small / not screened
B-18361,small / not screened
B-18362,Concrete / cement
B-18363,Concrete / cement
B-18364,Concrete / cement
B-18365,Concrete / cement
B-18366,Concrete / cement
B-18367,Concrete / cement
B-18368,Concrete / cement
B-18369,small / not screened
B-18370,Concrete / cement
B-18371,small / not screened
B-18372,Concrete / cement
B-18373,Concrete / cement
B-18374,Metal sheet (bare / painted)
B-18375,small / not screened
B-18376,Concrete / cement
B-18377,Concrete / cement
B-18378,Concrete / cement
B-18379,Concrete / cement
B-18380,Concrete / cement
B-18381,Concrete / cement
B-18382,Concrete / cement
B-18383,Concrete / cement
B-18384,Concrete / cement
B-18385,Concrete / cement
B-18386,Concrete / cement
B-18387,Concrete / cement
B-18388,Concrete / cement
B-18389,small / not screened
B-18390,small / not screened
B-18391,Concrete / cement
B-18392,White / cool coating
B-18393,Concrete / cement
B-18394,Concrete / cement
B-18395,small / not screened
B-18396,small / not screened
B-18397,Concrete / cement
B-18398,small / not screened
B-18399,Concrete / cement
B-18400,Concrete / cement
B-18401,Concrete / cement
B-18402,Metal sheet (bare / painted)
B-18403,Concrete / cement
B-18404,White / cool coating
B-18405,White / cool coating
B-18406,Concrete / cement
B-18407,White / cool coating
B-18408,Concrete / cement
B-18409,Concrete / cement
B-18410,Concrete / cement
B-18411,Concrete / cement
B-18412,Metal sheet (bare / painted)
B-18413,small / not screened
B-18414,small / not screened
B-18415,Concrete / cement
B-18416,Concrete / cement
B-18417,small / not screened
B-18418,Concrete / cement
B-18419,Concrete / cement
B-18420,Concrete / cement
B-18421,White / cool coating
B-18422,Concrete / cement
B-18423,White / cool coating
B-18424,Concrete / cement
B-18425,Concrete / cement
B-18426,small / not screened
B-18427,small / not screened
B-18428,White / cool coating
B-18429,small / not screened
B-18430,Concrete / cement
B-18431,Concrete / cement
B-18432,White / cool coating
B-18433,Concrete / cement
B-18434,small / not screened
B-18435,Concrete / cement
B-18436,Concrete / cement
B-18437,Concrete / cement
B-18438,Concrete / cement
B-18439,Concrete / cement
B-18440,White / cool coating
B-18441,small / not screened
B-18442,Concrete / cement
B-18443,White / cool coating
B-18444,Concrete / cement
B-18445,Concrete / cement
B-18446,Concrete / cement
B-18447,Concrete / cement
B-18448,Metal sheet (bare / painted)
B-18449,small / not screened
B-18450,Metal sheet (bare / painted)
B-18451,Metal sheet (bare / painted)
B-18452,Concrete / cement
B-18453,Concrete / cement
B-18454,Concrete / cement
B-18455,Concrete / cement
B-18456,small / not screened
B-18457,small / not screened
B-18458,small / not screened
B-18459,Concrete / cement
B-18460,Concrete / cement
B-18461,Concrete / cement
B-18462,Concrete / cement
B-18463,Concrete / cement
B-18464,small / not screened
B-18465,Concrete / cement
B-18466,Concrete / cement
B-18467,Concrete / cement
B-18468,small / not screened
B-18469,Concrete / cement
B-18470,small / not screened
B-18471,small / not screened
B-18472,Metal sheet (bare / painted)
B-18473,White / cool coating
B-18474,Concrete / cement
B-18475,White / cool coating
B-18476,White / cool coating
B-18477,Concrete / cement
B-18478,Metal sheet (bare / painted)
B-18479,Concrete / cement
B-18480,Concrete / cement
B-18481,Concrete / cement
B-18482,Metal sheet (bare / painted)
B-18483,Concrete / cement
B-18484,Concrete / cement
B-18485,small / not screened
B-18486,Concrete / cement
B-18487,Concrete / cement
B-18488,White / cool coating
B-18489,Concrete / cement
B-18490,small / not screened
B-18491,Concrete / cement
B-18492,Concrete / cement
B-18493,small / not screened
B-18494,Concrete / cement
B-18495,Metal sheet (bare / painted)
B-18496,Concrete / cement
B-18497,small / not screened
B-18498,Concrete / cement
B-18499,Concrete / cement
B-18500,small / not screened
B-18501,small / not screened
B-18502,Metal sheet (bare / painted)
B-18503,small / not screened
B-18504,small / not screened
B-18505,small / not screened
B-18506,White / cool coating
B-18507,Concrete / cement
B-18508,White / cool coating
B-18509,White / cool coating
B-18510,small / not screened
B-18511,Metal sheet (bare / painted)
B-18512,Concrete / cement
B-18513,Concrete / cement
B-18514,Concrete / cement
B-18515,Concrete / cement
B-18516,White / cool coating
B-18517,White / cool coating
B-18518,White / cool coating
B-18519,small / not screened
B-18520,White / cool coating
B-18521,White / cool coating
B-18522,small / not screened
B-18523,White / cool coating
B-18524,Concrete / cement
B-18525,White / cool coating
B-18526,small / not screened
B-18527,White / cool coating
B-18528,small / not screened
B-18529,White / cool coating
B-18530,small / not screened
B-18531,White / cool coating
B-18532,White / cool coating
B-18533,small / not screened
B-18534,small / not screened
B-18535,Concrete / cement
B-18536,small / not screened
B-18537,White / cool coating
B-18538,White / cool coating
B-18539,Concrete / cement
B-18540,Metal sheet (bare / painted)
B-18541,Concrete / cement
B-18542,Concrete / cement
B-18543,small / not screened
B-18544,White / cool coating
B-18545,Metal sheet (bare / painted)
B-18546,Concrete / cement
B-18547,Concrete / cement
B-18548,small / not screened
B-18549,Concrete / cement
B-18550,Metal sheet (bare / painted)
B-18551,Concrete / cement
B-18552,White / cool coating
B-18553,White / cool coating
B-18554,White / cool coating
B-18555,Concrete / cement
B-18556,Concrete / cement
B-18557,small / not screened
B-18558,Concrete / cement
B-18559,small / not screened
B-18560,Concrete / cement
B-18561,White / cool coating
B-18562,Concrete / cement
B-18563,small / not screened
B-18564,White / cool coating
B-18565,Concrete / cement
B-18566,White / cool coating
B-18567,Concrete / cement
B-18568,Concrete / cement
B-18569,Concrete / cement
B-18570,White / cool coating
B-18571,White / cool coating
B-18572,White / cool coating
B-18573,Concrete / cement
B-18574,White / cool coating
B-18575,White / cool coating
B-18576,White / cool coating
B-18577,small / not screened
B-18578,White / cool coating
B-18579,White / cool coating
B-18580,White / cool coating
B-18581,White / cool coating
B-18582,small / not screened
B-18583,White / cool coating
B-18584,White / cool coating
B-18585,White / cool coating
B-18586,small / not screened
B-18587,small / not screened
B-18588,small / not screened
B-18589,White / cool coating
B-18590,Concrete / cement
B-18591,small / not screened
B-18592,White / cool coating
B-18593,Concrete / cement
B-18594,White / cool coating
B-18595,White / cool coating
B-18596,small / not screened
B-18597,White / cool coating
B-18598,White / cool coating
B-18599,White / cool coating
B-18600,White / cool coating
B-18601,Concrete / cement
B-18602,White / cool coating
B-18603,Concrete / cement
B-18604,White / cool coating
B-18605,White / cool coating
B-18606,White / cool coating
B-18607,White / cool coating
B-18608,small / not screened
B-18609,White / cool coating
B-18610,White / cool coating
B-18611,White / cool coating
B-18612,small / not screened
B-18613,White / cool coating
B-18614,Metal sheet (bare / painted)
B-18615,Concrete / cement
B-18616,Concrete / cement
B-18617,Concrete / cement
B-18618,Concrete / cement
B-18619,small / not screened
B-18620,Concrete / cement
B-18621,small / not screened
B-18622,White / cool coating
B-18623,White / cool coating
B-18624,Concrete / cement
B-18625,White / cool coating
B-18626,White / cool coating
B-18627,small / not screened
B-18628,White / cool coating
B-18629,Concrete / cement
B-18630,Metal sheet (bare / painted)
B-18631,White / cool coating
B-18632,White / cool coating
B-18633,Concrete / cement
B-18634,Concrete / cement
B-18635,Metal sheet (bare / painted)
B-18636,White / cool coating
B-18637,small / not screened
B-18638,White / cool coating
B-18639,White / cool coating
B-18640,small / not screened
B-18641,Metal sheet (bare / painted)
B-18642,White / cool coating
B-18643,Concrete / cement
B-18644,Concrete / cement
B-18645,White / cool coating
B-18646,White / cool coating
B-18647,Concrete / cement
B-18648,small / not screened
B-18649,small / not screened
B-18650,small / not screened
B-18651,small / not screened
B-18652,small / not screened
B-18653,small / not screened
B-18654,Metal sheet (bare / painted)
B-18655,small / not screened
B-18656,Concrete / cement
B-18657,Concrete / cement
B-18658,small / not screened
B-18659,small / not screened
B-18660,small / not screened
B-18661,Concrete / cement
B-18662,Metal sheet (bare / painted)
B-18663,Metal sheet (bare / painted)
B-18664,Metal sheet (bare / painted)
B-18665,Concrete / cement
B-18666,small / not screened
B-18667,Metal sheet (bare / painted)
B-18668,White / cool coating
B-18669,White / cool coating
B-18670,White / cool coating
B-18671,White / cool coating
B-18672,small / not screened
B-18673,small / not screened
B-18674,White / cool coating
B-18675,White / cool coating
B-18676,White / cool coating
B-18677,small / not screened
B-18678,White / cool coating
B-18679,Concrete / cement
B-18680,White / cool coating
B-18681,White / cool coating
B-18682,White / cool coating
B-18683,White / cool coating
B-18684,White / cool coating
B-18685,White / cool coating
B-18686,Concrete / cement
B-18687,Concrete / cement
B-18688,small / not screened
B-18689,small / not screened
B-18690,Concrete / cement
B-18691,Concrete / cement
B-18692,small / not screened
B-18693,White / cool coating
B-18694,small / not screened
B-18695,White / cool coating
B-18696,Concrete / cement
B-18697,White / cool coating
B-18698,Concrete / cement
B-18699,Concrete / cement
B-18700,Concrete / cement
B-18701,small / not screened
B-18702,Concrete / cement
B-18703,Concrete / cement
B-18704,small / not screened
B-18705,small / not screened
B-18706,small / not screened
B-18707,small / not screened
B-18708,small / not screened
B-18709,Concrete / cement
B-18710,White / cool coating
B-18711,Concrete / cement
B-18712,White / cool coating
B-18713,White / cool coating
B-18714,Concrete / cement
B-18715,White / cool coating
B-18716,small / not screened
B-18717,White / cool coating
B-18718,Concrete / cement
B-18719,Concrete / cement
B-18720,White / cool coating
B-18721,Concrete / cement
B-18722,Concrete / cement
B-18723,Metal sheet (bare / painted)
B-18724,Concrete / cement
B-18725,small / not screened
B-18726,Concrete / cement
B-18727,White / cool coating
B-18728,White / cool coating
B-18729,Concrete / cement
B-18730,Concrete / cement
B-18731,Concrete / cement
B-18732,White / cool coating
B-18733,Concrete / cement
B-18734,Concrete / cement
B-18735,Concrete / cement
B-18736,Concrete / cement
B-18737,Concrete / cement
B-18738,Concrete / cement
B-18739,Concrete / cement
B-18740,Concrete / cement
B-18741,Concrete / cement
B-18742,small / not screened
B-18743,Concrete / cement
B-18744,Concrete / cement
B-18745,Concrete / cement
B-18746,Concrete / cement
B-18747,Concrete / cement
B-18748,Concrete / cement
B-18749,Concrete / cement
B-18750,Concrete / cement
B-18751,small / not screened
B-18752,Concrete / cement
B-18753,Metal sheet (bare / painted)
B-18754,small / not screened
B-18755,Concrete / cement
B-18756,Concrete / cement
B-18757,Metal sheet (bare / painted)
B-18758,White / cool coating
B-18759,Concrete / cement
B-18760,Concrete / cement
B-18761,small / not screened
B-18762,small / not screened
B-18763,small / not screened
B-18764,small / not screened
B-18765,Concrete / cement
B-18766,Metal sheet (bare / painted)
B-18767,White / cool coating
B-18768,White / cool coating
B-18769,Concrete / cement
B-18770,Concrete / cement
B-18771,Concrete / cement
B-18772,Concrete / cement
B-18773,Concrete / cement
B-18774,White / cool coating
B-18775,small / not screened
B-18776,Concrete / cement
B-18777,small / not screened
B-18778,Concrete / cement
B-18779,White / cool coating
B-18780,White / cool coating
B-18781,White / cool coating
B-18782,White / cool coating
B-18783,Concrete / cement
B-18784,White / cool coating
B-18785,White / cool coating
B-18786,White / cool coating
B-18787,Concrete / cement
B-18788,White / cool coating
B-18789,Concrete / cement
B-18790,small / not screened
B-18791,Concrete / cement
B-18792,Concrete / cement
B-18793,Concrete / cement
B-18794,small / not screened
B-18795,White / cool coating
B-18796,Concrete / cement
B-18797,small / not screened
B-18798,Concrete / cement
B-18799,White / cool coating
B-18800,Concrete / cement
B-18801,White / cool coating
B-18802,White / cool coating
B-18803,White / cool coating
B-18804,White / cool coating
B-18805,White / cool coating
B-18806,small / not screened
B-18807,White / cool coating
B-18808,White / cool coating
B-18809,White / cool coating
B-18810,Concrete / cement
B-18811,Concrete / cement
B-18812,small / not screened
B-18813,White / cool coating
B-18814,Concrete / cement
B-18815,White / cool coating
B-18816,White / cool coating
B-18817,small / not screened
B-18818,White / cool coating
B-18819,Concrete / cement
B-18820,White / cool coating
B-18821,Concrete / cement
B-18822,White / cool coating
B-18823,White / cool coating
B-18824,Concrete / cement
B-18825,small / not screened
B-18826,small / not screened
B-18827,White / cool coating
B-18828,White / cool coating
B-18829,small / not screened
B-18830,small / not screened
B-18831,White / cool coating
B-18832,small / not screened
B-18833,White / cool coating
B-18834,Concrete / cement
B-18835,White / cool coating
B-18836,White / cool coating
B-18837,Concrete / cement
B-18838,small / not screened
B-18839,Concrete / cement
B-18840,White / cool coating
B-18841,Concrete / cement
B-18842,Concrete / cement
B-18843,Concrete / cement
B-18844,Concrete / cement
B-18845,Concrete / cement
B-18846,Concrete / cement
B-18847,small / not screened
B-18848,Concrete / cement
B-18849,White / cool coating
B-18850,White / cool coating
B-18851,White / cool coating
B-18852,White / cool coating
B-18853,White / cool coating
B-18854,White / cool coating
B-18855,small / not screened
B-18856,small / not screened
B-18857,Concrete / cement
B-18858,small / not screened
B-18859,small / not screened
B-18860,White / cool coating
B-18861,White / cool coating
B-18862,White / cool coating
B-18863,Concrete / cement
B-18864,Concrete / cement
B-18865,White / cool coating
B-18866,Concrete / cement
B-18867,small / not screened
B-18868,White / cool coating
B-18869,Concrete / cement
B-18870,small / not screened
B-18871,small / not screened
B-18872,small / not screened
B-18873,White / cool coating
B-18874,small / not screened
B-18875,White / cool coating
B-18876,Concrete / cement
B-18877,White / cool coating
B-18878,Concrete / cement
B-18879,Concrete / cement
B-18880,Concrete / cement
B-18881,Metal sheet (bare / painted)
B-18882,Concrete / cement
B-18883,White / cool coating
B-18884,White / cool coating
B-18885,White / cool coating
B-18886,White / cool coating
B-18887,White / cool coating
B-18888,Concrete / cement
B-18889,White / cool coating
B-18890,small / not screened
B-18891,small / not screened
B-18892,Metal sheet (bare / painted)
B-18893,Metal sheet (bare / painted)
B-18894,Concrete / cement
B-18895,Metal sheet (bare / painted)
B-18896,White / cool coating
B-18897,Concrete / cement
B-18898,Concrete / cement
B-18899,Metal sheet (bare / painted)
B-18900,Concrete / cement
B-18901,small / not screened
B-18902,small / not screened
B-18903,Metal sheet (bare / painted)
B-18904,White / cool coating
B-18905,small / not screened
B-18906,Metal sheet (bare / painted)
B-18907,Concrete / cement
B-18908,Concrete / cement
B-18909,White / cool coating
B-18910,Metal sheet (bare / painted)
B-18911,White / cool coating
B-18912,White / cool coating
B-18913,White / cool coating
B-18914,Metal sheet (bare / painted)
B-18915,White / cool coating
B-18916,White / cool coating
B-18917,White / cool coating
B-18918,Concrete / cement
B-18919,Concrete / cement
B-18920,small / not screened
B-18921,White / cool coating
B-18922,White / cool coating
B-18923,White / cool coating
B-18924,White / cool coating
B-18925,White / cool coating
B-18926,White / cool coating
B-18927,White / cool coating
B-18928,White / cool coating
B-18929,Metal sheet (bare / painted)
B-18930,White / cool coating
B-18931,White / cool coating
B-18932,Concrete / cement
B-18933,Concrete / cement
B-18934,White / cool coating
B-18935,Concrete / cement
B-18936,White / cool coating
B-18937,Concrete / cement
B-18938,small / not screened
B-18939,White / cool coating
B-18940,White / cool coating
B-18941,White / cool coating
B-18942,Concrete / cement
B-18943,White / cool coating
B-18944,Concrete / cement
B-18945,small / not screened
B-18946,White / cool coating
B-18947,White / cool coating
B-18948,White / cool coating
B-18949,White / cool coating
B-18950,Concrete / cement
B-18951,White / cool coating
B-18952,White / cool coating
B-18953,Concrete / cement
B-18954,Concrete / cement
B-18955,Concrete / cement
B-18956,Concrete / cement
B-18957,Concrete / cement
B-18958,Concrete / cement
B-18959,White / cool coating
B-18960,White / cool coating
B-18961,White / cool coating
B-18962,Metal sheet (bare / painted)
B-18963,Concrete / cement
B-18964,White / cool coating
B-18965,Concrete / cement
B-18966,White / cool coating
B-18967,small / not screened
B-18968,small / not screened
B-18969,White / cool coating
B-18970,White / cool coating
B-18971,White / cool coating
B-18972,White / cool coating
B-18973,Concrete / cement
B-18974,Concrete / cement
B-18975,White / cool coating
B-18976,Concrete / cement
B-18977,White / cool coating
B-18978,small / not screened
B-18979,White / cool coating
B-18980,White / cool coating
B-18981,White / cool coating
B-18982,White / cool coating
B-18983,White / cool coating
B-18984,White / cool coating
B-18985,White / cool coating
B-18986,White / cool coating
B-18987,Concrete / cement
B-18988,White / cool coating
B-18989,White / cool coating
B-18990,Metal sheet (bare / painted)
B-18991,White / cool coating
B-18992,White / cool coating
B-18993,Metal sheet (bare / painted)
B-18994,small / not screened
B-18995,small / not screened
B-18996,Concrete / cement
B-18997,White / cool coating
B-18998,White / cool coating
B-18999,White / cool coating
B-19000,Concrete / cement
B-19001,Metal sheet (bare / painted)
B-19002,Concrete / cement
B-19003,Concrete / cement
B-19004,Concrete / cement
B-19005,Concrete / cement
B-19006,White / cool coating
B-19007,White / cool coating
B-19008,White / cool coating
B-19009,White / cool coating
B-19010,White / cool coating
B-19011,White / cool coating
B-19012,White / cool coating
B-19013,White / cool coating
B-19014,White / cool coating
B-19015,Concrete / cement
B-19016,Concrete / cement
B-19017,Concrete / cement
B-19018,small / not screened
B-19019,small / not screened
B-19020,small / not screened
B-19021,small / not screened
B-19022,small / not screened
B-19023,small / not screened
B-19024,small / not screened
B-19025,Concrete / cement
B-19026,small / not screened
B-19027,small / not screened
B-19028,Concrete / cement
B-19029,White / cool coating
B-19030,White / cool coating
B-19031,Metal sheet (bare / painted)
B-19032,White / cool coating
B-19033,small / not screened
B-19034,small / not screened
B-19035,White / cool coating
B-19036,small / not screened
B-19037,Concrete / cement
B-19038,Concrete / cement
B-19039,Concrete / cement
B-19040,Concrete / cement
B-19041,White / cool coating
B-19042,small / not screened
B-19043,Concrete / cement
B-19044,Concrete / cement
B-19045,small / not screened
B-19046,Metal sheet (bare / painted)
B-19047,Concrete / cement
B-19048,small / not screened
B-19049,White / cool coating
B-19050,Concrete / cement
B-19051,Concrete / cement
B-19052,White / cool coating
B-19053,White / cool coating
B-19054,Metal sheet (bare / painted)
B-19055,Metal sheet (bare / painted)
B-19056,small / not screened
B-19057,Concrete / cement
B-19058,Concrete / cement
B-19059,Concrete / cement
B-19060,White / cool coating
B-19061,Metal sheet (bare / painted)
B-19062,Concrete / cement
B-19063,Concrete / cement
B-19064,Concrete / cement
B-19065,small / not screened
B-19066,Concrete / cement
B-19067,White / cool coating
B-19068,White / cool coating
B-19069,White / cool coating
B-19070,Concrete / cement
B-19071,White / cool coating
B-19072,Concrete / cement
B-19073,Concrete / cement
B-19074,Concrete / cement
B-19075,Metal sheet (bare / painted)
B-19076,Metal sheet (bare / painted)
B-19077,small / not screened
B-19078,White / cool coating
B-19079,Metal sheet (bare / painted)
B-19080,Concrete / cement
B-19081,Concrete / cement
B-19082,White / cool coating
B-19083,Concrete / cement
B-19084,Concrete / cement
B-19085,Concrete / cement
B-19086,Metal sheet (bare / painted)
B-19087,small / not screened
B-19088,small / not screened
B-19089,Metal sheet (bare / painted)
B-19090,small / not screened
B-19091,small / not screened
B-19092,White / cool coating
B-19093,White / cool coating
B-19094,small / not screened
B-19095,Concrete / cement
B-19096,White / cool coating
B-19097,Concrete / cement
B-19098,White / cool coating
B-19099,Concrete / cement
B-19100,small / not screened
B-19101,Concrete / cement
B-19102,White / cool coating
B-19103,small / not screened
B-19104,White / cool coating
B-19105,Concrete / cement
B-19106,Concrete / cement
B-19107,small / not screened
B-19108,White / cool coating
B-19109,small / not screened
B-19110,Concrete / cement
B-19111,small / not screened
B-19112,Concrete / cement
B-19113,Concrete / cement
B-19114,White / cool coating
B-19115,White / cool coating
B-19116,small / not screened
B-19117,Concrete / cement
B-19118,small / not screened
B-19119,Metal sheet (bare / painted)
B-19120,Concrete / cement
B-19121,White / cool coating
B-19122,small / not screened
B-19123,Concrete / cement
B-19124,small / not screened
B-19125,small / not screened
B-19126,Concrete / cement
B-19127,White / cool coating
B-19128,small / not screened
B-19129,small / not screened
B-19130,small / not screened
B-19131,small / not screened
B-19132,small / not screened
B-19133,Concrete / cement
B-19134,Concrete / cement
B-19135,small / not screened
B-19136,small / not screened
B-19137,small / not screened
B-19138,small / not screened
B-19139,White / cool coating
B-19140,White / cool coating
B-19141,Concrete / cement
B-19142,White / cool coating
B-19143,Concrete / cement
B-19144,Concrete / cement
B-19145,Concrete / cement
B-19146,Concrete / cement
B-19147,White / cool coating
B-19148,Concrete / cement
B-19149,Concrete / cement
B-19150,Concrete / cement
B-19151,Concrete / cement
B-19152,Concrete / cement
B-19153,Concrete / cement
B-19154,small / not screened
B-19155,Concrete / cement
B-19156,Concrete / cement
B-19157,Concrete / cement
B-19158,Metal sheet (bare / painted)
B-19159,Concrete / cement
B-19160,Concrete / cement
B-19161,Concrete / cement
B-19162,Concrete / cement
B-19163,White / cool coating
B-19164,Concrete / cement
B-19165,Metal sheet (bare / painted)
B-19166,White / cool coating
B-19167,White / cool coating
B-19168,small / not screened
B-19169,small / not screened
B-19170,Concrete / cement
B-19171,Concrete / cement
B-19172,White / cool coating
B-19173,White / cool coating
B-19174,White / cool coating
B-19175,small / not screened
B-19176,Metal sheet (bare / painted)
B-19177,White / cool coating
B-19178,small / not screened
B-19179,small / not screened
B-19180,Concrete / cement
B-19181,Concrete / cement
B-19182,Concrete / cement
B-19183,small / not screened
B-19184,Concrete / cement
B-19185,Metal sheet (bare / painted)
B-19186,small / not screened
B-19187,White / cool coating
B-19188,Concrete / cement
B-19189,Concrete / cement
B-19190,Concrete / cement
B-19191,Concrete / cement
B-19192,Concrete / cement
B-19193,Concrete / cement
B-19194,Concrete / cement
B-19195,Concrete / cement
B-19196,Concrete / cement
B-19197,Metal sheet (bare / painted)
B-19198,Metal sheet (bare / painted)
B-19199,White / cool coating
B-19200,Concrete / cement
B-19201,White / cool coating
B-19202,White / cool coating
B-19203,White / cool coating
B-19204,Concrete / cement
B-19205,White / cool coating
B-19206,Concrete / cement
B-19207,White / cool coating
B-19208,small / not screened
B-19209,Concrete / cement
B-19210,Metal sheet (bare / painted)
B-19211,small / not screened
B-19212,Concrete / cement
B-19213,Concrete / cement
B-19214,White / cool coating
B-19215,White / cool coating
B-19216,White / cool coating
B-19217,Concrete / cement
B-19218,Concrete / cement
B-19219,White / cool coating
B-19220,Concrete / cement
B-19221,Concrete / cement
B-19222,Concrete / cement
B-19223,small / not screened
B-19224,small / not screened
B-19225,White / cool coating
B-19226,Concrete / cement
B-19227,White / cool coating
B-19228,White / cool coating
B-19229,White / cool coating
B-19230,White / cool coating
B-19231,small / not screened
B-19232,small / not screened
B-19233,Concrete / cement
B-19234,White / cool coating
B-19235,small / not screened
B-19236,small / not screened
B-19237,small / not screened
B-19238,White / cool coating
B-19239,small / not screened
B-19240,Concrete / cement
B-19241,Concrete / cement
B-19242,Metal sheet (bare / painted)
B-19243,Concrete / cement
B-19244,White / cool coating
B-19245,Concrete / cement
B-19246,Concrete / cement
B-19247,White / cool coating
B-19248,White / cool coating
B-19249,Concrete / cement
B-19250,White / cool coating
B-19251,White / cool coating
B-19252,White / cool coating
B-19253,White / cool coating
B-19254,White / cool coating
B-19255,White / cool coating
B-19256,White / cool coating
B-19257,White / cool coating
B-19258,Concrete / cement
B-19259,small / not screened
B-19260,Concrete / cement
B-19261,small / not screened
B-19262,White / cool coating
B-19263,Concrete / cement
B-19264,Concrete / cement
B-19265,Concrete / cement
B-19266,White / cool coating
B-19267,White / cool coating
B-19268,Concrete / cement
B-19269,Metal sheet (bare / painted)
B-19270,Concrete / cement
B-19271,White / cool coating
B-19272,Concrete / cement
B-19273,Concrete / cement
B-19274,White / cool coating
B-19275,Concrete / cement
B-19276,White / cool coating
B-19277,White / cool coating
B-19278,White / cool coating
B-19279,Concrete / cement
B-19280,Concrete / cement
B-19281,Concrete / cement
B-19282,Concrete / cement
B-19283,Concrete / cement
B-19284,White / cool coating
B-19285,White / cool coating
B-19286,Concrete / cement
B-19287,Metal sheet (bare / painted)
B-19288,Metal sheet (bare / painted)
B-19289,White / cool coating
B-19290,White / cool coating
B-19291,Concrete / cement
B-19292,Concrete / cement
B-19293,small / not screened
B-19294,White / cool coating
B-19295,Concrete / cement
B-19296,White / cool coating
B-19297,White / cool coating
B-19298,Concrete / cement
B-19299,White / cool coating
B-19300,White / cool coating
B-19301,Concrete / cement
B-19302,White / cool coating
B-19303,small / not screened
B-19304,Metal sheet (bare / painted)
B-19305,White / cool coating
B-19306,Concrete / cement
B-19307,small / not screened
B-19308,White / cool coating
B-19309,Concrete / cement
B-19310,small / not screened
B-19311,White / cool coating
B-19312,White / cool coating
B-19313,White / cool coating
B-19314,White / cool coating
B-19315,small / not screened
B-19316,small / not screened
B-19317,Concrete / cement
B-19318,Concrete / cement
B-19319,small / not screened
B-19320,Concrete / cement
B-19321,small / not screened
B-19322,Metal sheet (bare / painted)
B-19323,Concrete / cement
B-19324,Concrete / cement
B-19325,White / cool coating
B-19326,White / cool coating
B-19327,White / cool coating
B-19328,White / cool coating
B-19329,White / cool coating
B-19330,Concrete / cement
B-19331,small / not screened
B-19332,small / not screened
B-19333,Concrete / cement
B-19334,small / not screened
B-19335,Metal sheet (bare / painted)
B-19336,Concrete / cement
B-19337,Concrete / cement
B-19338,Concrete / cement
B-19339,small / not screened
B-19340,Concrete / cement
B-19341,small / not screened
B-19342,White / cool coating
B-19343,small / not screened
B-19344,White / cool coating
B-19345,small / not screened
B-19346,small / not screened
B-19347,White / cool coating
B-19348,White / cool coating
B-19349,White / cool coating
B-19350,White / cool coating
B-19351,White / cool coating
B-19352,small / not screened
B-19353,White / cool coating
B-19354,White / cool coating
B-19355,White / cool coating
B-19356,Concrete / cement
B-19357,White / cool coating
B-19358,White / cool coating
B-19359,White / cool coating
B-19360,White / cool coating
B-19361,Concrete / cement
B-19362,White / cool coating
B-19363,White / cool coating
B-19364,small / not screened
B-19365,White / cool coating
B-19366,small / not screened
B-19367,White / cool coating
B-19368,White / cool coating
B-19369,White / cool coating
B-19370,White / cool coating
B-19371,White / cool coating
B-19372,White / cool coating
B-19373,White / cool coating
B-19374,White / cool coating
B-19375,small / not screened
B-19376,Concrete / cement
B-19377,Concrete / cement
B-19378,Concrete / cement
B-19379,Concrete / cement
B-19380,Concrete / cement
B-19381,White / cool coating
B-19382,Concrete / cement
B-19383,White / cool coating
B-19384,White / cool coating
B-19385,White / cool coating
B-19386,White / cool coating
B-19387,Concrete / cement
B-19388,White / cool coating
B-19389,White / cool coating
B-19390,Concrete / cement
B-19391,White / cool coating
B-19392,White / cool coating
B-19393,small / not screened
B-19394,small / not screened
B-19395,White / cool coating
B-19396,Concrete / cement
B-19397,Concrete / cement
B-19398,White / cool coating
B-19399,Concrete / cement
B-19400,Concrete / cement
B-19401,Metal sheet (bare / painted)
B-19402,White / cool coating
B-19403,small / not screened
B-19404,small / not screened
B-19405,White / cool coating
B-19406,White / cool coating
B-19407,White / cool coating
B-19408,White / cool coating
B-19409,small / not screened
B-19410,White / cool coating
B-19411,Concrete / cement
B-19412,Concrete / cement
B-19413,Concrete / cement
B-19414,Concrete / cement
B-19415,Concrete / cement
B-19416,Concrete / cement
B-19417,Concrete / cement
B-19418,Concrete / cement
B-19419,Metal sheet (bare / painted)
B-19420,small / not screened
B-19421,White / cool coating
B-19422,Concrete / cement
B-19423,Concrete / cement
B-19424,small / not screened
B-19425,Concrete / cement
B-19426,Concrete / cement
B-19427,Concrete / cement
B-19428,Concrete / cement
B-19429,White / cool coating
B-19430,Concrete / cement
B-19431,White / cool coating
B-19432,Concrete / cement
B-19433,White / cool coating
B-19434,White / cool coating
B-19435,Concrete / cement
B-19436,small / not screened
B-19437,small / not screened
B-19438,Concrete / cement
B-19439,small / not screened
B-19440,White / cool coating
B-19441,small / not screened
B-19442,Metal sheet (bare / painted)
B-19443,Concrete / cement
B-19444,Concrete / cement
B-19445,White / cool coating
B-19446,White / cool coating
B-19447,White / cool coating
B-19448,Concrete / cement
B-19449,Concrete / cement
B-19450,Concrete / cement
B-19451,Metal sheet (bare / painted)
B-19452,Concrete / cement
B-19453,Concrete / cement
B-19454,Concrete / cement
B-19455,White / cool coating
B-19456,Concrete / cement
B-19457,Concrete / cement
B-19458,Concrete / cement
B-19459,White / cool coating
B-19460,Concrete / cement
B-19461,Metal sheet (bare / painted)
B-19462,Metal sheet (bare / painted)
B-19463,White / cool coating
B-19464,White / cool coating
B-19465,Concrete / cement
B-19466,White / cool coating
B-19467,Concrete / cement
B-19468,Concrete / cement
B-19469,White / cool coating
B-19470,Concrete / cement
B-19471,small / not screened
B-19472,Concrete / cement
B-19473,White / cool coating
B-19474,Concrete / cement
B-19475,small / not screened
B-19476,Concrete / cement
B-19477,small / not screened
B-19478,Concrete / cement
B-19479,small / not screened
B-19480,Concrete / cement
B-19481,Concrete / cement
B-19482,small / not screened
B-19483,White / cool coating
B-19484,White / cool coating
B-19485,Concrete / cement
B-19486,Concrete / cement
B-19487,Concrete / cement
B-19488,White / cool coating
B-19489,Concrete / cement
B-19490,White / cool coating
B-19491,White / cool coating
B-19492,Concrete / cement
B-19493,Concrete / cement
B-19494,Concrete / cement
B-19495,Concrete / cement
B-19496,White / cool coating
B-19497,White / cool coating
B-19498,White / cool coating
B-19499,White / cool coating
B-19500,White / cool coating
B-19501,Concrete / cement
B-19502,Concrete / cement
B-19503,White / cool coating
B-19504,White / cool coating
B-19505,White / cool coating
B-19506,White / cool coating
B-19507,Concrete / cement
B-19508,White / cool coating
B-19509,White / cool coating
B-19510,small / not screened
B-19511,small / not screened
B-19512,White / cool coating
B-19513,small / not screened
B-19514,White / cool coating
B-19515,White / cool coating
B-19516,Concrete / cement
B-19517,Concrete / cement
B-19518,Concrete / cement
B-19519,Concrete / cement
B-19520,Concrete / cement
B-19521,Concrete / cement
B-19522,Concrete / cement
B-19523,Concrete / cement
B-19524,Concrete / cement
B-19525,Concrete / cement
B-19526,Concrete / cement
B-19527,Concrete / cement
B-19528,Concrete / cement
B-19529,Concrete / cement
B-19530,Metal sheet (bare / painted)
B-19531,Concrete / cement
B-19532,Concrete / cement
B-19533,Concrete / cement
B-19534,Concrete / cement
B-19535,Concrete / cement
B-19536,Concrete / cement
B-19537,Concrete / cement
B-19538,Metal sheet (bare / painted)
B-19539,Concrete / cement
B-19540,Concrete / cement
B-19541,Concrete / cement
B-19542,Concrete / cement
B-19543,Concrete / cement
B-19544,Concrete / cement
B-19545,small / not screened
B-19546,White / cool coating
B-19547,Concrete / cement
B-19548,Concrete / cement
B-19549,Concrete / cement
B-19550,Concrete / cement
B-19551,Concrete / cement
B-19552,Concrete / cement
B-19553,Concrete / cement
B-19554,Concrete / cement
B-19555,Concrete / cement
B-19556,Concrete / cement
B-19557,Concrete / cement
B-19558,Concrete / cement
B-19559,Concrete / cement
B-19560,Concrete / cement
B-19561,Concrete / cement
B-19562,Concrete / cement
B-19563,Concrete / cement
B-19564,Concrete / cement
B-19565,White / cool coating
B-19566,small / not screened
B-19567,Concrete / cement
B-19568,Concrete / cement
B-19569,White / cool coating
B-19570,White / cool coating
B-19571,White / cool coating
B-19572,White / cool coating
B-19573,White / cool coating
B-19574,White / cool coating
B-19575,White / cool coating
B-19576,Concrete / cement
B-19577,White / cool coating
B-19578,White / cool coating
B-19579,White / cool coating
B-19580,White / cool coating
B-19581,Metal sheet (bare / painted)
B-19582,small / not screened
B-19583,Concrete / cement
B-19584,small / not screened
B-19585,White / cool coating
B-19586,White / cool coating
B-19587,White / cool coating
B-19588,White / cool coating
B-19589,Concrete / cement
B-19590,Concrete / cement
B-19591,White / cool coating
B-19592,Metal sheet (bare / painted)
B-19593,Concrete / cement
B-19594,White / cool coating
B-19595,Concrete / cement
B-19596,White / cool coating
B-19597,White / cool coating
B-19598,small / not screened
B-19599,small / not screened
B-19600,White / cool coating
B-19601,White / cool coating
B-19602,White / cool coating
B-19603,White / cool coating
B-19604,White / cool coating
B-19605,White / cool coating
B-19606,White / cool coating
B-19607,White / cool coating
B-19608,Concrete / cement
B-19609,White / cool coating
B-19610,White / cool coating
B-19611,Concrete / cement
B-19612,White / cool coating
B-19613,White / cool coating
B-19614,White / cool coating
B-19615,White / cool coating
B-19616,Metal sheet (bare / painted)
B-19617,small / not screened
B-19618,White / cool coating
B-19619,small / not screened
B-19620,White / cool coating
B-19621,White / cool coating
B-19622,White / cool coating
B-19623,White / cool coating
B-19624,White / cool coating
B-19625,White / cool coating
B-19626,White / cool coating
B-19627,White / cool coating
B-19628,White / cool coating
B-19629,small / not screened
B-19630,small / not screened
B-19631,small / not screened
B-19632,small / not screened
B-19633,small / not screened
B-19634,small / not screened
B-19635,Concrete / cement
B-19636,Concrete / cement
B-19637,White / cool coating
B-19638,Concrete / cement
B-19639,White / cool coating
B-19640,Concrete / cement
B-19641,small / not screened
B-19642,White / cool coating
B-19643,Concrete / cement
B-19644,White / cool coating
B-19645,Concrete / cement
B-19646,White / cool coating
B-19647,Metal sheet (bare / painted)
B-19648,small / not screened
B-19649,White / cool coating
B-19650,Concrete / cement
B-19651,Concrete / cement
B-19652,White / cool coating
B-19653,Concrete / cement
B-19654,Concrete / cement
B-19655,Concrete / cement
B-19656,White / cool coating
B-19657,White / cool coating
B-19658,Metal sheet (bare / painted)
B-19659,Concrete / cement
B-19660,small / not screened
B-19661,Metal sheet (bare / painted)
B-19662,Concrete / cement
B-19663,Concrete / cement
B-19664,White / cool coating
B-19665,Concrete / cement
B-19666,Concrete / cement
B-19667,Concrete / cement
B-19668,Concrete / cement
B-19669,Concrete / cement
B-19670,Metal sheet (bare / painted)
B-19671,White / cool coating
B-19672,Concrete / cement
B-19673,small / not screened
B-19674,Concrete / cement
B-19675,Concrete / cement
B-19676,White / cool coating
B-19677,White / cool coating
B-19678,White / cool coating
B-19679,Concrete / cement
B-19680,Concrete / cement
B-19681,Concrete / cement
B-19682,Concrete / cement
B-19683,Concrete / cement
B-19684,Concrete / cement
B-19685,Concrete / cement
B-19686,Concrete / cement
B-19687,Concrete / cement
B-19688,Concrete / cement
B-19689,Concrete / cement
B-19690,Concrete / cement
B-19691,Concrete / cement
B-19692,Concrete / cement
B-19693,Concrete / cement
B-19694,Concrete / cement
B-19695,Concrete / cement
B-19696,Concrete / cement
B-19697,Concrete / cement
B-19698,Concrete / cement
B-19699,Concrete / cement
B-19700,Concrete / cement
B-19701,Metal sheet (bare / painted)
B-19702,Metal sheet (bare / painted)
B-19703,Concrete / cement
B-19704,White / cool coating
B-19705,White / cool coating
B-19706,White / cool coating
B-19707,White / cool coating
B-19708,White / cool coating
B-19709,White / cool coating
B-19710,White / cool coating
B-19711,Concrete / cement
B-19712,White / cool coating
B-19713,small / not screened
B-19714,White / cool coating
B-19715,White / cool coating
B-19716,Concrete / cement
B-19717,Concrete / cement
B-19718,Concrete / cement
B-19719,Concrete / cement
B-19720,Concrete / cement
B-19721,White / cool coating
B-19722,White / cool coating
B-19723,White / cool coating
B-19724,Concrete / cement
B-19725,Concrete / cement
B-19726,White / cool coating
B-19727,small / not screened
B-19728,White / cool coating
B-19729,White / cool coating
B-19730,Concrete / cement
B-19731,Concrete / cement
B-19732,small / not screened
B-19733,Concrete / cement
B-19734,small / not screened
B-19735,Concrete / cement
B-19736,small / not screened
B-19737,Concrete / cement
B-19738,Concrete / cement
B-19739,Concrete / cement
B-19740,Concrete / cement
B-19741,Concrete / cement
B-19742,Metal sheet (bare / painted)
B-19743,Concrete / cement
B-19744,Concrete / cement
B-19745,Concrete / cement
B-19746,Concrete / cement
B-19747,White / cool coating
B-19748,White / cool coating
B-19749,White / cool coating
B-19750,White / cool coating
B-19751,White / cool coating
B-19752,White / cool coating
B-19753,White / cool coating
B-19754,White / cool coating
B-19755,Metal sheet (bare / painted)
B-19756,White / cool coating
B-19757,White / cool coating
B-19758,Concrete / cement
B-19759,White / cool coating
B-19760,Concrete / cement
B-19761,White / cool coating
B-19762,White / cool coating
B-19763,White / cool coating
B-19764,White / cool coating
B-19765,White / cool coating
B-19766,White / cool coating
B-19767,White / cool coating
B-19768,Concrete / cement
B-19769,White / cool coating
B-19770,White / cool coating
B-19771,White / cool coating
B-19772,White / cool coating
B-19773,White / cool coating
B-19774,Concrete / cement
B-19775,Concrete / cement
B-19776,White / cool coating
B-19777,White / cool coating
B-19778,White / cool coating
B-19779,Concrete / cement
B-19780,Concrete / cement
B-19781,Concrete / cement
B-19782,White / cool coating
B-19783,White / cool coating
B-19784,White / cool coating
B-19785,Concrete / cement
B-19786,White / cool coating
B-19787,White / cool coating
B-19788,White / cool coating
B-19789,Concrete / cement
B-19790,Concrete / cement
B-19791,White / cool coating
B-19792,White / cool coating
B-19793,White / cool coating
B-19794,White / cool coating
B-19795,White / cool coating
B-19796,Concrete / cement
B-19797,Concrete / cement
B-19798,small / not screened
B-19799,small / not screened
B-19800,small / not screened
B-19801,Concrete / cement
B-19802,White / cool coating
B-19803,Concrete / cement
B-19804,Concrete / cement
B-19805,White / cool coating
B-19806,White / cool coating
B-19807,White / cool coating
B-19808,Concrete / cement
B-19809,Concrete / cement
B-19810,small / not screened
B-19811,small / not screened
B-19812,Metal sheet (bare / painted)
B-19813,Metal sheet (bare / painted)
B-19814,White / cool coating
B-19815,Concrete / cement
B-19816,White / cool coating
B-19817,Concrete / cement
B-19818,Concrete / cement
B-19819,Concrete / cement
B-19820,White / cool coating
B-19821,small / not screened
B-19822,small / not screened
B-19823,small / not screened
B-19824,White / cool coating
B-19825,small / not screened
B-19826,Concrete / cement
B-19827,Concrete / cement
B-19828,Concrete / cement
B-19829,Concrete / cement
B-19830,Concrete / cement
B-19831,Concrete / cement
B-19832,Concrete / cement
B-19833,Metal sheet (bare / painted)
B-19834,Metal sheet (bare / painted)
B-19835,Concrete / cement
B-19836,Concrete / cement
B-19837,White / cool coating
B-19838,Concrete / cement
B-19839,small / not screened
B-19840,small / not screened
B-19841,small / not screened
B-19842,White / cool coating
B-19843,White / cool coating
B-19844,White / cool coating
B-19845,small / not screened
B-19846,Concrete / cement
B-19847,Concrete / cement
B-19848,White / cool coating
B-19849,Concrete / cement
B-19850,White / cool coating
B-19851,White / cool coating
B-19852,White / cool coating
B-19853,Concrete / cement
B-19854,White / cool coating
B-19855,White / cool coating
B-19856,White / cool coating
B-19857,White / cool coating
B-19858,White / cool coating
B-19859,White / cool coating
B-19860,White / cool coating
B-19861,White / cool coating
B-19862,Concrete / cement
B-19863,Concrete / cement
B-19864,Metal sheet (bare / painted)
B-19865,Metal sheet (bare / painted)
B-19866,White / cool coating
B-19867,White / cool coating
B-19868,White / cool coating
B-19869,small / not screened
B-19870,White / cool coating
B-19871,Concrete / cement
B-19872,White / cool coating
B-19873,Concrete / cement
B-19874,White / cool coating
B-19875,White / cool coating
B-19876,Metal sheet (bare / painted)
B-19877,small / not screened
B-19878,Concrete / cement
B-19879,Concrete / cement
B-19880,White / cool coating
B-19881,small / not screened
B-19882,Concrete / cement
B-19883,Concrete / cement
B-19884,Concrete / cement
B-19885,White / cool coating
B-19886,small / not screened
B-19887,small / not screened
B-19888,small / not screened
B-19889,small / not screened
B-19890,Concrete / cement
B-19891,White / cool coating
B-19892,small / not screened
B-19893,small / not screened
B-19894,small / not screened
B-19895,Concrete / cement
B-19896,Concrete / cement
B-19897,Concrete / cement
B-19898,Concrete / cement
B-19899,Concrete / cement
B-19900,Concrete / cement
B-19901,Concrete / cement
B-19902,Concrete / cement
B-19903,Concrete / cement
B-19904,Concrete / cement
B-19905,Concrete / cement
B-19906,Concrete / cement
B-19907,Concrete / cement
B-19908,Concrete / cement
B-19909,small / not screened
B-19910,small / not screened
B-19911,small / not screened
B-19912,small / not screened
B-19913,small / not screened
B-19914,Concrete / cement
B-19915,White / cool coating
B-19916,Concrete / cement
B-19917,small / not screened
B-19918,Concrete / cement
B-19919,White / cool coating
B-19920,White / cool coating
B-19921,White / cool coating
B-19922,Concrete / cement
B-19923,Concrete / cement
B-19924,Concrete / cement
B-19925,Concrete / cement
B-19926,Concrete / cement
B-19927,Concrete / cement
B-19928,small / not screened
B-19929,small / not screened
B-19930,Concrete / cement
B-19931,small / not screened
B-19932,Metal sheet (bare / painted)
B-19933,Concrete / cement
B-19934,small / not screened
B-19935,Concrete / cement
B-19936,Concrete / cement
B-19937,White / cool coating
B-19938,Concrete / cement
B-19939,White / cool coating
B-19940,White / cool coating
B-19941,White / cool coating
B-19942,Concrete / cement
B-19943,small / not screened
B-19944,small / not screened
B-19945,Concrete / cement
B-19946,Concrete / cement
B-19947,Metal sheet (bare / painted)
B-19948,small / not screened
B-19949,Concrete / cement
B-19950,White / cool coating
B-19951,White / cool coating
B-19952,Concrete / cement
B-19953,Concrete / cement
B-19954,small / not screened
B-19955,Concrete / cement
B-19956,White / cool coating
B-19957,small / not screened
B-19958,small / not screened
B-19959,White / cool coating
B-19960,White / cool coating
B-19961,White / cool coating
B-19962,White / cool coating
B-19963,White / cool coating
B-19964,White / cool coating
B-19965,Concrete / cement
B-19966,Concrete / cement
B-19967,White / cool coating
B-19968,White / cool coating
B-19969,small / not screened
B-19970,White / cool coating
B-19971,Concrete / cement
B-19972,Concrete / cement
B-19973,Concrete / cement
B-19974,Concrete / cement
B-19975,Concrete / cement
B-19976,Concrete / cement
B-19977,Concrete / cement
B-19978,Metal sheet (bare / painted)
B-19979,Concrete / cement
B-19980,White / cool coating
B-19981,White / cool coating
B-19982,White / cool coating
B-19983,Concrete / cement
B-19984,Concrete / cement
B-19985,White / cool coating
B-19986,Concrete / cement
B-19987,small / not screened
B-19988,Concrete / cement
B-19989,small / not screened
B-19990,Metal sheet (bare / painted)
B-19991,White / cool coating
B-19992,Concrete / cement
B-19993,small / not screened
B-19994,White / cool coating
B-19995,White / cool coating
B-19996,Concrete / cement
B-19997,small / not screened
B-19998,Concrete / cement
B-19999,small / not screened
B-20000,Concrete / cement
B-20001,Concrete / cement
B-20002,small / not screened
B-20003,Concrete / cement
B-20004,White / cool coating
B-20005,Metal sheet (bare / painted)
B-20006,Concrete / cement
B-20007,small / not screened
B-20008,small / not screened
B-20009,White / cool coating
B-20010,Concrete / cement
B-20011,White / cool coating
B-20012,Concrete / cement
B-20013,White / cool coating
B-20014,Concrete / cement
B-20015,White / cool coating
B-20016,White / cool coating
B-20017,small / not screened
B-20018,Metal sheet (bare / painted)
B-20019,White / cool coating
B-20020,White / cool coating
B-20021,White / cool coating
B-20022,Concrete / cement
B-20023,small / not screened
B-20024,Concrete / cement
B-20025,small / not screened
B-20026,White / cool coating
B-20027,Concrete / cement
B-20028,White / cool coating
B-20029,Concrete / cement
B-20030,White / cool coating
B-20031,Concrete / cement
B-20032,Concrete / cement
B-20033,Concrete / cement
B-20034,Concrete / cement
B-20035,White / cool coating
B-20036,White / cool coating
B-20037,White / cool coating
B-20038,White / cool coating
B-20039,White / cool coating
B-20040,White / cool coating
B-20041,small / not screened
B-20042,small / not screened
B-20043,Concrete / cement
B-20044,small / not screened
B-20045,Concrete / cement
B-20046,Concrete / cement
B-20047,small / not screened
B-20048,White / cool coating
B-20049,White / cool coating
B-20050,Metal sheet (bare / painted)
B-20051,Concrete / cement
B-20052,Concrete / cement
B-20053,Concrete / cement
B-20054,Concrete / cement
B-20055,Concrete / cement
B-20056,Concrete / cement
B-20057,small / not screened
B-20058,small / not screened
B-20059,small / not screened
B-20060,small / not screened
B-20061,small / not screened
B-20062,small / not screened
B-20063,Metal sheet (bare / painted)
B-20064,small / not screened
B-20065,small / not screened
B-20066,small / not screened
B-20067,small / not screened
B-20068,small / not screened
B-20069,small / not screened
B-20070,small / not screened
B-20071,Concrete / cement
B-20072,Concrete / cement
B-20073,White / cool coating
B-20074,Concrete / cement
B-20075,White / cool coating
B-20076,White / cool coating
B-20077,White / cool coating
B-20078,Concrete / cement
B-20079,White / cool coating
B-20080,small / not screened
B-20081,Concrete / cement
B-20082,Concrete / cement
B-20083,Concrete / cement
B-20084,White / cool coating
B-20085,White / cool coating
B-20086,Concrete / cement
B-20087,Concrete / cement
B-20088,White / cool coating
B-20089,Concrete / cement
B-20090,White / cool coating
B-20091,Concrete / cement
B-20092,small / not screened
B-20093,White / cool coating
B-20094,Concrete / cement
B-20095,Concrete / cement
B-20096,Concrete / cement
B-20097,Metal sheet (bare / painted)
B-20098,White / cool coating
B-20099,White / cool coating
B-20100,White / cool coating
B-20101,Concrete / cement
B-20102,small / not screened
B-20103,White / cool coating
B-20104,small / not screened
B-20105,small / not screened
B-20106,White / cool coating
B-20107,Concrete / cement
B-20108,Metal sheet (bare / painted)
B-20109,Metal sheet (bare / painted)
B-20110,White / cool coating
B-20111,Concrete / cement
B-20112,Concrete / cement
B-20113,White / cool coating
B-20114,small / not screened
B-20115,small / not screened
B-20116,small / not screened
B-20117,White / cool coating
B-20118,Concrete / cement
B-20119,Concrete / cement
B-20120,small / not screened
B-20121,Concrete / cement
B-20122,Concrete / cement
B-20123,small / not screened
B-20124,small / not screened
B-20125,Concrete / cement
B-20126,small / not screened
B-20127,small / not screened
B-20128,small / not screened
B-20129,Concrete / cement
B-20130,Concrete / cement
B-20131,small / not screened
B-20132,small / not screened
B-20133,small / not screened
B-20134,small / not screened
B-20135,small / not screened
B-20136,small / not screened
B-20137,small / not screened
B-20138,small / not screened
B-20139,small / not screened
B-20140,small / not screened
B-20141,small / not screened
B-20142,small / not screened
B-20143,Concrete / cement
B-20144,small / not screened
B-20145,small / not screened
B-20146,small / not screened
B-20147,small / not screened
B-20148,Concrete / cement
B-20149,Concrete / cement
B-20150,White / cool coating
B-20151,Concrete / cement
B-20152,Concrete / cement
B-20153,Concrete / cement
B-20154,Concrete / cement
B-20155,Metal sheet (bare / painted)
B-20156,Metal sheet (bare / painted)
B-20157,Metal sheet (bare / painted)
B-20158,Concrete / cement
B-20159,small / not screened
B-20160,Metal sheet (bare / painted)
B-20161,small / not screened
B-20162,White / cool coating
B-20163,Concrete / cement
B-20164,Concrete / cement
B-20165,Concrete / cement
B-20166,Concrete / cement
B-20167,Concrete / cement
B-20168,small / not screened
B-20169,Concrete / cement
B-20170,Concrete / cement
B-20171,Concrete / cement
B-20172,Metal sheet (bare / painted)
B-20173,small / not screened
B-20174,Concrete / cement
B-20175,Concrete / cement
B-20176,Metal sheet (bare / painted)
B-20177,Concrete / cement
B-20178,small / not screened
B-20179,Concrete / cement
B-20180,small / not screened
B-20181,small / not screened
B-20182,Concrete / cement
B-20183,White / cool coating
B-20184,Concrete / cement
B-20185,Concrete / cement
B-20186,small / not screened
B-20187,small / not screened
B-20188,Concrete / cement
B-20189,Concrete / cement
B-20190,Concrete / cement
B-20191,small / not screened
B-20192,small / not screened
B-20193,Concrete / cement
B-20194,White / cool coating
B-20195,small / not screened
B-20196,small / not screened
B-20197,Concrete / cement
B-20198,Concrete / cement
B-20199,Concrete / cement
B-20200,Concrete / cement
B-20201,Metal sheet (bare / painted)
B-20202,Concrete / cement
B-20203,Concrete / cement
B-20204,Concrete / cement
B-20205,Metal sheet (bare / painted)
B-20206,White / cool coating
B-20207,White / cool coating
B-20208,White / cool coating
B-20209,White / cool coating
B-20210,White / cool coating
B-20211,Concrete / cement
B-20212,Metal sheet (bare / painted)
B-20213,small / not screened
B-20214,small / not screened
B-20215,Concrete / cement
B-20216,Concrete / cement
B-20217,Concrete / cement
B-20218,small / not screened
B-20219,small / not screened
B-20220,small / not screened
B-20221,Concrete / cement
B-20222,White / cool coating
B-20223,Concrete / cement
B-20224,Concrete / cement
B-20225,White / cool coating
B-20226,small / not screened
B-20227,White / cool coating
B-20228,Metal sheet (bare / painted)
B-20229,Concrete / cement
B-20230,Metal sheet (bare / painted)
B-20231,White / cool coating
B-20232,White / cool coating
B-20233,Concrete / cement
B-20234,small / not screened
B-20235,White / cool coating
B-20236,White / cool coating
B-20237,White / cool coating
B-20238,White / cool coating
B-20239,White / cool coating
B-20240,White / cool coating
B-20241,White / cool coating
B-20242,White / cool coating
B-20243,White / cool coating
B-20244,White / cool coating
B-20245,Metal sheet (bare / painted)
B-20246,White / cool coating
B-20247,Metal sheet (bare / painted)
B-20248,Concrete / cement
B-20249,White / cool coating
B-20250,Concrete / cement
B-20251,Concrete / cement
B-20252,Concrete / cement
B-20253,White / cool coating
B-20254,White / cool coating
B-20255,small / not screened
B-20256,small / not screened
B-20257,small / not screened
B-20258,White / cool coating
B-20259,White / cool coating
B-20260,Concrete / cement
B-20261,Concrete / cement
B-20262,Concrete / cement
B-20263,small / not screened
B-20264,White / cool coating
B-20265,White / cool coating
B-20266,Concrete / cement
B-20267,small / not screened
B-20268,small / not screened
B-20269,Concrete / cement
B-20270,Concrete / cement
B-20271,Concrete / cement
B-20272,Concrete / cement
B-20273,Concrete / cement
B-20274,Concrete / cement
B-20275,Concrete / cement
B-20276,White / cool coating
B-20277,White / cool coating
B-20278,White / cool coating
B-20279,White / cool coating
B-20280,White / cool coating
B-20281,Concrete / cement
B-20282,small / not screened
B-20283,White / cool coating
B-20284,Concrete / cement
B-20285,Concrete / cement
B-20286,White / cool coating
B-20287,White / cool coating
B-20288,White / cool coating
B-20289,small / not screened
B-20290,White / cool coating
B-20291,White / cool coating
B-20292,White / cool coating
B-20293,White / cool coating
B-20294,White / cool coating
B-20295,Concrete / cement
B-20296,White / cool coating
B-20297,White / cool coating
B-20298,White / cool coating
B-20299,Concrete / cement
B-20300,White / cool coating
B-20301,Concrete / cement
B-20302,small / not screened
B-20303,small / not screened
B-20304,White / cool coating
B-20305,White / cool coating
B-20306,White / cool coating
B-20307,White / cool coating
B-20308,small / not screened
B-20309,White / cool coating
B-20310,White / cool coating
B-20311,White / cool coating
B-20312,Concrete / cement
B-20313,White / cool coating
B-20314,small / not screened
B-20315,small / not screened
B-20316,Concrete / cement
B-20317,Metal sheet (bare / painted)
B-20318,small / not screened
B-20319,Concrete / cement
B-20320,Concrete / cement
B-20321,small / not screened
B-20322,small / not screened
B-20323,Concrete / cement
B-20324,Concrete / cement
B-20325,White / cool coating
B-20326,small / not screened
B-20327,small / not screened
B-20328,Concrete / cement
B-20329,Concrete / cement
B-20330,Concrete / cement
B-20331,small / not screened
B-20332,White / cool coating
B-20333,Concrete / cement
B-20334,White / cool coating
B-20335,Concrete / cement
B-20336,Metal sheet (bare / painted)
B-20337,White / cool coating
B-20338,White / cool coating
B-20339,Concrete / cement
B-20340,Concrete / cement
B-20341,Concrete / cement
B-20342,Concrete / cement
B-20343,Concrete / cement
B-20344,Concrete / cement
B-20345,small / not screened
B-20346,White / cool coating
B-20347,White / cool coating
B-20348,White / cool coating
B-20349,White / cool coating
B-20350,small / not screened
B-20351,Concrete / cement
B-20352,Concrete / cement
B-20353,Concrete / cement
B-20354,small / not screened
B-20355,small / not screened
B-20356,White / cool coating
B-20357,White / cool coating
B-20358,White / cool coating
B-20359,Concrete / cement
B-20360,White / cool coating
B-20361,Concrete / cement
B-20362,Concrete / cement
B-20363,small / not screened
B-20364,small / not screened
B-20365,small / not screened
B-20366,Concrete / cement
B-20367,Concrete / cement
B-20368,Concrete / cement
B-20369,Concrete / cement
B-20370,small / not screened
B-20371,White / cool coating
B-20372,small / not screened
B-20373,Metal sheet (bare / painted)
B-20374,White / cool coating
B-20375,small / not screened
B-20376,small / not screened
B-20377,Concrete / cement
B-20378,Concrete / cement
B-20379,Metal sheet (bare / painted)
B-20380,small / not screened
B-20381,small / not screened
B-20382,Concrete / cement
B-20383,Concrete / cement
B-20384,Concrete / cement
B-20385,Concrete / cement
B-20386,Concrete / cement
B-20387,White / cool coating
B-20388,White / cool coating
B-20389,White / cool coating
B-20390,small / not screened
B-20391,Concrete / cement
B-20392,White / cool coating
B-20393,White / cool coating
B-20394,White / cool coating
B-20395,Metal sheet (bare / painted)
B-20396,White / cool coating
B-20397,White / cool coating
B-20398,Concrete / cement
B-20399,Concrete / cement
B-20400,White / cool coating
B-20401,White / cool coating
B-20402,Concrete / cement
B-20403,Metal sheet (bare / painted)
B-20404,White / cool coating
B-20405,Concrete / cement
B-20406,Concrete / cement
B-20407,Concrete / cement
B-20408,Concrete / cement
B-20409,Metal sheet (bare / painted)
B-20410,Concrete / cement
B-20411,small / not screened
B-20412,Concrete / cement
B-20413,White / cool coating
B-20414,small / not screened
B-20415,Concrete / cement
B-20416,Concrete / cement
B-20417,Concrete / cement
B-20418,Concrete / cement
B-20419,Metal sheet (bare / painted)
B-20420,small / not screened
B-20421,Metal sheet (bare / painted)
B-20422,Metal sheet (bare / painted)
B-20423,Concrete / cement
B-20424,small / not screened
B-20425,Metal sheet (bare / painted)
B-20426,Metal sheet (bare / painted)
B-20427,Concrete / cement
B-20428,small / not screened
B-20429,small / not screened
B-20430,Metal sheet (bare / painted)
B-20431,Metal sheet (bare / painted)
B-20432,Concrete / cement
B-20433,Concrete / cement
B-20434,small / not screened
B-20435,small / not screened
B-20436,small / not screened
B-20437,Concrete / cement
B-20438,small / not screened
B-20439,small / not screened
B-20440,Concrete / cement
B-20441,Concrete / cement
B-20442,Concrete / cement
B-20443,Concrete / cement
B-20444,Concrete / cement
B-20445,Metal sheet (bare / painted)
B-20446,Metal sheet (bare / painted)
B-20447,Metal sheet (bare / painted)
B-20448,Concrete / cement
B-20449,small / not screened
B-20450,Concrete / cement
B-20451,White / cool coating
B-20452,White / cool coating
B-20453,Concrete / cement
B-20454,White / cool coating
B-20455,Concrete / cement
B-20456,Concrete / cement
B-20457,Concrete / cement
B-20458,Concrete / cement
B-20459,Metal sheet (bare / painted)
B-20460,White / cool coating
B-20461,Concrete / cement
B-20462,Metal sheet (bare / painted)
B-20463,small / not screened
B-20464,small / not screened
B-20465,small / not screened
B-20466,Concrete / cement
B-20467,White / cool coating
B-20468,White / cool coating
B-20469,Metal sheet (bare / painted)
B-20470,Concrete / cement
B-20471,White / cool coating
B-20472,Concrete / cement
B-20473,Metal sheet (bare / painted)
B-20474,Metal sheet (bare / painted)
B-20475,Concrete / cement
B-20476,Metal sheet (bare / painted)
B-20477,Concrete / cement
B-20478,Concrete / cement
B-20479,Concrete / cement
B-20480,Concrete / cement
B-20481,small / not screened
B-20482,White / cool coating
B-20483,White / cool coating
B-20484,Metal sheet (bare / painted)
B-20485,Metal sheet (bare / painted)
B-20486,small / not screened
B-20487,small / not screened
B-20488,Concrete / cement
B-20489,Concrete / cement
B-20490,Concrete / cement
B-20491,Concrete / cement
B-20492,Concrete / cement
B-20493,Bitumen / dark membrane
B-20494,small / not screened
B-20495,Concrete / cement
B-20496,Concrete / cement
B-20497,Concrete / cement
B-20498,Concrete / cement
B-20499,small / not screened
B-20500,Concrete / cement
B-20501,Concrete / cement
B-20502,Concrete / cement
B-20503,Concrete / cement
B-20504,Concrete / cement
B-20505,Concrete / cement
B-20506,Concrete / cement
B-20507,Concrete / cement
B-20508,Metal sheet (bare / painted)
B-20509,Metal sheet (bare / painted)
B-20510,small / not screened
B-20511,Metal sheet (bare / painted)
B-20512,small / not screened
B-20513,small / not screened
B-20514,Metal sheet (bare / painted)
B-20515,small / not screened
B-20516,Metal sheet (bare / painted)
B-20517,Metal sheet (bare / painted)
B-20518,Metal sheet (bare / painted)
B-20519,small / not screened
B-20520,Concrete / cement
B-20521,small / not screened
B-20522,small / not screened
B-20523,small / not screened
B-20524,Metal sheet (bare / painted)
B-20525,Concrete / cement
B-20526,small / not screened
B-20527,small / not screened
B-20528,Metal sheet (bare / painted)
B-20529,small / not screened
B-20530,small / not screened
B-20531,Concrete / cement
B-20532,Concrete / cement
B-20533,Concrete / cement
B-20534,Metal sheet (bare / painted)
B-20535,Metal sheet (bare / painted)
B-20536,Metal sheet (bare / painted)
B-20537,Concrete / cement
B-20538,Concrete / cement
B-20539,Metal sheet (bare / painted)
B-20540,Concrete / cement
B-20541,Concrete / cement
B-20542,Concrete / cement
B-20543,small / not screened
B-20544,Concrete / cement
B-20545,Concrete / cement
B-20546,Concrete / cement
B-20547,Concrete / cement
B-20548,Concrete / cement
B-20549,Concrete / cement
B-20550,Concrete / cement
B-20551,Concrete / cement
B-20552,Concrete / cement
B-20553,Concrete / cement
B-20554,Concrete / cement
B-20555,Concrete / cement
B-20556,White / cool coating
B-20557,small / not screened
B-20558,small / not screened
B-20559,Concrete / cement
B-20560,small / not screened
B-20561,small / not screened
B-20562,small / not screened
B-20563,Concrete / cement
B-20564,Concrete / cement
B-20565,Concrete / cement
B-20566,small / not screened
B-20567,small / not screened
B-20568,Concrete / cement
B-20569,Concrete / cement
B-20570,Concrete / cement
B-20571,Metal sheet (bare / painted)
B-20572,Concrete / cement
B-20573,small / not screened
B-20574,White / cool coating
B-20575,small / not screened
B-20576,small / not screened
B-20577,small / not screened
B-20578,Metal sheet (bare / painted)
B-20579,small / not screened
B-20580,small / not screened
B-20581,small / not screened
B-20582,small / not screened
B-20583,small / not screened
B-20584,Concrete / cement
B-20585,Concrete / cement
B-20586,Concrete / cement
B-20587,Concrete / cement
B-20588,small / not screened
B-20589,small / not screened
B-20590,small / not screened
B-20591,small / not screened
B-20592,Concrete / cement
B-20593,Concrete / cement
B-20594,Concrete / cement
B-20595,Concrete / cement
B-20596,Concrete / cement
B-20597,small / not screened
B-20598,Concrete / cement
B-20599,Concrete / cement
B-20600,Concrete / cement
B-20601,Concrete / cement
B-20602,Concrete / cement
B-20603,small / not screened
B-20604,small / not screened
B-20605,small / not screened
B-20606,Metal sheet (bare / painted)
B-20607,Concrete / cement
B-20608,Concrete / cement
B-20609,small / not screened
B-20610,small / not screened
B-20611,Concrete / cement
B-20612,Concrete / cement
B-20613,Concrete / cement
B-20614,White / cool coating
B-20615,small / not screened
B-20616,Concrete / cement
B-20617,White / cool coating
B-20618,small / not screened
B-20619,small / not screened
B-20620,White / cool coating
B-20621,small / not screened
B-20622,small / not screened
B-20623,Metal sheet (bare / painted)
B-20624,Concrete / cement
B-20625,Concrete / cement
B-20626,Concrete / cement
B-20627,Concrete / cement
B-20628,Concrete / cement
B-20629,Concrete / cement
B-20630,Concrete / cement
B-20631,White / cool coating
B-20632,Concrete / cement
B-20633,small / not screened
B-20634,small / not screened
B-20635,small / not screened
B-20636,small / not screened
B-20637,Concrete / cement
B-20638,small / not screened
B-20639,small / not screened
B-20640,small / not screened
B-20641,Concrete / cement
B-20642,small / not screened
B-20643,White / cool coating
B-20644,small / not screened
B-20645,small / not screened
B-20646,small / not screened
B-20647,Metal sheet (bare / painted)
B-20648,Concrete / cement
B-20649,Concrete / cement
B-20650,Concrete / cement
B-20651,Concrete / cement
B-20652,Concrete / cement
B-20653,White / cool coating
B-20654,Concrete / cement
B-20655,Concrete / cement
B-20656,White / cool coating
B-20657,Concrete / cement
B-20658,Concrete / cement
B-20659,Concrete / cement
B-20660,Concrete / cement
B-20661,White / cool coating
B-20662,Concrete / cement
B-20663,Concrete / cement
B-20664,Concrete / cement
B-20665,Concrete / cement
B-20666,Concrete / cement
B-20667,Concrete / cement
B-20668,White / cool coating
B-20669,Concrete / cement
B-20670,Concrete / cement
B-20671,Metal sheet (bare / painted)
B-20672,Concrete / cement
B-20673,White / cool coating
B-20674,Concrete / cement
B-20675,White / cool coating
B-20676,White / cool coating
B-20677,White / cool coating
B-20678,Concrete / cement
B-20679,Concrete / cement
B-20680,Concrete / cement
B-20681,Concrete / cement
B-20682,small / not screened
B-20683,Concrete / cement
B-20684,Concrete / cement
B-20685,Concrete / cement
B-20686,small / not screened
B-20687,Concrete / cement
B-20688,Concrete / cement
B-20689,Concrete / cement
B-20690,Concrete / cement
B-20691,Concrete / cement
B-20692,Concrete / cement
B-20693,Concrete / cement
B-20694,small / not screened
B-20695,Concrete / cement
B-20696,small / not screened
B-20697,White / cool coating
B-20698,Concrete / cement
B-20699,Concrete / cement
B-20700,Concrete / cement
B-20701,White / cool coating
B-20702,White / cool coating
B-20703,Concrete / cement
B-20704,Concrete / cement
B-20705,Concrete / cement
B-20706,Concrete / cement
B-20707,Concrete / cement
B-20708,Concrete / cement
B-20709,small / not screened
B-20710,Concrete / cement
B-20711,White / cool coating
B-20712,Concrete / cement
B-20713,Concrete / cement
B-20714,Concrete / cement
B-20715,Concrete / cement
B-20716,Concrete / cement
B-20717,Concrete / cement
B-20718,White / cool coating
B-20719,White / cool coating
B-20720,Concrete / cement
B-20721,small / not screened
B-20722,Concrete / cement
B-20723,Concrete / cement
B-20724,Concrete / cement
B-20725,Concrete / cement
B-20726,Concrete / cement
B-20727,Concrete / cement
B-20728,Concrete / cement
B-20729,Metal sheet (bare / painted)
B-20730,Concrete / cement
B-20731,Concrete / cement
B-20732,Concrete / cement
B-20733,Concrete / cement
B-20734,Concrete / cement
B-20735,Concrete / cement
B-20736,Concrete / cement
B-20737,Concrete / cement
B-20738,Concrete / cement
B-20739,Metal sheet (bare / painted)
B-20740,Concrete / cement
B-20741,White / cool coating
B-20742,White / cool coating
B-20743,Metal sheet (bare / painted)
B-20744,Concrete / cement
B-20745,White / cool coating
B-20746,Concrete / cement
B-20747,small / not screened
B-20748,White / cool coating
B-20749,small / not screened
B-20750,Metal sheet (bare / painted)
B-20751,White / cool coating
B-20752,Metal sheet (bare / painted)
B-20753,small / not screened
B-20754,Concrete / cement
B-20755,Concrete / cement
B-20756,White / cool coating
B-20757,Concrete / cement
B-20758,small / not screened
B-20759,Concrete / cement
B-20760,White / cool coating
B-20761,White / cool coating
B-20762,White / cool coating
B-20763,small / not screened
B-20764,White / cool coating
B-20765,Concrete / cement
B-20766,Concrete / cement
B-20767,Concrete / cement
B-20768,Concrete / cement
B-20769,Concrete / cement
B-20770,Concrete / cement
B-20771,small / not screened
B-20772,Concrete / cement
B-20773,Concrete / cement
B-20774,Concrete / cement
B-20775,White / cool coating
B-20776,White / cool coating
B-20777,White / cool coating
B-20778,small / not screened
B-20779,Concrete / cement
B-20780,Concrete / cement
B-20781,White / cool coating
B-20782,White / cool coating
B-20783,Metal sheet (bare / painted)
B-20784,Concrete / cement
B-20785,Concrete / cement
B-20786,Concrete / cement
B-20787,Metal sheet (bare / painted)
B-20788,Concrete / cement
B-20789,small / not screened
B-20790,White / cool coating
B-20791,small / not screened
B-20792,White / cool coating
B-20793,Concrete / cement
B-20794,Concrete / cement
B-20795,Concrete / cement
B-20796,Metal sheet (bare / painted)
B-20797,Concrete / cement
B-20798,White / cool coating
B-20799,Concrete / cement
B-20800,White / cool coating
B-20801,small / not screened
B-20802,Concrete / cement
B-20803,Concrete / cement
B-20804,White / cool coating
B-20805,Concrete / cement
B-20806,Concrete / cement
B-20807,Concrete / cement
B-20808,small / not screened
B-20809,Concrete / cement
B-20810,small / not screened
B-20811,Concrete / cement
B-20812,Metal sheet (bare / painted)
B-20813,small / not screened
B-20814,small / not screened
B-20815,Concrete / cement
B-20816,Metal sheet (bare / painted)
B-20817,Metal sheet (bare / painted)
B-20818,Concrete / cement
B-20819,small / not screened
B-20820,Concrete / cement
B-20821,White / cool coating
B-20822,Concrete / cement
B-20823,Concrete / cement
B-20824,White / cool coating
B-20825,Concrete / cement
B-20826,White / cool coating
B-20827,White / cool coating
B-20828,small / not screened
B-20829,Metal sheet (bare / painted)
B-20830,small / not screened
B-20831,small / not screened
B-20832,White / cool coating
B-20833,Concrete / cement
B-20834,small / not screened
B-20835,Concrete / cement
B-20836,small / not screened
B-20837,small / not screened
B-20838,small / not screened
B-20839,White / cool coating
B-20840,Concrete / cement
B-20841,Concrete / cement
B-20842,small / not screened
B-20843,Concrete / cement
B-20844,small / not screened
B-20845,Concrete / cement
B-20846,Metal sheet (bare / painted)
B-20847,White / cool coating
B-20848,Concrete / cement
B-20849,Concrete / cement
B-20850,White / cool coating
B-20851,White / cool coating
B-20852,Concrete / cement
B-20853,Concrete / cement
B-20854,Concrete / cement
B-20855,Metal sheet (bare / painted)
B-20856,small / not screened
B-20857,small / not screened
B-20858,Concrete / cement
B-20859,Concrete / cement
B-20860,small / not screened
B-20861,White / cool coating
B-20862,White / cool coating
B-20863,small / not screened
B-20864,small / not screened
B-20865,small / not screened
B-20866,White / cool coating
B-20867,small / not screened
B-20868,White / cool coating
B-20869,small / not screened
B-20870,Concrete / cement
B-20871,Concrete / cement
B-20872,White / cool coating
B-20873,Metal sheet (bare / painted)
B-20874,Concrete / cement
B-20875,Concrete / cement
B-20876,Concrete / cement
B-20877,Metal sheet (bare / painted)
B-20878,White / cool coating
B-20879,Concrete / cement
B-20880,White / cool coating
B-20881,White / cool coating
B-20882,White / cool coating
B-20883,Concrete / cement
B-20884,White / cool coating
B-20885,Concrete / cement
B-20886,Concrete / cement
B-20887,Concrete / cement
B-20888,White / cool coating
B-20889,Concrete / cement
B-20890,small / not screened
B-20891,small / not screened
B-20892,White / cool coating
B-20893,White / cool coating
B-20894,Concrete / cement
B-20895,Concrete / cement
B-20896,Concrete / cement
B-20897,Concrete / cement
B-20898,small / not screened
B-20899,small / not screened
B-20900,Concrete / cement
B-20901,White / cool coating
B-20902,Concrete / cement
B-20903,White / cool coating
B-20904,Concrete / cement
B-20905,Concrete / cement
B-20906,White / cool coating
B-20907,White / cool coating
B-20908,Concrete / cement
B-20909,White / cool coating
B-20910,Concrete / cement
B-20911,Concrete / cement
B-20912,Concrete / cement
B-20913,White / cool coating
B-20914,small / not screened
B-20915,White / cool coating
B-20916,White / cool coating
B-20917,White / cool coating
B-20918,White / cool coating
B-20919,White / cool coating
B-20920,White / cool coating
B-20921,small / not screened
B-20922,small / not screened
B-20923,White / cool coating
B-20924,Concrete / cement
B-20925,small / not screened
B-20926,White / cool coating
B-20927,White / cool coating
B-20928,White / cool coating
B-20929,White / cool coating
B-20930,White / cool coating
B-20931,Concrete / cement
B-20932,White / cool coating
B-20933,small / not screened
B-20934,Concrete / cement
B-20935,Concrete / cement
B-20936,Concrete / cement
B-20937,Concrete / cement
B-20938,White / cool coating
B-20939,White / cool coating
B-20940,White / cool coating
B-20941,Concrete / cement
B-20942,small / not screened
B-20943,White / cool coating
B-20944,White / cool coating
B-20945,White / cool coating
B-20946,Concrete / cement
B-20947,White / cool coating
B-20948,Concrete / cement
B-20949,Concrete / cement
B-20950,Concrete / cement
B-20951,White / cool coating
B-20952,Concrete / cement
B-20953,Concrete / cement
B-20954,Concrete / cement
B-20955,small / not screened
B-20956,small / not screened
B-20957,Concrete / cement
B-20958,Concrete / cement
B-20959,Concrete / cement
B-20960,small / not screened
B-20961,Concrete / cement
B-20962,Concrete / cement
B-20963,Concrete / cement
B-20964,Concrete / cement
B-20965,Metal sheet (bare / painted)
B-20966,small / not screened
B-20967,Concrete / cement
B-20968,small / not screened
B-20969,Concrete / cement
B-20970,White / cool coating
B-20971,White / cool coating
B-20972,White / cool coating
B-20973,Concrete / cement
B-20974,White / cool coating
B-20975,Concrete / cement
B-20976,Concrete / cement
B-20977,White / cool coating
B-20978,small / not screened
B-20979,White / cool coating
B-20980,White / cool coating
B-20981,White / cool coating
B-20982,White / cool coating
B-20983,White / cool coating
B-20984,Concrete / cement
B-20985,small / not screened
B-20986,small / not screened
B-20987,small / not screened
B-20988,White / cool coating
B-20989,Concrete / cement
B-20990,small / not screened
B-20991,Concrete / cement
B-20992,White / cool coating
B-20993,White / cool coating
B-20994,Concrete / cement
B-20995,small / not screened
B-20996,small / not screened
B-20997,small / not screened
B-20998,White / cool coating
B-20999,White / cool coating
B-21000,Concrete / cement
B-21001,White / cool coating
B-21002,small / not screened
B-21003,White / cool coating
B-21004,Concrete / cement
B-21005,Concrete / cement
B-21006,small / not screened
B-21007,White / cool coating
B-21008,White / cool coating
B-21009,small / not screened
B-21010,small / not screened
B-21011,small / not screened
B-21012,White / cool coating
B-21013,White / cool coating
B-21014,Concrete / cement
B-21015,White / cool coating
B-21016,White / cool coating
B-21017,White / cool coating
B-21018,Concrete / cement
B-21019,small / not screened
B-21020,small / not screened
B-21021,small / not screened
B-21022,Concrete / cement
B-21023,Metal sheet (bare / painted)
B-21024,Concrete / cement
B-21025,White / cool coating
B-21026,Concrete / cement
B-21027,small / not screened
B-21028,small / not screened
B-21029,small / not screened
B-21030,Concrete / cement
B-21031,Concrete / cement
B-21032,Concrete / cement
B-21033,small / not screened
B-21034,small / not screened
B-21035,small / not screened
B-21036,Concrete / cement
B-21037,White / cool coating
B-21038,Metal sheet (bare / painted)
B-21039,White / cool coating
B-21040,small / not screened
B-21041,small / not screened
B-21042,small / not screened
B-21043,small / not screened
B-21044,small / not screened
B-21045,small / not screened
B-21046,small / not screened
B-21047,Concrete / cement
B-21048,small / not screened
B-21049,Metal sheet (bare / painted)
B-21050,Concrete / cement
B-21051,White / cool coating
B-21052,Concrete / cement
B-21053,Concrete / cement
B-21054,small / not screened
B-21055,Concrete / cement
B-21056,White / cool coating
B-21057,Concrete / cement
B-21058,small / not screened
B-21059,small / not screened
B-21060,White / cool coating
B-21061,White / cool coating
B-21062,White / cool coating
B-21063,Concrete / cement
B-21064,small / not screened
B-21065,small / not screened
B-21066,Metal sheet (bare / painted)
B-21067,White / cool coating
B-21068,small / not screened
B-21069,Concrete / cement
B-21070,small / not screened
B-21071,Concrete / cement
B-21072,Concrete / cement
B-21073,Concrete / cement
B-21074,Concrete / cement
B-21075,small / not screened
B-21076,White / cool coating
B-21077,White / cool coating
B-21078,White / cool coating
B-21079,Concrete / cement
B-21080,small / not screened
B-21081,Concrete / cement
B-21082,small / not screened
B-21083,White / cool coating
B-21084,White / cool coating
B-21085,Metal sheet (bare / painted)
B-21086,Concrete / cement
B-21087,White / cool coating
B-21088,small / not screened
B-21089,small / not screened
B-21090,small / not screened
B-21091,Concrete / cement
B-21092,White / cool coating
B-21093,White / cool coating
B-21094,White / cool coating
B-21095,Concrete / cement
B-21096,Concrete / cement
B-21097,Concrete / cement
B-21098,Concrete / cement
B-21099,White / cool coating
B-21100,Concrete / cement
B-21101,Concrete / cement
B-21102,small / not screened
B-21103,small / not screened
B-21104,Concrete / cement
B-21105,Concrete / cement
B-21106,small / not screened
B-21107,small / not screened
B-21108,small / not screened
B-21109,small / not screened
B-21110,small / not screened
B-21111,small / not screened
B-21112,small / not screened
B-21113,Concrete / cement
B-21114,Concrete / cement
B-21115,small / not screened
B-21116,small / not screened
B-21117,small / not screened
B-21118,small / not screened
B-21119,Concrete / cement
B-21120,small / not screened
B-21121,White / cool coating
B-21122,small / not screened
B-21123,White / cool coating
B-21124,White / cool coating
B-21125,Concrete / cement
B-21126,Concrete / cement
B-21127,White / cool coating
B-21128,small / not screened
B-21129,small / not screened
B-21130,White / cool coating
B-21131,Concrete / cement
B-21132,Concrete / cement
B-21133,Concrete / cement
B-21134,Metal sheet (bare / painted)
B-21135,Concrete / cement
B-21136,Concrete / cement
B-21137,Concrete / cement
B-21138,small / not screened
B-21139,small / not screened
B-21140,small / not screened
B-21141,small / not screened
B-21142,Concrete / cement
B-21143,Concrete / cement
B-21144,White / cool coating
B-21145,Metal sheet (bare / painted)
B-21146,Concrete / cement
B-21147,White / cool coating
B-21148,Metal sheet (bare / painted)
B-21149,small / not screened
B-21150,small / not screened
B-21151,small / not screened
B-21152,Concrete / cement
B-21153,White / cool coating
B-21154,Metal sheet (bare / painted)
B-21155,Concrete / cement
B-21156,Concrete / cement
B-21157,Concrete / cement
B-21158,Concrete / cement
B-21159,small / not screened
B-21160,Concrete / cement
B-21161,White / cool coating
B-21162,White / cool coating
B-21163,Concrete / cement
B-21164,Concrete / cement
B-21165,Concrete / cement
B-21166,Concrete / cement
B-21167,White / cool coating
B-21168,Concrete / cement
B-21169,Concrete / cement
B-21170,Concrete / cement
B-21171,small / not screened
B-21172,small / not screened
B-21173,small / not screened
B-21174,Concrete / cement
B-21175,Concrete / cement
B-21176,small / not screened
B-21177,White / cool coating
B-21178,small / not screened
B-21179,small / not screened
B-21180,small / not screened
B-21181,White / cool coating
B-21182,small / not screened
B-21183,White / cool coating
B-21184,Concrete / cement
B-21185,White / cool coating
B-21186,Concrete / cement
B-21187,White / cool coating
B-21188,small / not screened
B-21189,small / not screened
B-21190,small / not screened
B-21191,small / not screened
B-21192,small / not screened
B-21193,small / not screened
B-21194,Metal sheet (bare / painted)
B-21195,small / not screened
B-21196,Concrete / cement
B-21197,small / not screened
B-21198,small / not screened
B-21199,small / not screened
B-21200,small / not screened
B-21201,small / not screened
B-21202,small / not screened
B-21203,Concrete / cement
B-21204,Concrete / cement
B-21205,White / cool coating
B-21206,Concrete / cement
B-21207,small / not screened
B-21208,small / not screened
B-21209,small / not screened
B-21210,White / cool coating
B-21211,White / cool coating
B-21212,White / cool coating
B-21213,White / cool coating
B-21214,small / not screened
B-21215,small / not screened
B-21216,Metal sheet (bare / painted)
B-21217,Metal sheet (bare / painted)
B-21218,Concrete / cement
B-21219,small / not screened
B-21220,White / cool coating
B-21221,White / cool coating
B-21222,White / cool coating
B-21223,White / cool coating
B-21224,White / cool coating
B-21225,small / not screened
B-21226,small / not screened
B-21227,White / cool coating
B-21228,White / cool coating
B-21229,Concrete / cement
B-21230,small / not screened
B-21231,small / not screened
B-21232,small / not screened
B-21233,small / not screened
B-21234,Concrete / cement
B-21235,small / not screened
B-21236,Concrete / cement
B-21237,Concrete / cement
B-21238,Concrete / cement
B-21239,Concrete / cement
B-21240,small / not screened
B-21241,Concrete / cement
B-21242,small / not screened
B-21243,small / not screened
B-21244,small / not screened
B-21245,small / not screened
B-21246,Metal sheet (bare / painted)
B-21247,Concrete / cement
B-21248,small / not screened
B-21249,Concrete / cement
B-21250,White / cool coating
B-21251,White / cool coating
B-21252,White / cool coating
B-21253,White / cool coating
B-21254,White / cool coating
B-21255,White / cool coating
B-21256,White / cool coating
B-21257,Metal sheet (bare / painted)
B-21258,White / cool coating
B-21259,small / not screened
B-21260,White / cool coating
B-21261,Concrete / cement
B-21262,White / cool coating
B-21263,White / cool coating
B-21264,White / cool coating
B-21265,Metal sheet (bare / painted)
B-21266,Concrete / cement
B-21267,Metal sheet (bare / painted)
B-21268,Metal sheet (bare / painted)
B-21269,Concrete / cement
B-21270,Concrete / cement
B-21271,White / cool coating
B-21272,White / cool coating
B-21273,Concrete / cement
B-21274,Concrete / cement
B-21275,Concrete / cement
B-21276,White / cool coating
B-21277,White / cool coating
B-21278,small / not screened
B-21279,Concrete / cement
B-21280,White / cool coating
B-21281,White / cool coating
B-21282,Concrete / cement
B-21283,Concrete / cement
B-21284,Concrete / cement
B-21285,Concrete / cement
B-21286,White / cool coating
B-21287,Metal sheet (bare / painted)
B-21288,Concrete / cement
B-21289,Concrete / cement
B-21290,Concrete / cement
B-21291,Concrete / cement
B-21292,Concrete / cement
B-21293,Concrete / cement
B-21294,Concrete / cement
B-21295,Concrete / cement
B-21296,Concrete / cement
B-21297,Concrete / cement
B-21298,Concrete / cement
B-21299,Concrete / cement
B-21300,Concrete / cement
B-21301,White / cool coating
B-21302,Concrete / cement
B-21303,small / not screened
B-21304,Concrete / cement
B-21305,Concrete / cement
B-21306,Concrete / cement
B-21307,small / not screened
B-21308,Concrete / cement
B-21309,small / not screened
B-21310,small / not screened
B-21311,small / not screened
B-21312,Concrete / cement
B-21313,White / cool coating
B-21314,Concrete / cement
B-21315,Concrete / cement
B-21316,small / not screened
B-21317,small / not screened
B-21318,Concrete / cement
B-21319,Concrete / cement
B-21320,Concrete / cement
B-21321,Concrete / cement
B-21322,Concrete / cement
B-21323,Concrete / cement
B-21324,White / cool coating
B-21325,small / not screened
B-21326,White / cool coating
B-21327,Concrete / cement
B-21328,White / cool coating
B-21329,Metal sheet (bare / painted)
B-21330,White / cool coating
B-21331,Concrete / cement
B-21332,Concrete / cement
B-21333,Concrete / cement
B-21334,Metal sheet (bare / painted)
B-21335,small / not screened
B-21336,Concrete / cement
B-21337,White / cool coating
B-21338,Concrete / cement
B-21339,Concrete / cement
B-21340,White / cool coating
B-21341,Metal sheet (bare / painted)
B-21342,small / not screened
B-21343,small / not screened
B-21344,small / not screened
B-21345,small / not screened
B-21346,Concrete / cement
B-21347,Concrete / cement
B-21348,small / not screened
B-21349,White / cool coating
B-21350,White / cool coating
B-21351,Concrete / cement
B-21352,Concrete / cement
B-21353,Concrete / cement
B-21354,White / cool coating
B-21355,Concrete / cement
B-21356,small / not screened
B-21357,small / not screened
B-21358,small / not screened
B-21359,small / not screened
B-21360,Metal sheet (bare / painted)
B-21361,Concrete / cement
B-21362,Concrete / cement
B-21363,Concrete / cement
B-21364,Concrete / cement
B-21365,Concrete / cement
B-21366,Concrete / cement
B-21367,small / not screened
B-21368,Concrete / cement
B-21369,Concrete / cement
B-21370,Mixed / unsure
B-21371,Concrete / cement
B-21372,Concrete / cement
B-21373,Concrete / cement
B-21374,small / not screened
B-21375,Concrete / cement
B-21376,small / not screened
B-21377,Concrete / cement
B-21378,Concrete / cement
B-21379,Concrete / cement
B-21380,small / not screened
B-21381,Concrete / cement
B-21382,small / not screened
B-21383,White / cool coating
B-21384,White / cool coating
B-21385,Concrete / cement
B-21386,Concrete / cement
B-21387,Metal sheet (bare / painted)
B-21388,Metal sheet (bare / painted)
B-21389,Metal sheet (bare / painted)
B-21390,Concrete / cement
B-21391,Metal sheet (bare / painted)
B-21392,White / cool coating
B-21393,Metal sheet (bare / painted)
B-21394,White / cool coating
B-21395,Metal sheet (bare / painted)
B-21396,Metal sheet (bare / painted)
B-21397,Metal sheet (bare / painted)
B-21398,White / cool coating
B-21399,White / cool coating
B-21400,White / cool coating
B-21401,Concrete / cement
B-21402,small / not screened
B-21403,White / cool coating
B-21404,White / cool coating
B-21405,small / not screened
B-21406,Metal sheet (bare / painted)
B-21407,White / cool coating
B-21408,small / not screened
B-21409,small / not screened
B-21410,White / cool coating
B-21411,small / not screened
B-21412,small / not screened
B-21413,small / not screened
B-21414,White / cool coating
B-21415,small / not screened
B-21416,Concrete / cement
B-21417,Concrete / cement
B-21418,Concrete / cement
B-21419,Concrete / cement
B-21420,small / not screened
B-21421,small / not screened
B-21422,Concrete / cement
B-21423,Concrete / cement
B-21424,Concrete / cement
B-21425,small / not screened
B-21426,Metal sheet (bare / painted)
B-21427,small / not screened
B-21428,small / not screened
B-21429,White / cool coating
B-21430,small / not screened
B-21431,small / not screened
B-21432,small / not screened
B-21433,Concrete / cement
B-21434,small / not screened
B-21435,small / not screened
B-21436,small / not screened
B-21437,small / not screened
B-21438,small / not screened
B-21439,White / cool coating
B-21440,small / not screened
B-21441,Concrete / cement
B-21442,small / not screened
B-21443,small / not screened
B-21444,White / cool coating
B-21445,White / cool coating
B-21446,small / not screened
B-21447,small / not screened
B-21448,small / not screened
B-21449,Concrete / cement
B-21450,small / not screened
B-21451,small / not screened
B-21452,small / not screened
B-21453,small / not screened
B-21454,small / not screened
B-21455,small / not screened
B-21456,small / not screened
B-21457,small / not screened
B-21458,small / not screened
B-21459,small / not screened
B-21460,small / not screened
B-21461,small / not screened
B-21462,small / not screened
B-21463,Concrete / cement
B-21464,small / not screened
B-21465,Concrete / cement
B-21466,small / not screened
B-21467,Metal sheet (bare / painted)
B-21468,Concrete / cement
B-21469,Metal sheet (bare / painted)
B-21470,small / not screened
B-21471,small / not screened
B-21472,small / not screened
B-21473,small / not screened
B-21474,small / not screened
B-21475,Concrete / cement
B-21476,small / not screened
B-21477,Metal sheet (bare / painted)
B-21478,small / not screened
B-21479,small / not screened
B-21480,small / not screened
B-21481,small / not screened
B-21482,small / not screened
B-21483,small / not screened
B-21484,small / not screened
B-21485,small / not screened
B-21486,small / not screened
B-21487,small / not screened
B-21488,small / not screened
B-21489,small / not screened
B-21490,small / not screened
B-21491,small / not screened
B-21492,White / cool coating
B-21493,small / not screened
B-21494,White / cool coating
B-21495,small / not screened
B-21496,small / not screened
B-21497,Concrete / cement
B-21498,Concrete / cement
B-21499,Concrete / cement
B-21500,small / not screened
B-21501,White / cool coating
B-21502,White / cool coating
B-21503,small / not screened
B-21504,small / not screened
B-21505,small / not screened
B-21506,small / not screened
B-21507,small / not screened
B-21508,small / not screened
B-21509,small / not screened
B-21510,small / not screened
B-21511,White / cool coating
B-21512,White / cool coating
B-21513,small / not screened
B-21514,small / not screened
B-21515,small / not screened
B-21516,small / not screened
B-21517,small / not screened
B-21518,small / not screened
B-21519,small / not screened
B-21520,small / not screened
B-21521,small / not screened
B-21522,small / not screened
B-21523,small / not screened
B-21524,small / not screened
B-21525,Concrete / cement
B-21526,small / not screened
B-21527,Concrete / cement
B-21528,small / not screened
B-21529,small / not screened
B-21530,small / not screened
B-21531,small / not screened
B-21532,small / not screened
B-21533,small / not screened
B-21534,small / not screened
B-21535,small / not screened
B-21536,small / not screened
B-21537,small / not screened
B-21538,small / not screened
B-21539,White / cool coating
B-21540,White / cool coating
B-21541,small / not screened
B-21542,Metal sheet (bare / painted)
B-21543,small / not screened
B-21544,Concrete / cement
B-21545,small / not screened
B-21546,small / not screened
B-21547,White / cool coating
B-21548,small / not screened
B-21549,small / not screened
B-21550,White / cool coating
B-21551,small / not screened
B-21552,small / not screened
B-21553,small / not screened
B-21554,small / not screened
B-21555,small / not screened
B-21556,small / not screened
B-21557,small / not screened
B-21558,White / cool coating
B-21559,small / not screened
B-21560,small / not screened
B-21561,small / not screened
B-21562,small / not screened
B-21563,small / not screened
B-21564,small / not screened
B-21565,small / not screened
B-21566,small / not screened
B-21567,small / not screened
B-21568,small / not screened
B-21569,White / cool coating
B-21570,small / not screened
B-21571,small / not screened
B-21572,small / not screened
B-21573,small / not screened
B-21574,small / not screened
B-21575,small / not screened
B-21576,small / not screened
B-21577,small / not screened
B-21578,small / not screened
B-21579,White / cool coating
B-21580,small / not screened
B-21581,White / cool coating
B-21582,small / not screened
B-21583,small / not screened
B-21584,small / not screened
B-21585,small / not screened
B-21586,small / not screened
B-21587,Metal sheet (bare / painted)
B-21588,Concrete / cement
B-21589,small / not screened
B-21590,small / not screened
B-21591,White / cool coating
B-21592,White / cool coating
B-21593,small / not screened
B-21594,small / not screened
B-21595,small / not screened
B-21596,small / not screened
B-21597,White / cool coating
B-21598,small / not screened
B-21599,small / not screened
B-21600,small / not screened
B-21601,Concrete / cement
B-21602,White / cool coating
B-21603,small / not screened
B-21604,small / not screened
B-21605,Metal sheet (bare / painted)
B-21606,small / not screened
B-21607,Concrete / cement
B-21608,White / cool coating
B-21609,small / not screened
B-21610,Concrete / cement
B-21611,Concrete / cement
B-21612,Concrete / cement
B-21613,small / not screened
B-21614,small / not screened
B-21615,small / not screened
B-21616,small / not screened
B-21617,Concrete / cement
B-21618,Concrete / cement
B-21619,small / not screened
B-21620,Concrete / cement
B-21621,small / not screened
B-21622,small / not screened
B-21623,small / not screened
B-21624,small / not screened
B-21625,Concrete / cement
B-21626,Concrete / cement
B-21627,small / not screened
B-21628,small / not screened
B-21629,small / not screened
B-21630,small / not screened
B-21631,small / not screened
B-21632,small / not screened
B-21633,small / not screened
B-21634,small / not screened
B-21635,small / not screened
B-21636,small / not screened
B-21637,small / not screened
B-21638,small / not screened
B-21639,small / not screened
B-21640,small / not screened
B-21641,small / not screened
B-21642,Metal sheet (bare / painted)
B-21643,Concrete / cement
B-21644,small / not screened
B-21645,small / not screened
B-21646,White / cool coating
B-21647,small / not screened
B-21648,small / not screened
B-21649,small / not screened
B-21650,small / not screened
B-21651,Concrete / cement
B-21652,small / not screened
B-21653,Metal sheet (bare / painted)
B-21654,small / not screened
B-21655,small / not screened
B-21656,small / not screened
B-21657,small / not screened
B-21658,small / not screened
B-21659,small / not screened
B-21660,small / not screened
B-21661,small / not screened
B-21662,White / cool coating
B-21663,small / not screened
B-21664,small / not screened
B-21665,small / not screened
B-21666,small / not screened
B-21667,small / not screened
B-21668,small / not screened
B-21669,small / not screened
B-21670,small / not screened
B-21671,small / not screened
B-21672,White / cool coating
B-21673,small / not screened
B-21674,small / not screened
B-21675,White / cool coating
B-21676,small / not screened
B-21677,White / cool coating
B-21678,small / not screened
B-21679,small / not screened
B-21680,small / not screened
B-21681,small / not screened
B-21682,small / not screened
B-21683,small / not screened
B-21684,small / not screened
B-21685,small / not screened
B-21686,small / not screened
B-21687,small / not screened
B-21688,small / not screened
B-21689,small / not screened
B-21690,small / not screened
B-21691,small / not screened
B-21692,small / not screened
B-21693,small / not screened
B-21694,White / cool coating
B-21695,small / not screened
B-21696,small / not screened
B-21697,small / not screened
B-21698,small / not screened
B-21699,small / not screened
B-21700,small / not screened
B-21701,small / not screened
B-21702,White / cool coating
B-21703,small / not screened
B-21704,small / not screened
B-21705,small / not screened
B-21706,White / cool coating
B-21707,White / cool coating
B-21708,small / not screened
B-21709,White / cool coating
B-21710,White / cool coating
B-21711,small / not screened
B-21712,small / not screened
B-21713,small / not screened
B-21714,White / cool coating
B-21715,White / cool coating
B-21716,White / cool coating
B-21717,small / not screened
B-21718,small / not screened
B-21719,small / not screened
B-21720,small / not screened
B-21721,small / not screened
B-21722,small / not screened
B-21723,small / not screened
B-21724,small / not screened
B-21725,small / not screened
B-21726,small / not screened
B-21727,small / not screened
B-21728,small / not screened
B-21729,White / cool coating
B-21730,White / cool coating
B-21731,small / not screened
B-21732,small / not screened
B-21733,Concrete / cement
B-21734,small / not screened
B-21735,small / not screened
B-21736,small / not screened
B-21737,small / not screened
B-21738,White / cool coating
B-21739,small / not screened
B-21740,small / not screened
B-21741,small / not screened
B-21742,small / not screened
B-21743,small / not screened
B-21744,small / not screened
B-21745,White / cool coating
B-21746,small / not screened
B-21747,small / not screened
B-21748,small / not screened
B-21749,small / not screened
B-21750,small / not screened
B-21751,small / not screened
B-21752,small / not screened
B-21753,small / not screened
B-21754,small / not screened
B-21755,small / not screened
B-21756,small / not screened
B-21757,small / not screened
B-21758,small / not screened
B-21759,small / not screened
B-21760,small / not screened
B-21761,small / not screened
B-21762,small / not screened
B-21763,small / not screened
B-21764,White / cool coating
B-21765,White / cool coating
B-21766,small / not screened
B-21767,small / not screened
B-21768,small / not screened
B-21769,small / not screened
B-21770,White / cool coating
B-21771,small / not screened
B-21772,small / not screened
B-21773,small / not screened
B-21774,small / not screened
B-21775,small / not screened
B-21776,small / not screened
B-21777,small / not screened
B-21778,White / cool coating
B-21779,Concrete / cement
B-21780,Metal sheet (bare / painted)
B-21781,Metal sheet (bare / painted)
B-21782,White / cool coating
B-21783,Concrete / cement
B-21784,small / not screened
B-21785,small / not screened
B-21786,small / not screened
B-21787,small / not screened
B-21788,small / not screened
B-21789,small / not screened
B-21790,small / not screened
B-21791,small / not screened
B-21792,small / not screened
B-21793,small / not screened
B-21794,small / not screened
B-21795,small / not screened
B-21796,small / not screened
B-21797,small / not screened
B-21798,small / not screened
B-21799,small / not screened
B-21800,small / not screened
B-21801,small / not screened
B-21802,White / cool coating
B-21803,small / not screened
B-21804,small / not screened
B-21805,small / not screened
B-21806,small / not screened
B-21807,small / not screened
B-21808,small / not screened
B-21809,small / not screened
B-21810,small / not screened
B-21811,White / cool coating
B-21812,White / cool coating
B-21813,small / not screened
B-21814,small / not screened
B-21815,small / not screened
B-21816,White / cool coating
B-21817,White / cool coating
B-21818,small / not screened
B-21819,small / not screened
B-21820,Concrete / cement
B-21821,small / not screened
B-21822,White / cool coating
B-21823,small / not screened
B-21824,Metal sheet (bare / painted)
B-21825,small / not screened
B-21826,small / not screened
B-21827,small / not screened
B-21828,small / not screened
B-21829,small / not screened
B-21830,small / not screened
B-21831,small / not screened
B-21832,Concrete / cement
B-21833,small / not screened
B-21834,small / not screened
B-21835,White / cool coating
B-21836,small / not screened
B-21837,small / not screened
B-21838,small / not screened
B-21839,small / not screened
B-21840,small / not screened
B-21841,small / not screened
B-21842,small / not screened
B-21843,White / cool coating
B-21844,small / not screened
B-21845,small / not screened
B-21846,small / not screened
B-21847,small / not screened
B-21848,small / not screened
B-21849,small / not screened
B-21850,White / cool coating
B-21851,small / not screened
B-21852,small / not screened
B-21853,small / not screened
B-21854,small / not screened
B-21855,small / not screened
B-21856,small / not screened
B-21857,small / not screened
B-21858,White / cool coating
B-21859,White / cool coating
B-21860,small / not screened
B-21861,small / not screened
B-21862,small / not screened
B-21863,small / not screened
B-21864,small / not screened
B-21865,small / not screened
B-21866,small / not screened
B-21867,small / not screened
B-21868,small / not screened
B-21869,small / not screened
B-21870,small / not screened
B-21871,small / not screened
B-21872,White / cool coating
B-21873,small / not screened
B-21874,small / not screened
B-21875,small / not screened
B-21876,small / not screened
B-21877,small / not screened
B-21878,small / not screened
B-21879,small / not screened
B-21880,small / not screened
B-21881,Concrete / cement
B-21882,small / not screened
B-21883,small / not screened
B-21884,small / not screened
B-21885,small / not screened
B-21886,small / not screened
B-21887,White / cool coating
B-21888,small / not screened
B-21889,small / not screened
B-21890,small / not screened
B-21891,small / not screened
B-21892,small / not screened
B-21893,small / not screened
B-21894,small / not screened
B-21895,small / not screened
B-21896,small / not screened
B-21897,small / not screened
B-21898,White / cool coating
B-21899,small / not screened
B-21900,small / not screened
B-21901,White / cool coating
B-21902,Concrete / cement
B-21903,White / cool coating
B-21904,small / not screened
B-21905,White / cool coating
B-21906,small / not screened
B-21907,small / not screened
B-21908,White / cool coating
B-21909,small / not screened
B-21910,small / not screened
B-21911,small / not screened
B-21912,small / not screened
B-21913,small / not screened
B-21914,small / not screened
B-21915,small / not screened
B-21916,small / not screened
B-21917,small / not screened
B-21918,small / not screened
B-21919,White / cool coating
B-21920,small / not screened
B-21921,White / cool coating
B-21922,small / not screened
B-21923,small / not screened
B-21924,small / not screened
B-21925,small / not screened
B-21926,small / not screened
B-21927,small / not screened
B-21928,White / cool coating
B-21929,small / not screened
B-21930,White / cool coating
B-21931,small / not screened
B-21932,small / not screened
B-21933,small / not screened
B-21934,small / not screened
B-21935,Concrete / cement
B-21936,small / not screened
B-21937,small / not screened
B-21938,small / not screened
B-21939,small / not screened
B-21940,small / not screened
B-21941,small / not screened
B-21942,small / not screened
B-21943,Concrete / cement
B-21944,small / not screened
B-21945,White / cool coating
B-21946,small / not screened
B-21947,small / not screened
B-21948,Concrete / cement
B-21949,small / not screened
B-21950,small / not screened
B-21951,small / not screened
B-21952,small / not screened
B-21953,small / not screened
B-21954,small / not screened
B-21955,small / not screened
B-21956,small / not screened
B-21957,small / not screened
B-21958,small / not screened
B-21959,White / cool coating
B-21960,White / cool coating
B-21961,small / not screened
B-21962,small / not screened
B-21963,small / not screened
B-21964,small / not screened
B-21965,small / not screened
B-21966,small / not screened
B-21967,small / not screened
B-21968,small / not screened
B-21969,small / not screened
B-21970,small / not screened
B-21971,small / not screened
B-21972,small / not screened
B-21973,small / not screened
B-21974,small / not screened
B-21975,small / not screened
B-21976,small / not screened
B-21977,small / not screened
B-21978,small / not screened
B-21979,small / not screened
B-21980,Concrete / cement
B-21981,small / not screened
B-21982,small / not screened
B-21983,small / not screened
B-21984,small / not screened
B-21985,small / not screened
B-21986,small / not screened
B-21987,small / not screened
B-21988,small / not screened
B-21989,small / not screened
B-21990,White / cool coating
B-21991,small / not screened
B-21992,small / not screened
B-21993,small / not screened
B-21994,small / not screened
B-21995,White / cool coating
B-21996,small / not screened
B-21997,small / not screened
B-21998,small / not screened
B-21999,small / not screened
B-22000,small / not screened
B-22001,small / not screened
B-22002,small / not screened
B-22003,small / not screened
B-22004,small / not screened
B-22005,small / not screened
B-22006,small / not screened
B-22007,small / not screened
B-22008,small / not screened
B-22009,small / not screened
B-22010,small / not screened
B-22011,small / not screened
B-22012,small / not screened
B-22013,small / not screened
B-22014,small / not screened
B-22015,small / not screened
B-22016,small / not screened
B-22017,small / not screened
B-22018,White / cool coating
B-22019,White / cool coating
B-22020,small / not screened
B-22021,small / not screened
B-22022,small / not screened
B-22023,Concrete / cement
B-22024,White / cool coating
B-22025,small / not screened
B-22026,small / not screened
B-22027,small / not screened
B-22028,small / not screened
B-22029,Concrete / cement
B-22030,small / not screened
B-22031,small / not screened
B-22032,small / not screened
B-22033,Concrete / cement
B-22034,small / not screened
B-22035,small / not screened
B-22036,small / not screened
B-22037,White / cool coating
B-22038,White / cool coating
B-22039,White / cool coating
B-22040,small / not screened
B-22041,small / not screened
B-22042,White / cool coating
B-22043,small / not screened
B-22044,Concrete / cement
B-22045,small / not screened
B-22046,small / not screened
B-22047,small / not screened
B-22048,small / not screened
B-22049,small / not screened
B-22050,small / not screened
B-22051,small / not screened
B-22052,small / not screened
B-22053,White / cool coating
B-22054,White / cool coating
B-22055,small / not screened
B-22056,small / not screened
B-22057,small / not screened
B-22058,White / cool coating
B-22059,Concrete / cement
B-22060,small / not screened
B-22061,small / not screened
B-22062,small / not screened
B-22063,small / not screened
B-22064,small / not screened
B-22065,small / not screened
B-22066,small / not screened
B-22067,small / not screened
B-22068,small / not screened
B-22069,small / not screened
B-22070,small / not screened
B-22071,small / not screened
B-22072,small / not screened
B-22073,small / not screened
B-22074,White / cool coating
B-22075,small / not screened
B-22076,small / not screened
B-22077,small / not screened
B-22078,small / not screened
B-22079,small / not screened
B-22080,small / not screened
B-22081,small / not screened
B-22082,small / not screened
B-22083,small / not screened
B-22084,White / cool coating
B-22085,small / not screened
B-22086,small / not screened
B-22087,small / not screened
B-22088,small / not screened
B-22089,small / not screened
B-22090,small / not screened
B-22091,small / not screened
B-22092,small / not screened
B-22093,small / not screened
B-22094,small / not screened
B-22095,small / not screened
B-22096,small / not screened
B-22097,small / not screened
B-22098,small / not screened
B-22099,small / not screened
B-22100,small / not screened
B-22101,Concrete / cement
B-22102,small / not screened
B-22103,small / not screened
B-22104,small / not screened
B-22105,small / not screened
B-22106,small / not screened
B-22107,small / not screened
B-22108,small / not screened
B-22109,small / not screened
B-22110,small / not screened
B-22111,small / not screened
B-22112,small / not screened
B-22113,small / not screened
B-22114,small / not screened
B-22115,small / not screened
B-22116,small / not screened
B-22117,small / not screened
B-22118,small / not screened
B-22119,small / not screened
B-22120,small / not screened
B-22121,small / not screened
B-22122,small / not screened
B-22123,small / not screened
B-22124,small / not screened
B-22125,White / cool coating
B-22126,small / not screened
B-22127,small / not screened
B-22128,small / not screened
B-22129,small / not screened
B-22130,small / not screened
B-22131,small / not screened
B-22132,small / not screened
B-22133,small / not screened
B-22134,small / not screened
B-22135,small / not screened
B-22136,small / not screened
B-22137,small / not screened
B-22138,small / not screened
B-22139,small / not screened
B-22140,small / not screened
B-22141,small / not screened
B-22142,small / not screened
B-22143,small / not screened
B-22144,small / not screened
B-22145,small / not screened
B-22146,small / not screened
B-22147,White / cool coating
B-22148,Concrete / cement
B-22149,small / not screened
B-22150,small / not screened
B-22151,small / not screened
B-22152,small / not screened
B-22153,small / not screened
B-22154,small / not screened
B-22155,small / not screened
B-22156,small / not screened
B-22157,small / not screened
B-22158,small / not screened
B-22159,small / not screened
B-22160,small / not screened
B-22161,small / not screened
B-22162,small / not screened
B-22163,small / not screened
B-22164,small / not screened
B-22165,small / not screened
B-22166,small / not screened
B-22167,small / not screened
B-22168,White / cool coating
B-22169,White / cool coating
B-22170,White / cool coating
B-22171,White / cool coating
B-22172,small / not screened
B-22173,small / not screened
B-22174,small / not screened
B-22175,small / not screened
B-22176,small / not screened
B-22177,small / not screened
B-22178,small / not screened
B-22179,small / not screened
B-22180,small / not screened
B-22181,small / not screened
B-22182,small / not screened
B-22183,small / not screened
B-22184,small / not screened
B-22185,small / not screened
B-22186,small / not screened
B-22187,small / not screened
B-22188,small / not screened
B-22189,small / not screened
B-22190,small / not screened
B-22191,small / not screened
B-22192,small / not screened
B-22193,small / not screened
B-22194,small / not screened
B-22195,Concrete / cement
B-22196,small / not screened
B-22197,Concrete / cement
B-22198,small / not screened
B-22199,Concrete / cement
B-22200,small / not screened
B-22201,small / not screened
B-22202,White / cool coating
B-22203,small / not screened
B-22204,small / not screened
B-22205,small / not screened
B-22206,small / not screened
B-22207,small / not screened
B-22208,White / cool coating
B-22209,small / not screened
B-22210,Concrete / cement
B-22211,small / not screened
B-22212,small / not screened
B-22213,small / not screened
B-22214,small / not screened
B-22215,White / cool coating
B-22216,White / cool coating
B-22217,White / cool coating
B-22218,small / not screened
B-22219,small / not screened
B-22220,small / not screened
B-22221,small / not screened
B-22222,small / not screened
B-22223,small / not screened
B-22224,small / not screened
B-22225,small / not screened
B-22226,White / cool coating
B-22227,small / not screened
B-22228,small / not screened
B-22229,White / cool coating
B-22230,small / not screened
B-22231,small / not screened
B-22232,small / not screened
B-22233,small / not screened
B-22234,Concrete / cement
B-22235,White / cool coating
B-22236,small / not screened
B-22237,small / not screened
B-22238,small / not screened
B-22239,White / cool coating
B-22240,small / not screened
B-22241,small / not screened
B-22242,small / not screened
B-22243,small / not screened
B-22244,small / not screened
B-22245,small / not screened
B-22246,small / not screened
B-22247,small / not screened
B-22248,small / not screened
B-22249,small / not screened
B-22250,small / not screened
B-22251,small / not screened
B-22252,small / not screened
B-22253,small / not screened
B-22254,small / not screened
B-22255,Concrete / cement
B-22256,small / not screened
B-22257,small / not screened
B-22258,small / not screened
B-22259,small / not screened
B-22260,small / not screened
B-22261,small / not screened
B-22262,small / not screened
B-22263,small / not screened
B-22264,small / not screened
B-22265,small / not screened
B-22266,small / not screened
B-22267,small / not screened
B-22268,small / not screened
B-22269,small / not screened
B-22270,small / not screened
B-22271,small / not screened
B-22272,small / not screened
B-22273,White / cool coating
B-22274,small / not screened
B-22275,small / not screened
B-22276,small / not screened
B-22277,small / not screened
B-22278,White / cool coating
B-22279,small / not screened
B-22280,White / cool coating
B-22281,small / not screened
B-22282,small / not screened
B-22283,small / not screened
B-22284,small / not screened
B-22285,small / not screened
B-22286,small / not screened
B-22287,small / not screened
B-22288,small / not screened
B-22289,small / not screened
B-22290,small / not screened
B-22291,small / not screened
B-22292,small / not screened
B-22293,small / not screened
B-22294,small / not screened
B-22295,small / not screened
B-22296,small / not screened
B-22297,small / not screened
B-22298,small / not screened
B-22299,small / not screened
B-22300,small / not screened
B-22301,small / not screened
B-22302,small / not screened
B-22303,small / not screened
B-22304,Concrete / cement
B-22305,small / not screened
B-22306,small / not screened
B-22307,small / not screened
B-22308,small / not screened
B-22309,small / not screened
B-22310,small / not screened
B-22311,small / not screened
B-22312,small / not screened
B-22313,small / not screened
B-22314,small / not screened
B-22315,White / cool coating
B-22316,small / not screened
B-22317,small / not screened
B-22318,small / not screened
B-22319,White / cool coating
B-22320,small / not screened
B-22321,small / not screened
B-22322,small / not screened
B-22323,small / not screened
B-22324,small / not screened
B-22325,small / not screened
B-22326,White / cool coating
B-22327,small / not screened
B-22328,Concrete / cement
B-22329,Concrete / cement
B-22330,small / not screened
B-22331,small / not screened
B-22332,small / not screened
B-22333,small / not screened
B-22334,small / not screened
B-22335,small / not screened
B-22336,small / not screened
B-22337,small / not screened
B-22338,White / cool coating
B-22339,White / cool coating
B-22340,small / not screened
B-22341,small / not screened
B-22342,small / not screened
B-22343,small / not screened
B-22344,small / not screened
B-22345,small / not screened
B-22346,small / not screened
B-22347,small / not screened
B-22348,Concrete / cement
B-22349,small / not screened
B-22350,Concrete / cement
B-22351,White / cool coating
B-22352,small / not screened
B-22353,small / not screened
B-22354,small / not screened
B-22355,small / not screened
B-22356,Concrete / cement
B-22357,small / not screened
B-22358,small / not screened
B-22359,small / not screened
B-22360,small / not screened
B-22361,small / not screened
B-22362,small / not screened
B-22363,small / not screened
B-22364,small / not screened
B-22365,Concrete / cement
B-22366,small / not screened
B-22367,small / not screened
B-22368,White / cool coating
B-22369,small / not screened
B-22370,small / not screened
B-22371,small / not screened
B-22372,White / cool coating
B-22373,small / not screened
B-22374,small / not screened
B-22375,White / cool coating
B-22376,small / not screened
B-22377,small / not screened
B-22378,small / not screened
B-22379,small / not screened
B-22380,small / not screened
B-22381,small / not screened
B-22382,small / not screened
B-22383,White / cool coating
B-22384,small / not screened
B-22385,small / not screened
B-22386,Concrete / cement
B-22387,small / not screened
B-22388,small / not screened
B-22389,small / not screened
B-22390,small / not screened
B-22391,Concrete / cement
B-22392,small / not screened
B-22393,small / not screened
B-22394,small / not screened
B-22395,small / not screened
B-22396,small / not screened
B-22397,small / not screened
B-22398,White / cool coating
B-22399,White / cool coating
B-22400,small / not screened
B-22401,small / not screened
B-22402,small / not screened
B-22403,small / not screened
B-22404,small / not screened
B-22405,White / cool coating
B-22406,small / not screened
B-22407,White / cool coating
B-22408,small / not screened
B-22409,small / not screened
B-22410,small / not screened
B-22411,small / not screened
B-22412,small / not screened
B-22413,small / not screened
B-22414,White / cool coating
B-22415,small / not screened
B-22416,small / not screened
B-22417,small / not screened
B-22418,small / not screened
B-22419,small / not screened
B-22420,small / not screened
B-22421,small / not screened
B-22422,small / not screened
B-22423,small / not screened
B-22424,small / not screened
B-22425,small / not screened
B-22426,small / not screened
B-22427,small / not screened
B-22428,small / not screened
B-22429,small / not screened
B-22430,small / not screened
B-22431,small / not screened
B-22432,Concrete / cement
B-22433,small / not screened
B-22434,White / cool coating
B-22435,White / cool coating
B-22436,small / not screened
B-22437,small / not screened
B-22438,small / not screened
B-22439,Concrete / cement
B-22440,small / not screened
B-22441,small / not screened
B-22442,small / not screened
B-22443,small / not screened
B-22444,small / not screened
B-22445,White / cool coating
B-22446,small / not screened
B-22447,small / not screened
B-22448,small / not screened
B-22449,small / not screened
B-22450,small / not screened
B-22451,small / not screened
B-22452,small / not screened
B-22453,small / not screened
B-22454,small / not screened
B-22455,small / not screened
B-22456,small / not screened
B-22457,small / not screened
B-22458,White / cool coating
B-22459,small / not screened
B-22460,Concrete / cement
B-22461,small / not screened
B-22462,Concrete / cement
B-22463,small / not screened
B-22464,small / not screened
B-22465,small / not screened
B-22466,small / not screened
B-22467,small / not screened
B-22468,small / not screened
B-22469,small / not screened
B-22470,small / not screened
B-22471,small / not screened
B-22472,small / not screened
B-22473,small / not screened
B-22474,small / not screened
B-22475,small / not screened
B-22476,small / not screened
B-22477,small / not screened
B-22478,White / cool coating
B-22479,Concrete / cement
B-22480,small / not screened
B-22481,White / cool coating
B-22482,small / not screened
B-22483,small / not screened
B-22484,Concrete / cement
B-22485,White / cool coating
B-22486,small / not screened
B-22487,small / not screened
B-22488,small / not screened
B-22489,small / not screened
B-22490,small / not screened
B-22491,small / not screened
B-22492,small / not screened
B-22493,small / not screened
B-22494,small / not screened
B-22495,small / not screened
B-22496,small / not screened
B-22497,small / not screened
B-22498,Concrete / cement
B-22499,small / not screened
B-22500,small / not screened
B-22501,small / not screened
B-22502,small / not screened
B-22503,small / not screened
B-22504,small / not screened
B-22505,small / not screened
B-22506,small / not screened
B-22507,small / not screened
B-22508,small / not screened
B-22509,small / not screened
B-22510,small / not screened
B-22511,small / not screened
B-22512,small / not screened
B-22513,small / not screened
B-22514,small / not screened
B-22515,small / not screened
B-22516,small / not screened
B-22517,small / not screened
B-22518,small / not screened
B-22519,small / not screened
B-22520,small / not screened
B-22521,small / not screened
B-22522,small / not screened
B-22523,small / not screened
B-22524,small / not screened
B-22525,White / cool coating
B-22526,small / not screened
B-22527,small / not screened
B-22528,small / not screened
B-22529,small / not screened
B-22530,small / not screened
B-22531,small / not screened
B-22532,small / not screened
B-22533,small / not screened
B-22534,small / not screened
B-22535,small / not screened
B-22536,small / not screened
B-22537,small / not screened
B-22538,small / not screened
B-22539,White / cool coating
B-22540,White / cool coating
B-22541,White / cool coating
B-22542,small / not screened
B-22543,small / not screened
B-22544,small / not screened
B-22545,Concrete / cement
B-22546,small / not screened
B-22547,small / not screened
B-22548,small / not screened
B-22549,small / not screened
B-22550,small / not screened
B-22551,small / not screened
B-22552,small / not screened
B-22553,small / not screened
B-22554,small / not screened
B-22555,small / not screened
B-22556,small / not screened
B-22557,small / not screened
B-22558,small / not screened
B-22559,small / not screened
B-22560,small / not screened
B-22561,small / not screened
B-22562,small / not screened
B-22563,small / not screened
B-22564,small / not screened
B-22565,small / not screened
B-22566,small / not screened
B-22567,small / not screened
B-22568,small / not screened
B-22569,small / not screened
B-22570,small / not screened
B-22571,small / not screened
B-22572,small / not screened
B-22573,small / not screened
B-22574,small / not screened
B-22575,White / cool coating
B-22576,small / not screened
B-22577,White / cool coating
B-22578,Concrete / cement
B-22579,small / not screened
B-22580,small / not screened
B-22581,small / not screened
B-22582,small / not screened
B-22583,small / not screened
B-22584,Concrete / cement
B-22585,small / not screened
B-22586,small / not screened
B-22587,small / not screened
B-22588,small / not screened
B-22589,small / not screened
B-22590,small / not screened
B-22591,Concrete / cement
B-22592,White / cool coating
B-22593,small / not screened
B-22594,small / not screened
B-22595,small / not screened
B-22596,small / not screened
B-22597,small / not screened
B-22598,small / not screened
B-22599,small / not screened
B-22600,small / not screened
B-22601,small / not screened
B-22602,small / not screened
B-22603,small / not screened
B-22604,small / not screened
B-22605,small / not screened
B-22606,small / not screened
B-22607,small / not screened
B-22608,White / cool coating
B-22609,small / not screened
B-22610,small / not screened
B-22611,small / not screened
B-22612,small / not screened
B-22613,Concrete / cement
B-22614,White / cool coating
B-22615,small / not screened
B-22616,small / not screened
B-22617,small / not screened
B-22618,small / not screened
B-22619,small / not screened
B-22620,White / cool coating
B-22621,Concrete / cement
B-22622,small / not screened
B-22623,small / not screened
B-22624,small / not screened
B-22625,small / not screened
B-22626,small / not screened
B-22627,small / not screened
B-22628,small / not screened
B-22629,small / not screened
B-22630,small / not screened
B-22631,small / not screened
B-22632,small / not screened
B-22633,small / not screened
B-22634,small / not screened
B-22635,Concrete / cement
B-22636,small / not screened
B-22637,small / not screened
B-22638,small / not screened
B-22639,small / not screened
B-22640,small / not screened
B-22641,small / not screened
B-22642,small / not screened
B-22643,small / not screened
B-22644,small / not screened
B-22645,small / not screened
B-22646,White / cool coating
B-22647,small / not screened
B-22648,White / cool coating
B-22649,small / not screened
B-22650,small / not screened
B-22651,small / not screened
B-22652,small / not screened
B-22653,small / not screened
B-22654,small / not screened
B-22655,Metal sheet (bare / painted)
B-22656,small / not screened
B-22657,Concrete / cement
B-22658,small / not screened
B-22659,small / not screened
B-22660,small / not screened
B-22661,small / not screened
B-22662,small / not screened
B-22663,small / not screened
B-22664,small / not screened
B-22665,small / not screened
B-22666,Concrete / cement
B-22667,small / not screened
B-22668,small / not screened
B-22669,small / not screened
B-22670,small / not screened
B-22671,small / not screened
B-22672,small / not screened
B-22673,small / not screened
B-22674,small / not screened
B-22675,small / not screened
B-22676,small / not screened
B-22677,small / not screened
B-22678,small / not screened
B-22679,small / not screened
B-22680,small / not screened
B-22681,small / not screened
B-22682,small / not screened
B-22683,small / not screened
B-22684,small / not screened
B-22685,small / not screened
B-22686,Concrete / cement
B-22687,small / not screened
B-22688,Concrete / cement
B-22689,small / not screened
B-22690,small / not screened
B-22691,small / not screened
B-22692,White / cool coating
B-22693,small / not screened
B-22694,small / not screened
B-22695,White / cool coating
B-22696,White / cool coating
B-22697,small / not screened
B-22698,small / not screened
B-22699,small / not screened
B-22700,small / not screened
B-22701,small / not screened
B-22702,small / not screened
B-22703,small / not screened
B-22704,small / not screened
B-22705,small / not screened
B-22706,small / not screened
B-22707,small / not screened
B-22708,small / not screened
B-22709,small / not screened
B-22710,small / not screened
B-22711,small / not screened
B-22712,small / not screened
B-22713,small / not screened
B-22714,small / not screened
B-22715,White / cool coating
B-22716,White / cool coating
B-22717,small / not screened
B-22718,small / not screened
B-22719,small / not screened
B-22720,small / not screened
B-22721,small / not screened
B-22722,small / not screened
B-22723,small / not screened
B-22724,small / not screened
B-22725,small / not screened
B-22726,small / not screened
B-22727,small / not screened
B-22728,White / cool coating
B-22729,small / not screened
B-22730,small / not screened
B-22731,White / cool coating
B-22732,small / not screened
B-22733,small / not screened
B-22734,White / cool coating
B-22735,small / not screened
B-22736,small / not screened
B-22737,small / not screened
B-22738,White / cool coating
B-22739,small / not screened
B-22740,small / not screened
B-22741,White / cool coating
B-22742,small / not screened
B-22743,Concrete / cement
B-22744,White / cool coating
B-22745,small / not screened
B-22746,small / not screened
B-22747,small / not screened
B-22748,small / not screened
B-22749,small / not screened
B-22750,small / not screened
B-22751,small / not screened
B-22752,small / not screened
B-22753,small / not screened
B-22754,small / not screened
B-22755,small / not screened
B-22756,small / not screened
B-22757,small / not screened
B-22758,small / not screened
B-22759,small / not screened
B-22760,small / not screened
B-22761,small / not screened
B-22762,small / not screened
B-22763,small / not screened
B-22764,Concrete / cement
B-22765,Concrete / cement
B-22766,small / not screened
B-22767,Concrete / cement
B-22768,Concrete / cement
B-22769,Concrete / cement
B-22770,Concrete / cement
B-22771,small / not screened
B-22772,White / cool coating
B-22773,small / not screened
B-22774,small / not screened
B-22775,Concrete / cement
B-22776,White / cool coating
B-22777,small / not screened
B-22778,small / not screened
B-22779,small / not screened
B-22780,White / cool coating
B-22781,White / cool coating
B-22782,small / not screened
B-22783,small / not screened
B-22784,small / not screened
B-22785,small / not screened
B-22786,Concrete / cement
B-22787,Concrete / cement
B-22788,Concrete / cement
B-22789,small / not screened
B-22790,small / not screened
B-22791,small / not screened
B-22792,White / cool coating
B-22793,small / not screened
B-22794,small / not screened
B-22795,small / not screened
B-22796,small / not screened
B-22797,small / not screened
B-22798,small / not screened
B-22799,White / cool coating
B-22800,White / cool coating
B-22801,small / not screened
B-22802,small / not screened
B-22803,small / not screened
B-22804,small / not screened
B-22805,small / not screened
B-22806,White / cool coating
B-22807,White / cool coating
B-22808,small / not screened
B-22809,small / not screened
B-22810,White / cool coating
B-22811,small / not screened
B-22812,small / not screened
B-22813,small / not screened
B-22814,small / not screened
B-22815,small / not screened
B-22816,small / not screened
B-22817,White / cool coating
B-22818,small / not screened
B-22819,small / not screened
B-22820,White / cool coating
B-22821,small / not screened
B-22822,small / not screened
B-22823,small / not screened
B-22824,small / not screened
B-22825,Concrete / cement
B-22826,small / not screened
B-22827,small / not screened
B-22828,Concrete / cement
B-22829,small / not screened
B-22830,small / not screened
B-22831,White / cool coating
B-22832,small / not screened
B-22833,White / cool coating
B-22834,small / not screened
B-22835,small / not screened
B-22836,small / not screened
B-22837,small / not screened
B-22838,small / not screened
B-22839,White / cool coating
B-22840,small / not screened
B-22841,small / not screened
B-22842,small / not screened
B-22843,small / not screened
B-22844,small / not screened
B-22845,small / not screened
B-22846,small / not screened
B-22847,small / not screened
B-22848,small / not screened
B-22849,White / cool coating
B-22850,small / not screened
B-22851,small / not screened
B-22852,small / not screened
B-22853,White / cool coating
B-22854,small / not screened
B-22855,White / cool coating
B-22856,small / not screened
B-22857,small / not screened
B-22858,small / not screened
B-22859,White / cool coating
B-22860,small / not screened
B-22861,small / not screened
B-22862,small / not screened
B-22863,small / not screened
B-22864,Concrete / cement
B-22865,small / not screened
B-22866,small / not screened
B-22867,small / not screened
B-22868,small / not screened
B-22869,small / not screened
B-22870,Concrete / cement
B-22871,small / not screened
B-22872,small / not screened
B-22873,small / not screened
B-22874,small / not screened
B-22875,White / cool coating
B-22876,small / not screened
B-22877,small / not screened
B-22878,small / not screened
B-22879,White / cool coating
B-22880,White / cool coating
B-22881,small / not screened
B-22882,small / not screened
B-22883,small / not screened
B-22884,small / not screened
B-22885,small / not screened
B-22886,small / not screened
B-22887,small / not screened
B-22888,Concrete / cement
B-22889,small / not screened
B-22890,White / cool coating
B-22891,small / not screened
B-22892,small / not screened
B-22893,small / not screened
B-22894,White / cool coating
B-22895,small / not screened
B-22896,small / not screened
B-22897,small / not screened
B-22898,small / not screened
B-22899,small / not screened
B-22900,small / not screened
B-22901,small / not screened
B-22902,small / not screened
B-22903,small / not screened
B-22904,small / not screened
B-22905,small / not screened
B-22906,small / not screened
B-22907,small / not screened
B-22908,small / not screened
B-22909,small / not screened
B-22910,Concrete / cement
B-22911,small / not screened
B-22912,small / not screened
B-22913,small / not screened
B-22914,small / not screened
B-22915,small / not screened
B-22916,small / not screened
B-22917,small / not screened
B-22918,White / cool coating
B-22919,small / not screened
B-22920,small / not screened
B-22921,White / cool coating
B-22922,White / cool coating
B-22923,small / not screened
B-22924,small / not screened
B-22925,small / not screened
B-22926,small / not screened
B-22927,small / not screened
B-22928,small / not screened
B-22929,small / not screened
B-22930,small / not screened
B-22931,White / cool coating
B-22932,White / cool coating
B-22933,small / not screened
B-22934,small / not screened
B-22935,small / not screened
B-22936,small / not screened
B-22937,small / not screened
B-22938,small / not screened
B-22939,small / not screened
B-22940,Concrete / cement
B-22941,small / not screened
B-22942,small / not screened
B-22943,small / not screened
B-22944,small / not screened
B-22945,small / not screened
B-22946,small / not screened
B-22947,small / not screened
B-22948,small / not screened
B-22949,White / cool coating
B-22950,small / not screened
B-22951,small / not screened
B-22952,small / not screened
B-22953,small / not screened
B-22954,small / not screened
B-22955,small / not screened
B-22956,small / not screened
B-22957,small / not screened
B-22958,small / not screened
B-22959,small / not screened
B-22960,small / not screened
B-22961,White / cool coating
B-22962,small / not screened
B-22963,White / cool coating
B-22964,small / not screened
B-22965,small / not screened
B-22966,small / not screened
B-22967,small / not screened
B-22968,small / not screened
B-22969,small / not screened
B-22970,small / not screened
B-22971,small / not screened
B-22972,small / not screened
B-22973,small / not screened
B-22974,small / not screened
B-22975,small / not screened
B-22976,small / not screened
B-22977,small / not screened
B-22978,small / not screened
B-22979,small / not screened
B-22980,small / not screened
B-22981,small / not screened
B-22982,Concrete / cement
B-22983,Concrete / cement
B-22984,small / not screened
B-22985,small / not screened
B-22986,small / not screened
B-22987,small / not screened
B-22988,small / not screened
B-22989,small / not screened
B-22990,small / not screened
B-22991,small / not screened
B-22992,White / cool coating
B-22993,small / not screened
B-22994,small / not screened
B-22995,small / not screened
B-22996,small / not screened
B-22997,small / not screened
B-22998,Concrete / cement
B-22999,small / not screened
B-23000,small / not screened
B-23001,White / cool coating
B-23002,small / not screened
B-23003,small / not screened
B-23004,Concrete / cement
B-23005,small / not screened
B-23006,small / not screened
B-23007,small / not screened
B-23008,small / not screened
B-23009,small / not screened
B-23010,small / not screened
B-23011,small / not screened
B-23012,small / not screened
B-23013,small / not screened
B-23014,small / not screened
B-23015,small / not screened
B-23016,small / not screened
B-23017,small / not screened
B-23018,small / not screened
B-23019,small / not screened
B-23020,small / not screened
B-23021,small / not screened
B-23022,small / not screened
B-23023,small / not screened
B-23024,small / not screened
B-23025,small / not screened
B-23026,small / not screened
B-23027,small / not screened
B-23028,small / not screened
B-23029,small / not screened
B-23030,small / not screened
B-23031,small / not screened
B-23032,small / not screened
B-23033,small / not screened
B-23034,small / not screened
B-23035,Concrete / cement
B-23036,small / not screened
B-23037,small / not screened
B-23038,small / not screened
B-23039,small / not screened
B-23040,small / not screened
B-23041,small / not screened
B-23042,small / not screened
B-23043,small / not screened
B-23044,small / not screened
B-23045,small / not screened
B-23046,small / not screened
B-23047,small / not screened
B-23048,small / not screened
B-23049,small / not screened
B-23050,small / not screened
B-23051,small / not screened
B-23052,small / not screened
B-23053,small / not screened
B-23054,small / not screened
B-23055,small / not screened
B-23056,small / not screened
B-23057,small / not screened
B-23058,small / not screened
B-23059,small / not screened
B-23060,small / not screened
B-23061,small / not screened
B-23062,small / not screened
B-23063,small / not screened
B-23064,small / not screened
B-23065,Concrete / cement
B-23066,small / not screened
B-23067,small / not screened
B-23068,small / not screened
B-23069,small / not screened
B-23070,small / not screened
B-23071,small / not screened
B-23072,small / not screened
B-23073,small / not screened
B-23074,small / not screened
B-23075,small / not screened
B-23076,White / cool coating
B-23077,White / cool coating
B-23078,White / cool coating
B-23079,White / cool coating
B-23080,White / cool coating
B-23081,White / cool coating
B-23082,Metal sheet (bare / painted)
B-23083,small / not screened
B-23084,Metal sheet (bare / painted)
B-23085,small / not screened
B-23086,Concrete / cement
B-23087,small / not screened
B-23088,Concrete / cement
B-23089,Metal sheet (bare / painted)
B-23090,Concrete / cement
B-23091,Concrete / cement
B-23092,small / not screened
B-23093,small / not screened
B-23094,small / not screened
B-23095,small / not screened
B-23096,small / not screened
B-23097,small / not screened
B-23098,small / not screened
B-23099,small / not screened
B-23100,small / not screened
B-23101,small / not screened
B-23102,small / not screened
B-23103,small / not screened
B-23104,small / not screened
B-23105,small / not screened
B-23106,small / not screened
B-23107,small / not screened
B-23108,small / not screened
B-23109,small / not screened
B-23110,small / not screened
B-23111,small / not screened
B-23112,small / not screened
B-23113,small / not screened
B-23114,small / not screened
B-23115,White / cool coating
B-23116,small / not screened
B-23117,small / not screened
B-23118,small / not screened
B-23119,small / not screened
B-23120,small / not screened
B-23121,Concrete / cement
B-23122,Concrete / cement
B-23123,Concrete / cement
B-23124,small / not screened
B-23125,small / not screened
B-23126,small / not screened
B-23127,small / not screened
B-23128,small / not screened
B-23129,small / not screened
B-23130,small / not screened
B-23131,small / not screened
B-23132,small / not screened
B-23133,Concrete / cement
B-23134,White / cool coating
B-23135,small / not screened
B-23136,small / not screened
B-23137,small / not screened
B-23138,small / not screened
B-23139,small / not screened
B-23140,small / not screened
B-23141,small / not screened
B-23142,small / not screened
B-23143,Concrete / cement
B-23144,Concrete / cement
B-23145,small / not screened
B-23146,small / not screened
B-23147,small / not screened
B-23148,White / cool coating
B-23149,small / not screened
B-23150,small / not screened
B-23151,Concrete / cement
B-23152,White / cool coating
B-23153,White / cool coating
B-23154,Concrete / cement
B-23155,small / not screened
B-23156,small / not screened
B-23157,Concrete / cement
B-23158,small / not screened
B-23159,small / not screened
B-23160,Concrete / cement
B-23161,Metal sheet (bare / painted)
B-23162,small / not screened
B-23163,Concrete / cement
B-23164,small / not screened
B-23165,Metal sheet (bare / painted)
B-23166,small / not screened
B-23167,Metal sheet (bare / painted)
B-23168,small / not screened
B-23169,Concrete / cement
B-23170,small / not screened
B-23171,small / not screened
B-23172,small / not screened
B-23173,small / not screened
B-23174,small / not screened
B-23175,small / not screened
B-23176,White / cool coating
B-23177,White / cool coating
B-23178,small / not screened
B-23179,small / not screened
B-23180,small / not screened
B-23181,White / cool coating
B-23182,small / not screened
B-23183,small / not screened
B-23184,small / not screened
B-23185,small / not screened
B-23186,small / not screened
B-23187,small / not screened
B-23188,small / not screened
B-23189,small / not screened
B-23190,small / not screened
B-23191,small / not screened
B-23192,small / not screened
B-23193,small / not screened
B-23194,small / not screened
B-23195,small / not screened
B-23196,small / not screened
B-23197,small / not screened
B-23198,small / not screened
B-23199,small / not screened
B-23200,small / not screened
B-23201,White / cool coating
B-23202,small / not screened
B-23203,White / cool coating
B-23204,small / not screened
B-23205,small / not screened
B-23206,White / cool coating
B-23207,Concrete / cement
B-23208,small / not screened
B-23209,White / cool coating
B-23210,White / cool coating
B-23211,small / not screened
B-23212,Concrete / cement
B-23213,small / not screened
B-23214,small / not screened
B-23215,small / not screened
B-23216,White / cool coating
B-23217,small / not screened
B-23218,small / not screened
B-23219,small / not screened
B-23220,small / not screened
B-23221,small / not screened
B-23222,Concrete / cement
B-23223,small / not screened
B-23224,small / not screened
B-23225,small / not screened
B-23226,small / not screened
B-23227,small / not screened
B-23228,small / not screened
B-23229,small / not screened
B-23230,small / not screened
B-23231,small / not screened
B-23232,small / not screened
B-23233,small / not screened
B-23234,Metal sheet (bare / painted)
B-23235,Concrete / cement
B-23236,small / not screened
B-23237,small / not screened
B-23238,small / not screened
B-23239,small / not screened
B-23240,small / not screened
B-23241,small / not screened
B-23242,small / not screened
B-23243,small / not screened
B-23244,small / not screened
B-23245,White / cool coating
B-23246,small / not screened
B-23247,small / not screened
B-23248,small / not screened
B-23249,small / not screened
B-23250,small / not screened
B-23251,small / not screened
B-23252,small / not screened
B-23253,small / not screened
B-23254,small / not screened
B-23255,small / not screened
B-23256,small / not screened
B-23257,small / not screened
B-23258,small / not screened
B-23259,small / not screened
B-23260,small / not screened
B-23261,small / not screened
B-23262,small / not screened
B-23263,small / not screened
B-23264,small / not screened
B-23265,small / not screened
B-23266,small / not screened
B-23267,small / not screened
B-23268,small / not screened
B-23269,small / not screened
B-23270,small / not screened
B-23271,small / not screened
B-23272,small / not screened
B-23273,small / not screened
B-23274,small / not screened
B-23275,small / not screened
B-23276,small / not screened
B-23277,White / cool coating
B-23278,small / not screened
B-23279,small / not screened
B-23280,small / not screened
B-23281,small / not screened
B-23282,Concrete / cement
B-23283,small / not screened
B-23284,small / not screened
B-23285,Concrete / cement
B-23286,Concrete / cement
B-23287,small / not screened
B-23288,small / not screened
B-23289,White / cool coating
B-23290,small / not screened
B-23291,small / not screened
B-23292,small / not screened
B-23293,small / not screened
B-23294,small / not screened
B-23295,small / not screened
B-23296,small / not screened
B-23297,small / not screened
B-23298,small / not screened
B-23299,small / not screened
B-23300,small / not screened
B-23301,small / not screened
B-23302,small / not screened
B-23303,White / cool coating
B-23304,White / cool coating
B-23305,small / not screened
B-23306,small / not screened
B-23307,small / not screened
B-23308,White / cool coating
B-23309,small / not screened
B-23310,small / not screened
B-23311,small / not screened
B-23312,small / not screened
B-23313,small / not screened
B-23314,small / not screened
B-23315,small / not screened
B-23316,small / not screened
B-23317,small / not screened
B-23318,small / not screened
B-23319,small / not screened
B-23320,small / not screened
B-23321,White / cool coating
B-23322,small / not screened
B-23323,small / not screened
B-23324,small / not screened
B-23325,small / not screened
B-23326,small / not screened
B-23327,small / not screened
B-23328,small / not screened
B-23329,small / not screened
B-23330,Concrete / cement
B-23331,Concrete / cement
B-23332,small / not screened
B-23333,small / not screened
B-23334,small / not screened
B-23335,small / not screened
B-23336,small / not screened
B-23337,small / not screened
B-23338,small / not screened
B-23339,small / not screened
B-23340,small / not screened
B-23341,small / not screened
B-23342,small / not screened
B-23343,small / not screened
B-23344,small / not screened
B-23345,small / not screened
B-23346,small / not screened
B-23347,small / not screened
B-23348,Metal sheet (bare / painted)
B-23349,Concrete / cement
B-23350,Metal sheet (bare / painted)
B-23351,Metal sheet (bare / painted)
B-23352,White / cool coating
B-23353,Concrete / cement
B-23354,Metal sheet (bare / painted)
B-23355,White / cool coating
B-23356,small / not screened
B-23357,small / not screened
B-23358,small / not screened
B-23359,small / not screened
B-23360,small / not screened
B-23361,small / not screened
B-23362,small / not screened
B-23363,small / not screened
B-23364,White / cool coating
B-23365,small / not screened
B-23366,White / cool coating
B-23367,small / not screened
B-23368,small / not screened
B-23369,small / not screened
B-23370,small / not screened
B-23371,Concrete / cement
B-23372,White / cool coating
B-23373,small / not screened
B-23374,small / not screened
B-23375,small / not screened
B-23376,small / not screened
B-23377,small / not screened
B-23378,small / not screened
B-23379,small / not screened
B-23380,small / not screened
B-23381,small / not screened
B-23382,small / not screened
B-23383,small / not screened
B-23384,small / not screened
B-23385,small / not screened
B-23386,small / not screened
B-23387,small / not screened
B-23388,small / not screened
B-23389,White / cool coating
B-23390,small / not screened
B-23391,small / not screened
B-23392,small / not screened
B-23393,small / not screened
B-23394,small / not screened
B-23395,small / not screened
B-23396,Concrete / cement
B-23397,small / not screened
B-23398,Concrete / cement
B-23399,Concrete / cement
B-23400,small / not screened
B-23401,small / not screened
B-23402,small / not screened
B-23403,small / not screened
B-23404,small / not screened
B-23405,small / not screened
B-23406,small / not screened
B-23407,small / not screened
B-23408,White / cool coating
B-23409,Concrete / cement
B-23410,White / cool coating
B-23411,White / cool coating
B-23412,White / cool coating
B-23413,White / cool coating
B-23414,Concrete / cement
B-23415,White / cool coating
B-23416,small / not screened
B-23417,small / not screened
B-23418,small / not screened
B-23419,small / not screened
B-23420,small / not screened
B-23421,small / not screened
B-23422,Concrete / cement
B-23423,Concrete / cement
B-23424,small / not screened
B-23425,White / cool coating
B-23426,small / not screened
B-23427,small / not screened
B-23428,White / cool coating
B-23429,small / not screened
B-23430,Concrete / cement
B-23431,Concrete / cement
B-23432,small / not screened
B-23433,small / not screened
B-23434,small / not screened
B-23435,small / not screened
B-23436,small / not screened
B-23437,small / not screened
B-23438,small / not screened
B-23439,small / not screened
B-23440,small / not screened
B-23441,small / not screened
B-23442,White / cool coating
B-23443,small / not screened
B-23444,small / not screened
B-23445,small / not screened
B-23446,small / not screened
B-23447,small / not screened
B-23448,White / cool coating
B-23449,small / not screened
B-23450,small / not screened
B-23451,small / not screened
B-23452,small / not screened
B-23453,small / not screened
B-23454,small / not screened
B-23455,small / not screened
B-23456,small / not screened
B-23457,small / not screened
B-23458,small / not screened
B-23459,small / not screened
B-23460,small / not screened
B-23461,small / not screened
B-23462,small / not screened
B-23463,small / not screened
B-23464,small / not screened
B-23465,small / not screened
B-23466,small / not screened
B-23467,small / not screened
B-23468,small / not screened
B-23469,small / not screened
B-23470,small / not screened
B-23471,small / not screened
B-23472,small / not screened
B-23473,small / not screened
B-23474,small / not screened
B-23475,small / not screened
B-23476,small / not screened
B-23477,Concrete / cement
B-23478,small / not screened
B-23479,small / not screened
B-23480,Concrete / cement
B-23481,small / not screened
B-23482,small / not screened
B-23483,Concrete / cement
B-23484,Concrete / cement
B-23485,small / not screened
B-23486,small / not screened
B-23487,small / not screened
B-23488,small / not screened
B-23489,small / not screened
B-23490,small / not screened
B-23491,small / not screened
B-23492,small / not screened
B-23493,White / cool coating
B-23494,White / cool coating
B-23495,small / not screened
B-23496,small / not screened
B-23497,White / cool coating
B-23498,small / not screened
B-23499,White / cool coating
B-23500,small / not screened
B-23501,small / not screened
B-23502,small / not screened
B-23503,small / not screened
B-23504,small / not screened
B-23505,White / cool coating
B-23506,small / not screened
B-23507,small / not screened
B-23508,small / not screened
B-23509,White / cool coating
B-23510,White / cool coating
B-23511,small / not screened
B-23512,small / not screened
B-23513,small / not screened
B-23514,small / not screened
B-23515,small / not screened
B-23516,small / not screened
B-23517,small / not screened
B-23518,small / not screened
B-23519,small / not screened
B-23520,small / not screened
B-23521,small / not screened
B-23522,small / not screened
B-23523,small / not screened
B-23524,small / not screened
B-23525,small / not screened
B-23526,small / not screened
B-23527,small / not screened
B-23528,small / not screened
B-23529,small / not screened
B-23530,small / not screened
B-23531,small / not screened
B-23532,small / not screened
B-23533,small / not screened
B-23534,small / not screened
B-23535,small / not screened
B-23536,small / not screened
B-23537,Concrete / cement
B-23538,small / not screened
B-23539,small / not screened
B-23540,small / not screened
B-23541,White / cool coating
B-23542,small / not screened
B-23543,White / cool coating
B-23544,White / cool coating
B-23545,small / not screened
B-23546,small / not screened
B-23547,White / cool coating
B-23548,small / not screened
B-23549,small / not screened
B-23550,small / not screened
B-23551,small / not screened
B-23552,small / not screened
B-23553,Concrete / cement
B-23554,small / not screened
B-23555,small / not screened
B-23556,small / not screened
B-23557,small / not screened
B-23558,small / not screened
B-23559,small / not screened
B-23560,small / not screened
B-23561,small / not screened
B-23562,small / not screened
B-23563,small / not screened
B-23564,small / not screened
B-23565,small / not screened
B-23566,small / not screened
B-23567,small / not screened
B-23568,small / not screened
B-23569,small / not screened
B-23570,small / not screened
B-23571,small / not screened
B-23572,small / not screened
B-23573,small / not screened
B-23574,White / cool coating
B-23575,small / not screened
B-23576,small / not screened
B-23577,small / not screened
B-23578,small / not screened
B-23579,White / cool coating
B-23580,small / not screened
B-23581,White / cool coating
B-23582,small / not screened
B-23583,White / cool coating
B-23584,small / not screened
B-23585,small / not screened
B-23586,small / not screened
B-23587,small / not screened
B-23588,small / not screened
B-23589,small / not screened
B-23590,small / not screened
B-23591,small / not screened
B-23592,small / not screened
B-23593,White / cool coating
B-23594,small / not screened
B-23595,small / not screened
B-23596,small / not screened
B-23597,small / not screened
B-23598,small / not screened
B-23599,small / not screened
B-23600,small / not screened
B-23601,small / not screened
B-23602,White / cool coating
B-23603,small / not screened
B-23604,small / not screened
B-23605,small / not screened
B-23606,small / not screened
B-23607,White / cool coating
B-23608,small / not screened
B-23609,small / not screened
B-23610,small / not screened
B-23611,small / not screened
B-23612,small / not screened
B-23613,small / not screened
B-23614,small / not screened
B-23615,small / not screened
B-23616,small / not screened
B-23617,small / not screened
B-23618,small / not screened
B-23619,small / not screened
B-23620,small / not screened
B-23621,small / not screened
B-23622,small / not screened
B-23623,small / not screened
B-23624,small / not screened
B-23625,small / not screened
B-23626,small / not screened
B-23627,small / not screened
B-23628,small / not screened
B-23629,small / not screened
B-23630,small / not screened
B-23631,Concrete / cement
B-23632,small / not screened
B-23633,small / not screened
B-23634,small / not screened
B-23635,small / not screened
B-23636,small / not screened
B-23637,small / not screened
B-23638,White / cool coating
B-23639,Concrete / cement
B-23640,small / not screened
B-23641,small / not screened
B-23642,small / not screened
B-23643,small / not screened
B-23644,small / not screened
B-23645,small / not screened
B-23646,small / not screened
B-23647,small / not screened
B-23648,small / not screened
B-23649,small / not screened
B-23650,Concrete / cement
B-23651,small / not screened
B-23652,small / not screened
B-23653,small / not screened
B-23654,small / not screened
B-23655,small / not screened
B-23656,small / not screened
B-23657,small / not screened
B-23658,small / not screened
B-23659,White / cool coating
B-23660,White / cool coating
B-23661,small / not screened
B-23662,small / not screened
B-23663,small / not screened
B-23664,small / not screened
B-23665,White / cool coating
B-23666,small / not screened
B-23667,small / not screened
B-23668,small / not screened
B-23669,small / not screened
B-23670,small / not screened
B-23671,small / not screened
B-23672,small / not screened
B-23673,small / not screened
B-23674,small / not screened
B-23675,small / not screened
B-23676,small / not screened
B-23677,small / not screened
B-23678,White / cool coating
B-23679,small / not screened
B-23680,small / not screened
B-23681,small / not screened
B-23682,small / not screened
B-23683,small / not screened
B-23684,small / not screened
B-23685,small / not screened
B-23686,small / not screened
B-23687,small / not screened
B-23688,small / not screened
B-23689,small / not screened
B-23690,small / not screened
B-23691,small / not screened
B-23692,small / not screened
B-23693,small / not screened
B-23694,small / not screened
B-23695,small / not screened
B-23696,small / not screened
B-23697,White / cool coating
B-23698,small / not screened
B-23699,White / cool coating
B-23700,small / not screened
B-23701,small / not screened
B-23702,small / not screened
B-23703,small / not screened
B-23704,small / not screened
B-23705,small / not screened
B-23706,small / not screened
B-23707,small / not screened
B-23708,small / not screened
B-23709,small / not screened
B-23710,small / not screened
B-23711,small / not screened
B-23712,small / not screened
B-23713,small / not screened
B-23714,White / cool coating
B-23715,small / not screened
B-23716,small / not screened
B-23717,small / not screened
B-23718,small / not screened
B-23719,small / not screened
B-23720,small / not screened
B-23721,small / not screened
B-23722,small / not screened
B-23723,small / not screened
B-23724,Concrete / cement
B-23725,small / not screened
B-23726,White / cool coating
B-23727,small / not screened
B-23728,Concrete / cement
B-23729,small / not screened
B-23730,Concrete / cement
B-23731,small / not screened
B-23732,small / not screened
B-23733,White / cool coating
B-23734,small / not screened
B-23735,small / not screened
B-23736,small / not screened
B-23737,small / not screened
B-23738,small / not screened
B-23739,small / not screened
B-23740,small / not screened
B-23741,small / not screened
B-23742,White / cool coating
B-23743,small / not screened
B-23744,small / not screened
B-23745,small / not screened
B-23746,small / not screened
B-23747,small / not screened
B-23748,Concrete / cement
B-23749,Metal sheet (bare / painted)
B-23750,small / not screened
B-23751,small / not screened
B-23752,small / not screened
B-23753,small / not screened
B-23754,Concrete / cement
B-23755,small / not screened
B-23756,small / not screened
B-23757,small / not screened
B-23758,small / not screened
B-23759,small / not screened
B-23760,small / not screened
B-23761,small / not screened
B-23762,small / not screened
B-23763,small / not screened
B-23764,small / not screened
B-23765,small / not screened
B-23766,small / not screened
B-23767,small / not screened
B-23768,small / not screened
B-23769,small / not screened
B-23770,small / not screened
B-23771,small / not screened
B-23772,small / not screened
B-23773,small / not screened
B-23774,small / not screened
B-23775,small / not screened
B-23776,small / not screened
B-23777,small / not screened
B-23778,small / not screened
B-23779,small / not screened
B-23780,small / not screened
B-23781,small / not screened
B-23782,small / not screened
B-23783,small / not screened
B-23784,small / not screened
B-23785,small / not screened
B-23786,small / not screened
B-23787,small / not screened
B-23788,small / not screened
B-23789,small / not screened
B-23790,small / not screened
B-23791,small / not screened
B-23792,small / not screened
B-23793,Concrete / cement
B-23794,small / not screened
B-23795,small / not screened
B-23796,small / not screened
B-23797,small / not screened
B-23798,small / not screened
B-23799,small / not screened
B-23800,small / not screened
B-23801,Concrete / cement
B-23802,small / not screened
B-23803,small / not screened
B-23804,small / not screened
B-23805,small / not screened
B-23806,small / not screened
B-23807,small / not screened
B-23808,White / cool coating
B-23809,small / not screened
B-23810,small / not screened
B-23811,small / not screened
B-23812,small / not screened
B-23813,White / cool coating
B-23814,small / not screened
B-23815,small / not screened
B-23816,small / not screened
B-23817,small / not screened
B-23818,small / not screened
B-23819,small / not screened
B-23820,White / cool coating
B-23821,small / not screened
B-23822,small / not screened
B-23823,White / cool coating
B-23824,Concrete / cement
B-23825,small / not screened
B-23826,small / not screened
B-23827,small / not screened
B-23828,small / not screened
B-23829,small / not screened
B-23830,small / not screened
B-23831,small / not screened
B-23832,small / not screened
B-23833,Concrete / cement
B-23834,small / not screened
B-23835,small / not screened
B-23836,small / not screened
B-23837,small / not screened
B-23838,small / not screened
B-23839,small / not screened
B-23840,small / not screened
B-23841,small / not screened
B-23842,Concrete / cement
B-23843,small / not screened
B-23844,White / cool coating
B-23845,small / not screened
B-23846,small / not screened
B-23847,Concrete / cement
B-23848,small / not screened
B-23849,small / not screened
B-23850,small / not screened
B-23851,small / not screened
B-23852,White / cool coating
B-23853,Concrete / cement
B-23854,Concrete / cement
B-23855,small / not screened
B-23856,small / not screened
B-23857,small / not screened
B-23858,small / not screened
B-23859,small / not screened
B-23860,White / cool coating
B-23861,White / cool coating
B-23862,White / cool coating
B-23863,small / not screened
B-23864,small / not screened
B-23865,White / cool coating
B-23866,Concrete / cement
B-23867,small / not screened
B-23868,small / not screened
B-23869,small / not screened
B-23870,small / not screened
B-23871,small / not screened
B-23872,small / not screened
B-23873,small / not screened
B-23874,small / not screened
B-23875,small / not screened
B-23876,small / not screened
B-23877,small / not screened
B-23878,small / not screened
B-23879,small / not screened
B-23880,small / not screened
B-23881,small / not screened
B-23882,small / not screened
B-23883,small / not screened
B-23884,small / not screened
B-23885,small / not screened
B-23886,small / not screened
B-23887,small / not screened
B-23888,small / not screened
B-23889,small / not screened
B-23890,small / not screened
B-23891,small / not screened
B-23892,small / not screened
B-23893,small / not screened
B-23894,small / not screened
B-23895,small / not screened
B-23896,small / not screened
B-23897,small / not screened
B-23898,small / not screened
B-23899,White / cool coating
B-23900,small / not screened
B-23901,small / not screened
B-23902,small / not screened
B-23903,small / not screened
B-23904,small / not screened
B-23905,small / not screened
B-23906,small / not screened
B-23907,Concrete / cement
B-23908,small / not screened
B-23909,small / not screened
B-23910,small / not screened
B-23911,small / not screened
B-23912,small / not screened
B-23913,small / not screened
B-23914,small / not screened
B-23915,small / not screened
B-23916,small / not screened
B-23917,small / not screened
B-23918,small / not screened
B-23919,small / not screened
B-23920,small / not screened
B-23921,small / not screened
B-23922,small / not screened
B-23923,small / not screened
B-23924,small / not screened
B-23925,small / not screened
B-23926,small / not screened
B-23927,small / not screened
B-23928,small / not screened
B-23929,small / not screened
B-23930,small / not screened
B-23931,small / not screened
B-23932,small / not screened
B-23933,small / not screened
B-23934,small / not screened
B-23935,small / not screened
B-23936,small / not screened
B-23937,small / not screened
B-23938,small / not screened
B-23939,small / not screened
B-23940,small / not screened
B-23941,small / not screened
B-23942,small / not screened
B-23943,small / not screened
B-23944,small / not screened
B-23945,small / not screened
B-23946,small / not screened
B-23947,small / not screened
B-23948,small / not screened
B-23949,White / cool coating
B-23950,small / not screened
B-23951,small / not screened
B-23952,small / not screened
B-23953,small / not screened
B-23954,small / not screened
B-23955,small / not screened
B-23956,small / not screened
B-23957,small / not screened
B-23958,small / not screened
B-23959,small / not screened
B-23960,small / not screened
B-23961,small / not screened
B-23962,small / not screened
B-23963,small / not screened
B-23964,small / not screened
B-23965,small / not screened
B-23966,small / not screened
B-23967,small / not screened
B-23968,small / not screened
B-23969,small / not screened
B-23970,small / not screened
B-23971,small / not screened
B-23972,small / not screened
B-23973,small / not screened
B-23974,small / not screened
B-23975,small / not screened
B-23976,small / not screened
B-23977,small / not screened
B-23978,small / not screened
B-23979,small / not screened
B-23980,small / not screened
B-23981,small / not screened
B-23982,small / not screened
B-23983,small / not screened
B-23984,small / not screened
B-23985,small / not screened
B-23986,small / not screened
B-23987,small / not screened
B-23988,small / not screened
B-23989,small / not screened
B-23990,small / not screened
B-23991,small / not screened
B-23992,small / not screened
B-23993,small / not screened
B-23994,small / not screened
B-23995,small / not screened
B-23996,small / not screened
B-23997,small / not screened
B-23998,small / not screened
B-23999,small / not screened
B-24000,Metal sheet (bare / painted)
B-24001,Concrete / cement
B-24002,Concrete / cement
B-24003,Concrete / cement
B-24004,Concrete / cement
B-24005,small / not screened
B-24006,small / not screened
B-24007,small / not screened
B-24008,small / not screened
B-24009,small / not screened
B-24010,small / not screened
B-24011,small / not screened
B-24012,small / not screened
B-24013,small / not screened
B-24014,small / not screened
B-24015,small / not screened
B-24016,small / not screened
B-24017,small / not screened
B-24018,small / not screened
B-24019,small / not screened
B-24020,small / not screened
B-24021,small / not screened
B-24022,small / not screened
B-24023,small / not screened
B-24024,small / not screened
B-24025,small / not screened
B-24026,small / not screened
B-24027,small / not screened
B-24028,small / not screened
B-24029,small / not screened
B-24030,small / not screened
B-24031,small / not screened
B-24032,small / not screened
B-24033,small / not screened
B-24034,small / not screened
B-24035,small / not screened
B-24036,small / not screened
B-24037,small / not screened
B-24038,small / not screened
B-24039,Metal sheet (bare / painted)
B-24040,Metal sheet (bare / painted)
B-24041,Concrete / cement
B-24042,Metal sheet (bare / painted)
B-24043,Metal sheet (bare / painted)
B-24044,White / cool coating
B-24045,Concrete / cement
B-24046,small / not screened
B-24047,small / not screened
B-24048,small / not screened
B-24049,small / not screened
B-24050,Concrete / cement
B-24051,small / not screened
B-24052,small / not screened
B-24053,small / not screened
B-24054,small / not screened
B-24055,small / not screened
B-24056,small / not screened
B-24057,small / not screened
B-24058,small / not screened
B-24059,small / not screened
B-24060,small / not screened
B-24061,small / not screened
B-24062,small / not screened
B-24063,small / not screened
B-24064,small / not screened
B-24065,small / not screened
B-24066,small / not screened
B-24067,small / not screened
B-24068,small / not screened
B-24069,small / not screened
B-24070,small / not screened
B-24071,small / not screened
B-24072,small / not screened
B-24073,small / not screened
B-24074,small / not screened
B-24075,small / not screened
B-24076,small / not screened
B-24077,small / not screened
B-24078,small / not screened
B-24079,small / not screened
B-24080,small / not screened
B-24081,small / not screened
B-24082,small / not screened
B-24083,small / not screened
B-24084,small / not screened
B-24085,Concrete / cement
B-24086,small / not screened
B-24087,small / not screened
B-24088,small / not screened
B-24089,small / not screened
B-24090,White / cool coating
B-24091,small / not screened
B-24092,White / cool coating
B-24093,Concrete / cement
B-24094,White / cool coating
B-24095,small / not screened
B-24096,small / not screened
B-24097,small / not screened
B-24098,small / not screened
B-24099,small / not screened
B-24100,small / not screened
B-24101,small / not screened
B-24102,small / not screened
B-24103,small / not screened
B-24104,small / not screened
B-24105,small / not screened
B-24106,small / not screened
B-24107,small / not screened
B-24108,small / not screened
B-24109,small / not screened
B-24110,small / not screened
B-24111,small / not screened
B-24112,small / not screened
B-24113,Concrete / cement
B-24114,small / not screened
B-24115,small / not screened
B-24116,small / not screened
B-24117,small / not screened
B-24118,small / not screened
B-24119,White / cool coating
B-24120,small / not screened
B-24121,small / not screened
B-24122,small / not screened
B-24123,small / not screened
B-24124,White / cool coating
B-24125,small / not screened
B-24126,small / not screened
B-24127,small / not screened
B-24128,small / not screened
B-24129,small / not screened
B-24130,small / not screened
B-24131,small / not screened
B-24132,small / not screened
B-24133,small / not screened
B-24134,small / not screened
B-24135,small / not screened
B-24136,small / not screened
B-24137,small / not screened
B-24138,small / not screened
B-24139,small / not screened
B-24140,small / not screened
B-24141,small / not screened
B-24142,small / not screened
B-24143,small / not screened
B-24144,small / not screened
B-24145,small / not screened
B-24146,small / not screened
B-24147,small / not screened
B-24148,small / not screened
B-24149,small / not screened
B-24150,small / not screened
B-24151,White / cool coating
B-24152,small / not screened
B-24153,small / not screened
B-24154,small / not screened
B-24155,small / not screened
B-24156,small / not screened
B-24157,small / not screened
B-24158,small / not screened
B-24159,small / not screened
B-24160,small / not screened
B-24161,small / not screened
B-24162,small / not screened
B-24163,small / not screened
B-24164,small / not screened
B-24165,small / not screened
B-24166,small / not screened
B-24167,White / cool coating
B-24168,White / cool coating
B-24169,small / not screened
B-24170,small / not screened
B-24171,small / not screened
B-24172,Concrete / cement
B-24173,small / not screened
B-24174,small / not screened
B-24175,small / not screened
B-24176,small / not screened
B-24177,small / not screened
B-24178,small / not screened
B-24179,small / not screened
B-24180,small / not screened
B-24181,small / not screened
B-24182,small / not screened
B-24183,small / not screened
B-24184,small / not screened
B-24185,small / not screened
B-24186,small / not screened
B-24187,White / cool coating
B-24188,small / not screened
B-24189,small / not screened
B-24190,White / cool coating
B-24191,small / not screened
B-24192,small / not screened
B-24193,White / cool coating
B-24194,small / not screened
B-24195,small / not screened
B-24196,small / not screened
B-24197,small / not screened
B-24198,small / not screened
B-24199,White / cool coating
B-24200,Concrete / cement
B-24201,small / not screened
B-24202,small / not screened
B-24203,small / not screened
B-24204,small / not screened
B-24205,small / not screened
B-24206,small / not screened
B-24207,small / not screened
B-24208,small / not screened
B-24209,small / not screened
B-24210,small / not screened
B-24211,small / not screened
B-24212,small / not screened
B-24213,White / cool coating
B-24214,White / cool coating
B-24215,Concrete / cement
B-24216,White / cool coating
B-24217,small / not screened
B-24218,White / cool coating
B-24219,small / not screened
B-24220,small / not screened
B-24221,small / not screened
B-24222,small / not screened
B-24223,White / cool coating
B-24224,small / not screened
B-24225,small / not screened
B-24226,small / not screened
B-24227,small / not screened
B-24228,small / not screened
B-24229,small / not screened
B-24230,small / not screened
B-24231,small / not screened
B-24232,small / not screened
B-24233,small / not screened
B-24234,small / not screened
B-24235,White / cool coating
B-24236,small / not screened
B-24237,small / not screened
B-24238,small / not screened
B-24239,small / not screened
B-24240,small / not screened
B-24241,small / not screened
B-24242,small / not screened
B-24243,small / not screened
B-24244,small / not screened
B-24245,small / not screened
B-24246,small / not screened
B-24247,small / not screened
B-24248,small / not screened
B-24249,small / not screened
B-24250,small / not screened
B-24251,small / not screened
B-24252,small / not screened
B-24253,small / not screened
B-24254,small / not screened
B-24255,small / not screened
B-24256,small / not screened
B-24257,small / not screened
B-24258,small / not screened
B-24259,small / not screened
B-24260,small / not screened
B-24261,small / not screened
B-24262,small / not screened
B-24263,small / not screened
B-24264,small / not screened
B-24265,White / cool coating
B-24266,small / not screened
B-24267,small / not screened
B-24268,small / not screened
B-24269,small / not screened
B-24270,Concrete / cement
B-24271,small / not screened
B-24272,small / not screened
B-24273,small / not screened
B-24274,small / not screened
B-24275,Concrete / cement
B-24276,Metal sheet (bare / painted)
B-24277,small / not screened
B-24278,small / not screened
B-24279,small / not screened
B-24280,small / not screened
B-24281,small / not screened
B-24282,small / not screened
B-24283,White / cool coating
B-24284,small / not screened
B-24285,White / cool coating
B-24286,small / not screened
B-24287,small / not screened
B-24288,small / not screened
B-24289,small / not screened
B-24290,Concrete / cement
B-24291,small / not screened
B-24292,small / not screened
B-24293,small / not screened
B-24294,small / not screened
B-24295,small / not screened
B-24296,small / not screened
B-24297,small / not screened
B-24298,small / not screened
B-24299,small / not screened
B-24300,small / not screened
B-24301,small / not screened
B-24302,small / not screened
B-24303,Metal sheet (bare / painted)
B-24304,Concrete / cement
B-24305,Metal sheet (bare / painted)
B-24306,Concrete / cement
B-24307,small / not screened
B-24308,small / not screened
B-24309,small / not screened
B-24310,small / not screened
B-24311,small / not screened
B-24312,small / not screened
B-24313,small / not screened
B-24314,small / not screened
B-24315,small / not screened
B-24316,small / not screened
B-24317,small / not screened
B-24318,small / not screened
B-24319,small / not screened
B-24320,small / not screened
B-24321,Concrete / cement
B-24322,White / cool coating
B-24323,small / not screened
B-24324,small / not screened
B-24325,small / not screened
B-24326,small / not screened
B-24327,small / not screened
B-24328,small / not screened
B-24329,small / not screened
B-24330,small / not screened
B-24331,small / not screened
B-24332,small / not screened
B-24333,small / not screened
B-24334,small / not screened
B-24335,small / not screened
B-24336,small / not screened
B-24337,small / not screened
B-24338,small / not screened
B-24339,small / not screened
B-24340,small / not screened
B-24341,small / not screened
B-24342,small / not screened
B-24343,small / not screened
B-24344,small / not screened
B-24345,small / not screened
B-24346,small / not screened
B-24347,small / not screened
B-24348,small / not screened
B-24349,small / not screened
B-24350,small / not screened
B-24351,small / not screened
B-24352,small / not screened
B-24353,small / not screened
B-24354,small / not screened
B-24355,small / not screened
B-24356,small / not screened
B-24357,small / not screened
B-24358,small / not screened
B-24359,small / not screened
B-24360,small / not screened
B-24361,small / not screened
B-24362,small / not screened
B-24363,small / not screened
B-24364,small / not screened
B-24365,small / not screened
B-24366,small / not screened
B-24367,small / not screened
B-24368,small / not screened
B-24369,small / not screened
B-24370,small / not screened
B-24371,Concrete / cement
B-24372,small / not screened
B-24373,small / not screened
B-24374,small / not screened
B-24375,small / not screened
B-24376,small / not screened
B-24377,small / not screened
B-24378,small / not screened
B-24379,small / not screened
B-24380,small / not screened
B-24381,small / not screened
B-24382,small / not screened
B-24383,small / not screened
B-24384,small / not screened
B-24385,small / not screened
B-24386,small / not screened
B-24387,small / not screened
B-24388,small / not screened
B-24389,small / not screened
B-24390,small / not screened
B-24391,small / not screened
B-24392,small / not screened
B-24393,small / not screened
B-24394,small / not screened
B-24395,small / not screened
B-24396,small / not screened
B-24397,small / not screened
B-24398,small / not screened
B-24399,small / not screened
B-24400,small / not screened
B-24401,White / cool coating
B-24402,small / not screened
B-24403,small / not screened
B-24404,small / not screened
B-24405,small / not screened
B-24406,small / not screened
B-24407,small / not screened
B-24408,small / not screened
B-24409,small / not screened
B-24410,small / not screened
B-24411,Concrete / cement
B-24412,small / not screened
B-24413,small / not screened
B-24414,Metal sheet (bare / painted)
B-24415,Concrete / cement
B-24416,small / not screened
B-24417,small / not screened
B-24418,small / not screened
B-24419,small / not screened
B-24420,White / cool coating
B-24421,small / not screened
B-24422,small / not screened
B-24423,White / cool coating
B-24424,small / not screened
B-24425,White / cool coating
B-24426,small / not screened
B-24427,small / not screened
B-24428,small / not screened
B-24429,small / not screened
B-24430,small / not screened
B-24431,small / not screened
B-24432,small / not screened
B-24433,small / not screened
B-24434,small / not screened
B-24435,small / not screened
B-24436,small / not screened
B-24437,small / not screened
B-24438,small / not screened
B-24439,small / not screened
B-24440,small / not screened
B-24441,small / not screened
B-24442,small / not screened
B-24443,small / not screened
B-24444,Concrete / cement
B-24445,Metal sheet (bare / painted)
B-24446,Concrete / cement
B-24447,small / not screened
B-24448,small / not screened
B-24449,small / not screened
B-24450,small / not screened
B-24451,small / not screened
B-24452,small / not screened
B-24453,small / not screened
B-24454,small / not screened
B-24455,small / not screened
B-24456,small / not screened
B-24457,small / not screened
B-24458,small / not screened
B-24459,small / not screened
B-24460,small / not screened
B-24461,small / not screened
B-24462,small / not screened
B-24463,small / not screened
B-24464,small / not screened
B-24465,small / not screened
B-24466,small / not screened
B-24467,small / not screened
B-24468,small / not screened
B-24469,small / not screened
B-24470,small / not screened
B-24471,small / not screened
B-24472,small / not screened
B-24473,small / not screened
B-24474,small / not screened
B-24475,small / not screened
B-24476,small / not screened
B-24477,small / not screened
B-24478,small / not screened
B-24479,small / not screened
B-24480,small / not screened
B-24481,small / not screened
B-24482,small / not screened
B-24483,small / not screened
B-24484,small / not screened
B-24485,small / not screened
B-24486,small / not screened
B-24487,small / not screened
B-24488,small / not screened
B-24489,small / not screened
B-24490,small / not screened
B-24491,small / not screened
B-24492,small / not screened
B-24493,small / not screened
B-24494,small / not screened
B-24495,small / not screened
B-24496,small / not screened
B-24497,small / not screened
B-24498,small / not screened
B-24499,small / not screened
B-24500,small / not screened
B-24501,small / not screened
B-24502,small / not screened
B-24503,small / not screened
B-24504,small / not screened
B-24505,small / not screened
B-24506,small / not screened
B-24507,small / not screened
B-24508,small / not screened
B-24509,small / not screened
B-24510,small / not screened
B-24511,small / not screened
B-24512,small / not screened
B-24513,small / not screened
B-24514,small / not screened
B-24515,small / not screened
B-24516,small / not screened
B-24517,small / not screened
B-24518,small / not screened
B-24519,small / not screened
B-24520,small / not screened
B-24521,small / not screened
B-24522,small / not screened
B-24523,small / not screened
B-24524,small / not screened
B-24525,small / not screened
B-24526,small / not screened
B-24527,small / not screened
B-24528,small / not screened
B-24529,small / not screened
B-24530,small / not screened
B-24531,Concrete / cement
B-24532,small / not screened
B-24533,small / not screened
B-24534,small / not screened
B-24535,small / not screened
B-24536,small / not screened
B-24537,small / not screened
B-24538,small / not screened
B-24539,small / not screened
B-24540,small / not screened
B-24541,small / not screened
B-24542,small / not screened
B-24543,small / not screened
B-24544,small / not screened
B-24545,small / not screened
B-24546,small / not screened
B-24547,small / not screened
B-24548,small / not screened
B-24549,small / not screened
B-24550,small / not screened
B-24551,small / not screened
B-24552,small / not screened
B-24553,small / not screened
B-24554,small / not screened
B-24555,small / not screened
B-24556,small / not screened
B-24557,small / not screened
B-24558,small / not screened
B-24559,small / not screened
B-24560,small / not screened
B-24561,small / not screened
B-24562,small / not screened
B-24563,small / not screened
B-24564,small / not screened
B-24565,small / not screened
B-24566,small / not screened
B-24567,small / not screened
B-24568,small / not screened
B-24569,small / not screened
B-24570,small / not screened
B-24571,small / not screened
B-24572,small / not screened
B-24573,small / not screened
B-24574,small / not screened
B-24575,small / not screened
B-24576,small / not screened
B-24577,small / not screened
B-24578,small / not screened
B-24579,small / not screened
B-24580,small / not screened
B-24581,small / not screened
B-24582,small / not screened
B-24583,small / not screened
B-24584,small / not screened
B-24585,small / not screened
B-24586,small / not screened
B-24587,small / not screened
B-24588,small / not screened
B-24589,small / not screened
B-24590,White / cool coating
B-24591,Concrete / cement
B-24592,small / not screened
B-24593,small / not screened
B-24594,small / not screened
B-24595,Metal sheet (bare / painted)
B-24596,small / not screened
B-24597,small / not screened
B-24598,Metal sheet (bare / painted)
B-24599,small / not screened
B-24600,small / not screened
B-24601,Metal sheet (bare / painted)
B-24602,small / not screened
B-24603,small / not screened
B-24604,small / not screened
B-24605,small / not screened
B-24606,small / not screened
B-24607,small / not screened
B-24608,small / not screened
B-24609,small / not screened
B-24610,small / not screened
B-24611,small / not screened
B-24612,small / not screened
B-24613,small / not screened
B-24614,small / not screened
B-24615,small / not screened
B-24616,small / not screened
B-24617,small / not screened
B-24618,small / not screened
B-24619,small / not screened
B-24620,small / not screened
B-24621,small / not screened
B-24622,small / not screened
B-24623,small / not screened
B-24624,small / not screened
B-24625,small / not screened
B-24626,small / not screened
B-24627,small / not screened
B-24628,small / not screened
B-24629,small / not screened
B-24630,small / not screened
B-24631,small / not screened
B-24632,small / not screened
B-24633,small / not screened
B-24634,small / not screened
B-24635,small / not screened
B-24636,Metal sheet (bare / painted)
B-24637,small / not screened
B-24638,small / not screened
B-24639,small / not screened
B-24640,small / not screened
B-24641,small / not screened
B-24642,small / not screened
B-24643,small / not screened
B-24644,small / not screened
B-24645,small / not screened
B-24646,small / not screened
B-24647,small / not screened
B-24648,small / not screened
B-24649,small / not screened
B-24650,small / not screened
B-24651,small / not screened
B-24652,small / not screened
B-24653,small / not screened
B-24654,small / not screened
B-24655,small / not screened
B-24656,small / not screened
B-24657,small / not screened
B-24658,small / not screened
B-24659,small / not screened
B-24660,small / not screened
B-24661,small / not screened
B-24662,Concrete / cement
B-24663,Concrete / cement
B-24664,small / not screened
B-24665,Concrete / cement
B-24666,small / not screened
B-24667,small / not screened
B-24668,small / not screened
B-24669,small / not screened
B-24670,small / not screened
B-24671,small / not screened
B-24672,small / not screened
B-24673,small / not screened
B-24674,small / not screened
B-24675,small / not screened
B-24676,small / not screened
B-24677,small / not screened
B-24678,small / not screened
B-24679,small / not screened
B-24680,small / not screened
B-24681,small / not screened
B-24682,small / not screened
B-24683,small / not screened
B-24684,small / not screened
B-24685,small / not screened
B-24686,small / not screened
B-24687,small / not screened
B-24688,small / not screened
B-24689,small / not screened
B-24690,small / not screened
B-24691,small / not screened
B-24692,small / not screened
B-24693,small / not screened
B-24694,small / not screened
B-24695,small / not screened
B-24696,small / not screened
B-24697,small / not screened
B-24698,small / not screened
B-24699,small / not screened
B-24700,small / not screened
B-24701,small / not screened
B-24702,small / not screened
B-24703,small / not screened
B-24704,small / not screened
B-24705,small / not screened
B-24706,small / not screened
B-24707,Concrete / cement
B-24708,small / not screened
B-24709,small / not screened
B-24710,Concrete / cement
B-24711,Concrete / cement
B-24712,small / not screened
B-24713,small / not screened
B-24714,small / not screened
B-24715,small / not screened
B-24716,small / not screened
B-24717,small / not screened
B-24718,small / not screened
B-24719,small / not screened
B-24720,Concrete / cement
B-24721,small / not screened
B-24722,small / not screened
B-24723,small / not screened
B-24724,small / not screened
B-24725,small / not screened
B-24726,small / not screened
B-24727,small / not screened
B-24728,small / not screened
B-24729,Concrete / cement
B-24730,Metal sheet (bare / painted)
B-24731,Concrete / cement
B-24732,small / not screened
B-24733,Concrete / cement
B-24734,small / not screened
B-24735,small / not screened
B-24736,small / not screened
B-24737,Concrete / cement
B-24738,small / not screened
B-24739,small / not screened
B-24740,small / not screened
B-24741,small / not screened
B-24742,small / not screened
B-24743,Concrete / cement
B-24744,Concrete / cement
B-24745,small / not screened
B-24746,small / not screened
B-24747,small / not screened
B-24748,small / not screened
B-24749,Concrete / cement
B-24750,small / not screened
B-24751,Concrete / cement
B-24752,Concrete / cement
B-24753,small / not screened
B-24754,small / not screened
B-24755,Concrete / cement
B-24756,small / not screened
B-24757,small / not screened
B-24758,White / cool coating
B-24759,small / not screened
B-24760,small / not screened
B-24761,small / not screened
B-24762,Concrete / cement
B-24763,small / not screened
B-24764,small / not screened
B-24765,small / not screened
B-24766,small / not screened
B-24767,White / cool coating
B-24768,small / not screened
B-24769,Metal sheet (bare / painted)
B-24770,small / not screened
B-24771,small / not screened
B-24772,small / not screened
B-24773,small / not screened
B-24774,small / not screened
B-24775,small / not screened
B-24776,small / not screened
B-24777,small / not screened
B-24778,small / not screened
B-24779,Concrete / cement
B-24780,small / not screened
B-24781,small / not screened
B-24782,small / not screened
B-24783,small / not screened
B-24784,small / not screened
B-24785,small / not screened
B-24786,small / not screened
B-24787,Concrete / cement
B-24788,small / not screened
B-24789,small / not screened
B-24790,Concrete / cement
B-24791,small / not screened
B-24792,small / not screened
B-24793,White / cool coating
B-24794,small / not screened
B-24795,small / not screened
B-24796,small / not screened
B-24797,small / not screened
B-24798,small / not screened
B-24799,small / not screened
B-24800,small / not screened
B-24801,small / not screened
B-24802,small / not screened
B-24803,small / not screened
B-24804,small / not screened
B-24805,small / not screened
B-24806,small / not screened
B-24807,small / not screened
B-24808,small / not screened
B-24809,White / cool coating
B-24810,small / not screened
B-24811,small / not screened
B-24812,White / cool coating
B-24813,small / not screened
B-24814,small / not screened
B-24815,small / not screened
B-24816,small / not screened
B-24817,small / not screened
B-24818,small / not screened
B-24819,small / not screened
B-24820,White / cool coating
B-24821,small / not screened
B-24822,White / cool coating
B-24823,White / cool coating
B-24824,small / not screened
B-24825,White / cool coating
B-24826,White / cool coating
B-24827,small / not screened
B-24828,small / not screened
B-24829,small / not screened
B-24830,Concrete / cement
B-24831,White / cool coating
B-24832,White / cool coating
B-24833,small / not screened
B-24834,White / cool coating
B-24835,small / not screened
B-24836,small / not screened
B-24837,small / not screened
B-24838,small / not screened
B-24839,small / not screened
B-24840,small / not screened
B-24841,small / not screened
B-24842,small / not screened
B-24843,small / not screened
B-24844,small / not screened
B-24845,small / not screened
B-24846,small / not screened
B-24847,Metal sheet (bare / painted)
B-24848,Metal sheet (bare / painted)
B-24849,small / not screened
B-24850,small / not screened
B-24851,small / not screened
B-24852,small / not screened
B-24853,small / not screened
B-24854,small / not screened
B-24855,small / not screened
B-24856,Concrete / cement
B-24857,small / not screened
B-24858,small / not screened
B-24859,small / not screened
B-24860,Concrete / cement
B-24861,Metal sheet (bare / painted)
B-24862,Metal sheet (bare / painted)
B-24863,Concrete / cement
B-24864,small / not screened
B-24865,small / not screened
B-24866,small / not screened
B-24867,small / not screened
B-24868,small / not screened
B-24869,small / not screened
B-24870,small / not screened
B-24871,small / not screened
B-24872,small / not screened
B-24873,small / not screened
B-24874,White / cool coating
B-24875,small / not screened
B-24876,White / cool coating
B-24877,small / not screened
B-24878,Concrete / cement
B-24879,small / not screened
B-24880,White / cool coating
B-24881,small / not screened
B-24882,small / not screened
B-24883,small / not screened
B-24884,small / not screened
B-24885,small / not screened
B-24886,small / not screened
B-24887,small / not screened
B-24888,White / cool coating
B-24889,small / not screened
B-24890,small / not screened
B-24891,small / not screened
B-24892,small / not screened
B-24893,small / not screened
B-24894,small / not screened
B-24895,small / not screened
B-24896,small / not screened
B-24897,small / not screened
B-24898,small / not screened
B-24899,small / not screened
B-24900,small / not screened
B-24901,small / not screened
B-24902,small / not screened
B-24903,small / not screened
B-24904,small / not screened
B-24905,small / not screened
B-24906,Concrete / cement
B-24907,small / not screened
B-24908,White / cool coating
B-24909,small / not screened
B-24910,small / not screened
B-24911,small / not screened
B-24912,small / not screened
B-24913,Concrete / cement
B-24914,Metal sheet (bare / painted)
B-24915,small / not screened
B-24916,small / not screened
B-24917,small / not screened
B-24918,Concrete / cement
B-24919,Concrete / cement
B-24920,small / not screened
B-24921,small / not screened
B-24922,small / not screened
B-24923,Concrete / cement
B-24924,small / not screened
B-24925,Concrete / cement
B-24926,small / not screened
B-24927,small / not screened
B-24928,small / not screened
B-24929,Concrete / cement
B-24930,Concrete / cement
B-24931,small / not screened
B-24932,small / not screened
B-24933,small / not screened
B-24934,small / not screened
B-24935,small / not screened
B-24936,Concrete / cement
B-24937,Metal sheet (bare / painted)
B-24938,small / not screened
B-24939,Concrete / cement
B-24940,small / not screened
B-24941,small / not screened
B-24942,Metal sheet (bare / painted)
B-24943,small / not screened
B-24944,small / not screened
B-24945,small / not screened
B-24946,small / not screened
B-24947,small / not screened
B-24948,small / not screened
B-24949,small / not screened
B-24950,small / not screened
B-24951,small / not screened
B-24952,small / not screened
B-24953,small / not screened
B-24954,small / not screened
B-24955,small / not screened
B-24956,small / not screened
B-24957,small / not screened
B-24958,small / not screened
B-24959,small / not screened
B-24960,small / not screened
B-24961,small / not screened
B-24962,small / not screened
B-24963,small / not screened
B-24964,small / not screened
B-24965,small / not screened
B-24966,Concrete / cement
B-24967,Concrete / cement
B-24968,small / not screened
B-24969,Concrete / cement
B-24970,Metal sheet (bare / painted)
B-24971,Metal sheet (bare / painted)
B-24972,small / not screened
B-24973,small / not screened
B-24974,small / not screened
B-24975,Concrete / cement
B-24976,small / not screened
B-24977,small / not screened
B-24978,small / not screened
B-24979,small / not screened
B-24980,small / not screened
B-24981,White / cool coating
B-24982,White / cool coating
B-24983,small / not screened
B-24984,small / not screened
B-24985,White / cool coating
B-24986,small / not screened
B-24987,small / not screened
B-24988,small / not screened
B-24989,Metal sheet (bare / painted)
B-24990,small / not screened
B-24991,small / not screened
B-24992,small / not screened
B-24993,small / not screened
B-24994,small / not screened
B-24995,small / not screened
B-24996,small / not screened
B-24997,small / not screened
B-24998,small / not screened
B-24999,small / not screened
B-25000,small / not screened
B-25001,small / not screened
B-25002,small / not screened
B-25003,Metal sheet (bare / painted)
B-25004,small / not screened
B-25005,small / not screened
B-25006,small / not screened
B-25007,Metal sheet (bare / painted)
B-25008,small / not screened
B-25009,small / not screened
B-25010,small / not screened
B-25011,White / cool coating
B-25012,small / not screened
B-25013,small / not screened
B-25014,small / not screened
B-25015,small / not screened
B-25016,small / not screened
B-25017,small / not screened
B-25018,Metal sheet (bare / painted)
B-25019,Metal sheet (bare / painted)
B-25020,small / not screened
B-25021,small / not screened
B-25022,small / not screened
B-25023,small / not screened
B-25024,small / not screened
B-25025,small / not screened
B-25026,small / not screened
B-25027,small / not screened
B-25028,small / not screened
B-25029,Concrete / cement
B-25030,small / not screened
B-25031,small / not screened
B-25032,small / not screened
B-25033,Concrete / cement
B-25034,Concrete / cement
B-25035,small / not screened
B-25036,small / not screened
B-25037,Concrete / cement
B-25038,Concrete / cement
B-25039,small / not screened
B-25040,Concrete / cement
B-25041,Concrete / cement
B-25042,Concrete / cement
B-25043,small / not screened
B-25044,small / not screened
B-25045,Concrete / cement
B-25046,Concrete / cement
B-25047,Concrete / cement
B-25048,small / not screened
B-25049,Concrete / cement
B-25050,small / not screened
B-25051,Concrete / cement
B-25052,small / not screened
B-25053,small / not screened
B-25054,White / cool coating
B-25055,small / not screened
B-25056,Concrete / cement
B-25057,Concrete / cement
B-25058,Concrete / cement
B-25059,small / not screened
B-25060,small / not screened
B-25061,small / not screened
B-25062,Concrete / cement
B-25063,small / not screened
B-25064,small / not screened
B-25065,small / not screened
B-25066,small / not screened
B-25067,small / not screened
B-25068,small / not screened
B-25069,small / not screened
B-25070,small / not screened
B-25071,small / not screened
B-25072,small / not screened
B-25073,small / not screened
B-25074,Concrete / cement
B-25075,small / not screened
B-25076,small / not screened
B-25077,Concrete / cement
B-25078,small / not screened
B-25079,Concrete / cement
B-25080,Concrete / cement
B-25081,small / not screened
B-25082,small / not screened
B-25083,small / not screened
B-25084,small / not screened
B-25085,small / not screened
B-25086,small / not screened
B-25087,Concrete / cement
B-25088,small / not screened
B-25089,Concrete / cement
B-25090,small / not screened
B-25091,small / not screened
B-25092,Concrete / cement
B-25093,White / cool coating
B-25094,Concrete / cement
B-25095,small / not screened
B-25096,Concrete / cement
B-25097,small / not screened
B-25098,small / not screened
B-25099,Concrete / cement
B-25100,small / not screened
B-25101,small / not screened
B-25102,small / not screened
B-25103,small / not screened
B-25104,small / not screened
B-25105,White / cool coating
B-25106,small / not screened
B-25107,White / cool coating
B-25108,small / not screened
B-25109,small / not screened
B-25110,small / not screened
B-25111,White / cool coating
B-25112,small / not screened
B-25113,small / not screened
B-25114,small / not screened
B-25115,small / not screened
B-25116,small / not screened
B-25117,small / not screened
B-25118,small / not screened
B-25119,small / not screened
B-25120,small / not screened
B-25121,small / not screened
B-25122,small / not screened
B-25123,small / not screened
B-25124,White / cool coating
B-25125,small / not screened
B-25126,small / not screened
B-25127,White / cool coating
B-25128,small / not screened
B-25129,small / not screened
B-25130,small / not screened
B-25131,White / cool coating
B-25132,small / not screened
B-25133,White / cool coating
B-25134,small / not screened
B-25135,small / not screened
B-25136,small / not screened
B-25137,White / cool coating
B-25138,small / not screened
B-25139,small / not screened
B-25140,White / cool coating
B-25141,White / cool coating
B-25142,small / not screened
B-25143,small / not screened
B-25144,small / not screened
B-25145,small / not screened
B-25146,small / not screened
B-25147,small / not screened
B-25148,small / not screened
B-25149,Concrete / cement
B-25150,small / not screened
B-25151,small / not screened
B-25152,small / not screened
B-25153,small / not screened
B-25154,small / not screened
B-25155,small / not screened
B-25156,small / not screened
B-25157,small / not screened
B-25158,small / not screened
B-25159,Concrete / cement
B-25160,small / not screened
B-25161,small / not screened
B-25162,small / not screened
B-25163,Concrete / cement
B-25164,small / not screened
B-25165,White / cool coating
B-25166,small / not screened
B-25167,small / not screened
B-25168,small / not screened
B-25169,small / not screened
B-25170,White / cool coating
B-25171,small / not screened
B-25172,small / not screened
B-25173,White / cool coating
B-25174,small / not screened
B-25175,small / not screened
B-25176,small / not screened
B-25177,small / not screened
B-25178,small / not screened
B-25179,small / not screened
B-25180,small / not screened
B-25181,small / not screened
B-25182,small / not screened
B-25183,White / cool coating
B-25184,small / not screened
B-25185,Metal sheet (bare / painted)
B-25186,Concrete / cement
B-25187,small / not screened
B-25188,small / not screened
B-25189,small / not screened
B-25190,small / not screened
B-25191,small / not screened
B-25192,small / not screened
B-25193,small / not screened
B-25194,Concrete / cement
B-25195,small / not screened
B-25196,small / not screened
B-25197,small / not screened
B-25198,White / cool coating
B-25199,small / not screened
B-25200,small / not screened
B-25201,White / cool coating
B-25202,small / not screened
B-25203,small / not screened
B-25204,small / not screened
B-25205,small / not screened
B-25206,small / not screened
B-25207,small / not screened
B-25208,small / not screened
B-25209,small / not screened
B-25210,small / not screened
B-25211,Metal sheet (bare / painted)
B-25212,small / not screened
B-25213,small / not screened
B-25214,small / not screened
B-25215,small / not screened
B-25216,small / not screened
B-25217,small / not screened
B-25218,White / cool coating
B-25219,small / not screened
B-25220,small / not screened
B-25221,White / cool coating
B-25222,small / not screened
B-25223,small / not screened
B-25224,small / not screened
B-25225,small / not screened
B-25226,White / cool coating
B-25227,small / not screened
B-25228,White / cool coating
B-25229,small / not screened
B-25230,small / not screened
B-25231,small / not screened
B-25232,small / not screened
B-25233,small / not screened
B-25234,White / cool coating
B-25235,small / not screened
B-25236,small / not screened
B-25237,Concrete / cement
B-25238,small / not screened
B-25239,Metal sheet (bare / painted)
B-25240,small / not screened
B-25241,small / not screened
B-25242,small / not screened
B-25243,small / not screened
B-25244,small / not screened
B-25245,small / not screened
B-25246,Concrete / cement
B-25247,small / not screened
B-25248,small / not screened
B-25249,small / not screened
B-25250,small / not screened
B-25251,small / not screened
B-25252,small / not screened
B-25253,White / cool coating
B-25254,small / not screened
B-25255,small / not screened
B-25256,small / not screened
B-25257,small / not screened
B-25258,White / cool coating
B-25259,small / not screened
B-25260,small / not screened
B-25261,small / not screened
B-25262,small / not screened
B-25263,small / not screened
B-25264,small / not screened
B-25265,small / not screened
B-25266,small / not screened
B-25267,small / not screened
B-25268,small / not screened
B-25269,White / cool coating
B-25270,small / not screened
B-25271,small / not screened
B-25272,small / not screened
B-25273,White / cool coating
B-25274,Concrete / cement
B-25275,White / cool coating
B-25276,White / cool coating
B-25277,Concrete / cement
B-25278,small / not screened
B-25279,small / not screened
B-25280,small / not screened
B-25281,small / not screened
B-25282,small / not screened
B-25283,small / not screened
B-25284,Concrete / cement
B-25285,small / not screened
B-25286,small / not screened
B-25287,Concrete / cement
B-25288,small / not screened
B-25289,small / not screened
B-25290,White / cool coating
B-25291,small / not screened
B-25292,small / not screened
B-25293,small / not screened
B-25294,small / not screened
B-25295,small / not screened
B-25296,small / not screened
B-25297,small / not screened
B-25298,small / not screened
B-25299,Metal sheet (bare / painted)
B-25300,Concrete / cement
B-25301,small / not screened
B-25302,small / not screened
B-25303,small / not screened
B-25304,small / not screened
B-25305,Concrete / cement
B-25306,small / not screened
B-25307,small / not screened
B-25308,small / not screened
B-25309,small / not screened
B-25310,Concrete / cement
B-25311,White / cool coating
B-25312,small / not screened
B-25313,small / not screened
B-25314,White / cool coating
B-25315,Concrete / cement
B-25316,Concrete / cement
B-25317,Concrete / cement
B-25318,small / not screened
B-25319,White / cool coating
B-25320,small / not screened
B-25321,small / not screened
B-25322,small / not screened
B-25323,small / not screened
B-25324,small / not screened
B-25325,small / not screened
B-25326,small / not screened
B-25327,small / not screened
B-25328,White / cool coating
B-25329,White / cool coating
B-25330,small / not screened
B-25331,small / not screened
B-25332,small / not screened
B-25333,small / not screened
B-25334,small / not screened
B-25335,small / not screened
B-25336,small / not screened
B-25337,small / not screened
B-25338,small / not screened
B-25339,small / not screened
B-25340,small / not screened
B-25341,small / not screened
B-25342,small / not screened
B-25343,small / not screened
B-25344,small / not screened
B-25345,small / not screened
B-25346,small / not screened
B-25347,small / not screened
B-25348,small / not screened
B-25349,small / not screened
B-25350,small / not screened
B-25351,small / not screened
B-25352,small / not screened
B-25353,small / not screened
B-25354,Concrete / cement
B-25355,Concrete / cement
B-25356,Concrete / cement
B-25357,small / not screened
B-25358,Concrete / cement
B-25359,small / not screened
B-25360,Concrete / cement
B-25361,small / not screened
B-25362,Concrete / cement
B-25363,small / not screened
B-25364,small / not screened
B-25365,small / not screened
B-25366,small / not screened
B-25367,small / not screened
B-25368,small / not screened
B-25369,small / not screened
B-25370,small / not screened
B-25371,small / not screened
B-25372,small / not screened
B-25373,small / not screened
B-25374,small / not screened
B-25375,small / not screened
B-25376,small / not screened
B-25377,White / cool coating
B-25378,small / not screened
B-25379,small / not screened
B-25380,small / not screened
B-25381,small / not screened
B-25382,small / not screened
B-25383,small / not screened
B-25384,small / not screened
B-25385,small / not screened
B-25386,small / not screened
B-25387,small / not screened
B-25388,small / not screened
B-25389,small / not screened
B-25390,small / not screened
B-25391,small / not screened
B-25392,small / not screened
B-25393,Metal sheet (bare / painted)
B-25394,Concrete / cement
B-25395,Concrete / cement
B-25396,Concrete / cement
B-25397,small / not screened
B-25398,White / cool coating
B-25399,Concrete / cement
B-25400,Metal sheet (bare / painted)
B-25401,Metal sheet (bare / painted)
B-25402,White / cool coating
B-25403,Metal sheet (bare / painted)
B-25404,small / not screened
B-25405,small / not screened
B-25406,small / not screened
B-25407,White / cool coating
B-25408,small / not screened
B-25409,small / not screened
B-25410,small / not screened
B-25411,small / not screened
B-25412,small / not screened
B-25413,small / not screened
B-25414,small / not screened
B-25415,small / not screened
B-25416,small / not screened
B-25417,small / not screened
B-25418,White / cool coating
B-25419,Concrete / cement
B-25420,Concrete / cement
B-25421,small / not screened
B-25422,Concrete / cement
B-25423,Concrete / cement
B-25424,Concrete / cement
B-25425,Concrete / cement
B-25426,Concrete / cement
B-25427,Metal sheet (bare / painted)
B-25428,small / not screened
B-25429,Concrete / cement
B-25430,Metal sheet (bare / painted)
B-25431,White / cool coating
B-25432,Concrete / cement
B-25433,Concrete / cement
B-25434,White / cool coating
B-25435,White / cool coating
B-25436,small / not screened
B-25437,small / not screened
B-25438,White / cool coating
B-25439,small / not screened
B-25440,small / not screened
B-25441,Concrete / cement
B-25442,small / not screened
B-25443,small / not screened
B-25444,Concrete / cement
B-25445,small / not screened
B-25446,small / not screened
B-25447,Concrete / cement
B-25448,Concrete / cement
B-25449,small / not screened
B-25450,small / not screened
B-25451,White / cool coating
B-25452,White / cool coating
B-25453,White / cool coating
B-25454,Metal sheet (bare / painted)
B-25455,Metal sheet (bare / painted)
B-25456,small / not screened
B-25457,Concrete / cement
B-25458,Concrete / cement
B-25459,White / cool coating
B-25460,small / not screened
B-25461,small / not screened
B-25462,White / cool coating
