{
"type": "FeatureCollection",
"name": "musaffah_objects_near_hotspots",
"crs": { "type": "name", "properties": { "name": "urn:ogc:def:crs:OGC:1.3:CRS84" } },
"features": [
{ "type": "Feature", "properties": { "id": "B-00029", "area_m2": 1729.0, "surface_label": "Building / roof", "p_roof": 0.69, "dark_roof": false, "heat_zone": "lower", "LST_C": 55.3, "new_since_2017": false, "street": "Mohammed Bin Khalifa Al Kindi Street", "action": "" }, "geometry": { "type": "Polygon", "coordinates": [ [ [ 54.508621720499711, 24.346693429032168 ], [ 54.509235407213545, 24.34670998163234 ], [ 54.509227254701322, 24.346960273744031 ], [ 54.508613569260937, 24.346943682079637 ], [ 54.508621720499711, 24.346693429032168 ] ] ] } },
{ "type": "Feature", "properties": { "id": "B-00037", "area_m2": 342.0, "surface_label": "Building / roof", "p_roof": 0.76, "dark_roof": true, "heat_zone": "elevated", "LST_C": 56.099998, "new_since_2017": false, "street": "Al Mazj 3 Street", "action": "" }, "geometry": { "type": "Polygon", "coordinates": [ [ [ 54.513124990208837, 24.366760083445268 ], [ 54.513359742291769, 24.366767716351458 ], [ 54.513354684476802, 24.366897045999661 ], [ 54.51311992246977, 24.366889412778605 ], [ 54.513124990208837, 24.366760083445268 ] ] ] } },
{ "type": "Feature", "properties": { "id": "B-00042", "area_m2": 233.0, "surface_label": "Building / roof", "p_roof": 0.81, "dark_roof": false, "heat_zone": "elevated", "LST_C": 56.400002, "new_since_2017": true, "street": "Al Hayal Street", "action": "" }, "geometry": { "type": "Polygon", "coordinates": [ [ [ 54.511954551552002, 24.344334015712377 ], [ 54.511994740828989, 24.34433522530588 ], [ 54.511976065341507, 24.344850286938847 ], [ 54.511935876064527, 24.344849077350258 ], [ 54.511954551552002, 24.344334015712377 ] ] ] } },
{ "type": "Feature", "properties": { "id": "B-00062", "area_m2": 324.0, "surface_label": "Building / roof", "p_roof": 0.36, "dark_roof": true, "heat_zone": "elevated", "LST_C": 56.5, "new_since_2017": false, "street": "Al Mazj 1 Street", "action": "" }, "geometry": { "type": "Polygon", "coordinates": [ [ [ 54.514891460057115, 24.367424096600171 ], [ 54.514897085654262, 24.367266975723794 ], [ 54.515080250297714, 24.367272405765359 ], [ 54.515074636343094, 24.367429538658399 ], [ 54.514891460057115, 24.367424096600171 ] ] ] } },
{ "type": "Feature", "properties": { "id": "B-00077", "area_m2": 837.0, "surface_label": "Building / roof", "p_roof": 0.86, "dark_roof": false, "heat_zone": "high", "LST_C": 57.099998, "new_since_2017": false, "street": "Ar Rasin 2 Street", "action": "Monitor / shade around" }, "geometry": { "type": "Polygon", "coordinates": [ [ [ 54.518104494711814, 24.367249202451685 ], [ 54.518108333710408, 24.367136920579767 ], [ 54.518770197321366, 24.367155698067894 ], [ 54.518766358322807, 24.367267979923149 ], [ 54.518104494711814, 24.367249202451685 ] ] ] } },
{ "type": "Feature", "properties": { "id": "B-00088", "area_m2": 1179.0, "surface_label": "Building / roof", "p_roof": 0.97, "dark_roof": false, "heat_zone": "lower", "LST_C": 55.700001, "new_since_2017": false, "street": "Al Hayal Street", "action": "" }, "geometry": { "type": "Polygon", "coordinates": [ [ [ 54.51065059830583, 24.365706508956247 ], [ 54.510932061840499, 24.365712789599055 ], [ 54.510922080495668, 24.366085026802931 ], [ 54.510640616480131, 24.366078764112565 ], [ 54.51065059830583, 24.365706508956247 ] ] ] } },
{ "type": "Feature", "properties": { "id": "B-00103", "area_m2": 29.0, "surface_label": "Building / roof", "p_roof": 0.72, "dark_roof": true, "heat_zone": "extreme", "LST_C": 57.599998, "new_since_2017": true, "street": "Mohammed Bin Khalifa Al Kindi Street", "action": "Cool-roof candidate" }, "geometry": { "type": "Polygon", "coordinates": [ [ [ 54.513618722167678, 24.347108489452371 ], [ 54.513519616030216, 24.347105146470891 ], [ 54.513520667889651, 24.347079213966534 ], [ 54.513619774283065, 24.347082550637847 ], [ 54.513618722167678, 24.347108489452371 ] ] ] } },
{ "type": "Feature", "properties": { "id": "B-00144", "area_m2": 294.0, "surface_label": "Building / roof", "p_roof": 0.43, "dark_roof": true, "heat_zone": "lower", "LST_C": 55.599998, "new_since_2017": false, "street": "Al Marmoumiyah 3 Street", "action": "" }, "geometry": { "type": "Polygon", "coordinates": [ [ [ 54.513113936947171, 24.370896047937009 ], [ 54.512880955552909, 24.370887581665016 ], [ 54.512885869870665, 24.370775372691796 ], [ 54.51311885126492, 24.370783838971292 ], [ 54.513113936947171, 24.370896047937009 ] ] ] } },
{ "type": "Feature", "properties": { "id": "B-00192", "area_m2": 1389.0, "surface_label": "Building / roof", "p_roof": 0.64, "dark_roof": false, "heat_zone": "elevated", "LST_C": 56.200001, "new_since_2017": false, "street": "Ad Darsa'i 2 Street", "action": "" }, "geometry": { "type": "Polygon", "coordinates": [ [ [ 54.515876046730341, 24.351376659402192 ], [ 54.515854878337827, 24.351935574685058 ], [ 54.515714216431022, 24.351931162001396 ], [ 54.515715692448893, 24.351892111136767 ], [ 54.515597815023511, 24.351888413220422 ], [ 54.515600730688938, 24.351811273698228 ], [ 54.515560545299763, 24.351810010484847 ], [ 54.515563441357877, 24.351733389664464 ], [ 54.515521944675903, 24.351732087876183 ], [ 54.515526196842082, 24.3516198167016 ], [ 54.515586438135955, 24.351621706526878 ], [ 54.515588098656039, 24.351577774195913 ], [ 54.515751519632111, 24.351582900865239 ], [ 54.51575945322805, 24.351373001748723 ], [ 54.515876046730341, 24.351376659402192 ] ] ] } },
{ "type": "Feature", "properties": { "id": "B-00201", "area_m2": 789.0, "surface_label": "Building / roof", "p_roof": 0.95, "dark_roof": false, "heat_zone": "lower", "LST_C": 54.599998, "new_since_2017": true, "street": "Al 'Afou 1 Street", "action": "" }, "geometry": { "type": "Polygon", "coordinates": [ [ [ 54.509964033452569, 24.344788481867976 ], [ 54.50997808786105, 24.344434605780851 ], [ 54.510051932261092, 24.34443703548936 ], [ 54.510061122534466, 24.344205184522149 ], [ 54.510136126563857, 24.344207652390534 ], [ 54.510112909031157, 24.344793380319956 ], [ 54.509964033452569, 24.344788481867976 ] ] ] } },
{ "type": "Feature", "properties": { "id": "B-00202", "area_m2": 205.0, "surface_label": "Building / roof", "p_roof": 0.54, "dark_roof": true, "heat_zone": "elevated", "LST_C": 56.099998, "new_since_2017": false, "street": "Al Mazj 5 Street", "action": "" }, "geometry": { "type": "Polygon", "coordinates": [ [ [ 54.513157565610854, 24.365160211048003 ], [ 54.513153447581693, 24.365300887978268 ], [ 54.513023697650134, 24.365297736259659 ], [ 54.513027804637126, 24.365157067330625 ], [ 54.513157565610854, 24.365160211048003 ] ] ] } },
{ "type": "Feature", "properties": { "id": "B-00218", "area_m2": 32.0, "surface_label": "Road / dark pavement", "p_roof": 0.0, "dark_roof": true, "heat_zone": "extreme", "LST_C": 58.599998, "new_since_2017": true, "street": "Al Hayal Street", "action": "Cool-roof candidate" }, "geometry": { "type": "Polygon", "coordinates": [ [ [ 54.511588868237332, 24.348928624654388 ], [ 54.511600126078591, 24.348866791520066 ], [ 54.511644502654534, 24.348873497678881 ], [ 54.511633244813268, 24.348935330809905 ], [ 54.511588868237332, 24.348928624654388 ] ] ] } },
{ "type": "Feature", "properties": { "id": "B-00220", "area_m2": 668.0, "surface_label": "Bare soil / sand", "p_roof": 0.4, "dark_roof": true, "heat_zone": "lower", "LST_C": 54.900002, "new_since_2017": false, "street": "Abu Al Hinna-a 4 Street", "action": "" }, "geometry": { "type": "Polygon", "coordinates": [ [ [ 54.508153232028526, 24.371951139552028 ], [ 54.507763306811853, 24.371940922734325 ], [ 54.507766129291262, 24.371851762927321 ], [ 54.508063607145168, 24.371859576410237 ], [ 54.508072030477479, 24.371593489901816 ], [ 54.508164449782811, 24.371595917370438 ], [ 54.508153232028526, 24.371951139552028 ] ] ] } },
{ "type": "Feature", "properties": { "id": "B-00236", "area_m2": 961.0, "surface_label": "Bare soil / sand", "p_roof": 0.26, "dark_roof": true, "heat_zone": "elevated", "LST_C": 56.3, "new_since_2017": false, "street": "Abu Al Hinna-a 7 Street", "action": "" }, "geometry": { "type": "Polygon", "coordinates": [ [ [ 54.509390489453999, 24.369182115919529 ], [ 54.509382729222459, 24.369416453466723 ], [ 54.509018280422161, 24.36940643929584 ], [ 54.509026040653666, 24.369172101730069 ], [ 54.509390489453999, 24.369182115919529 ] ] ] } },
{ "type": "Feature", "properties": { "id": "B-00266", "area_m2": 263.0, "surface_label": "Building / roof", "p_roof": 0.97, "dark_roof": false, "heat_zone": "elevated", "LST_C": 56.3, "new_since_2017": false, "street": "Az Zakhrafah 2 Street", "action": "" }, "geometry": { "type": "Polygon", "coordinates": [ [ [ 54.514803397511699, 24.363485739654504 ], [ 54.514799074830719, 24.363693349510896 ], [ 54.514686462563887, 24.363691403811099 ], [ 54.514690785244866, 24.363483793951545 ], [ 54.514803397511699, 24.363485739654504 ] ] ] } },
{ "type": "Feature", "properties": { "id": "B-00267", "area_m2": 844.0, "surface_label": "Building / roof", "p_roof": 0.95, "dark_roof": false, "heat_zone": "lower", "LST_C": 55.700001, "new_since_2017": false, "street": "Al Hiraf 4 Street", "action": "" }, "geometry": { "type": "Polygon", "coordinates": [ [ [ 54.509267654187198, 24.365023863112654 ], [ 54.509472461154942, 24.365029046951481 ], [ 54.509461290779278, 24.365395261654694 ], [ 54.509256511926843, 24.365390078542465 ], [ 54.509267654187198, 24.365023863112654 ] ] ] } },
{ "type": "Feature", "properties": { "id": "B-00277", "area_m2": 163.0, "surface_label": "Building / roof", "p_roof": 0.73, "dark_roof": true, "heat_zone": "lower", "LST_C": 55.900002, "new_since_2017": false, "street": "Mohammed Bin Khalifa Al Kindi Street", "action": "" }, "geometry": { "type": "Polygon", "coordinates": [ [ [ 54.520282032359923, 24.347360636786913 ], [ 54.520172094379603, 24.347358912300628 ], [ 54.520174587374136, 24.347226993647887 ], [ 54.520284525354455, 24.347228718135941 ], [ 54.520282032359923, 24.347360636786913 ] ] ] } },
{ "type": "Feature", "properties": { "id": "B-00295", "area_m2": 105.0, "surface_label": "Building / roof", "p_roof": 0.69, "dark_roof": true, "heat_zone": "lower", "LST_C": 55.3, "new_since_2017": false, "street": "Al Marmoumiyah 4 Street", "action": "" }, "geometry": { "type": "Polygon", "coordinates": [ [ [ 54.511728034408002, 24.370682777789824 ], [ 54.511785575980703, 24.370683643535983 ], [ 54.511782627033661, 24.370846271193642 ], [ 54.511725073035649, 24.370845401592447 ], [ 54.511728034408002, 24.370682777789824 ] ] ] } },
{ "type": "Feature", "properties": { "id": "B-00315", "area_m2": 308.0, "surface_label": "Road / dark pavement", "p_roof": 0.34, "dark_roof": true, "heat_zone": "elevated", "LST_C": 56.599998, "new_since_2017": false, "street": "Al Hiraf Street", "action": "" }, "geometry": { "type": "Polygon", "coordinates": [ [ [ 54.514157097957671, 24.368380388877355 ], [ 54.513929246135532, 24.36837531917238 ], [ 54.513931734254598, 24.368282530803839 ], [ 54.513966582180345, 24.368283306171058 ], [ 54.513967695286276, 24.36824179556335 ], [ 54.514117809427908, 24.368245135607804 ], [ 54.514116696321985, 24.368286646214408 ], [ 54.51415958607673, 24.36828760051251 ], [ 54.514157097957671, 24.368380388877355 ] ] ] } },
{ "type": "Feature", "properties": { "id": "B-00317", "area_m2": 1240.0, "surface_label": "Building / roof", "p_roof": 0.68, "dark_roof": true, "heat_zone": "lower", "LST_C": 55.0, "new_since_2017": false, "street": "Al Hayal Street", "action": "" }, "geometry": { "type": "Polygon", "coordinates": [ [ [ 54.510820469031664, 24.347306121271103 ], [ 54.510828857793754, 24.347129424077657 ], [ 54.510874370063547, 24.347131220451875 ], [ 54.510875824197839, 24.347100591182055 ], [ 54.511333625471565, 24.347118631459345 ], [ 54.511332120108413, 24.347150339786616 ], [ 54.511372278114898, 24.347151922266587 ], [ 54.511363940719157, 24.34732753747171 ], [ 54.510820469031664, 24.347306121271103 ] ] ] } },
{ "type": "Feature", "properties": { "id": "B-00332", "area_m2": 378.0, "surface_label": "Bare soil / sand", "p_roof": 0.23, "dark_roof": true, "heat_zone": "elevated", "LST_C": 56.8, "new_since_2017": false, "street": "Al Hiraf Street", "action": "" }, "geometry": { "type": "Polygon", "coordinates": [ [ [ 54.514783962842223, 24.368152232301636 ], [ 54.514777136079942, 24.368264276612713 ], [ 54.514559504171494, 24.368253259996166 ], [ 54.514555695247672, 24.368315695229843 ], [ 54.514503261591138, 24.368313044360601 ], [ 54.514513892697934, 24.368138561227799 ], [ 54.514783962842223, 24.368152232301636 ] ] ] } },
{ "type": "Feature", "properties": { "id": "B-00354", "area_m2": 240.0, "surface_label": "Building / roof", "p_roof": 0.93, "dark_roof": false, "heat_zone": "elevated", "LST_C": 56.099998, "new_since_2017": false, "street": "Al Mazj 3 Street", "action": "" }, "geometry": { "type": "Polygon", "coordinates": [ [ [ 54.514305575612752, 24.366898544226384 ], [ 54.514309120102894, 24.366809140229151 ], [ 54.514547525165902, 24.366816998303662 ], [ 54.514543981277598, 24.366906387115794 ], [ 54.514305575612752, 24.366898544226384 ] ] ] } },
{ "type": "Feature", "properties": { "id": "B-00380", "area_m2": 1143.0, "surface_label": "Building / roof", "p_roof": 0.72, "dark_roof": false, "heat_zone": "lower", "LST_C": 52.099998, "new_since_2017": false, "street": "Al Jammalah 3 Street", "action": "" }, "geometry": { "type": "Polygon", "coordinates": [ [ [ 54.52067573438778, 24.362684686417076 ], [ 54.520877728633842, 24.362693546784229 ], [ 54.520860977386207, 24.363010449036082 ], [ 54.520844921360336, 24.363009744749096 ], [ 54.520837318871024, 24.363153569356182 ], [ 54.520864078914158, 24.36315474316655 ], [ 54.520861441433361, 24.363204639237452 ], [ 54.520648781596869, 24.363195324626076 ], [ 54.52067573438778, 24.362684686417076 ] ] ] } },
{ "type": "Feature", "properties": { "id": "B-00396", "area_m2": 2007.0, "surface_label": "Bare soil / sand", "p_roof": 0.68, "dark_roof": false, "heat_zone": "lower", "LST_C": 50.400002, "new_since_2017": false, "street": "Al Kawakib Street", "action": "" }, "geometry": { "type": "Polygon", "coordinates": [ [ [ 54.520893683483273, 24.36146336850015 ], [ 54.520901906607058, 24.361253504288424 ], [ 54.521305130092294, 24.361266615571097 ], [ 54.521305034287337, 24.361269055848304 ], [ 54.52175634691605, 24.361283730803777 ], [ 54.521748219409936, 24.361491154686423 ], [ 54.520893683483273, 24.36146336850015 ] ] ] } },
{ "type": "Feature", "properties": { "id": "B-00398", "area_m2": 1795.0, "surface_label": "Building / roof", "p_roof": 0.6, "dark_roof": false, "heat_zone": "lower", "LST_C": 53.200001, "new_since_2017": false, "street": "Al Jammalah 3 Street", "action": "" }, "geometry": { "type": "Polygon", "coordinates": [ [ [ 54.52166255404294, 24.363253251729258 ], [ 54.520907156318401, 24.363228400506554 ], [ 54.520916830290382, 24.362984383073435 ], [ 54.52099183431978, 24.362986850575705 ], [ 54.520990383223968, 24.363023453219952 ], [ 54.521670776919116, 24.363045836981836 ], [ 54.52166255404294, 24.363253251729258 ] ] ] } },
{ "type": "Feature", "properties": { "id": "B-00502", "area_m2": 94.0, "surface_label": "Road / dark pavement", "p_roof": 0.38, "dark_roof": true, "heat_zone": "lower", "LST_C": 55.900002, "new_since_2017": false, "street": "At Tajalli 4 Street", "action": "" }, "geometry": { "type": "Polygon", "coordinates": [ [ [ 54.513566832821297, 24.36191505960042 ], [ 54.513564455801152, 24.361836931433739 ], [ 54.513671661811181, 24.361834224724983 ], [ 54.513674038831319, 24.361912352893324 ], [ 54.513566832821297, 24.36191505960042 ] ] ] } },
{ "type": "Feature", "properties": { "id": "B-00517", "area_m2": 550.0, "surface_label": "Road / dark pavement", "p_roof": 0.01, "dark_roof": true, "heat_zone": "elevated", "LST_C": 56.3, "new_since_2017": true, "street": "Rouh Al 'Ata-a 4 Street", "action": "" }, "geometry": { "type": "Polygon", "coordinates": [ [ [ 54.518803120013139, 24.344532134408905 ], [ 54.518797789679084, 24.344879073550928 ], [ 54.518656787365018, 24.344877275335897 ], [ 54.518662144345555, 24.344530336528745 ], [ 54.518803120013139, 24.344532134408905 ] ] ] } },
{ "type": "Feature", "properties": { "id": "B-00522", "area_m2": 1836.0, "surface_label": "Building / roof", "p_roof": 0.72, "dark_roof": false, "heat_zone": "lower", "LST_C": 51.599998, "new_since_2017": false, "street": "Al Jammalah 3 Street", "action": "" }, "geometry": { "type": "Polygon", "coordinates": [ [ [ 54.520616068311739, 24.362924326374834 ], [ 54.519859118259383, 24.36290140269438 ], [ 54.519868426651762, 24.362646339411398 ], [ 54.520026502644455, 24.362651116559196 ], [ 54.520024675826917, 24.362701174014774 ], [ 54.520623534519871, 24.36271931004271 ], [ 54.520616068311739, 24.362924326374834 ] ] ] } },
{ "type": "Feature", "properties": { "id": "B-00548", "area_m2": 266.0, "surface_label": "Building / roof", "p_roof": 0.62, "dark_roof": false, "heat_zone": "lower", "LST_C": 53.200001, "new_since_2017": false, "street": "Al 'Afou 1 Street", "action": "" }, "geometry": { "type": "Polygon", "coordinates": [ [ [ 54.509653883487744, 24.342941951494293 ], [ 54.509650542561886, 24.343020032684322 ], [ 54.509347912859745, 24.343009283920338 ], [ 54.509351253785645, 24.342931202723673 ], [ 54.509653883487744, 24.342941951494293 ] ] ] } },
{ "type": "Feature", "properties": { "id": "B-00556", "area_m2": 1019.0, "surface_label": "Building / roof", "p_roof": 0.93, "dark_roof": false, "heat_zone": "lower", "LST_C": 55.3, "new_since_2017": false, "street": "Abu Al Hinna-a 7 Street", "action": "" }, "geometry": { "type": "Polygon", "coordinates": [ [ [ 54.506622527931491, 24.369974375277938 ], [ 54.506890692002116, 24.369977931289707 ], [ 54.506888076426485, 24.370141592519872 ], [ 54.506475103757744, 24.370136116268807 ], [ 54.506481154716312, 24.369757496666868 ], [ 54.506576534142155, 24.369758761455795 ], [ 54.506573905994294, 24.36992242280283 ], [ 54.506623347738795, 24.369923078429437 ], [ 54.506622527931491, 24.369974375277938 ] ] ] } },
{ "type": "Feature", "properties": { "id": "B-00559", "area_m2": 322.0, "surface_label": "Building / roof", "p_roof": 0.66, "dark_roof": true, "heat_zone": "lower", "LST_C": 55.8, "new_since_2017": false, "street": "Az Zakhrafah 2 Street", "action": "" }, "geometry": { "type": "Polygon", "coordinates": [ [ [ 54.514076570372978, 24.362916121230882 ], [ 54.513859461395391, 24.362910916609536 ], [ 54.513863260194697, 24.362779066130894 ], [ 54.514080369172298, 24.362784270757622 ], [ 54.514076570372978, 24.362916121230882 ] ] ] } },
{ "type": "Feature", "properties": { "id": "B-00575", "area_m2": 11945.0, "surface_label": "Building / roof", "p_roof": 0.79, "dark_roof": false, "heat_zone": "extreme", "LST_C": 57.8, "new_since_2017": false, "street": "Mohammed Bin Khalifa Al Kindi Street", "action": "Monitor / shade around" }, "geometry": { "type": "Polygon", "coordinates": [ [ [ 54.512735292090817, 24.346991057483251 ], [ 54.512744939617519, 24.346724987750282 ], [ 54.516731715893194, 24.346844977104119 ], [ 54.516722068366491, 24.347111046584988 ], [ 54.512735292090817, 24.346991057483251 ] ] ] } },
{ "type": "Feature", "properties": { "id": "B-00615", "area_m2": 357.0, "surface_label": "Building / roof", "p_roof": 0.6, "dark_roof": true, "heat_zone": "lower", "LST_C": 55.900002, "new_since_2017": false, "street": "Ad Diman 6 Street", "action": "" }, "geometry": { "type": "Polygon", "coordinates": [ [ [ 54.519555294340478, 24.347340253077842 ], [ 54.519558663298113, 24.34720103197688 ], [ 54.519786540305461, 24.347205609056584 ], [ 54.519783171347832, 24.347344830152533 ], [ 54.519555294340478, 24.347340253077842 ] ] ] } },
{ "type": "Feature", "properties": { "id": "B-00628", "area_m2": 122.0, "surface_label": "Building / roof", "p_roof": 0.89, "dark_roof": false, "heat_zone": "lower", "LST_C": 55.5, "new_since_2017": false, "street": "Ad Diman 6 Street", "action": "" }, "geometry": { "type": "Polygon", "coordinates": [ [ [ 54.519698230506101, 24.348381801811215 ], [ 54.519704123595204, 24.348168121167753 ], [ 54.519755053324239, 24.348169290257847 ], [ 54.519749160324629, 24.348382967653908 ], [ 54.519698230506101, 24.348381801811215 ] ] ] } },
{ "type": "Feature", "properties": { "id": "B-00649", "area_m2": 134.0, "surface_label": "Building / roof", "p_roof": 0.95, "dark_roof": true, "heat_zone": "elevated", "LST_C": 56.099998, "new_since_2017": false, "street": "Al Mazj 1 Street", "action": "" }, "geometry": { "type": "Polygon", "coordinates": [ [ [ 54.513344661936799, 24.367116091334751 ], [ 54.513087305496406, 24.367110709653435 ], [ 54.513088474779877, 24.367064311784574 ], [ 54.513345831220271, 24.367069693467879 ], [ 54.513344661936799, 24.367116091334751 ] ] ] } },
{ "type": "Feature", "properties": { "id": "B-00655", "area_m2": 120.0, "surface_label": "Building / roof", "p_roof": 0.86, "dark_roof": false, "heat_zone": "lower", "LST_C": 53.700001, "new_since_2017": false, "street": "Al 'Afou 1 Street", "action": "" }, "geometry": { "type": "Polygon", "coordinates": [ [ [ 54.510695749719268, 24.342469881504726 ], [ 54.510743995176057, 24.34247105363275 ], [ 54.510745138732027, 24.34243198132577 ], [ 54.510801425098279, 24.342433348808868 ], [ 54.510797922958062, 24.342553007709647 ], [ 54.510693391135021, 24.342550468100562 ], [ 54.510695749719268, 24.342469881504726 ] ] ] } },
{ "type": "Feature", "properties": { "id": "B-00723", "area_m2": 1096.0, "surface_label": "Building / roof", "p_roof": 0.82, "dark_roof": false, "heat_zone": "lower", "LST_C": 55.8, "new_since_2017": false, "street": "Al Hiraf 4 Street", "action": "" }, "geometry": { "type": "Polygon", "coordinates": [ [ [ 54.509332425954589, 24.365466691591678 ], [ 54.509321494699329, 24.365727745809945 ], [ 54.509176865841283, 24.365722720471481 ], [ 54.509174005325853, 24.365791033638626 ], [ 54.509007949970346, 24.365785263808444 ], [ 54.509022967676145, 24.365426619252943 ], [ 54.509189023031695, 24.365432389099499 ], [ 54.509187797096544, 24.365461666242844 ], [ 54.509332425954589, 24.365466691591678 ] ] ] } },
{ "type": "Feature", "properties": { "id": "B-00727", "area_m2": 453.0, "surface_label": "Road / dark pavement", "p_roof": 0.23, "dark_roof": true, "heat_zone": "lower", "LST_C": 50.400002, "new_since_2017": false, "street": "Al Jammalah 3 Street", "action": "" }, "geometry": { "type": "Polygon", "coordinates": [ [ [ 54.520473186563869, 24.362103316547408 ], [ 54.520481888198603, 24.361981664183318 ], [ 54.52053263471187, 24.361984676374909 ], [ 54.520537855692723, 24.361911684902026 ], [ 54.520564564383903, 24.361913270266911 ], [ 54.520567696972414, 24.36186947536352 ], [ 54.520711923904805, 24.361878036336517 ], [ 54.520700263714232, 24.362041050611307 ], [ 54.520625479378907, 24.362036611594078 ], [ 54.520620084365355, 24.362112036040823 ], [ 54.520473186563869, 24.362103316547408 ] ] ] } },
{ "type": "Feature", "properties": { "id": "B-00735", "area_m2": 1951.0, "surface_label": "Building / roof", "p_roof": 0.69, "dark_roof": false, "heat_zone": "lower", "LST_C": 50.200001, "new_since_2017": false, "street": "Al Kawakib Street", "action": "" }, "geometry": { "type": "Polygon", "coordinates": [ [ [ 54.520781007757883, 24.3615532695753 ], [ 54.520774399407095, 24.361751000480716 ], [ 54.519916887355294, 24.361727218006692 ], [ 54.519925208982201, 24.361478223435931 ], [ 54.519997561561567, 24.361480230086308 ], [ 54.519995848285447, 24.361531493713642 ], [ 54.520781007757883, 24.3615532695753 ] ] ] } },
{ "type": "Feature", "properties": { "id": "B-00745", "area_m2": 407.0, "surface_label": "Road / dark pavement", "p_roof": 0.42, "dark_roof": true, "heat_zone": "elevated", "LST_C": 56.200001, "new_since_2017": false, "street": "Al Hiraf 1 Street", "action": "" }, "geometry": { "type": "Polygon", "coordinates": [ [ [ 54.509375711970442, 24.366986120438114 ], [ 54.50937324543758, 24.367053280534581 ], [ 54.508974044020619, 24.36704108960258 ], [ 54.508981260117942, 24.366844605668433 ], [ 54.509053598798907, 24.366846810160268 ], [ 54.509048848300829, 24.366976159411557 ], [ 54.509375711970442, 24.366986120438114 ] ] ] } },
{ "type": "Feature", "properties": { "id": "B-00770", "area_m2": 2512.0, "surface_label": "Building / roof", "p_roof": 0.92, "dark_roof": false, "heat_zone": "lower", "LST_C": 55.200001, "new_since_2017": false, "street": "Al Hiraf 4 Street", "action": "" }, "geometry": { "type": "Polygon", "coordinates": [ [ [ 54.508299497785231, 24.364981953731185 ], [ 54.508289232014995, 24.365271160438692 ], [ 54.508391049273023, 24.365274165946083 ], [ 54.50838797299383, 24.365360830581402 ], [ 54.508071802898883, 24.365351517832515 ], [ 54.508071934201411, 24.365347818791676 ], [ 54.508007628564755, 24.365345920577589 ], [ 54.508010702729479, 24.365259315500424 ], [ 54.507986588061222, 24.365258605205469 ], [ 54.507987932488149, 24.365220730118519 ], [ 54.50757262525147, 24.365208470806419 ], [ 54.507581416552597, 24.364960802677942 ], [ 54.508299497785231, 24.364981953731185 ] ] ] } },
{ "type": "Feature", "properties": { "id": "B-00785", "area_m2": 701.0, "surface_label": "Building / roof", "p_roof": 0.83, "dark_roof": false, "heat_zone": "lower", "LST_C": 55.099998, "new_since_2017": false, "street": "At Tarjeebah 7 Street", "action": "" }, "geometry": { "type": "Polygon", "coordinates": [ [ [ 54.518165170584851, 24.35101315706487 ], [ 54.518185179017003, 24.350460188642998 ], [ 54.518297709511771, 24.350463568181297 ], [ 54.518277701338931, 24.351016529420985 ], [ 54.518165170584851, 24.35101315706487 ] ] ] } },
{ "type": "Feature", "properties": { "id": "B-00789", "area_m2": 41.0, "surface_label": "Bare soil / sand", "p_roof": 0.01, "dark_roof": true, "heat_zone": "extreme", "LST_C": 58.200001, "new_since_2017": true, "street": "Al Hayal Street", "action": "Cool-roof candidate" }, "geometry": { "type": "Polygon", "coordinates": [ [ [ 54.511635566683204, 24.348660524810612 ], [ 54.511608342827913, 24.348729847270373 ], [ 54.51156220582957, 24.348714808497988 ], [ 54.51158943440592, 24.348645487568845 ], [ 54.511635566683204, 24.348660524810612 ] ] ] } },
{ "type": "Feature", "properties": { "id": "B-00793", "area_m2": 418.0, "surface_label": "Building / roof", "p_roof": 0.7, "dark_roof": true, "heat_zone": "elevated", "LST_C": 56.200001, "new_since_2017": false, "street": "Al Hiraf Street", "action": "" }, "geometry": { "type": "Polygon", "coordinates": [ [ [ 54.512701523879912, 24.368180325844431 ], [ 54.512707343844781, 24.368055945545215 ], [ 54.51300555721118, 24.368067523990177 ], [ 54.512999746785638, 24.368191904648363 ], [ 54.512701523879912, 24.368180325844431 ] ] ] } },
{ "type": "Feature", "properties": { "id": "B-00795", "area_m2": 1413.0, "surface_label": "Building / roof", "p_roof": 0.82, "dark_roof": true, "heat_zone": "elevated", "LST_C": 56.900002, "new_since_2017": false, "street": "Ar Raha 8 Street", "action": "" }, "geometry": { "type": "Polygon", "coordinates": [ [ [ 54.516788446978978, 24.366661111645641 ], [ 54.516816256534433, 24.365913280587435 ], [ 54.516983995153588, 24.365918445861851 ], [ 54.516956242593778, 24.366666289342312 ], [ 54.516788446978978, 24.366661111645641 ] ] ] } },
{ "type": "Feature", "properties": { "id": "B-00796", "area_m2": 774.0, "surface_label": "Building / roof", "p_roof": 0.86, "dark_roof": false, "heat_zone": "high", "LST_C": 57.099998, "new_since_2017": false, "street": "Al Jammalah 1 Street", "action": "Monitor / shade around" }, "geometry": { "type": "Polygon", "coordinates": [ [ [ 54.518341301686519, 24.36515364850851 ], [ 54.51834758585526, 24.364980361963436 ], [ 54.518744120054748, 24.364992294672263 ], [ 54.51873783588595, 24.365165581201012 ], [ 54.518341301686519, 24.36515364850851 ] ] ] } },
{ "type": "Feature", "properties": { "id": "B-00838", "area_m2": 1079.0, "surface_label": "Building / roof", "p_roof": 0.75, "dark_roof": false, "heat_zone": "lower", "LST_C": 52.200001, "new_since_2017": false, "street": "Ar Raha 8 Street", "action": "" }, "geometry": { "type": "Polygon", "coordinates": [ [ [ 54.517021754085768, 24.361722171342503 ], [ 54.517050149883161, 24.361126051078056 ], [ 54.517210780451379, 24.361132390482808 ], [ 54.517182384167086, 24.361728520939447 ], [ 54.517021754085768, 24.361722171342503 ] ] ] } },
{ "type": "Feature", "properties": { "id": "B-00856", "area_m2": 2736.0, "surface_label": "Building / roof", "p_roof": 0.74, "dark_roof": false, "heat_zone": "lower", "LST_C": 51.400002, "new_since_2017": false, "street": "Ar Raha 8 Street", "action": "" }, "geometry": { "type": "Polygon", "coordinates": [ [ [ 54.517288943175743, 24.361760803256647 ], [ 54.517297841382316, 24.361503431574121 ], [ 54.517453255687258, 24.361507880607615 ], [ 54.517451821014042, 24.361549377122543 ], [ 54.517536184242964, 24.36155179218143 ], [ 54.517535679011829, 24.361566438038874 ], [ 54.517829132193178, 24.361574838696466 ], [ 54.517828587659963, 24.361590588779702 ], [ 54.518139415585324, 24.361599506638271 ], [ 54.51813975315477, 24.361589742778982 ], [ 54.518208041954637, 24.361591702029845 ], [ 54.518209557644681, 24.361547764557738 ], [ 54.518316739923975, 24.361550839689272 ], [ 54.518315813668941, 24.361577690367824 ], [ 54.518382802593464, 24.361579612324594 ], [ 54.518383813053504, 24.361550320675388 ], [ 54.518445442864078, 24.361552088875996 ], [ 54.51843710656879, 24.361793744775596 ], [ 54.517288943175743, 24.361760803256647 ] ] ] } },
{ "type": "Feature", "properties": { "id": "B-00858", "area_m2": 957.0, "surface_label": "Building / roof", "p_roof": 0.98, "dark_roof": false, "heat_zone": "elevated", "LST_C": 56.099998, "new_since_2017": false, "street": "Al Mazj 2 Street", "action": "" }, "geometry": { "type": "Polygon", "coordinates": [ [ [ 54.515584892620602, 24.366509447811779 ], [ 54.515852869679662, 24.366516811341452 ], [ 54.515843896911932, 24.366787769800332 ], [ 54.515640234347082, 24.366782173529781 ], [ 54.515640719361549, 24.366767527140809 ], [ 54.515520129684944, 24.366764213559058 ], [ 54.515527970752224, 24.366527430028849 ], [ 54.515584245934619, 24.366528976369892 ], [ 54.515584892620602, 24.366509447811779 ] ] ] } },
{ "type": "Feature", "properties": { "id": "B-00868", "area_m2": 28.0, "surface_label": "Bare soil / sand", "p_roof": 0.17, "dark_roof": true, "heat_zone": "lower", "LST_C": 54.5, "new_since_2017": false, "street": "Rouh Al 'Ata-a 4 Street", "action": "" }, "geometry": { "type": "Polygon", "coordinates": [ [ [ 54.518255214828876, 24.343625440300016 ], [ 54.518225541764551, 24.34366121298876 ], [ 54.518181935083959, 24.343631185004106 ], [ 54.51821160989725, 24.343595413511206 ], [ 54.518255214828876, 24.343625440300016 ] ] ] } },
{ "type": "Feature", "properties": { "id": "B-00874", "area_m2": 43.0, "surface_label": "Road / dark pavement", "p_roof": 0.37, "dark_roof": true, "heat_zone": "elevated", "LST_C": 56.200001, "new_since_2017": false, "street": "Al Hiraf 6 Street", "action": "" }, "geometry": { "type": "Polygon", "coordinates": [ [ [ 54.506764512820453, 24.36654406356817 ], [ 54.50685561553987, 24.366546706304174 ], [ 54.506854164961169, 24.36658820015629 ], [ 54.506763062241717, 24.366585557421136 ], [ 54.506764512820453, 24.36654406356817 ] ] ] } },
{ "type": "Feature", "properties": { "id": "B-00888", "area_m2": 449.0, "surface_label": "Building / roof", "p_roof": 0.62, "dark_roof": true, "heat_zone": "lower", "LST_C": 55.900002, "new_since_2017": false, "street": "Al Hayal Street", "action": "" }, "geometry": { "type": "Polygon", "coordinates": [ [ [ 54.510867930732914, 24.366912798690358 ], [ 54.510766132202633, 24.366909540660856 ], [ 54.51078121383965, 24.366517740952993 ], [ 54.510883012619459, 24.366520992510434 ], [ 54.510867930732914, 24.366912798690358 ] ] ] } },
{ "type": "Feature", "properties": { "id": "B-00890", "area_m2": 40.0, "surface_label": "Building / roof", "p_roof": 0.56, "dark_roof": true, "heat_zone": "lower", "LST_C": 55.700001, "new_since_2017": false, "street": "Al Hayal Street", "action": "" }, "geometry": { "type": "Polygon", "coordinates": [ [ [ 54.511978860435548, 24.342507389765846 ], [ 54.511918638395869, 24.342504567250401 ], [ 54.51192200279548, 24.342445060494381 ], [ 54.511982220059764, 24.342447886627212 ], [ 54.511978860435548, 24.342507389765846 ] ] ] } },
{ "type": "Feature", "properties": { "id": "B-00901", "area_m2": 290.0, "surface_label": "Building / roof", "p_roof": 0.57, "dark_roof": false, "heat_zone": "elevated", "LST_C": 56.099998, "new_since_2017": false, "street": "Ad Darsa'i 2 Street", "action": "" }, "geometry": { "type": "Polygon", "coordinates": [ [ [ 54.516186015959825, 24.352477170518366 ], [ 54.516191850986779, 24.352256376648352 ], [ 54.516308471795021, 24.352258927177203 ], [ 54.516302653524711, 24.352479728846291 ], [ 54.516186015959825, 24.352477170518366 ] ] ] } },
{ "type": "Feature", "properties": { "id": "B-00907", "area_m2": 1009.0, "surface_label": "Building / roof", "p_roof": 0.76, "dark_roof": false, "heat_zone": "lower", "LST_C": 54.700001, "new_since_2017": false, "street": "Al Jammalah 3 Street", "action": "" }, "geometry": { "type": "Polygon", "coordinates": [ [ [ 54.519114398769588, 24.364069818276455 ], [ 54.518881487980373, 24.364060581944177 ], [ 54.518898619923796, 24.363702090067193 ], [ 54.518965548311506, 24.36370474419326 ], [ 54.518968112275829, 24.363651092261474 ], [ 54.519080551967185, 24.363655551195027 ], [ 54.519077988002863, 24.363709203124944 ], [ 54.519131530713011, 24.363711326425655 ], [ 54.519114398769588, 24.364069818276455 ] ] ] } },
{ "type": "Feature", "properties": { "id": "B-00919", "area_m2": 195.0, "surface_label": "Building / roof", "p_roof": 0.9, "dark_roof": false, "heat_zone": "lower", "LST_C": 55.900002, "new_since_2017": false, "street": "Ad Darsa'i 5 Street", "action": "" }, "geometry": { "type": "Polygon", "coordinates": [ [ [ 54.513776445043469, 24.351746265275239 ], [ 54.513781310665216, 24.351601334081419 ], [ 54.513900595269213, 24.351604665435726 ], [ 54.513895718779438, 24.351749588717102 ], [ 54.513776445043469, 24.351746265275239 ] ] ] } },
{ "type": "Feature", "properties": { "id": "B-00940", "area_m2": 715.0, "surface_label": "Building / roof", "p_roof": 0.79, "dark_roof": false, "heat_zone": "elevated", "LST_C": 56.099998, "new_since_2017": false, "street": "Al Hiraf 6 Street", "action": "" }, "geometry": { "type": "Polygon", "coordinates": [ [ [ 54.507443862879747, 24.367005901341031 ], [ 54.507452584842532, 24.366705587541102 ], [ 54.507578560494885, 24.366708623451171 ], [ 54.507573454955732, 24.366884416977339 ], [ 54.507779840598985, 24.366889390695313 ], [ 54.507776224175387, 24.36701391095697 ], [ 54.507443862879747, 24.367005901341031 ] ] ] } },
{ "type": "Feature", "properties": { "id": "B-00941", "area_m2": 700.0, "surface_label": "Building / roof", "p_roof": 0.84, "dark_roof": false, "heat_zone": "lower", "LST_C": 54.0, "new_since_2017": false, "street": "Mohammed Bin Khalifa Al Kindi Street", "action": "" }, "geometry": { "type": "Polygon", "coordinates": [ [ [ 54.509631088039811, 24.347379021046866 ], [ 54.509668831538619, 24.347129621273368 ], [ 54.509913623403797, 24.347160370969146 ], [ 54.509875879904989, 24.347409770682091 ], [ 54.509631088039811, 24.347379021046866 ] ] ] } },
{ "type": "Feature", "properties": { "id": "B-00953", "area_m2": 77.0, "surface_label": "Building / roof", "p_roof": 0.8, "dark_roof": true, "heat_zone": "lower", "LST_C": 55.400002, "new_since_2017": false, "street": "Al Hiraf 6 Street", "action": "" }, "geometry": { "type": "Polygon", "coordinates": [ [ [ 54.506918294550402, 24.365408319193293 ], [ 54.506913734767735, 24.365503427230792 ], [ 54.506841452769187, 24.365500556233229 ], [ 54.506846012551868, 24.365405448193552 ], [ 54.506918294550402, 24.365408319193293 ] ] ] } },
{ "type": "Feature", "properties": { "id": "B-00959", "area_m2": 223.0, "surface_label": "Building / roof", "p_roof": 0.91, "dark_roof": false, "heat_zone": "lower", "LST_C": 54.900002, "new_since_2017": false, "street": "Rouh Al 'Ata-a 4 Street", "action": "" }, "geometry": { "type": "Polygon", "coordinates": [ [ [ 54.519300924443016, 24.342710868422753 ], [ 54.519301466200062, 24.342620452312588 ], [ 54.519387294330656, 24.34262087920396 ], [ 54.51938584476455, 24.342862803245115 ], [ 54.51929197024667, 24.342862336333535 ], [ 54.519292512003716, 24.342771920331529 ], [ 54.519327379681776, 24.342772093755922 ], [ 54.519327745733847, 24.342711001826213 ], [ 54.519300924443016, 24.342710868422753 ] ] ] } },
{ "type": "Feature", "properties": { "id": "B-00963", "area_m2": 609.0, "surface_label": "Building / roof", "p_roof": 0.74, "dark_roof": true, "heat_zone": "elevated", "LST_C": 56.5, "new_since_2017": false, "street": "Al Hiraf Street", "action": "" }, "geometry": { "type": "Polygon", "coordinates": [ [ [ 54.514455641815132, 24.369642124898334 ], [ 54.514458565388637, 24.369566478291048 ], [ 54.51454007615154, 24.369569086962244 ], [ 54.514542711555244, 24.369500760789094 ], [ 54.514478417904513, 24.369498703133402 ], [ 54.514482901377107, 24.369382463350956 ], [ 54.514702570810826, 24.369389507668199 ], [ 54.514692534705638, 24.369649706415856 ], [ 54.514455641815132, 24.369642124898334 ] ] ] } },
{ "type": "Feature", "properties": { "id": "B-01024", "area_m2": 2366.0, "surface_label": "Building / roof", "p_roof": 1.0, "dark_roof": false, "heat_zone": "lower", "LST_C": 55.8, "new_since_2017": false, "street": "Ar Raha 8 Street", "action": "" }, "geometry": { "type": "Polygon", "coordinates": [ [ [ 54.514736359375974, 24.362696082295276 ], [ 54.514737870522701, 24.362415101773092 ], [ 54.514796877704718, 24.362415365119972 ], [ 54.514796562334993, 24.362474004584666 ], [ 54.514980261185158, 24.362474824425412 ], [ 54.514980522708647, 24.362426881964605 ], [ 54.515018072707633, 24.362427051942888 ], [ 54.515015118916622, 24.362968539587669 ], [ 54.514864918868426, 24.362967869253396 ], [ 54.514865273728844, 24.362902816523423 ], [ 54.514804986434648, 24.36290254362082 ], [ 54.514804697345774, 24.362956296239133 ], [ 54.514508255519885, 24.362954954335933 ], [ 54.514509268456784, 24.362769263438491 ], [ 54.514422149464721, 24.362768869076362 ], [ 54.514422653576673, 24.362675135320782 ], [ 54.514733782354618, 24.362676523874086 ], [ 54.514733677231348, 24.362696070324965 ], [ 54.514736359375974, 24.362696082295276 ] ] ] } },
{ "type": "Feature", "properties": { "id": "B-01039", "area_m2": 266.0, "surface_label": "Building / roof", "p_roof": 0.91, "dark_roof": false, "heat_zone": "elevated", "LST_C": 56.3, "new_since_2017": false, "street": "Ar Rasin 2 Street", "action": "" }, "geometry": { "type": "Polygon", "coordinates": [ [ [ 54.519117773911752, 24.365566605445746 ], [ 54.519128692493311, 24.365306806951789 ], [ 54.519219754378504, 24.365309976844557 ], [ 54.5192088355533, 24.365569781129182 ], [ 54.519117773911752, 24.365566605445746 ] ] ] } },
{ "type": "Feature", "properties": { "id": "B-01052", "area_m2": 262.0, "surface_label": "Building / roof", "p_roof": 0.73, "dark_roof": true, "heat_zone": "elevated", "LST_C": 56.099998, "new_since_2017": false, "street": "Al Mazj 3 Street", "action": "" }, "geometry": { "type": "Polygon", "coordinates": [ [ [ 54.513111940814355, 24.366055090615006 ], [ 54.513106432637073, 24.366188344847956 ], [ 54.513012688234433, 24.366185129411761 ], [ 54.513011539859967, 24.366212910954602 ], [ 54.512944579396148, 24.366210618477908 ], [ 54.512951235701131, 24.36604958866403 ], [ 54.513111940814355, 24.366055090615006 ] ] ] } },
{ "type": "Feature", "properties": { "id": "B-01085", "area_m2": 345.0, "surface_label": "Building / roof", "p_roof": 0.87, "dark_roof": true, "heat_zone": "lower", "LST_C": 55.599998, "new_since_2017": false, "street": "Al Marmoumiyah 5 Street", "action": "" }, "geometry": { "type": "Polygon", "coordinates": [ [ [ 54.512630664257664, 24.370441692804338 ], [ 54.5126379838213, 24.370304227612696 ], [ 54.512889518886837, 24.370315356612277 ], [ 54.512886483173197, 24.370372368897762 ], [ 54.512837112689212, 24.370370187682479 ], [ 54.51283282352523, 24.370450624307196 ], [ 54.512630664257664, 24.370441692804338 ] ] ] } },
{ "type": "Feature", "properties": { "id": "B-01125", "area_m2": 754.0, "surface_label": "Building / roof", "p_roof": 0.95, "dark_roof": false, "heat_zone": "elevated", "LST_C": 56.400002, "new_since_2017": false, "street": "Al Marmoumiyah 4 Street", "action": "" }, "geometry": { "type": "Polygon", "coordinates": [ [ [ 54.512607595913465, 24.36953037936166 ], [ 54.512327432454597, 24.369521663062613 ], [ 54.512336381380798, 24.369282504417423 ], [ 54.512616563193866, 24.369291221304 ], [ 54.512607595913465, 24.36953037936166 ] ] ] } },
{ "type": "Feature", "properties": { "id": "B-01128", "area_m2": 263.0, "surface_label": "Building / roof", "p_roof": 0.7, "dark_roof": true, "heat_zone": "elevated", "LST_C": 56.3, "new_since_2017": false, "street": "Al Mazj 1 Street", "action": "" }, "geometry": { "type": "Polygon", "coordinates": [ [ [ 54.513336726178792, 24.368057733914341 ], [ 54.513338566030832, 24.367964920214753 ], [ 54.513590611496483, 24.367969065980489 ], [ 54.51358877164445, 24.368061879677011 ], [ 54.513336726178792, 24.368057733914341 ] ] ] } },
{ "type": "Feature", "properties": { "id": "B-01144", "area_m2": 953.0, "surface_label": "Building / roof", "p_roof": 0.93, "dark_roof": true, "heat_zone": "elevated", "LST_C": 56.099998, "new_since_2017": false, "street": "Al Marmoumiyah 4 Street", "action": "" }, "geometry": { "type": "Polygon", "coordinates": [ [ [ 54.512312332684601, 24.369848550614236 ], [ 54.512321569706671, 24.369554615302217 ], [ 54.512498450208795, 24.369559238734723 ], [ 54.512499294088556, 24.369532385234876 ], [ 54.512560934263561, 24.369533996431372 ], [ 54.512559783518384, 24.369570614838366 ], [ 54.512621423693389, 24.369572226034368 ], [ 54.512616866977865, 24.369717227333137 ], [ 54.512583551141859, 24.36971635862443 ], [ 54.512579167618789, 24.369855508314007 ], [ 54.512312332684601, 24.369848550614236 ] ] ] } },
{ "type": "Feature", "properties": { "id": "B-01185", "area_m2": 51.0, "surface_label": "Building / roof", "p_roof": 0.93, "dark_roof": false, "heat_zone": "lower", "LST_C": 55.5, "new_since_2017": false, "street": "Abu Al Hinna-a 7 Street", "action": "" }, "geometry": { "type": "Polygon", "coordinates": [ [ [ 54.506767589624545, 24.369887833524846 ], [ 54.506770204953781, 24.369775495603218 ], [ 54.506810420003468, 24.369776272442508 ], [ 54.506807804674239, 24.369888610363489 ], [ 54.506767589624545, 24.369887833524846 ] ] ] } },
{ "type": "Feature", "properties": { "id": "B-01191", "area_m2": 110.0, "surface_label": "Building / roof", "p_roof": 0.6, "dark_roof": false, "heat_zone": "lower", "LST_C": 55.3, "new_since_2017": false, "street": "Al Hiraf 4 Street", "action": "" }, "geometry": { "type": "Polygon", "coordinates": [ [ [ 54.508418326731594, 24.365156961771273 ], [ 54.508415652974023, 24.365237517575064 ], [ 54.508293963769148, 24.365234165981569 ], [ 54.508296631343107, 24.365153610005319 ], [ 54.508418326731594, 24.365156961771273 ] ] ] } },
{ "type": "Feature", "properties": { "id": "B-01254", "area_m2": 39.0, "surface_label": "Building / roof", "p_roof": 0.89, "dark_roof": false, "heat_zone": "lower", "LST_C": 54.599998, "new_since_2017": true, "street": "Al 'Afou 1 Street", "action": "" }, "geometry": { "type": "Polygon", "coordinates": [ [ [ 54.510192330237132, 24.344356532292725 ], [ 54.510235174249345, 24.344358125036305 ], [ 54.510231568618956, 24.344438633691041 ], [ 54.510188724606735, 24.344437040948449 ], [ 54.510192330237132, 24.344356532292725 ] ] ] } },
{ "type": "Feature", "properties": { "id": "B-01256", "area_m2": 670.0, "surface_label": "Building / roof", "p_roof": 0.64, "dark_roof": false, "heat_zone": "lower", "LST_C": 55.599998, "new_since_2017": false, "street": "Ad Diman 6 Street", "action": "" }, "geometry": { "type": "Polygon", "coordinates": [ [ [ 54.518809467735245, 24.349366619116122 ], [ 54.51879520220217, 24.349845214314403 ], [ 54.518670745044354, 24.349842127305788 ], [ 54.518685047317035, 24.349363533007132 ], [ 54.518809467735245, 24.349366619116122 ] ] ] } },
{ "type": "Feature", "properties": { "id": "B-01262", "area_m2": 96.0, "surface_label": "Building / roof", "p_roof": 0.73, "dark_roof": false, "heat_zone": "lower", "LST_C": 55.3, "new_since_2017": false, "street": "Mohammed Bin Khalifa Al Kindi Street", "action": "" }, "geometry": { "type": "Polygon", "coordinates": [ [ [ 54.50979288011019, 24.345231852194757 ], [ 54.509867180104472, 24.345246510820019 ], [ 54.509841104312471, 24.345356220265838 ], [ 54.509766804318147, 24.345341561653285 ], [ 54.50979288011019, 24.345231852194757 ] ] ] } },
{ "type": "Feature", "properties": { "id": "B-01288", "area_m2": 752.0, "surface_label": "Building / roof", "p_roof": 0.79, "dark_roof": true, "heat_zone": "elevated", "LST_C": 56.400002, "new_since_2017": false, "street": "Al Hiraf Street", "action": "" }, "geometry": { "type": "Polygon", "coordinates": [ [ [ 54.513304455556707, 24.36824198746201 ], [ 54.51330845471842, 24.368061259691057 ], [ 54.513464988922216, 24.368064133828749 ], [ 54.513464430184882, 24.368089471954502 ], [ 54.513578687284621, 24.368091562553957 ], [ 54.513576525572532, 24.368189253387367 ], [ 54.51347464288073, 24.368187389207961 ], [ 54.513473399896299, 24.368243561403823 ], [ 54.513572601464617, 24.368245376525067 ], [ 54.513569953367316, 24.368365047640108 ], [ 54.513345791055244, 24.368360946077949 ], [ 54.513348396455179, 24.368242794263381 ], [ 54.513304455556707, 24.36824198746201 ] ] ] } },
{ "type": "Feature", "properties": { "id": "B-01296", "area_m2": 1308.0, "surface_label": "Bare soil / sand", "p_roof": 0.07, "dark_roof": false, "heat_zone": "lower", "LST_C": 55.099998, "new_since_2017": false, "street": "Street 24", "action": "" }, "geometry": { "type": "Polygon", "coordinates": [ [ [ 54.514905295728681, 24.349305245675641 ], [ 54.515261886390881, 24.349324640648227 ], [ 54.515261629066359, 24.349328572115066 ], [ 54.515411300570506, 24.349336703206216 ], [ 54.515397594350425, 24.349546109981002 ], [ 54.515341467536395, 24.349543060826928 ], [ 54.515339174545076, 24.349578093641327 ], [ 54.515224248689485, 24.349571842834784 ], [ 54.515225204933408, 24.349557233134774 ], [ 54.514949917418825, 24.349542260269612 ], [ 54.514952527540657, 24.349502382255057 ], [ 54.51489259085681, 24.349499126124261 ], [ 54.514905295728681, 24.349305245675641 ] ] ] } },
{ "type": "Feature", "properties": { "id": "B-01321", "area_m2": 371.0, "surface_label": "Building / roof", "p_roof": 0.68, "dark_roof": true, "heat_zone": "elevated", "LST_C": 56.099998, "new_since_2017": false, "street": "Al Mazj 3 Street", "action": "" }, "geometry": { "type": "Polygon", "coordinates": [ [ [ 54.513143775716827, 24.366170879182217 ], [ 54.513358092079883, 24.36617768369431 ], [ 54.513352209554732, 24.366331424579343 ], [ 54.51313789319164, 24.366324620075499 ], [ 54.513143775716827, 24.366170879182217 ] ] ] } },
{ "type": "Feature", "properties": { "id": "B-01367", "area_m2": 1333.0, "surface_label": "Building / roof", "p_roof": 0.99, "dark_roof": false, "heat_zone": "elevated", "LST_C": 56.5, "new_since_2017": false, "street": "Al Hiraf Street", "action": "" }, "geometry": { "type": "Polygon", "coordinates": [ [ [ 54.50992253275561, 24.369061640323423 ], [ 54.510346051418914, 24.369071387574298 ], [ 54.510342560602595, 24.369197240940863 ], [ 54.510277112856613, 24.369195730494852 ], [ 54.510273241832159, 24.369334905719754 ], [ 54.510139217413069, 24.369331812619627 ], [ 54.510138198722416, 24.369368437654288 ], [ 54.510085718031945, 24.36936722647209 ], [ 54.510084566703121, 24.369408734905821 ], [ 54.509913015142637, 24.369404775732956 ], [ 54.50992253275561, 24.369061640323423 ] ] ] } },
{ "type": "Feature", "properties": { "id": "B-01385", "area_m2": 2063.0, "surface_label": "Building / roof", "p_roof": 0.86, "dark_roof": false, "heat_zone": "lower", "LST_C": 52.0, "new_since_2017": false, "street": "Al Kawakib Street", "action": "" }, "geometry": { "type": "Polygon", "coordinates": [ [ [ 54.518156165915926, 24.360839194977348 ], [ 54.518432193796237, 24.360846604080866 ], [ 54.518410715724713, 24.361510630772457 ], [ 54.518134687844444, 24.3615032217078 ], [ 54.518156165915926, 24.360839194977348 ] ] ] } },
{ "type": "Feature", "properties": { "id": "B-01402", "area_m2": 345.0, "surface_label": "Road / dark pavement", "p_roof": 0.1, "dark_roof": true, "heat_zone": "elevated", "LST_C": 56.099998, "new_since_2017": false, "street": "Al Mazj 4 Street", "action": "" }, "geometry": { "type": "Polygon", "coordinates": [ [ [ 54.512055904494638, 24.368300416813963 ], [ 54.511905972283195, 24.368294605109043 ], [ 54.511909048399993, 24.368228756398249 ], [ 54.511935822009164, 24.368229794203259 ], [ 54.511943683196542, 24.368061514010158 ], [ 54.51206684179882, 24.368066287919433 ], [ 54.512055904494638, 24.368300416813963 ] ] ] } },
{ "type": "Feature", "properties": { "id": "B-01430", "area_m2": 3046.0, "surface_label": "Building / roof", "p_roof": 0.8, "dark_roof": false, "heat_zone": "lower", "LST_C": 55.700001, "new_since_2017": false, "street": "Ad Diman 6 Street", "action": "" }, "geometry": { "type": "Polygon", "coordinates": [ [ [ 54.520395616287665, 24.348756710750578 ], [ 54.52041748001038, 24.348224741889094 ], [ 54.520555123714217, 24.348229428636113 ], [ 54.520555023609127, 24.348231868871654 ], [ 54.520927330617276, 24.348244545867104 ], [ 54.520905607809439, 24.34877407580991 ], [ 54.520395616287665, 24.348756710750578 ] ] ] } },
{ "type": "Feature", "properties": { "id": "B-01468", "area_m2": 20.0, "surface_label": "Building / roof", "p_roof": 0.69, "dark_roof": false, "heat_zone": "lower", "LST_C": 54.900002, "new_since_2017": false, "street": "Mohammed Bin Khalifa Al Kindi Street", "action": "" }, "geometry": { "type": "Polygon", "coordinates": [ [ [ 54.509484068831767, 24.347783228185062 ], [ 54.509547408047197, 24.347784359038016 ], [ 54.509546800438322, 24.347812506292811 ], [ 54.509483463471199, 24.34781137144163 ], [ 54.509484068831767, 24.347783228185062 ] ] ] } },
{ "type": "Feature", "properties": { "id": "B-01499", "area_m2": 2128.0, "surface_label": "Building / roof", "p_roof": 1.0, "dark_roof": false, "heat_zone": "lower", "LST_C": 55.8, "new_since_2017": false, "street": "Ad Diman 6 Street", "action": "" }, "geometry": { "type": "Polygon", "coordinates": [ [ [ 54.520777138245343, 24.349629151877622 ], [ 54.520795983613162, 24.349110523417608 ], [ 54.521160363862812, 24.349121536376693 ], [ 54.521141519338315, 24.349640141583034 ], [ 54.520777138245343, 24.349629151877622 ] ] ] } },
{ "type": "Feature", "properties": { "id": "B-01514", "area_m2": 212.0, "surface_label": "Building / roof", "p_roof": 0.65, "dark_roof": true, "heat_zone": "elevated", "LST_C": 56.200001, "new_since_2017": false, "street": "Al Mazj 1 Street", "action": "" }, "geometry": { "type": "Polygon", "coordinates": [ [ [ 54.513286296564431, 24.367964856434227 ], [ 54.513284086735865, 24.3680405438894 ], [ 54.513034818077593, 24.368034489106552 ], [ 54.513037027906115, 24.367958801647745 ], [ 54.513286296564431, 24.367964856434227 ] ] ] } },
{ "type": "Feature", "properties": { "id": "B-01518", "area_m2": 58.0, "surface_label": "Building / roof", "p_roof": 0.89, "dark_roof": false, "heat_zone": "lower", "LST_C": 55.900002, "new_since_2017": false, "street": "Al Mazj 5 Street", "action": "" }, "geometry": { "type": "Polygon", "coordinates": [ [ [ 54.513775515935322, 24.365786978506634 ], [ 54.513771248865062, 24.365900784806573 ], [ 54.513725704549586, 24.36589936491136 ], [ 54.51372997151109, 24.365785561510421 ], [ 54.513775515935322, 24.365786978506634 ] ] ] } },
{ "type": "Feature", "properties": { "id": "B-01527", "area_m2": 2863.0, "surface_label": "Building / roof", "p_roof": 0.79, "dark_roof": false, "heat_zone": "elevated", "LST_C": 56.599998, "new_since_2017": true, "street": "Al Jammalah 6 Street", "action": "" }, "geometry": { "type": "Polygon", "coordinates": [ [ [ 54.521371673638733, 24.36698565973586 ], [ 54.521368673189599, 24.36712976145046 ], [ 54.51959368936464, 24.36709909434542 ], [ 54.519597045799287, 24.366937895767261 ], [ 54.520208369533563, 24.366948457866084 ], [ 54.520206793026404, 24.367024172369025 ], [ 54.520241649204223, 24.36702477459357 ], [ 54.520241191508582, 24.367046756214862 ], [ 54.520310903864228, 24.367047960663726 ], [ 54.52031120899467, 24.367033306250093 ], [ 54.520354108905856, 24.367034047449476 ], [ 54.520354414036255, 24.367019393034255 ], [ 54.520378545236298, 24.36701980995894 ], [ 54.52037961319278, 24.366968519492382 ], [ 54.521371673638733, 24.36698565973586 ] ] ] } },
{ "type": "Feature", "properties": { "id": "B-01621", "area_m2": 44.0, "surface_label": "Building / roof", "p_roof": 0.76, "dark_roof": false, "heat_zone": "lower", "LST_C": 53.200001, "new_since_2017": false, "street": "Al 'Afou 1 Street", "action": "" }, "geometry": { "type": "Polygon", "coordinates": [ [ [ 54.509218385488481, 24.343661618003093 ], [ 54.509213885292581, 24.343735960564171 ], [ 54.509161615314198, 24.343733330788904 ], [ 54.509166121002217, 24.343658991835294 ], [ 54.509218385488481, 24.343661618003093 ] ] ] } },
{ "type": "Feature", "properties": { "id": "B-01662", "area_m2": 1791.0, "surface_label": "Building / roof", "p_roof": 0.82, "dark_roof": false, "heat_zone": "lower", "LST_C": 54.400002, "new_since_2017": false, "street": "Mohammed Bin Khalifa Al Kindi Street", "action": "" }, "geometry": { "type": "Polygon", "coordinates": [ [ [ 54.509256784575072, 24.347644263682735 ], [ 54.509273882099627, 24.347126675378448 ], [ 54.509317716878641, 24.347127874473994 ], [ 54.509321015792494, 24.347027774395741 ], [ 54.509513960899184, 24.347033052391893 ], [ 54.509490788040637, 24.347736192701316 ], [ 54.509289803554502, 24.347730694819155 ], [ 54.509292619700496, 24.347645243944623 ], [ 54.509256784575072, 24.347644263682735 ] ] ] } },
{ "type": "Feature", "properties": { "id": "B-01663", "area_m2": 1261.0, "surface_label": "Building / roof", "p_roof": 0.96, "dark_roof": false, "heat_zone": "lower", "LST_C": 55.700001, "new_since_2017": false, "street": "Al Hiraf 2 Street", "action": "" }, "geometry": { "type": "Polygon", "coordinates": [ [ [ 54.509509883717755, 24.365400504054378 ], [ 54.509520629836111, 24.365009818709286 ], [ 54.509807446136655, 24.365016365118677 ], [ 54.509796700018299, 24.365407050443547 ], [ 54.509509883717755, 24.365400504054378 ] ] ] } },
{ "type": "Feature", "properties": { "id": "B-01671", "area_m2": 1703.0, "surface_label": "Building / roof", "p_roof": 0.97, "dark_roof": false, "heat_zone": "elevated", "LST_C": 56.3, "new_since_2017": false, "street": "Abu Al Hinna-a 7 Street", "action": "" }, "geometry": { "type": "Polygon", "coordinates": [ [ [ 54.510371669369313, 24.369210284056496 ], [ 54.510355602317865, 24.369209693020558 ], [ 54.510360576791534, 24.369097486964815 ], [ 54.510673884294917, 24.369109012175429 ], [ 54.510670964495155, 24.369174872257691 ], [ 54.510762011120079, 24.369178221462267 ], [ 54.510747195839755, 24.369512399860895 ], [ 54.510358908762903, 24.369498116525602 ], [ 54.510371669369313, 24.369210284056496 ] ] ] } },
{ "type": "Feature", "properties": { "id": "B-01685", "area_m2": 357.0, "surface_label": "Building / roof", "p_roof": 0.96, "dark_roof": false, "heat_zone": "elevated", "LST_C": 56.099998, "new_since_2017": false, "street": "Al Mazj 3 Street", "action": "" }, "geometry": { "type": "Polygon", "coordinates": [ [ [ 54.51454955464353, 24.366963958822129 ], [ 54.514545419255818, 24.367086006613935 ], [ 54.514285492601019, 24.367078698612787 ], [ 54.514289627988738, 24.366956650813922 ], [ 54.51454955464353, 24.366963958822129 ] ] ] } },
{ "type": "Feature", "properties": { "id": "B-01723", "area_m2": 302.0, "surface_label": "Building / roof", "p_roof": 0.67, "dark_roof": false, "heat_zone": "lower", "LST_C": 55.700001, "new_since_2017": false, "street": "Ad Diman 8 Street", "action": "" }, "geometry": { "type": "Polygon", "coordinates": [ [ [ 54.51808857097204, 24.349316146612438 ], [ 54.518190400961281, 24.349318964577403 ], [ 54.518181610044969, 24.349582632322438 ], [ 54.518079780055764, 24.349579814363324 ], [ 54.51808857097204, 24.349316146612438 ] ] ] } },
{ "type": "Feature", "properties": { "id": "B-01732", "area_m2": 632.0, "surface_label": "Building / roof", "p_roof": 0.6, "dark_roof": false, "heat_zone": "lower", "LST_C": 55.5, "new_since_2017": false, "street": "Mohammed Bin Khalifa Al Kindi Street", "action": "" }, "geometry": { "type": "Polygon", "coordinates": [ [ [ 54.509696199382446, 24.345552047640155 ], [ 54.50970015047799, 24.345405514240198 ], [ 54.510083475033916, 24.345414093648259 ], [ 54.510079523938387, 24.34556062703831 ], [ 54.509696199382446, 24.345552047640155 ] ] ] } },
{ "type": "Feature", "properties": { "id": "B-01746", "area_m2": 432.0, "surface_label": "Building / roof", "p_roof": 0.51, "dark_roof": false, "heat_zone": "lower", "LST_C": 55.8, "new_since_2017": false, "street": "Al Hiraf 2 Street", "action": "" }, "geometry": { "type": "Polygon", "coordinates": [ [ [ 54.509673414003984, 24.365454365812454 ], [ 54.509792865233649, 24.365458402092354 ], [ 54.509779827243484, 24.365779185639479 ], [ 54.509660351091433, 24.365775156144874 ], [ 54.509673414003984, 24.365454365812454 ] ] ] } },
{ "type": "Feature", "properties": { "id": "B-01780", "area_m2": 654.0, "surface_label": "Building / roof", "p_roof": 0.97, "dark_roof": false, "heat_zone": "lower", "LST_C": 55.900002, "new_since_2017": false, "street": "Street 24", "action": "" }, "geometry": { "type": "Polygon", "coordinates": [ [ [ 54.514117238135221, 24.350194172316147 ], [ 54.514231251447889, 24.35019764001278 ], [ 54.514212589479001, 24.350706910179824 ], [ 54.51409861498108, 24.350703450944994 ], [ 54.514117238135221, 24.350194172316147 ] ] ] } },
{ "type": "Feature", "properties": { "id": "B-01807", "area_m2": 343.0, "surface_label": "Building / roof", "p_roof": 0.75, "dark_roof": true, "heat_zone": "lower", "LST_C": 55.8, "new_since_2017": false, "street": "Al Hiraf 4 Street", "action": "" }, "geometry": { "type": "Polygon", "coordinates": [ [ [ 54.508999185400796, 24.365850519366983 ], [ 54.509090282771282, 24.365853237465036 ], [ 54.509078259520571, 24.366187610909307 ], [ 54.508987162150085, 24.366184892818421 ], [ 54.508999185400796, 24.365850519366983 ] ] ] } },
{ "type": "Feature", "properties": { "id": "B-01841", "area_m2": 2365.0, "surface_label": "Building / roof", "p_roof": 0.95, "dark_roof": false, "heat_zone": "elevated", "LST_C": 56.200001, "new_since_2017": false, "street": "Mohammed Bin Khalifa Al Kindi Street", "action": "" }, "geometry": { "type": "Polygon", "coordinates": [ [ [ 54.511904617593828, 24.345382873641398 ], [ 54.511893585469018, 24.345651303897792 ], [ 54.511111476994834, 24.345624622808366 ], [ 54.511122509119645, 24.345356192495398 ], [ 54.511904617593828, 24.345382873641398 ] ] ] } },
{ "type": "Feature", "properties": { "id": "B-01847", "area_m2": 239.0, "surface_label": "Building / roof", "p_roof": 0.64, "dark_roof": true, "heat_zone": "lower", "LST_C": 55.400002, "new_since_2017": false, "street": "Abu Al Hinna-a 7 Street", "action": "" }, "geometry": { "type": "Polygon", "coordinates": [ [ [ 54.509390417014352, 24.37051627653338 ], [ 54.509395581282554, 24.370351540273191 ], [ 54.509524222162781, 24.370354894560645 ], [ 54.509519058151447, 24.370519622621973 ], [ 54.509390417014352, 24.37051627653338 ] ] ] } },
{ "type": "Feature", "properties": { "id": "B-01850", "area_m2": 1804.0, "surface_label": "Building / roof", "p_roof": 0.83, "dark_roof": false, "heat_zone": "lower", "LST_C": 54.700001, "new_since_2017": false, "street": "Mohammed Bin Khalifa Al Kindi Street", "action": "" }, "geometry": { "type": "Polygon", "coordinates": [ [ [ 54.508964334989201, 24.347013601929032 ], [ 54.509176119924511, 24.347017990837102 ], [ 54.509174107619387, 24.347098590136749 ], [ 54.509214319948903, 24.347099423473178 ], [ 54.509212612538477, 24.347167810717053 ], [ 54.509193846784733, 24.347167421826924 ], [ 54.509182077848713, 24.347638804326039 ], [ 54.509144546341162, 24.347638026548694 ], [ 54.509142504303192, 24.347719816343908 ], [ 54.508946803988309, 24.3477157732653 ], [ 54.508964334989201, 24.347013601929032 ] ] ] } },
{ "type": "Feature", "properties": { "id": "B-01854", "area_m2": 4641.0, "surface_label": "Building / roof", "p_roof": 0.84, "dark_roof": false, "heat_zone": "lower", "LST_C": 55.400002, "new_since_2017": false, "street": "Ar Raha 8 Street", "action": "" }, "geometry": { "type": "Polygon", "coordinates": [ [ [ 54.514853211135438, 24.348655088048115 ], [ 54.515630212773353, 24.348678324358758 ], [ 54.515617927166304, 24.349018586332917 ], [ 54.515631323715489, 24.349018987811149 ], [ 54.515624572108102, 24.3492059798307 ], [ 54.514834173890222, 24.34918234299251 ], [ 54.514853211135438, 24.348655088048115 ] ] ] } },
{ "type": "Feature", "properties": { "id": "B-01869", "area_m2": 1351.0, "surface_label": "Building / roof", "p_roof": 0.98, "dark_roof": false, "heat_zone": "elevated", "LST_C": 56.099998, "new_since_2017": false, "street": "Al Hiraf 8 Street", "action": "" }, "geometry": { "type": "Polygon", "coordinates": [ [ [ 54.506052549502158, 24.366915096471217 ], [ 54.506070923236052, 24.366542024440861 ], [ 54.506392141809947, 24.366555151568615 ], [ 54.506373768076052, 24.366928223560258 ], [ 54.506052549502158, 24.366915096471217 ] ] ] } },
{ "type": "Feature", "properties": { "id": "B-01873", "area_m2": 41.0, "surface_label": "Road / dark pavement", "p_roof": 0.48, "dark_roof": true, "heat_zone": "lower", "LST_C": 54.8, "new_since_2017": false, "street": "Abu Al Hinna-a 4 Street", "action": "" }, "geometry": { "type": "Polygon", "coordinates": [ [ [ 54.508582132141036, 24.371258792207655 ], [ 54.50847492822205, 24.371256051580854 ], [ 54.508475981278451, 24.371221873704361 ], [ 54.508583185197438, 24.371224614331897 ], [ 54.508582132141036, 24.371258792207655 ] ] ] } },
{ "type": "Feature", "properties": { "id": "B-01880", "area_m2": 28.0, "surface_label": "Building / roof", "p_roof": 0.91, "dark_roof": false, "heat_zone": "lower", "LST_C": 53.700001, "new_since_2017": false, "street": "Al 'Afou 1 Street", "action": "" }, "geometry": { "type": "Polygon", "coordinates": [ [ [ 54.510805030619046, 24.342776122424254 ], [ 54.510808182195682, 24.342729869434162 ], [ 54.510861620428514, 24.342732891949122 ], [ 54.510858468851879, 24.342779144938113 ], [ 54.510805030619046, 24.342776122424254 ] ] ] } },
{ "type": "Feature", "properties": { "id": "B-01888", "area_m2": 829.0, "surface_label": "Building / roof", "p_roof": 0.56, "dark_roof": true, "heat_zone": "lower", "LST_C": 55.900002, "new_since_2017": false, "street": "Al Hiraf Street", "action": "" }, "geometry": { "type": "Polygon", "coordinates": [ [ [ 54.507060864510805, 24.368183757941956 ], [ 54.50706781196218, 24.367978719363776 ], [ 54.507426885897686, 24.367988814881059 ], [ 54.507419938446269, 24.368193853442872 ], [ 54.507060864510805, 24.368183757941956 ] ] ] } },
{ "type": "Feature", "properties": { "id": "B-01893", "area_m2": 583.0, "surface_label": "Building / roof", "p_roof": 0.95, "dark_roof": false, "heat_zone": "elevated", "LST_C": 56.099998, "new_since_2017": false, "street": "Ar Raha 8 Street", "action": "" }, "geometry": { "type": "Polygon", "coordinates": [ [ [ 54.515885609755031, 24.365423530484076 ], [ 54.515876856167424, 24.365699393408473 ], [ 54.515689258657495, 24.365694441856228 ], [ 54.51569801224511, 24.365418578921012 ], [ 54.515885609755031, 24.365423530484076 ] ] ] } },
{ "type": "Feature", "properties": { "id": "B-01907", "area_m2": 341.0, "surface_label": "Building / roof", "p_roof": 0.89, "dark_roof": false, "heat_zone": "lower", "LST_C": 55.599998, "new_since_2017": false, "street": "Ad Darsa'i 5 Street", "action": "" }, "geometry": { "type": "Polygon", "coordinates": [ [ [ 54.514687218999725, 24.3517091398278 ], [ 54.514688938409897, 24.351637405032054 ], [ 54.514947613396849, 24.351642534555523 ], [ 54.514945746046372, 24.351720692005227 ], [ 54.514906901707789, 24.351719921722708 ], [ 54.514905591759756, 24.35177457348659 ], [ 54.514717926613663, 24.351770840125852 ], [ 54.514719390167613, 24.351709779832799 ], [ 54.514687218999725, 24.3517091398278 ] ] ] } },
{ "type": "Feature", "properties": { "id": "B-01925", "area_m2": 127.0, "surface_label": "Building / roof", "p_roof": 0.96, "dark_roof": false, "heat_zone": "lower", "LST_C": 53.599998, "new_since_2017": false, "street": "Al Hayal Street", "action": "" }, "geometry": { "type": "Polygon", "coordinates": [ [ [ 54.510495838064799, 24.342278315700408 ], [ 54.510497546737881, 24.342223258401894 ], [ 54.510602069530066, 24.342225944429945 ], [ 54.510598163025954, 24.34235182076069 ], [ 54.510520441103402, 24.342349818507685 ], [ 54.510522638727728, 24.342279006132884 ], [ 54.510495838064799, 24.342278315700408 ] ] ] } },
{ "type": "Feature", "properties": { "id": "B-01973", "area_m2": 39.0, "surface_label": "Road / dark pavement", "p_roof": 0.38, "dark_roof": true, "heat_zone": "lower", "LST_C": 55.8, "new_since_2017": false, "street": "Ar Raha 8 Street", "action": "" }, "geometry": { "type": "Polygon", "coordinates": [ [ [ 54.515061425036478, 24.361872082561277 ], [ 54.515059834645704, 24.361964908383229 ], [ 54.515022292864458, 24.361964374622637 ], [ 54.515023883255239, 24.36187154880032 ], [ 54.515061425036478, 24.361872082561277 ] ] ] } },
{ "type": "Feature", "properties": { "id": "B-02040", "area_m2": 109.0, "surface_label": "Building / roof", "p_roof": 0.54, "dark_roof": true, "heat_zone": "lower", "LST_C": 55.8, "new_since_2017": false, "street": "At Tajalli 4 Street", "action": "" }, "geometry": { "type": "Polygon", "coordinates": [ [ [ 54.513394878875289, 24.362441854199215 ], [ 54.513397586734627, 24.362353962088619 ], [ 54.513507470751598, 24.362356771428775 ], [ 54.513504762892218, 24.362444663537431 ], [ 54.513394878875289, 24.362441854199215 ] ] ] } },
{ "type": "Feature", "properties": { "id": "B-02049", "area_m2": 331.0, "surface_label": "Building / roof", "p_roof": 0.6, "dark_roof": true, "heat_zone": "elevated", "LST_C": 56.0, "new_since_2017": false, "street": "Al Mazj 5 Street", "action": "" }, "geometry": { "type": "Polygon", "coordinates": [ [ [ 54.514921677869282, 24.365257539207757 ], [ 54.514918607330749, 24.365383609691342 ], [ 54.514685369592897, 24.365378910740052 ], [ 54.514688440493387, 24.365252825388986 ], [ 54.514921677869282, 24.365257539207757 ] ] ] } },
{ "type": "Feature", "properties": { "id": "B-02135", "area_m2": 164.0, "surface_label": "Road / dark pavement", "p_roof": 0.66, "dark_roof": true, "heat_zone": "elevated", "LST_C": 56.200001, "new_since_2017": false, "street": "Al Mazj 1 Street", "action": "" }, "geometry": { "type": "Polygon", "coordinates": [ [ [ 54.513408227243907, 24.367113590158979 ], [ 54.51360667708046, 24.367115943434527 ], [ 54.513605629754679, 24.367189229377647 ], [ 54.513407179918111, 24.367186876103471 ], [ 54.513408227243907, 24.367113590158979 ] ] ] } },
{ "type": "Feature", "properties": { "id": "B-02207", "area_m2": 593.0, "surface_label": "Building / roof", "p_roof": 0.83, "dark_roof": false, "heat_zone": "lower", "LST_C": 56.0, "new_since_2017": false, "street": "Al Marmoumiyah 5 Street", "action": "" }, "geometry": { "type": "Polygon", "coordinates": [ [ [ 54.51382025525713, 24.370601793739475 ], [ 54.513828748726816, 24.370352826274228 ], [ 54.51404043881891, 24.370358818407492 ], [ 54.514031945349224, 24.370607785860926 ], [ 54.51382025525713, 24.370601793739475 ] ] ] } },
{ "type": "Feature", "properties": { "id": "B-02220", "area_m2": 130.0, "surface_label": "Building / roof", "p_roof": 0.92, "dark_roof": false, "heat_zone": "elevated", "LST_C": 56.400002, "new_since_2017": false, "street": "Ar Rasin 2 Street", "action": "" }, "geometry": { "type": "Polygon", "coordinates": [ [ [ 54.519199117952894, 24.365836180742395 ], [ 54.519154611213764, 24.365835028708418 ], [ 54.519162742626463, 24.365574995744524 ], [ 54.519207229314397, 24.365576150098107 ], [ 54.519199117952894, 24.365836180742395 ] ] ] } },
{ "type": "Feature", "properties": { "id": "B-02231", "area_m2": 524.0, "surface_label": "Building / roof", "p_roof": 0.79, "dark_roof": true, "heat_zone": "elevated", "LST_C": 56.0, "new_since_2017": false, "street": "Al Mazj 3 Street", "action": "" }, "geometry": { "type": "Polygon", "coordinates": [ [ [ 54.513443885383339, 24.366265403629196 ], [ 54.513449679658038, 24.366072527916511 ], [ 54.513690897364931, 24.366078556397678 ], [ 54.513685103090232, 24.366271432101154 ], [ 54.513443885383339, 24.366265403629196 ] ] ] } },
{ "type": "Feature", "properties": { "id": "B-02236", "area_m2": 333.0, "surface_label": "Road / dark pavement", "p_roof": 0.15, "dark_roof": true, "heat_zone": "elevated", "LST_C": 56.3, "new_since_2017": false, "street": "Al Mazj 1 Street", "action": "" }, "geometry": { "type": "Polygon", "coordinates": [ [ [ 54.513362971299784, 24.367933724459984 ], [ 54.513366584173909, 24.367792091559149 ], [ 54.513575683579148, 24.367796517418768 ], [ 54.513572070705017, 24.367938150314668 ], [ 54.513362971299784, 24.367933724459984 ] ] ] } },
{ "type": "Feature", "properties": { "id": "B-02240", "area_m2": 808.0, "surface_label": "Building / roof", "p_roof": 0.88, "dark_roof": false, "heat_zone": "lower", "LST_C": 55.8, "new_since_2017": false, "street": "Street 24", "action": "" }, "geometry": { "type": "Polygon", "coordinates": [ [ [ 54.513018075001504, 24.350656897075734 ], [ 54.513035156758399, 24.350151550672642 ], [ 54.513177179151164, 24.350155535199878 ], [ 54.513160097394277, 24.350660881587057 ], [ 54.513018075001504, 24.350656897075734 ] ] ] } },
{ "type": "Feature", "properties": { "id": "B-02261", "area_m2": 1468.0, "surface_label": "Building / roof", "p_roof": 0.88, "dark_roof": false, "heat_zone": "lower", "LST_C": 55.099998, "new_since_2017": false, "street": "Abu Al Hinna-a 3 Street", "action": "" }, "geometry": { "type": "Polygon", "coordinates": [ [ [ 54.506480165179823, 24.370608867014429 ], [ 54.506483673643068, 24.37047456633243 ], [ 54.506459547423603, 24.370474043375701 ], [ 54.506466691930548, 24.370200557908518 ], [ 54.506681147214557, 24.370205206422639 ], [ 54.506681848907178, 24.370178346211929 ], [ 54.506890942809093, 24.370182878513983 ], [ 54.506887561926362, 24.370312295835788 ], [ 54.50667310664236, 24.370307647325603 ], [ 54.506668513745005, 24.3704834593307 ], [ 54.506829355208033, 24.37048694570851 ], [ 54.50682597432526, 24.370616362719172 ], [ 54.506480165179823, 24.370608867014429 ] ] ] } },
{ "type": "Feature", "properties": { "id": "B-02279", "area_m2": 709.0, "surface_label": "Building / roof", "p_roof": 0.63, "dark_roof": true, "heat_zone": "lower", "LST_C": 55.8, "new_since_2017": false, "street": "Al Hiraf 8 Street", "action": "" }, "geometry": { "type": "Polygon", "coordinates": [ [ [ 54.506396263020761, 24.366496823304963 ], [ 54.506206064251792, 24.36649069965582 ], [ 54.506218925183028, 24.366159891215798 ], [ 54.506409123481141, 24.366166026991845 ], [ 54.506396263020761, 24.366496823304963 ] ] ] } },
{ "type": "Feature", "properties": { "id": "B-02295", "area_m2": 841.0, "surface_label": "Building / roof", "p_roof": 0.99, "dark_roof": false, "heat_zone": "lower", "LST_C": 55.200001, "new_since_2017": false, "street": "Abu Al Hinna-a 7 Street", "action": "" }, "geometry": { "type": "Polygon", "coordinates": [ [ [ 54.506050387753064, 24.370136030549205 ], [ 54.50605786969529, 24.369931026380669 ], [ 54.506422247407841, 24.369942060681364 ], [ 54.506414765465621, 24.370147064832036 ], [ 54.506050387753064, 24.370136030549205 ] ] ] } },
{ "type": "Feature", "properties": { "id": "B-02325", "area_m2": 563.0, "surface_label": "Building / roof", "p_roof": 0.8, "dark_roof": true, "heat_zone": "elevated", "LST_C": 56.3, "new_since_2017": false, "street": "Al Marmoumiyah 2 Street", "action": "" }, "geometry": { "type": "Polygon", "coordinates": [ [ [ 54.514759211336617, 24.3696760611119 ], [ 54.514989559557513, 24.369683903104004 ], [ 54.514982151779719, 24.369864449793866 ], [ 54.514952688635198, 24.3698634467498 ], [ 54.514953651909735, 24.369839969273375 ], [ 54.514875976549796, 24.369837319938878 ], [ 54.514871609498755, 24.369943756161454 ], [ 54.514748399985244, 24.369939561616189 ], [ 54.514759211336617, 24.3696760611119 ] ] ] } },
{ "type": "Feature", "properties": { "id": "B-02329", "area_m2": 205.0, "surface_label": "Building / roof", "p_roof": 0.42, "dark_roof": true, "heat_zone": "lower", "LST_C": 55.599998, "new_since_2017": false, "street": "Al Hiraf 6 Street", "action": "" }, "geometry": { "type": "Polygon", "coordinates": [ [ [ 54.50688417126274, 24.366087797861365 ], [ 54.506826252301501, 24.366086184191001 ], [ 54.506836825009856, 24.365771292747436 ], [ 54.506894719799853, 24.365772905748358 ], [ 54.50688417126274, 24.366087797861365 ] ] ] } },
{ "type": "Feature", "properties": { "id": "B-02343", "area_m2": 92.0, "surface_label": "Building / roof", "p_roof": 0.45, "dark_roof": true, "heat_zone": "lower", "LST_C": 55.900002, "new_since_2017": false, "street": "Ad Darsa'i 7 Street", "action": "" }, "geometry": { "type": "Polygon", "coordinates": [ [ [ 54.515293531617196, 24.351608083577371 ], [ 54.515481088448382, 24.35161363255741 ], [ 54.515480044299025, 24.351642924607717 ], [ 54.51541573909973, 24.351641022100726 ], [ 54.515414955987715, 24.351662991134337 ], [ 54.515291704355782, 24.351659344663187 ], [ 54.515293531617196, 24.351608083577371 ] ] ] } },
{ "type": "Feature", "properties": { "id": "B-02349", "area_m2": 68.0, "surface_label": "Building / roof", "p_roof": 0.29, "dark_roof": true, "heat_zone": "elevated", "LST_C": 56.8, "new_since_2017": false, "street": "Al Jammalah 6 Street", "action": "" }, "geometry": { "type": "Polygon", "coordinates": [ [ [ 54.521852580252499, 24.367323491944749 ], [ 54.521854201377302, 24.367257556666793 ], [ 54.521945350620491, 24.367259422044107 ], [ 54.521943729495696, 24.367325357321118 ], [ 54.521852580252499, 24.367323491944749 ] ] ] } },
{ "type": "Feature", "properties": { "id": "B-02365", "area_m2": 293.0, "surface_label": "Building / roof", "p_roof": 0.87, "dark_roof": false, "heat_zone": "elevated", "LST_C": 56.200001, "new_since_2017": false, "street": "Al Marmoumiyah 5 Street", "action": "" }, "geometry": { "type": "Polygon", "coordinates": [ [ [ 54.51294407877748, 24.369703149475537 ], [ 54.512945784179301, 24.369607888713691 ], [ 54.51321929707543, 24.369611934158812 ], [ 54.513217591673609, 24.369707194917638 ], [ 54.51294407877748, 24.369703149475537 ] ] ] } },
{ "type": "Feature", "properties": { "id": "B-02421", "area_m2": 681.0, "surface_label": "Building / roof", "p_roof": 0.78, "dark_roof": false, "heat_zone": "lower", "LST_C": 50.599998, "new_since_2017": false, "street": "Al Jammalah 3 Street", "action": "" }, "geometry": { "type": "Polygon", "coordinates": [ [ [ 54.520937896222144, 24.362115373755568 ], [ 54.52094760174829, 24.361839555370224 ], [ 54.521151240391717, 24.361845501752953 ], [ 54.52113981707334, 24.362170137473782 ], [ 54.521051395030817, 24.362167555498456 ], [ 54.52105311282304, 24.36211873814905 ], [ 54.520937896222144, 24.362115373755568 ] ] ] } },
{ "type": "Feature", "properties": { "id": "B-02448", "area_m2": 487.0, "surface_label": "Building / roof", "p_roof": 0.58, "dark_roof": false, "heat_zone": "lower", "LST_C": 55.8, "new_since_2017": false, "street": "Al Hiraf Street", "action": "" }, "geometry": { "type": "Polygon", "coordinates": [ [ [ 54.508576379276484, 24.369117515087655 ], [ 54.508579504998288, 24.3689978639853 ], [ 54.508941398290069, 24.369005708427363 ], [ 54.508938272568265, 24.369125359522293 ], [ 54.508576379276484, 24.369117515087655 ] ] ] } },
{ "type": "Feature", "properties": { "id": "B-02484", "area_m2": 603.0, "surface_label": "Building / roof", "p_roof": 0.47, "dark_roof": false, "heat_zone": "lower", "LST_C": 55.5, "new_since_2017": false, "street": "Ad Diman 6 Street", "action": "" }, "geometry": { "type": "Polygon", "coordinates": [ [ [ 54.518190516157574, 24.350444232011196 ], [ 54.518213549093574, 24.349889011277934 ], [ 54.51830997089084, 24.349892331271036 ], [ 54.518286938209556, 24.350447545850383 ], [ 54.518190516157574, 24.350444232011196 ] ] ] } },
{ "type": "Feature", "properties": { "id": "B-02506", "area_m2": 303.0, "surface_label": "Building / roof", "p_roof": 0.78, "dark_roof": false, "heat_zone": "lower", "LST_C": 55.900002, "new_since_2017": false, "street": "Ar Raha 8 Street", "action": "" }, "geometry": { "type": "Polygon", "coordinates": [ [ [ 54.515718774980442, 24.362102954917134 ], [ 54.515839327640975, 24.362106790255023 ], [ 54.515830774680794, 24.362330330583799 ], [ 54.515710221726572, 24.362326502929378 ], [ 54.515718774980442, 24.362102954917134 ] ] ] } },
{ "type": "Feature", "properties": { "id": "B-02510", "area_m2": 973.0, "surface_label": "Building / roof", "p_roof": 0.78, "dark_roof": false, "heat_zone": "lower", "LST_C": 55.200001, "new_since_2017": false, "street": "Ad Diman 6 Street", "action": "" }, "geometry": { "type": "Polygon", "coordinates": [ [ [ 54.518325176117074, 24.35044332194515 ], [ 54.518328353005231, 24.350220991701899 ], [ 54.518717207414703, 24.350225603465425 ], [ 54.518714030526588, 24.350447933700561 ], [ 54.518325176117074, 24.35044332194515 ] ] ] } },
{ "type": "Feature", "properties": { "id": "B-02512", "area_m2": 111.0, "surface_label": "Building / roof", "p_roof": 0.82, "dark_roof": false, "heat_zone": "lower", "LST_C": 54.700001, "new_since_2017": false, "street": "Abu Al Hinna-a 1 Street", "action": "" }, "geometry": { "type": "Polygon", "coordinates": [ [ [ 54.510512914839509, 24.372021878011225 ], [ 54.510527724299692, 24.371910014288936 ], [ 54.510614968481974, 24.371919597573008 ], [ 54.510600159747568, 24.372031455804542 ], [ 54.510512914839509, 24.372021878011225 ] ] ] } },
{ "type": "Feature", "properties": { "id": "B-02522", "area_m2": 513.0, "surface_label": "Building / roof", "p_roof": 0.6, "dark_roof": true, "heat_zone": "elevated", "LST_C": 56.8, "new_since_2017": false, "street": "Al Mazj 2 Street", "action": "" }, "geometry": { "type": "Polygon", "coordinates": [ [ [ 54.514831149430655, 24.368112179992337 ], [ 54.514833552099162, 24.368019387538155 ], [ 54.514973975553943, 24.368022395587172 ], [ 54.51497483429803, 24.36798913167063 ], [ 54.514851521080146, 24.367986482282273 ], [ 54.514853916619074, 24.367893689735872 ], [ 54.515073735833546, 24.367898412562042 ], [ 54.515068086166409, 24.368117255474829 ], [ 54.514831149430655, 24.368112179992337 ] ] ] } },
{ "type": "Feature", "properties": { "id": "B-02559", "area_m2": 237.0, "surface_label": "Building / roof", "p_roof": 0.71, "dark_roof": true, "heat_zone": "lower", "LST_C": 55.400002, "new_since_2017": false, "street": "Abu Al Hinna-a 7 Street", "action": "" }, "geometry": { "type": "Polygon", "coordinates": [ [ [ 54.507302920858407, 24.369383091843915 ], [ 54.507305645148364, 24.369269448732847 ], [ 54.507490629081254, 24.369273140038711 ], [ 54.507487905073873, 24.36938677135878 ], [ 54.507302920858407, 24.369383091843915 ] ] ] } },
{ "type": "Feature", "properties": { "id": "B-02592", "area_m2": 318.0, "surface_label": "Building / roof", "p_roof": 0.71, "dark_roof": true, "heat_zone": "elevated", "LST_C": 56.3, "new_since_2017": false, "street": "Ar Raha 8 Street", "action": "" }, "geometry": { "type": "Polygon", "coordinates": [ [ [ 54.515706788261859, 24.367062652192864 ], [ 54.515713056046991, 24.366828236108731 ], [ 54.515833683893824, 24.366830912421634 ], [ 54.515827416108735, 24.3670653285008 ], [ 54.515706788261859, 24.367062652192864 ] ] ] } },
{ "type": "Feature", "properties": { "id": "B-02593", "area_m2": 278.0, "surface_label": "Building / roof", "p_roof": 0.76, "dark_roof": false, "heat_zone": "lower", "LST_C": 56.0, "new_since_2017": false, "street": "Ar Raha 8 Street", "action": "" }, "geometry": { "type": "Polygon", "coordinates": [ [ [ 54.515756491519653, 24.366256249915438 ], [ 54.515855652791728, 24.366258822967222 ], [ 54.515847865911304, 24.366507836860578 ], [ 54.515748704639272, 24.366505263813824 ], [ 54.515756491519653, 24.366256249915438 ] ] ] } },
{ "type": "Feature", "properties": { "id": "B-02623", "area_m2": 578.0, "surface_label": "Building / roof", "p_roof": 0.67, "dark_roof": false, "heat_zone": "elevated", "LST_C": 56.700001, "new_since_2017": false, "street": "Al Jammalah 6 Street", "action": "" }, "geometry": { "type": "Polygon", "coordinates": [ [ [ 54.52195462059899, 24.367116820661451 ], [ 54.521648003088451, 24.367111503559979 ], [ 54.521651489307729, 24.366944071863553 ], [ 54.521958120086254, 24.366949369653085 ], [ 54.52195462059899, 24.367116820661451 ] ] ] } },
{ "type": "Feature", "properties": { "id": "B-02629", "area_m2": 1307.0, "surface_label": "Building / roof", "p_roof": 0.97, "dark_roof": false, "heat_zone": "lower", "LST_C": 55.200001, "new_since_2017": false, "street": "Al Marmoumiyah 3 Street", "action": "" }, "geometry": { "type": "Polygon", "coordinates": [ [ [ 54.512515877387891, 24.371586842975347 ], [ 54.512529395099719, 24.371318656778225 ], [ 54.512855936259996, 24.371332313183668 ], [ 54.512847825632903, 24.371493224952832 ], [ 54.513112805754751, 24.371504306774831 ], [ 54.513107398670009, 24.371611581164487 ], [ 54.512515877387891, 24.371586842975347 ] ] ] } },
{ "type": "Feature", "properties": { "id": "B-02703", "area_m2": 6197.0, "surface_label": "Building / roof", "p_roof": 0.97, "dark_roof": false, "heat_zone": "lower", "LST_C": 55.200001, "new_since_2017": false, "street": "Al Jammalah 1 Street", "action": "" }, "geometry": { "type": "Polygon", "coordinates": [ [ [ 54.519668359048048, 24.365407406513299 ], [ 54.519680526303119, 24.365095055425307 ], [ 54.521220856999072, 24.365144844936957 ], [ 54.521220952055756, 24.36514240469198 ], [ 54.521440616607187, 24.365149505107855 ], [ 54.521428354295416, 24.365464296300217 ], [ 54.519668359048048, 24.365407406513299 ] ] ] } },
{ "type": "Feature", "properties": { "id": "B-02719", "area_m2": 1077.0, "surface_label": "Building / roof", "p_roof": 0.99, "dark_roof": false, "heat_zone": "lower", "LST_C": 56.0, "new_since_2017": false, "street": "Al Hiraf 2 Street", "action": "" }, "geometry": { "type": "Polygon", "coordinates": [ [ [ 54.509415355563966, 24.366644274389259 ], [ 54.509435196759853, 24.366254185023372 ], [ 54.509708196029493, 24.366265707119616 ], [ 54.509694307192362, 24.366538769777165 ], [ 54.509600630972422, 24.366534816125338 ], [ 54.509594678613659, 24.366651842801815 ], [ 54.509415355563966, 24.366644274389259 ] ] ] } },
{ "type": "Feature", "properties": { "id": "B-02732", "area_m2": 2790.0, "surface_label": "Building / roof", "p_roof": 0.54, "dark_roof": false, "heat_zone": "elevated", "LST_C": 56.200001, "new_since_2017": false, "street": "Al Jammalah 1 Street", "action": "" }, "geometry": { "type": "Polygon", "coordinates": [ [ [ 54.517516768257302, 24.363601678237711 ], [ 54.517822534693032, 24.363602847904641 ], [ 54.517821149309945, 24.363903373967222 ], [ 54.517721909326433, 24.363902994339369 ], [ 54.517720839315075, 24.364135107477033 ], [ 54.517390933423954, 24.364133845473308 ], [ 54.517391029826676, 24.364112933241351 ], [ 54.517260791148125, 24.364112426729982 ], [ 54.517262742827853, 24.363695997009607 ], [ 54.517516328989522, 24.36369696706743 ], [ 54.517516768257302, 24.363601678237711 ] ] ] } },
{ "type": "Feature", "properties": { "id": "B-02745", "area_m2": 470.0, "surface_label": "Building / roof", "p_roof": 0.48, "dark_roof": false, "heat_zone": "lower", "LST_C": 55.900002, "new_since_2017": false, "street": "Al Jammalah 1 Street", "action": "" }, "geometry": { "type": "Polygon", "coordinates": [ [ [ 54.521639346629982, 24.36401578343931 ], [ 54.5217879735944, 24.364019099980322 ], [ 54.521780422210718, 24.364299915179277 ], [ 54.521631816808778, 24.364296599126757 ], [ 54.521639346629982, 24.36401578343931 ] ] ] } },
{ "type": "Feature", "properties": { "id": "B-02750", "area_m2": 117.0, "surface_label": "Building / roof", "p_roof": 0.86, "dark_roof": false, "heat_zone": "lower", "LST_C": 55.599998, "new_since_2017": false, "street": "Ad Diman 6 Street", "action": "" }, "geometry": { "type": "Polygon", "coordinates": [ [ [ 54.519688758271307, 24.348694479127598 ], [ 54.51969631612581, 24.348452755158249 ], [ 54.519739196675921, 24.348453867985842 ], [ 54.519731638821376, 24.348695591953085 ], [ 54.519688758271307, 24.348694479127598 ] ] ] } },
{ "type": "Feature", "properties": { "id": "B-02780", "area_m2": 329.0, "surface_label": "Building / roof", "p_roof": 0.71, "dark_roof": false, "heat_zone": "lower", "LST_C": 55.900002, "new_since_2017": false, "street": "Ar Raha 8 Street", "action": "" }, "geometry": { "type": "Polygon", "coordinates": [ [ [ 54.515298195485407, 24.361409983228313 ], [ 54.51540275885781, 24.361411909892777 ], [ 54.515396555521086, 24.361691291995147 ], [ 54.515291992296646, 24.361689358670997 ], [ 54.515298195485407, 24.361409983228313 ] ] ] } },
{ "type": "Feature", "properties": { "id": "B-02786", "area_m2": 490.0, "surface_label": "Building / roof", "p_roof": 0.96, "dark_roof": false, "heat_zone": "elevated", "LST_C": 56.5, "new_since_2017": false, "street": "Al Hiraf Street", "action": "" }, "geometry": { "type": "Polygon", "coordinates": [ [ [ 54.51379026760609, 24.369365044251474 ], [ 54.513780812769333, 24.369573258497642 ], [ 54.513571957198693, 24.36956540254717 ], [ 54.513581412639006, 24.369357174995624 ], [ 54.51379026760609, 24.369365044251474 ] ] ] } },
{ "type": "Feature", "properties": { "id": "B-02808", "area_m2": 76.0, "surface_label": "Building / roof", "p_roof": 0.69, "dark_roof": true, "heat_zone": "lower", "LST_C": 55.700001, "new_since_2017": false, "street": "Al Marmoumiyah 3 Street", "action": "" }, "geometry": { "type": "Polygon", "coordinates": [ [ [ 54.513288243898003, 24.370754936298216 ], [ 54.513286490053176, 24.37083645785594 ], [ 54.513203373493575, 24.370834974170265 ], [ 54.513205127452352, 24.370753447314723 ], [ 54.513288243898003, 24.370754936298216 ] ] ] } },
{ "type": "Feature", "properties": { "id": "B-02842", "area_m2": 355.0, "surface_label": "Building / roof", "p_roof": 1.0, "dark_roof": false, "heat_zone": "lower", "LST_C": 55.700001, "new_since_2017": false, "street": "Az Zakhrafah 2 Street", "action": "" }, "geometry": { "type": "Polygon", "coordinates": [ [ [ 54.514428176876216, 24.362539911269991 ], [ 54.514423374885325, 24.362648798494067 ], [ 54.514134163075269, 24.362638214432579 ], [ 54.514138965877983, 24.36252930879002 ], [ 54.514428176876216, 24.362539911269991 ] ] ] } },
{ "type": "Feature", "properties": { "id": "B-02864", "area_m2": 506.0, "surface_label": "Building / roof", "p_roof": 0.61, "dark_roof": true, "heat_zone": "elevated", "LST_C": 56.3, "new_since_2017": false, "street": "Al Mazj 2 Street", "action": "" }, "geometry": { "type": "Polygon", "coordinates": [ [ [ 54.515832407116697, 24.364913069347079 ], [ 54.51582313235658, 24.365116980115104 ], [ 54.515622311434612, 24.36510940050924 ], [ 54.515633294742358, 24.364867926319747 ], [ 54.515737721621775, 24.364871867722375 ], [ 54.515736013353205, 24.364909424995364 ], [ 54.515832407116697, 24.364913069347079 ] ] ] } },
{ "type": "Feature", "properties": { "id": "B-02874", "area_m2": 253.0, "surface_label": "Building / roof", "p_roof": 0.97, "dark_roof": false, "heat_zone": "elevated", "LST_C": 56.0, "new_since_2017": false, "street": "Al Mazj 5 Street", "action": "" }, "geometry": { "type": "Polygon", "coordinates": [ [ [ 54.513384294268057, 24.365927659952586 ], [ 54.513381433797839, 24.3660228774046 ], [ 54.513145576033047, 24.366016997912876 ], [ 54.513148436503258, 24.365921780456464 ], [ 54.513384294268057, 24.365927659952586 ] ] ] } },
{ "type": "Feature", "properties": { "id": "B-02875", "area_m2": 1272.0, "surface_label": "Building / roof", "p_roof": 1.0, "dark_roof": false, "heat_zone": "lower", "LST_C": 56.0, "new_since_2017": false, "street": "Al Hiraf Street", "action": "" }, "geometry": { "type": "Polygon", "coordinates": [ [ [ 54.508537587159609, 24.367995594838629 ], [ 54.508668664750836, 24.368001770435594 ], [ 54.508679041626948, 24.367819014523931 ], [ 54.508721842473101, 24.367821031048209 ], [ 54.508719490381175, 24.367862455744007 ], [ 54.508818467337804, 24.36786711895483 ], [ 54.508798820452363, 24.368213136459371 ], [ 54.508388500491918, 24.368193804653131 ], [ 54.508403047724457, 24.367937947615008 ], [ 54.508540492684908, 24.367944423207476 ], [ 54.508537587159609, 24.367995594838629 ] ] ] } },
{ "type": "Feature", "properties": { "id": "B-02888", "area_m2": 654.0, "surface_label": "Building / roof", "p_roof": 0.98, "dark_roof": false, "heat_zone": "lower", "LST_C": 55.200001, "new_since_2017": false, "street": "Al Marmoumiyah 3 Street", "action": "" }, "geometry": { "type": "Polygon", "coordinates": [ [ [ 54.513433441256417, 24.37162111351736 ], [ 54.513440535520353, 24.371496846680991 ], [ 54.514002280357317, 24.371523455273362 ], [ 54.514000611118732, 24.371552694533818 ], [ 54.51388558717592, 24.371547246109468 ], [ 54.513883361524499, 24.371586231781237 ], [ 54.513867311672016, 24.371585471536189 ], [ 54.513864112298087, 24.371641513418634 ], [ 54.513433441256417, 24.37162111351736 ] ] ] } },
{ "type": "Feature", "properties": { "id": "B-02898", "area_m2": 533.0, "surface_label": "Building / roof", "p_roof": 0.76, "dark_roof": false, "heat_zone": "lower", "LST_C": 55.0, "new_since_2017": false, "street": "Abu Al Hinna-a 4 Street", "action": "" }, "geometry": { "type": "Polygon", "coordinates": [ [ [ 54.508593804464859, 24.370803232457828 ], [ 54.508580980991056, 24.371179122985954 ], [ 54.508455038784348, 24.371175558069069 ], [ 54.508467862258193, 24.370799667530317 ], [ 54.508593804464859, 24.370803232457828 ] ] ] } },
{ "type": "Feature", "properties": { "id": "B-02924", "area_m2": 1289.0, "surface_label": "Building / roof", "p_roof": 0.88, "dark_roof": false, "heat_zone": "elevated", "LST_C": 56.0, "new_since_2017": false, "street": "Al Hiraf Street", "action": "" }, "geometry": { "type": "Polygon", "coordinates": [ [ [ 54.506597951160153, 24.367863064176571 ], [ 54.506997139396816, 24.367875432775396 ], [ 54.506986449791263, 24.368162291993464 ], [ 54.506587260607311, 24.368149948843158 ], [ 54.506597951160153, 24.367863064176571 ] ] ] } },
{ "type": "Feature", "properties": { "id": "B-02936", "area_m2": 59.0, "surface_label": "Building / roof", "p_roof": 0.38, "dark_roof": true, "heat_zone": "lower", "LST_C": 55.700001, "new_since_2017": false, "street": "Ad Diman 6 Street", "action": "" }, "geometry": { "type": "Polygon", "coordinates": [ [ [ 54.518677040372928, 24.34729827401274 ], [ 54.518676302781344, 24.347228698413517 ], [ 54.518751397577724, 24.347228032830902 ], [ 54.518752135220069, 24.347297613218391 ], [ 54.518677040372928, 24.34729827401274 ] ] ] } },
{ "type": "Feature", "properties": { "id": "B-03032", "area_m2": 428.0, "surface_label": "Building / roof", "p_roof": 0.59, "dark_roof": true, "heat_zone": "elevated", "LST_C": 56.700001, "new_since_2017": false, "street": "Ar Raha 8 Street", "action": "" }, "geometry": { "type": "Polygon", "coordinates": [ [ [ 54.515631930325931, 24.367895263704614 ], [ 54.515783045528124, 24.367898895788834 ], [ 54.515775761065889, 24.368150376682223 ], [ 54.515624626554981, 24.368146744141139 ], [ 54.515631930325931, 24.367895263704614 ] ] ] } },
{ "type": "Feature", "properties": { "id": "B-03050", "area_m2": 662.0, "surface_label": "Building / roof", "p_roof": 0.95, "dark_roof": false, "heat_zone": "lower", "LST_C": 55.8, "new_since_2017": false, "street": "Street 24", "action": "" }, "geometry": { "type": "Polygon", "coordinates": [ [ [ 54.513383084606936, 24.350682362691963 ], [ 54.513267863910421, 24.350679056648968 ], [ 54.513285501912925, 24.350168849973386 ], [ 54.51340072260939, 24.350172156029718 ], [ 54.513383084606936, 24.350682362691963 ] ] ] } },
{ "type": "Feature", "properties": { "id": "B-03059", "area_m2": 2081.0, "surface_label": "Building / roof", "p_roof": 0.99, "dark_roof": false, "heat_zone": "lower", "LST_C": 55.0, "new_since_2017": false, "street": "Ad Diman 6 Street", "action": "" }, "geometry": { "type": "Polygon", "coordinates": [ [ [ 54.519483200164572, 24.350206524448236 ], [ 54.519468765145753, 24.3506582069293 ], [ 54.5191888236062, 24.350650763570069 ], [ 54.519188861765564, 24.350649572401046 ], [ 54.519062904972479, 24.350646231369879 ], [ 54.519077765764322, 24.35018234118796 ], [ 54.519203722557393, 24.35018568223137 ], [ 54.51920329329505, 24.3501990819843 ], [ 54.519483200164572, 24.350206524448236 ] ] ] } },
{ "type": "Feature", "properties": { "id": "B-03090", "area_m2": 564.0, "surface_label": "Building / roof", "p_roof": 0.55, "dark_roof": false, "heat_zone": "lower", "LST_C": 55.8, "new_since_2017": false, "street": "Al Hiraf 2 Street", "action": "" }, "geometry": { "type": "Polygon", "coordinates": [ [ [ 54.509498677042963, 24.365435710415124 ], [ 54.50961006977009, 24.365439730063965 ], [ 54.509598315035539, 24.365710513213784 ], [ 54.509636869904277, 24.365711904477855 ], [ 54.509633581249247, 24.365787528287065 ], [ 54.509884257692335, 24.365796574016311 ], [ 54.50988235151916, 24.365840484712876 ], [ 54.50957007755639, 24.365829216223801 ], [ 54.509574533153561, 24.3657267581826 ], [ 54.509486158936618, 24.365723569172701 ], [ 54.509498677042963, 24.365435710415124 ] ] ] } },
{ "type": "Feature", "properties": { "id": "B-03093", "area_m2": 321.0, "surface_label": "Building / roof", "p_roof": 0.93, "dark_roof": false, "heat_zone": "lower", "LST_C": 55.400002, "new_since_2017": false, "street": "Al Hiraf Street", "action": "" }, "geometry": { "type": "Polygon", "coordinates": [ [ [ 54.508110702069452, 24.369051116206158 ], [ 54.508112975135504, 24.368979135569759 ], [ 54.508508514002287, 24.36898949971896 ], [ 54.508506234612646, 24.369061505400268 ], [ 54.508110702069452, 24.369051116206158 ] ] ] } },
{ "type": "Feature", "properties": { "id": "B-03099", "area_m2": 955.0, "surface_label": "Building / roof", "p_roof": 0.65, "dark_roof": false, "heat_zone": "elevated", "LST_C": 56.3, "new_since_2017": false, "street": "Al Hiraf 2 Street", "action": "" }, "geometry": { "type": "Polygon", "coordinates": [ [ [ 54.510448912107798, 24.368161762695323 ], [ 54.510457468687804, 24.36795437897452 ], [ 54.510457468687804, 24.36795437897452 ], [ 54.510465677662701, 24.367755419752882 ], [ 54.510591563665365, 24.367759729567716 ], [ 54.510589192967331, 24.36781718771476 ], [ 54.510685616035218, 24.367820494986603 ], [ 54.51067122084774, 24.36816938777336 ], [ 54.510448912107798, 24.368161762695323 ] ] ] } },
{ "type": "Feature", "properties": { "id": "B-03107", "area_m2": 335.0, "surface_label": "Road / dark pavement", "p_roof": 0.32, "dark_roof": true, "heat_zone": "lower", "LST_C": 55.900002, "new_since_2017": false, "street": "Al Mazj 2 Street", "action": "" }, "geometry": { "type": "Polygon", "coordinates": [ [ [ 54.515561710751854, 24.365938649704685 ], [ 54.515567692549752, 24.365707625097233 ], [ 54.51569636699957, 24.36571038972161 ], [ 54.515690385413983, 24.365941406124961 ], [ 54.515561710751854, 24.365938649704685 ] ] ] } },
{ "type": "Feature", "properties": { "id": "B-03119", "area_m2": 69.0, "surface_label": "Building / roof", "p_roof": 0.34, "dark_roof": true, "heat_zone": "lower", "LST_C": 55.700001, "new_since_2017": false, "street": "Ad Diman 6 Street", "action": "" }, "geometry": { "type": "Polygon", "coordinates": [ [ [ 54.518430071554896, 24.347220736037528 ], [ 54.518427956268596, 24.347280465467097 ], [ 54.518325169027626, 24.34727743744989 ], [ 54.518327288665255, 24.347217714700946 ], [ 54.518430071554896, 24.347220736037528 ] ] ] } },
{ "type": "Feature", "properties": { "id": "B-03155", "area_m2": 307.0, "surface_label": "Building / roof", "p_roof": 0.8, "dark_roof": false, "heat_zone": "elevated", "LST_C": 56.200001, "new_since_2017": false, "street": "Al Mazj 3 Street", "action": "" }, "geometry": { "type": "Polygon", "coordinates": [ [ [ 54.51424352926842, 24.366961975552154 ], [ 54.5142391969597, 24.367070202143907 ], [ 54.513987404105009, 24.367061838599234 ], [ 54.513991737055449, 24.366953595968795 ], [ 54.51424352926842, 24.366961975552154 ] ] ] } },
{ "type": "Feature", "properties": { "id": "B-03190", "area_m2": 72.0, "surface_label": "Building / roof", "p_roof": 0.65, "dark_roof": true, "heat_zone": "lower", "LST_C": 55.200001, "new_since_2017": false, "street": "Al Marmoumiyah 1 Street", "action": "" }, "geometry": { "type": "Polygon", "coordinates": [ [ [ 54.512742478649884, 24.372363078381436 ], [ 54.512738830528527, 24.37245728307256 ], [ 54.512670493443892, 24.37245508299203 ], [ 54.512674148625727, 24.372360882882735 ], [ 54.512742478649884, 24.372363078381436 ] ] ] } },
{ "type": "Feature", "properties": { "id": "B-03212", "area_m2": 572.0, "surface_label": "Building / roof", "p_roof": 0.87, "dark_roof": false, "heat_zone": "elevated", "LST_C": 56.099998, "new_since_2017": false, "street": "Az Zakhrafah 2 Street", "action": "" }, "geometry": { "type": "Polygon", "coordinates": [ [ [ 54.513643500361809, 24.363375558099079 ], [ 54.513797646663335, 24.363380334395757 ], [ 54.513791371704897, 24.36354873111199 ], [ 54.51376848883654, 24.363548022076344 ], [ 54.513765117073987, 24.363638321458225 ], [ 54.51350402060978, 24.363630231276115 ], [ 54.513507749208252, 24.36353016955071 ], [ 54.51363757699513, 24.363534192321719 ], [ 54.513643500361809, 24.363375558099079 ] ] ] } },
{ "type": "Feature", "properties": { "id": "B-03213", "area_m2": 57.0, "surface_label": "Road / dark pavement", "p_roof": 0.43, "dark_roof": true, "heat_zone": "lower", "LST_C": 56.0, "new_since_2017": false, "street": "Al Hiraf 1 Street", "action": "" }, "geometry": { "type": "Polygon", "coordinates": [ [ [ 54.506488064825277, 24.367708442698241 ], [ 54.506489664390521, 24.367782794881705 ], [ 54.506420961498634, 24.367784021303468 ], [ 54.506419356317437, 24.367709673601411 ], [ 54.506488064825277, 24.367708442698241 ] ] ] } },
{ "type": "Feature", "properties": { "id": "B-03251", "area_m2": 321.0, "surface_label": "Building / roof", "p_roof": 0.51, "dark_roof": true, "heat_zone": "elevated", "LST_C": 56.200001, "new_since_2017": false, "street": "Al Mazj 2 Street", "action": "" }, "geometry": { "type": "Polygon", "coordinates": [ [ [ 54.515590986274262, 24.365392811086416 ], [ 54.515599878368484, 24.365151194447307 ], [ 54.515717763074363, 24.365154794499546 ], [ 54.515708870980177, 24.365396411131776 ], [ 54.515590986274262, 24.365392811086416 ] ] ] } },
{ "type": "Feature", "properties": { "id": "B-03260", "area_m2": 2902.0, "surface_label": "Building / roof", "p_roof": 0.97, "dark_roof": false, "heat_zone": "lower", "LST_C": 56.0, "new_since_2017": false, "street": "Mohammed Bin Khalifa Al Kindi Street", "action": "" }, "geometry": { "type": "Polygon", "coordinates": [ [ [ 54.521893470109724, 24.347110008729441 ], [ 54.521882100669977, 24.347424900481574 ], [ 54.521658018929848, 24.34741818494075 ], [ 54.521666373977745, 24.347186287444369 ], [ 54.521601108051442, 24.347184331475933 ], [ 54.52159287187154, 24.347412443374619 ], [ 54.52136780932814, 24.347405712790202 ], [ 54.521376310431236, 24.347170263474549 ], [ 54.521023601983075, 24.347159693078311 ], [ 54.521015381982792, 24.347387842329425 ], [ 54.520787639600755, 24.347381031602048 ], [ 54.520795948071552, 24.34715042680331 ], [ 54.520786950403618, 24.347150157150207 ], [ 54.520791668254333, 24.347019489812922 ], [ 54.52087299761358, 24.347021922007041 ], [ 54.520872159309747, 24.347045189493958 ], [ 54.521179328277533, 24.347054395115954 ], [ 54.521178094384872, 24.347088569467545 ], [ 54.521893470109724, 24.347110008729441 ] ] ] } },
{ "type": "Feature", "properties": { "id": "B-03265", "area_m2": 309.0, "surface_label": "Building / roof", "p_roof": 0.5, "dark_roof": true, "heat_zone": "elevated", "LST_C": 56.5, "new_since_2017": false, "street": "Al Mazj 1 Street", "action": "" }, "geometry": { "type": "Polygon", "coordinates": [ [ [ 54.514465359329527, 24.367963429728803 ], [ 54.5142606416359, 24.367958352682006 ], [ 54.514264665338303, 24.367824072924037 ], [ 54.514469372722345, 24.367829149720528 ], [ 54.514465359329527, 24.367963429728803 ] ] ] } },
{ "type": "Feature", "properties": { "id": "B-03280", "area_m2": 1403.0, "surface_label": "Building / roof", "p_roof": 0.99, "dark_roof": false, "heat_zone": "lower", "LST_C": 55.599998, "new_since_2017": false, "street": "Ad Diman 6 Street", "action": "" }, "geometry": { "type": "Polygon", "coordinates": [ [ [ 54.518281033479262, 24.348558340725759 ], [ 54.518297008217225, 24.348163006578407 ], [ 54.518612042545371, 24.348173572751733 ], [ 54.518596037478375, 24.34856890584885 ], [ 54.518281033479262, 24.348558340725759 ] ] ] } },
{ "type": "Feature", "properties": { "id": "B-03282", "area_m2": 690.0, "surface_label": "Building / roof", "p_roof": 0.61, "dark_roof": true, "heat_zone": "lower", "LST_C": 55.900002, "new_since_2017": false, "street": "Al Mazj 4 Street", "action": "" }, "geometry": { "type": "Polygon", "coordinates": [ [ [ 54.512553134851807, 24.365288974081945 ], [ 54.512564504219057, 24.365037739353703 ], [ 54.512808171159357, 24.365046889501496 ], [ 54.512796801792113, 24.365298124211549 ], [ 54.512553134851807, 24.365288974081945 ] ] ] } },
{ "type": "Feature", "properties": { "id": "B-03290", "area_m2": 156.0, "surface_label": "Building / roof", "p_roof": 0.35, "dark_roof": true, "heat_zone": "lower", "LST_C": 55.900002, "new_since_2017": false, "street": "Ad Diman 8 Street", "action": "" }, "geometry": { "type": "Polygon", "coordinates": [ [ [ 54.517647651102706, 24.348675731404807 ], [ 54.517653069625254, 24.34853797036553 ], [ 54.51771200269576, 24.348539890593557 ], [ 54.517708930952701, 24.348617986901999 ], [ 54.517805366886222, 24.348621129091327 ], [ 54.517803019717562, 24.348680803712739 ], [ 54.517647651102706, 24.348675731404807 ] ] ] } },
{ "type": "Feature", "properties": { "id": "B-03309", "area_m2": 8194.0, "surface_label": "Building / roof", "p_roof": 0.99, "dark_roof": false, "heat_zone": "lower", "LST_C": 55.200001, "new_since_2017": false, "street": "Ar Rasin 2 Street", "action": "" }, "geometry": { "type": "Polygon", "coordinates": [ [ [ 54.519605920423089, 24.366820130810861 ], [ 54.519653921189331, 24.365526661161184 ], [ 54.520216542147111, 24.365543986332895 ], [ 54.520168541380912, 24.366837455805442 ], [ 54.519605920423089, 24.366820130810861 ] ] ] } },
{ "type": "Feature", "properties": { "id": "B-03311", "area_m2": 129.0, "surface_label": "Building / roof", "p_roof": 0.68, "dark_roof": false, "heat_zone": "lower", "LST_C": 55.200001, "new_since_2017": false, "street": "Al Marmoumiyah 4 Street", "action": "" }, "geometry": { "type": "Polygon", "coordinates": [ [ [ 54.512362542912939, 24.371536922615249 ], [ 54.512365131119225, 24.371448044135697 ], [ 54.512493786627871, 24.371451152713945 ], [ 54.512491198660314, 24.371540022994996 ], [ 54.512362542912939, 24.371536922615249 ] ] ] } },
{ "type": "Feature", "properties": { "id": "B-03333", "area_m2": 820.0, "surface_label": "Building / roof", "p_roof": 0.95, "dark_roof": false, "heat_zone": "elevated", "LST_C": 56.099998, "new_since_2017": false, "street": "Al Marmoumiyah 2 Street", "action": "" }, "geometry": { "type": "Polygon", "coordinates": [ [ [ 54.514697347309237, 24.370399047439747 ], [ 54.514986785221154, 24.370406649834759 ], [ 54.514979443784732, 24.370638562301941 ], [ 54.514886870739744, 24.37063613077683 ], [ 54.514885945649382, 24.370665425012593 ], [ 54.514689078533493, 24.370660254098755 ], [ 54.514697347309237, 24.370399047439747 ] ] ] } },
{ "type": "Feature", "properties": { "id": "B-03363", "area_m2": 779.0, "surface_label": "Building / roof", "p_roof": 0.64, "dark_roof": true, "heat_zone": "lower", "LST_C": 55.700001, "new_since_2017": false, "street": "Street 24", "action": "" }, "geometry": { "type": "Polygon", "coordinates": [ [ [ 54.513680729340948, 24.350686559687347 ], [ 54.513702460559934, 24.350193747553917 ], [ 54.513825643367923, 24.350198256023493 ], [ 54.513809466969782, 24.350565098259523 ], [ 54.513876414335996, 24.350567544245706 ], [ 54.51387085932722, 24.350693518384954 ], [ 54.513680729340948, 24.350686559687347 ] ] ] } },
{ "type": "Feature", "properties": { "id": "B-03387", "area_m2": 631.0, "surface_label": "Building / roof", "p_roof": 0.8, "dark_roof": true, "heat_zone": "elevated", "LST_C": 56.0, "new_since_2017": false, "street": "Al Mazj 4 Street", "action": "" }, "geometry": { "type": "Polygon", "coordinates": [ [ [ 54.512737058105593, 24.36711557890504 ], [ 54.512463564747677, 24.367111010578199 ], [ 54.512467694801849, 24.366905843915898 ], [ 54.512741188159772, 24.366910412250174 ], [ 54.512737058105593, 24.36711557890504 ] ] ] } },
{ "type": "Feature", "properties": { "id": "B-03393", "area_m2": 54.0, "surface_label": "Bare soil / sand", "p_roof": 0.01, "dark_roof": true, "heat_zone": "extreme", "LST_C": 58.5, "new_since_2017": false, "street": "Al Hayal Street", "action": "Cool-roof candidate" }, "geometry": { "type": "Polygon", "coordinates": [ [ [ 54.511574731866816, 24.348753688007726 ], [ 54.511641648176592, 24.348750910309434 ], [ 54.511645255342557, 24.348823037664076 ], [ 54.511578338819831, 24.348825811102778 ], [ 54.511574731866816, 24.348753688007726 ] ] ] } },
{ "type": "Feature", "properties": { "id": "B-03410", "area_m2": 3501.0, "surface_label": "Building / roof", "p_roof": 0.99, "dark_roof": false, "heat_zone": "lower", "LST_C": 53.8, "new_since_2017": false, "street": "Al 'Afou 1 Street", "action": "" }, "geometry": { "type": "Polygon", "coordinates": [ [ [ 54.509189956581253, 24.344505422089483 ], [ 54.508372826298093, 24.344480099140053 ], [ 54.508386239492324, 24.344120084028091 ], [ 54.509243558545158, 24.344146597839302 ], [ 54.509228098465897, 24.344561551927971 ], [ 54.509187911635316, 24.344560309097272 ], [ 54.509189956581253, 24.344505422089483 ] ] ] } },
{ "type": "Feature", "properties": { "id": "B-03441", "area_m2": 501.0, "surface_label": "Building / roof", "p_roof": 0.96, "dark_roof": false, "heat_zone": "elevated", "LST_C": 56.200001, "new_since_2017": false, "street": "Az Zakhrafah 2 Street", "action": "" }, "geometry": { "type": "Polygon", "coordinates": [ [ [ 54.514602608512348, 24.363663534429943 ], [ 54.514407187190031, 24.363655685084421 ], [ 54.51441820752607, 24.363428008417113 ], [ 54.514613629450309, 24.363435845341606 ], [ 54.514602608512348, 24.363663534429943 ] ] ] } },
{ "type": "Feature", "properties": { "id": "B-03453", "area_m2": 691.0, "surface_label": "Building / roof", "p_roof": 0.7, "dark_roof": false, "heat_zone": "lower", "LST_C": 53.900002, "new_since_2017": false, "street": "Al Jammalah 3 Street", "action": "" }, "geometry": { "type": "Polygon", "coordinates": [ [ [ 54.51957069758776, 24.363648543660528 ], [ 54.519705837518288, 24.363653196289587 ], [ 54.519686974536626, 24.364107008475322 ], [ 54.519551869423253, 24.364102357061626 ], [ 54.51957069758776, 24.363648543660528 ] ] ] } },
{ "type": "Feature", "properties": { "id": "B-03462", "area_m2": 844.0, "surface_label": "Building / roof", "p_roof": 0.96, "dark_roof": false, "heat_zone": "lower", "LST_C": 55.200001, "new_since_2017": false, "street": "Mohammed Bin Khalifa Al Kindi Street", "action": "" }, "geometry": { "type": "Polygon", "coordinates": [ [ [ 54.510102801874567, 24.34499193534262 ], [ 54.510088154246695, 24.345362899052898 ], [ 54.509886159134936, 24.345356291479959 ], [ 54.509900778302175, 24.344985326819355 ], [ 54.510102801874567, 24.34499193534262 ] ] ] } },
{ "type": "Feature", "properties": { "id": "B-03472", "area_m2": 3585.0, "surface_label": "Building / roof", "p_roof": 0.66, "dark_roof": false, "heat_zone": "lower", "LST_C": 54.400002, "new_since_2017": false, "street": "Abu Al Hinna-a 1 Street", "action": "" }, "geometry": { "type": "Polygon", "coordinates": [ [ [ 54.50998519105412, 24.370644356619263 ], [ 54.509938606027887, 24.371734816102801 ], [ 54.509646687292502, 24.371724468732182 ], [ 54.5096932723187, 24.370634009159449 ], [ 54.50998519105412, 24.370644356619263 ] ] ] } },
{ "type": "Feature", "properties": { "id": "B-03533", "area_m2": 820.0, "surface_label": "Building / roof", "p_roof": 0.85, "dark_roof": false, "heat_zone": "lower", "LST_C": 55.400002, "new_since_2017": false, "street": "Al Hiraf 6 Street", "action": "" }, "geometry": { "type": "Polygon", "coordinates": [ [ [ 54.507668354530892, 24.365742016425003 ], [ 54.507680887123584, 24.36539788854434 ], [ 54.50789254868949, 24.365404284939984 ], [ 54.507880016096763, 24.365748412803228 ], [ 54.507668354530892, 24.365742016425003 ] ] ] } },
{ "type": "Feature", "properties": { "id": "B-03538", "area_m2": 1170.0, "surface_label": "Building / roof", "p_roof": 0.79, "dark_roof": true, "heat_zone": "lower", "LST_C": 55.8, "new_since_2017": false, "street": "Al Hayal Street", "action": "" }, "geometry": { "type": "Polygon", "coordinates": [ [ [ 54.510822539882717, 24.36610315109348 ], [ 54.510944739661213, 24.366107023129274 ], [ 54.510930138802408, 24.366490157839365 ], [ 54.510478396609955, 24.36647584392874 ], [ 54.510485012842402, 24.36630257973264 ], [ 54.510814525854677, 24.366313020701913 ], [ 54.510822539882717, 24.36610315109348 ] ] ] } },
{ "type": "Feature", "properties": { "id": "B-03566", "area_m2": 166.0, "surface_label": "Building / roof", "p_roof": 0.52, "dark_roof": true, "heat_zone": "elevated", "LST_C": 56.8, "new_since_2017": false, "street": "Al Mazj 2 Street", "action": "" }, "geometry": { "type": "Polygon", "coordinates": [ [ [ 54.514959521685164, 24.368251688891171 ], [ 54.514824549027352, 24.368247179869925 ], [ 54.514828941231237, 24.368138294017498 ], [ 54.514963905188203, 24.368142811356417 ], [ 54.514959521685164, 24.368251688891171 ] ] ] } },
{ "type": "Feature", "properties": { "id": "B-03573", "area_m2": 62.0, "surface_label": "Building / roof", "p_roof": 0.64, "dark_roof": false, "heat_zone": "lower", "LST_C": 55.8, "new_since_2017": false, "street": "Al Hayal Street", "action": "" }, "geometry": { "type": "Polygon", "coordinates": [ [ [ 54.51201904068855, 24.34316210463362 ], [ 54.5119774454256, 24.343160651131356 ], [ 54.511983052661435, 24.343027451612183 ], [ 54.51202463781847, 24.343028902111087 ], [ 54.51201904068855, 24.34316210463362 ] ] ] } },
{ "type": "Feature", "properties": { "id": "B-03614", "area_m2": 800.0, "surface_label": "Building / roof", "p_roof": 0.94, "dark_roof": false, "heat_zone": "lower", "LST_C": 54.900002, "new_since_2017": false, "street": "Street 24", "action": "" }, "geometry": { "type": "Polygon", "coordinates": [ [ [ 54.513952039541294, 24.349688977291162 ], [ 54.514102139575172, 24.349692575923836 ], [ 54.514088492036954, 24.350166309317782 ], [ 54.513938392003077, 24.350162710698548 ], [ 54.513952039541294, 24.349688977291162 ] ] ] } },
{ "type": "Feature", "properties": { "id": "B-03625", "area_m2": 360.0, "surface_label": "Building / roof", "p_roof": 0.69, "dark_roof": true, "heat_zone": "lower", "LST_C": 54.5, "new_since_2017": true, "street": "Rouh Al 'Ata-a 4 Street", "action": "" }, "geometry": { "type": "Polygon", "coordinates": [ [ [ 54.51808364216032, 24.343499921604149 ], [ 54.518086425581572, 24.34334957447124 ], [ 54.518197802311612, 24.3433512860707 ], [ 54.518195796267804, 24.343460094488645 ], [ 54.518278921293586, 24.343461366623895 ], [ 54.518278560964021, 24.343480910996949 ], [ 54.51835632308488, 24.343482101058768 ], [ 54.518356707458935, 24.343461252505776 ], [ 54.518407654995485, 24.343462035449402 ], [ 54.518407766134459, 24.343456007241112 ], [ 54.518568653281108, 24.343458469438445 ], [ 54.518567752457216, 24.343507330366524 ], [ 54.51808364216032, 24.343499921604149 ] ] ] } },
{ "type": "Feature", "properties": { "id": "B-03626", "area_m2": 766.0, "surface_label": "Building / roof", "p_roof": 0.78, "dark_roof": false, "heat_zone": "lower", "LST_C": 55.900002, "new_since_2017": false, "street": "Al Hiraf 4 Street", "action": "" }, "geometry": { "type": "Polygon", "coordinates": [ [ [ 54.509237653473768, 24.366221134927979 ], [ 54.509252569086271, 24.36584780446432 ], [ 54.509434718036431, 24.365853843164174 ], [ 54.509419802423928, 24.36622717361001 ], [ 54.509237653473768, 24.366221134927979 ] ] ] } },
{ "type": "Feature", "properties": { "id": "B-03649", "area_m2": 678.0, "surface_label": "Building / roof", "p_roof": 0.91, "dark_roof": false, "heat_zone": "elevated", "LST_C": 56.3, "new_since_2017": false, "street": "Az Zakhrafah 2 Street", "action": "" }, "geometry": { "type": "Polygon", "coordinates": [ [ [ 54.514042146741957, 24.364779064401286 ], [ 54.514035105446048, 24.364958761928065 ], [ 54.514052298911302, 24.364959322073499 ], [ 54.5140486238829, 24.36505292706536 ], [ 54.513913570533077, 24.365048535779504 ], [ 54.513915100416575, 24.365009492407694 ], [ 54.513802590984206, 24.36500583414043 ], [ 54.513811770285201, 24.364771573649776 ], [ 54.514042146741957, 24.364779064401286 ] ] ] } },
{ "type": "Feature", "properties": { "id": "B-03677", "area_m2": 770.0, "surface_label": "Building / roof", "p_roof": 0.76, "dark_roof": true, "heat_zone": "elevated", "LST_C": 56.599998, "new_since_2017": false, "street": "Al Mazj 2 Street", "action": "" }, "geometry": { "type": "Polygon", "coordinates": [ [ [ 54.515501168667591, 24.367114650601124 ], [ 54.51567805478674, 24.367119184051731 ], [ 54.515678205223047, 24.367114301348408 ], [ 54.515820250136919, 24.36711794184664 ], [ 54.515813104410988, 24.367349870039885 ], [ 54.515654005222245, 24.36734579246162 ], [ 54.51565475927822, 24.367321379034863 ], [ 54.515558276130349, 24.367318906252454 ], [ 54.515558653158315, 24.367306699537068 ], [ 54.515495301650517, 24.367305075890709 ], [ 54.515501168667591, 24.367114650601124 ] ] ] } },
{ "type": "Feature", "properties": { "id": "B-03681", "area_m2": 1820.0, "surface_label": "Building / roof", "p_roof": 0.83, "dark_roof": false, "heat_zone": "lower", "LST_C": 55.5, "new_since_2017": false, "street": "Mohammed Bin Khalifa Al Kindi Street", "action": "" }, "geometry": { "type": "Polygon", "coordinates": [ [ [ 54.508599895718319, 24.346999662237604 ], [ 54.508811632475684, 24.34700492772977 ], [ 54.508809291416938, 24.347083066855689 ], [ 54.508833413326009, 24.347083666721502 ], [ 54.508816074859745, 24.34766238311903 ], [ 54.508777552602204, 24.347661425148413 ], [ 54.50877623238263, 24.347705378100883 ], [ 54.508578899347761, 24.347700470829178 ], [ 54.508599895718319, 24.346999662237604 ] ] ] } },
{ "type": "Feature", "properties": { "id": "B-03697", "area_m2": 2062.0, "surface_label": "Building / roof", "p_roof": 0.99, "dark_roof": false, "heat_zone": "elevated", "LST_C": 56.400002, "new_since_2017": false, "street": "Al Hiraf Street", "action": "" }, "geometry": { "type": "Polygon", "coordinates": [ [ [ 54.509735011443894, 24.367870079486138 ], [ 54.509717316051344, 24.368293439613961 ], [ 54.509294140471802, 24.368278763044156 ], [ 54.509299495808499, 24.368150637395988 ], [ 54.509286104140614, 24.368150173799634 ], [ 54.509298443070442, 24.367854966209848 ], [ 54.509735011443894, 24.367870079486138 ] ] ] } },
{ "type": "Feature", "properties": { "id": "B-03769", "area_m2": 878.0, "surface_label": "Building / roof", "p_roof": 0.96, "dark_roof": false, "heat_zone": "elevated", "LST_C": 56.0, "new_since_2017": false, "street": "Ar Raha 8 Street", "action": "" }, "geometry": { "type": "Polygon", "coordinates": [ [ [ 54.515837014404092, 24.362658103675162 ], [ 54.515837432910004, 24.362649812740116 ], [ 54.515908319834651, 24.362652782052674 ], [ 54.515909256340123, 24.362634257328871 ], [ 54.515997581912778, 24.362637962743555 ], [ 54.515983530117133, 24.362915916657943 ], [ 54.51568515759952, 24.362903399427818 ], [ 54.515697834266199, 24.362652264822017 ], [ 54.515837014404092, 24.362658103675162 ] ] ] } },
{ "type": "Feature", "properties": { "id": "B-03770", "area_m2": 2541.0, "surface_label": "Building / roof", "p_roof": 0.74, "dark_roof": false, "heat_zone": "lower", "LST_C": 52.099998, "new_since_2017": false, "street": "Al Kawakib Street", "action": "" }, "geometry": { "type": "Polygon", "coordinates": [ [ [ 54.518633473247505, 24.361118883976502 ], [ 54.518871564931153, 24.361129995790392 ], [ 54.5188688238376, 24.361178735754564 ], [ 54.51893697002857, 24.361181916157349 ], [ 54.518939570519272, 24.361135613027411 ], [ 54.519009125641894, 24.361138859186568 ], [ 54.519006798887062, 24.361180288302545 ], [ 54.519476365499656, 24.361202203112747 ], [ 54.519476091390281, 24.361207077107238 ], [ 54.519541564555972, 24.361210132758469 ], [ 54.519544096222646, 24.361165055087838 ], [ 54.519599010143139, 24.3611676144358 ], [ 54.51959757126324, 24.361193199458125 ], [ 54.519665718562528, 24.361196379912265 ], [ 54.519665376435761, 24.361202471660775 ], [ 54.519729581393634, 24.361205464030956 ], [ 54.519731771288377, 24.36116647179065 ], [ 54.519778659509242, 24.361168657088495 ], [ 54.519766392667421, 24.361386776185871 ], [ 54.519040021284141, 24.361352876270324 ], [ 54.519039540054322, 24.361361444811454 ], [ 54.518911130138584, 24.361355460078375 ], [ 54.518909624585937, 24.361382267204817 ], [ 54.518619421445663, 24.361368741862218 ], [ 54.518633473247505, 24.361118883976502 ] ] ] } },
{ "type": "Feature", "properties": { "id": "B-03807", "area_m2": 620.0, "surface_label": "Building / roof", "p_roof": 0.64, "dark_roof": true, "heat_zone": "lower", "LST_C": 55.5, "new_since_2017": false, "street": "Al Hiraf 4 Street", "action": "" }, "geometry": { "type": "Polygon", "coordinates": [ [ [ 54.508254348923025, 24.365403625205143 ], [ 54.508409843375539, 24.365406708323874 ], [ 54.508401381943784, 24.36576082036494 ], [ 54.50824588749127, 24.36575773725485 ], [ 54.508254348923025, 24.365403625205143 ] ] ] } },
{ "type": "Feature", "properties": { "id": "B-03821", "area_m2": 58.0, "surface_label": "Building / roof", "p_roof": 0.8, "dark_roof": true, "heat_zone": "elevated", "LST_C": 56.5, "new_since_2017": false, "street": "Ar Raha 8 Street", "action": "" }, "geometry": { "type": "Polygon", "coordinates": [ [ [ 54.515819679443752, 24.367114027426023 ], [ 54.515696347938096, 24.367111762908859 ], [ 54.515697266664432, 24.367070244018802 ], [ 54.515820598170087, 24.367072508536676 ], [ 54.515819679443752, 24.367114027426023 ] ] ] } },
{ "type": "Feature", "properties": { "id": "B-03824", "area_m2": 2563.0, "surface_label": "Building / roof", "p_roof": 0.65, "dark_roof": true, "heat_zone": "elevated", "LST_C": 56.200001, "new_since_2017": false, "street": "Az Zakhrafah 2 Street", "action": "" }, "geometry": { "type": "Polygon", "coordinates": [ [ [ 54.514086943983479, 24.363668199471938 ], [ 54.514080149548299, 24.363834116006299 ], [ 54.514034615359996, 24.363832568668435 ], [ 54.514029419615483, 24.363959445872993 ], [ 54.513801748673984, 24.363951709190964 ], [ 54.51380694441854, 24.363824831978661 ], [ 54.513774802638537, 24.36382373974007 ], [ 54.513772204766305, 24.363887178362685 ], [ 54.513472214819856, 24.363876984140461 ], [ 54.513470016620239, 24.363930662954459 ], [ 54.513208725622434, 24.363921783798371 ], [ 54.513214731944437, 24.363775387350696 ], [ 54.513176021763655, 24.363774071904885 ], [ 54.513181617180827, 24.363637434709883 ], [ 54.514086943983479, 24.363668199471938 ] ] ] } },
{ "type": "Feature", "properties": { "id": "B-03850", "area_m2": 356.0, "surface_label": "Building / roof", "p_roof": 0.51, "dark_roof": true, "heat_zone": "lower", "LST_C": 55.900002, "new_since_2017": false, "street": "Ad Diman 8 Street", "action": "" }, "geometry": { "type": "Polygon", "coordinates": [ [ [ 54.517783475849555, 24.348227527849865 ], [ 54.517774174543028, 24.348499610134972 ], [ 54.517657888438805, 24.348496303123873 ], [ 54.51766721037307, 24.348224228831796 ], [ 54.517783475849555, 24.348227527849865 ] ] ] } },
{ "type": "Feature", "properties": { "id": "B-03871", "area_m2": 696.0, "surface_label": "Building / roof", "p_roof": 0.98, "dark_roof": false, "heat_zone": "high", "LST_C": 57.400002, "new_since_2017": false, "street": "Ar Raha 8 Street", "action": "Monitor / shade around" }, "geometry": { "type": "Polygon", "coordinates": [ [ [ 54.51747346782782, 24.367052281424233 ], [ 54.517476967878871, 24.366937535767587 ], [ 54.518015675988273, 24.366951170722125 ], [ 54.518012175937223, 24.3670659163664 ], [ 54.51747346782782, 24.367052281424233 ] ] ] } },
{ "type": "Feature", "properties": { "id": "B-03883", "area_m2": 126.0, "surface_label": "Building / roof", "p_roof": 0.57, "dark_roof": true, "heat_zone": "lower", "LST_C": 54.400002, "new_since_2017": true, "street": "Al 'Afou 1 Street", "action": "" }, "geometry": { "type": "Polygon", "coordinates": [ [ [ 54.510958574379671, 24.343804294680837 ], [ 54.510961354491684, 24.343709056559316 ], [ 54.511079288269826, 24.343711914223572 ], [ 54.511076508157771, 24.343807152342947 ], [ 54.510958574379671, 24.343804294680837 ] ] ] } },
{ "type": "Feature", "properties": { "id": "B-03895", "area_m2": 617.0, "surface_label": "Building / roof", "p_roof": 0.99, "dark_roof": false, "heat_zone": "lower", "LST_C": 55.3, "new_since_2017": false, "street": "Al Hiraf 6 Street", "action": "" }, "geometry": { "type": "Polygon", "coordinates": [ [ [ 54.506496660497774, 24.365291174183866 ], [ 54.506509999200837, 24.364944649077305 ], [ 54.506668055201054, 24.364949697610793 ], [ 54.506654716497984, 24.365296222703549 ], [ 54.506496660497774, 24.365291174183866 ] ] ] } },
{ "type": "Feature", "properties": { "id": "B-03921", "area_m2": 90.0, "surface_label": "Building / roof", "p_roof": 0.43, "dark_roof": true, "heat_zone": "elevated", "LST_C": 56.0, "new_since_2017": false, "street": "Al Mazj 3 Street", "action": "" }, "geometry": { "type": "Polygon", "coordinates": [ [ [ 54.513803165498004, 24.366312115134932 ], [ 54.513805381884914, 24.366231536961905 ], [ 54.51390456135335, 24.366233800651738 ], [ 54.513902344966446, 24.366314378823336 ], [ 54.513803165498004, 24.366312115134932 ] ] ] } },
{ "type": "Feature", "properties": { "id": "B-03946", "area_m2": 3152.0, "surface_label": "Building / roof", "p_roof": 1.0, "dark_roof": false, "heat_zone": "lower", "LST_C": 55.400002, "new_since_2017": true, "street": "Al Hayal Street", "action": "" }, "geometry": { "type": "Polygon", "coordinates": [ [ [ 54.511605613833837, 24.343022351769449 ], [ 54.511967121471542, 24.343035652791777 ], [ 54.511959430194487, 24.343208875534785 ], [ 54.512015664715932, 24.343210944579752 ], [ 54.512008451468972, 24.343373400923635 ], [ 54.511954894933282, 24.343371426997617 ], [ 54.511936695906719, 24.343781303535888 ], [ 54.511572511464117, 24.343767880881646 ], [ 54.511605613833837, 24.343022351769449 ] ] ] } },
{ "type": "Feature", "properties": { "id": "B-03950", "area_m2": 79.0, "surface_label": "Building / roof", "p_roof": 0.84, "dark_roof": false, "heat_zone": "lower", "LST_C": 55.5, "new_since_2017": false, "street": "Ad Diman 6 Street", "action": "" }, "geometry": { "type": "Polygon", "coordinates": [ [ [ 54.518444670108899, 24.349871627234364 ], [ 54.518447235701608, 24.349826618683778 ], [ 54.518602385963554, 24.349833949277084 ], [ 54.518599819808465, 24.349878967691325 ], [ 54.518444670108899, 24.349871627234364 ] ] ] } },
{ "type": "Feature", "properties": { "id": "B-03962", "area_m2": 1201.0, "surface_label": "Building / roof", "p_roof": 0.82, "dark_roof": false, "heat_zone": "elevated", "LST_C": 56.200001, "new_since_2017": false, "street": "Al Hiraf Street", "action": "" }, "geometry": { "type": "Polygon", "coordinates": [ [ [ 54.509259928691719, 24.367940983695259 ], [ 54.509252369298885, 24.368169258714651 ], [ 54.509051386504559, 24.368163736139589 ], [ 54.509049568507287, 24.368218635114896 ], [ 54.508840545960332, 24.368212904952891 ], [ 54.50884701283357, 24.368017621423686 ], [ 54.508828254399845, 24.368017107177582 ], [ 54.508831164492811, 24.367929229490727 ], [ 54.509259928691719, 24.367940983695259 ] ] ] } },
{ "type": "Feature", "properties": { "id": "B-03975", "area_m2": 778.0, "surface_label": "Building / roof", "p_roof": 0.62, "dark_roof": true, "heat_zone": "elevated", "LST_C": 56.599998, "new_since_2017": false, "street": "Az Zakhrafah 2 Street", "action": "" }, "geometry": { "type": "Polygon", "coordinates": [ [ [ 54.515919742362499, 24.364031626073654 ], [ 54.515630772325999, 24.364018600648063 ], [ 54.51564424346428, 24.363770953083119 ], [ 54.515874348437997, 24.363781339836336 ], [ 54.515871961935602, 24.363825212293467 ], [ 54.515930825998666, 24.363827869368784 ], [ 54.515919742362499, 24.364031626073654 ] ] ] } },
{ "type": "Feature", "properties": { "id": "B-04032", "area_m2": 644.0, "surface_label": "Building / roof", "p_roof": 0.95, "dark_roof": false, "heat_zone": "high", "LST_C": 57.3, "new_since_2017": false, "street": "Ar Raha 8 Street", "action": "Monitor / shade around" }, "geometry": { "type": "Polygon", "coordinates": [ [ [ 54.518007157350205, 24.367118970086707 ], [ 54.518005860395775, 24.367225134599185 ], [ 54.517466803139143, 24.36721967022109 ], [ 54.517468099673778, 24.367113540066995 ], [ 54.518007157350205, 24.367118970086707 ] ] ] } },
{ "type": "Feature", "properties": { "id": "B-04054", "area_m2": 344.0, "surface_label": "Building / roof", "p_roof": 0.9, "dark_roof": false, "heat_zone": "elevated", "LST_C": 56.400002, "new_since_2017": false, "street": "Al Hiraf Street", "action": "" }, "geometry": { "type": "Polygon", "coordinates": [ [ [ 54.51289194497668, 24.369295092890795 ], [ 54.512887420039135, 24.369443062916062 ], [ 54.51268105047594, 24.369437813395475 ], [ 54.512685575011446, 24.369289856510559 ], [ 54.51289194497668, 24.369295092890795 ] ] ] } },
{ "type": "Feature", "properties": { "id": "B-04056", "area_m2": 572.0, "surface_label": "Building / roof", "p_roof": 0.68, "dark_roof": false, "heat_zone": "elevated", "LST_C": 56.200001, "new_since_2017": false, "street": "Mohammed Bin Khalifa Al Kindi Street", "action": "" }, "geometry": { "type": "Polygon", "coordinates": [ [ [ 54.521083270075742, 24.347170235135767 ], [ 54.521308516756804, 24.347173552918207 ], [ 54.521304508467622, 24.347399427354642 ], [ 54.521079261531725, 24.347396123937074 ], [ 54.521083270075742, 24.347170235135767 ] ] ] } },
{ "type": "Feature", "properties": { "id": "B-04062", "area_m2": 21.0, "surface_label": "Road / dark pavement", "p_roof": 0.28, "dark_roof": true, "heat_zone": "elevated", "LST_C": 56.400002, "new_since_2017": false, "street": "Al Mazj 1 Street", "action": "" }, "geometry": { "type": "Polygon", "coordinates": [ [ [ 54.514778201166521, 24.367371804133981 ], [ 54.514780982724027, 24.36733287665794 ], [ 54.514829058804551, 24.367335727153293 ], [ 54.514826277247082, 24.367374654628463 ], [ 54.514778201166521, 24.367371804133981 ] ] ] } },
{ "type": "Feature", "properties": { "id": "B-04089", "area_m2": 665.0, "surface_label": "Building / roof", "p_roof": 0.49, "dark_roof": true, "heat_zone": "elevated", "LST_C": 56.0, "new_since_2017": false, "street": "Al Mazj 4 Street", "action": "" }, "geometry": { "type": "Polygon", "coordinates": [ [ [ 54.512538448792, 24.366292852766232 ], [ 54.512547997641832, 24.366036602362954 ], [ 54.512778401590509, 24.366043741388975 ], [ 54.512768852740678, 24.366299991777812 ], [ 54.512538448792, 24.366292852766232 ] ] ] } },
{ "type": "Feature", "properties": { "id": "B-04095", "area_m2": 561.0, "surface_label": "Building / roof", "p_roof": 0.35, "dark_roof": false, "heat_zone": "elevated", "LST_C": 56.599998, "new_since_2017": false, "street": "Ad Darsa'i 4 Street", "action": "" }, "geometry": { "type": "Polygon", "coordinates": [ [ [ 54.512531170896033, 24.352348775105185 ], [ 54.512538206194584, 24.35211925925789 ], [ 54.512755295406663, 24.352124796057119 ], [ 54.512748260108125, 24.352354311894388 ], [ 54.512531170896033, 24.352348775105185 ] ] ] } },
{ "type": "Feature", "properties": { "id": "B-04120", "area_m2": 684.0, "surface_label": "Building / roof", "p_roof": 0.78, "dark_roof": false, "heat_zone": "lower", "LST_C": 55.0, "new_since_2017": false, "street": "Abu Al Hinna-a 3 Street", "action": "" }, "geometry": { "type": "Polygon", "coordinates": [ [ [ 54.506024197067795, 24.370592539619466 ], [ 54.506029655694867, 24.37042655036603 ], [ 54.506395577252277, 24.370436558266746 ], [ 54.506390105882886, 24.370602547158558 ], [ 54.506024197067795, 24.370592539619466 ] ] ] } },
{ "type": "Feature", "properties": { "id": "B-04134", "area_m2": 737.0, "surface_label": "Building / roof", "p_roof": 0.64, "dark_roof": false, "heat_zone": "elevated", "LST_C": 56.200001, "new_since_2017": false, "street": "Al Hiraf 1 Street", "action": "" }, "geometry": { "type": "Polygon", "coordinates": [ [ [ 54.509842686762752, 24.36709854015232 ], [ 54.509416808178074, 24.367084068364704 ], [ 54.509423103022399, 24.3669303555317 ], [ 54.509848981607085, 24.366944827336905 ], [ 54.509842686762752, 24.36709854015232 ] ] ] } },
{ "type": "Feature", "properties": { "id": "B-04158", "area_m2": 790.0, "surface_label": "Building / roof", "p_roof": 0.9, "dark_roof": false, "heat_zone": "elevated", "LST_C": 56.3, "new_since_2017": false, "street": "Ar Raha 8 Street", "action": "" }, "geometry": { "type": "Polygon", "coordinates": [ [ [ 54.515959655279303, 24.363478682291838 ], [ 54.515946777285556, 24.363740580327477 ], [ 54.515641618684086, 24.363728109239613 ], [ 54.515654568185681, 24.363464756931918 ], [ 54.515777702358179, 24.363469789135898 ], [ 54.515771395316165, 24.363598054681884 ], [ 54.515850247669178, 24.363601272161368 ], [ 54.515856492356463, 24.363474472843453 ], [ 54.515959655279303, 24.363478682291838 ] ] ] } },
{ "type": "Feature", "properties": { "id": "B-04163", "area_m2": 773.0, "surface_label": "Building / roof", "p_roof": 0.75, "dark_roof": true, "heat_zone": "elevated", "LST_C": 56.200001, "new_since_2017": false, "street": "Al Marmoumiyah 5 Street", "action": "" }, "geometry": { "type": "Polygon", "coordinates": [ [ [ 54.513818402569328, 24.369637427698532 ], [ 54.513812819157714, 24.369856306901294 ], [ 54.513771093654462, 24.36985542374136 ], [ 54.51377001511424, 24.369897832038198 ], [ 54.513542149638198, 24.369893023577575 ], [ 54.513548794713927, 24.369631738370515 ], [ 54.513818402569328, 24.369637427698532 ] ] ] } },
{ "type": "Feature", "properties": { "id": "B-04170", "area_m2": 357.0, "surface_label": "Building / roof", "p_roof": 0.96, "dark_roof": false, "heat_zone": "elevated", "LST_C": 56.599998, "new_since_2017": false, "street": "Al Mazj 1 Street", "action": "" }, "geometry": { "type": "Polygon", "coordinates": [ [ [ 54.514491162288138, 24.367983359969298 ], [ 54.514486486112972, 24.368107820225358 ], [ 54.514231974979644, 24.368099869466946 ], [ 54.514236651154853, 24.367975409203044 ], [ 54.514491162288138, 24.367983359969298 ] ] ] } },
{ "type": "Feature", "properties": { "id": "B-04189", "area_m2": 350.0, "surface_label": "Building / roof", "p_roof": 0.96, "dark_roof": false, "heat_zone": "elevated", "LST_C": 56.5, "new_since_2017": false, "street": "Al Hiraf Street", "action": "" }, "geometry": { "type": "Polygon", "coordinates": [ [ [ 54.513228552440225, 24.369460721400014 ], [ 54.513282195332955, 24.369460482007142 ], [ 54.513281643435903, 24.369357868593077 ], [ 54.51338088278748, 24.369357425715872 ], [ 54.513382170547303, 24.369596856886659 ], [ 54.513229288302952, 24.369597539155691 ], [ 54.513228552440225, 24.369460721400014 ] ] ] } },
{ "type": "Feature", "properties": { "id": "B-04283", "area_m2": 5152.0, "surface_label": "Building / roof", "p_roof": 1.0, "dark_roof": false, "heat_zone": "extreme", "LST_C": 58.0, "new_since_2017": false, "street": "Mohammed Bin Khalifa Al Kindi Street", "action": "Monitor / shade around" }, "geometry": { "type": "Polygon", "coordinates": [ [ [ 54.513239905583568, 24.347153998170882 ], [ 54.514629230470746, 24.347199267308682 ], [ 54.51461665552258, 24.347518977151481 ], [ 54.513187173425088, 24.347472399666554 ], [ 54.513200143633007, 24.347141995145872 ], [ 54.513240325271973, 24.347143306968846 ], [ 54.513239905583568, 24.347153998170882 ] ] ] } },
{ "type": "Feature", "properties": { "id": "B-04290", "area_m2": 111.0, "surface_label": "Building / roof", "p_roof": 0.72, "dark_roof": true, "heat_zone": "high", "LST_C": 57.400002, "new_since_2017": false, "street": "Ar Raha 8 Street", "action": "Cool-roof candidate" }, "geometry": { "type": "Polygon", "coordinates": [ [ [ 54.517497358228482, 24.366775785260003 ], [ 54.517496730106522, 24.366791783647084 ], [ 54.517542269525038, 24.36679326434972 ], [ 54.517541024060471, 24.366824986563799 ], [ 54.51731868454651, 24.366817757252527 ], [ 54.517320558575044, 24.366770025391475 ], [ 54.517497358228482, 24.366775785260003 ] ] ] } },
{ "type": "Feature", "properties": { "id": "B-04294", "area_m2": 557.0, "surface_label": "Building / roof", "p_roof": 0.34, "dark_roof": true, "heat_zone": "lower", "LST_C": 55.900002, "new_since_2017": false, "street": "At Tajalli 4 Street", "action": "" }, "geometry": { "type": "Polygon", "coordinates": [ [ [ 54.513889570437883, 24.361670834224167 ], [ 54.514030215350402, 24.361674842515864 ], [ 54.514030603452554, 24.361663516377924 ], [ 54.514171316285733, 24.361667517634114 ], [ 54.514164190648373, 24.361875002540138 ], [ 54.514019492668019, 24.361870887970579 ], [ 54.514021336950634, 24.361817186025775 ], [ 54.513884677746951, 24.361813300041629 ], [ 54.513889570437883, 24.361670834224167 ] ] ] } },
{ "type": "Feature", "properties": { "id": "B-04326", "area_m2": 521.0, "surface_label": "Building / roof", "p_roof": 0.7, "dark_roof": false, "heat_zone": "lower", "LST_C": 54.0, "new_since_2017": false, "street": "Al Jammalah 3 Street", "action": "" }, "geometry": { "type": "Polygon", "coordinates": [ [ [ 54.519313298487326, 24.364047920143431 ], [ 54.519320698605121, 24.363659546170041 ], [ 54.519439901622377, 24.363661438546526 ], [ 54.519432471674484, 24.364049812040548 ], [ 54.519313298487326, 24.364047920143431 ] ] ] } },
{ "type": "Feature", "properties": { "id": "B-04328", "area_m2": 663.0, "surface_label": "Building / roof", "p_roof": 0.51, "dark_roof": true, "heat_zone": "elevated", "LST_C": 56.3, "new_since_2017": false, "street": "Al Mazj 1 Street", "action": "" }, "geometry": { "type": "Polygon", "coordinates": [ [ [ 54.513982440412079, 24.367336022723663 ], [ 54.513985430406009, 24.367116161504217 ], [ 54.514253610151854, 24.367119187778727 ], [ 54.514250620157881, 24.367339048992932 ], [ 54.513982440412079, 24.367336022723663 ] ] ] } },
{ "type": "Feature", "properties": { "id": "B-04358", "area_m2": 459.0, "surface_label": "Building / roof", "p_roof": 0.49, "dark_roof": true, "heat_zone": "lower", "LST_C": 55.8, "new_since_2017": false, "street": "Al Hiraf Street", "action": "" }, "geometry": { "type": "Polygon", "coordinates": [ [ [ 54.507965010230137, 24.367898628900903 ], [ 54.508088256205212, 24.367902353310839 ], [ 54.508081589932473, 24.368085396548537 ], [ 54.50819947738691, 24.368088959022373 ], [ 54.508196721994153, 24.368164616814454 ], [ 54.507955588564691, 24.368157329940427 ], [ 54.507965010230137, 24.367898628900903 ] ] ] } },
{ "type": "Feature", "properties": { "id": "B-04365", "area_m2": 744.0, "surface_label": "Building / roof", "p_roof": 0.65, "dark_roof": false, "heat_zone": "lower", "LST_C": 55.200001, "new_since_2017": false, "street": "Ad Diman 6 Street", "action": "" }, "geometry": { "type": "Polygon", "coordinates": [ [ [ 54.520563612064478, 24.350726635871741 ], [ 54.520582737957909, 24.350233644393015 ], [ 54.520716681083861, 24.350237957386714 ], [ 54.520697555190424, 24.350730948848632 ], [ 54.520563612064478, 24.350726635871741 ] ] ] } },
{ "type": "Feature", "properties": { "id": "B-04391", "area_m2": 1530.0, "surface_label": "Building / roof", "p_roof": 0.93, "dark_roof": false, "heat_zone": "lower", "LST_C": 55.3, "new_since_2017": false, "street": "Abu Al Hinna-a 4 Street", "action": "" }, "geometry": { "type": "Polygon", "coordinates": [ [ [ 54.508478630746772, 24.370707178428258 ], [ 54.508486387679874, 24.370477734061613 ], [ 54.509078594261005, 24.370494346118868 ], [ 54.509070837327947, 24.370723790455415 ], [ 54.508478630746772, 24.370707178428258 ] ] ] } },
{ "type": "Feature", "properties": { "id": "B-04408", "area_m2": 26.0, "surface_label": "Building / roof", "p_roof": 0.85, "dark_roof": false, "heat_zone": "lower", "LST_C": 54.900002, "new_since_2017": false, "street": "Al Hayal Street", "action": "" }, "geometry": { "type": "Polygon", "coordinates": [ [ [ 54.510338290487773, 24.347813448562245 ], [ 54.510407970964565, 24.347815265791606 ], [ 54.510406941296537, 24.347848117291473 ], [ 54.510337260680615, 24.347846304502081 ], [ 54.510338290487773, 24.347813448562245 ] ] ] } },
{ "type": "Feature", "properties": { "id": "B-04428", "area_m2": 1301.0, "surface_label": "Building / roof", "p_roof": 0.94, "dark_roof": false, "heat_zone": "lower", "LST_C": 55.900002, "new_since_2017": false, "street": "Street 24", "action": "" }, "geometry": { "type": "Polygon", "coordinates": [ [ [ 54.515438462816959, 24.350196307325778 ], [ 54.515272305359126, 24.350191921136801 ], [ 54.515272771275882, 24.350177271797733 ], [ 54.515185820460403, 24.350174976488429 ], [ 54.515200580221816, 24.349712017905247 ], [ 54.515289018509868, 24.349714358128178 ], [ 54.51528847362961, 24.34973144901673 ], [ 54.515395671554543, 24.349734285650143 ], [ 54.515394970994215, 24.349756259645829 ], [ 54.515452410004372, 24.349757779576223 ], [ 54.515438462816959, 24.350196307325778 ] ] ] } },
{ "type": "Feature", "properties": { "id": "B-04433", "area_m2": 65.0, "surface_label": "Building / roof", "p_roof": 0.75, "dark_roof": false, "heat_zone": "elevated", "LST_C": 56.400002, "new_since_2017": false, "street": "Az Zakhrafah 2 Street", "action": "" }, "geometry": { "type": "Polygon", "coordinates": [ [ [ 54.514599811946127, 24.363830576654085 ], [ 54.514597133459375, 24.363883317998869 ], [ 54.51448739739466, 24.363878700428668 ], [ 54.514490076235973, 24.363825952100559 ], [ 54.514599811946127, 24.363830576654085 ] ] ] } },
{ "type": "Feature", "properties": { "id": "B-04538", "area_m2": 763.0, "surface_label": "Building / roof", "p_roof": 0.96, "dark_roof": false, "heat_zone": "elevated", "LST_C": 56.099998, "new_since_2017": false, "street": "Al Marmoumiyah 3 Street", "action": "" }, "geometry": { "type": "Polygon", "coordinates": [ [ [ 54.514641674761023, 24.370853450283111 ], [ 54.514625599952581, 24.370852954276543 ], [ 54.514621788260897, 24.370955451326601 ], [ 54.514386024403578, 24.370948176569385 ], [ 54.514396279669334, 24.370672410491874 ], [ 54.514648118335096, 24.370680181272238 ], [ 54.514641674761023, 24.370853450283111 ] ] ] } },
{ "type": "Feature", "properties": { "id": "B-04548", "area_m2": 812.0, "surface_label": "Building / roof", "p_roof": 0.96, "dark_roof": true, "heat_zone": "lower", "LST_C": 55.900002, "new_since_2017": false, "street": "Al Mazj 5 Street", "action": "" }, "geometry": { "type": "Polygon", "coordinates": [ [ [ 54.51281835775157, 24.366004872218792 ], [ 54.512821523444316, 24.365874484201356 ], [ 54.512867098634459, 24.365875405289302 ], [ 54.512870478271552, 24.365736205221193 ], [ 54.513092992435247, 24.365740702302467 ], [ 54.513091546629646, 24.365800251978623 ], [ 54.513124774383115, 24.365800921403221 ], [ 54.513123049477301, 24.365871742473409 ], [ 54.513117687690205, 24.36587163445197 ], [ 54.513114297358108, 24.366010834371071 ], [ 54.51281835775157, 24.366004872218792 ] ] ] } },
{ "type": "Feature", "properties": { "id": "B-04554", "area_m2": 819.0, "surface_label": "Building / roof", "p_roof": 0.83, "dark_roof": true, "heat_zone": "lower", "LST_C": 55.8, "new_since_2017": false, "street": "Al Mazj 2 Street", "action": "" }, "geometry": { "type": "Polygon", "coordinates": [ [ [ 54.514955625705269, 24.366002725100202 ], [ 54.514962302387275, 24.365830987155732 ], [ 54.51522215076637, 24.365839369857401 ], [ 54.515211430494581, 24.366115117086409 ], [ 54.514940866718391, 24.366106388725328 ], [ 54.514944910334712, 24.366002378739964 ], [ 54.514955625705269, 24.366002725100202 ] ] ] } },
{ "type": "Feature", "properties": { "id": "B-04652", "area_m2": 130.0, "surface_label": "Road / dark pavement", "p_roof": 0.12, "dark_roof": true, "heat_zone": "lower", "LST_C": 54.200001, "new_since_2017": false, "street": "Al Hayal Street", "action": "" }, "geometry": { "type": "Polygon", "coordinates": [ [ [ 54.513465741156011, 24.349185982545311 ], [ 54.513543371642534, 24.349189125778789 ], [ 54.513536103058435, 24.34933789254951 ], [ 54.513458472571919, 24.349334749319709 ], [ 54.513465741156011, 24.349185982545311 ] ] ] } },
{ "type": "Feature", "properties": { "id": "B-04728", "area_m2": 334.0, "surface_label": "Building / roof", "p_roof": 0.93, "dark_roof": false, "heat_zone": "lower", "LST_C": 54.8, "new_since_2017": false, "street": "Street 24", "action": "" }, "geometry": { "type": "Polygon", "coordinates": [ [ [ 54.51393728240766, 24.350066578420357 ], [ 54.513854145697422, 24.350065677244896 ], [ 54.513858804362357, 24.349708960375334 ], [ 54.513941941072595, 24.349709861553301 ], [ 54.51393728240766, 24.350066578420357 ] ] ] } },
{ "type": "Feature", "properties": { "id": "B-04734", "area_m2": 1303.0, "surface_label": "Building / roof", "p_roof": 0.91, "dark_roof": false, "heat_zone": "lower", "LST_C": 55.3, "new_since_2017": false, "street": "Al Hiraf 6 Street", "action": "" }, "geometry": { "type": "Polygon", "coordinates": [ [ [ 54.506478671891287, 24.365706826425086 ], [ 54.506490887592378, 24.36532463360102 ], [ 54.506793719882104, 24.365332684668296 ], [ 54.506781504797559, 24.365714858177327 ], [ 54.506478671891287, 24.365706826425086 ] ] ] } },
{ "type": "Feature", "properties": { "id": "B-04740", "area_m2": 530.0, "surface_label": "Building / roof", "p_roof": 0.82, "dark_roof": false, "heat_zone": "lower", "LST_C": 55.599998, "new_since_2017": false, "street": "Abu Al Hinna-a 7 Street", "action": "" }, "geometry": { "type": "Polygon", "coordinates": [ [ [ 54.507412169643828, 24.369930585270488 ], [ 54.507415297016266, 24.3697975702419 ], [ 54.507769186818173, 24.369804451498489 ], [ 54.507766058915514, 24.369937489070999 ], [ 54.507412169643828, 24.369930585270488 ] ] ] } },
{ "type": "Feature", "properties": { "id": "B-04745", "area_m2": 316.0, "surface_label": "Building / roof", "p_roof": 0.96, "dark_roof": false, "heat_zone": "lower", "LST_C": 55.599998, "new_since_2017": false, "street": "Al Marmoumiyah 1 Street", "action": "" }, "geometry": { "type": "Polygon", "coordinates": [ [ [ 54.514330137840844, 24.371795192024276 ], [ 54.514334016616111, 24.371688691349334 ], [ 54.514597955429153, 24.3716966839891 ], [ 54.514594069093263, 24.371803167602266 ], [ 54.514330137840844, 24.371795192024276 ] ] ] } },
{ "type": "Feature", "properties": { "id": "B-04788", "area_m2": 39.0, "surface_label": "Road / dark pavement", "p_roof": 0.04, "dark_roof": true, "heat_zone": "elevated", "LST_C": 56.099998, "new_since_2017": false, "street": "Al Marmoumiyah 5 Street", "action": "" }, "geometry": { "type": "Polygon", "coordinates": [ [ [ 54.514205095611629, 24.370424765376949 ], [ 54.514206731070047, 24.370378392130515 ], [ 54.514281755496754, 24.370380587528444 ], [ 54.51428012003835, 24.370426960774079 ], [ 54.514205095611629, 24.370424765376949 ] ] ] } },
{ "type": "Feature", "properties": { "id": "B-04791", "area_m2": 1219.0, "surface_label": "Building / roof", "p_roof": 0.95, "dark_roof": false, "heat_zone": "lower", "LST_C": 55.599998, "new_since_2017": false, "street": "Ad Diman 8 Street", "action": "" }, "geometry": { "type": "Polygon", "coordinates": [ [ [ 54.517979605971298, 24.349259798362684 ], [ 54.517996945405464, 24.348734893482753 ], [ 54.518203288610387, 24.348740551063759 ], [ 54.518185949176264, 24.349265455920218 ], [ 54.517979605971298, 24.349259798362684 ] ] ] } },
{ "type": "Feature", "properties": { "id": "B-04794", "area_m2": 1087.0, "surface_label": "Building / roof", "p_roof": 0.88, "dark_roof": false, "heat_zone": "lower", "LST_C": 53.599998, "new_since_2017": false, "street": "Al 'Afou 1 Street", "action": "" }, "geometry": { "type": "Polygon", "coordinates": [ [ [ 54.510379550427729, 24.342838508005386 ], [ 54.51025365017194, 24.342834373474563 ], [ 54.510283967728043, 24.342068029834024 ], [ 54.510409867983824, 24.342072164389879 ], [ 54.510379550427729, 24.342838508005386 ] ] ] } },
{ "type": "Feature", "properties": { "id": "B-04800", "area_m2": 4255.0, "surface_label": "Building / roof", "p_roof": 1.0, "dark_roof": false, "heat_zone": "lower", "LST_C": 54.700001, "new_since_2017": false, "street": "Abu Al Hinna-a 4 Street", "action": "" }, "geometry": { "type": "Polygon", "coordinates": [ [ [ 54.508410415210321, 24.372001910630853 ], [ 54.508423883317704, 24.37168721761261 ], [ 54.508555112126601, 24.371691877525137 ], [ 54.50855161490913, 24.371773592858556 ], [ 54.508481983485979, 24.371771115821133 ], [ 54.508480469124912, 24.371806500084531 ], [ 54.508576882127365, 24.371809923690503 ], [ 54.508601991450391, 24.371223222908249 ], [ 54.508893907801436, 24.371233607455963 ], [ 54.508871252209595, 24.371762974788368 ], [ 54.508782873864796, 24.371759830855993 ], [ 54.508779637351694, 24.37183545458161 ], [ 54.50888944074979, 24.371839360677104 ], [ 54.50891475930964, 24.371247771024553 ], [ 54.509054022535388, 24.371252716255004 ], [ 54.509025415857643, 24.371921135345232 ], [ 54.509026769973104, 24.371921183429549 ], [ 54.509022377147403, 24.372023641238822 ], [ 54.508410415210321, 24.372001910630853 ] ] ] } },
{ "type": "Feature", "properties": { "id": "B-04802", "area_m2": 276.0, "surface_label": "Building / roof", "p_roof": 0.91, "dark_roof": false, "heat_zone": "lower", "LST_C": 55.599998, "new_since_2017": false, "street": "Al Marmoumiyah 5 Street", "action": "" }, "geometry": { "type": "Polygon", "coordinates": [ [ [ 54.512866561661511, 24.370485871425171 ], [ 54.512863372156374, 24.370571285076462 ], [ 54.512576707459992, 24.370562403138877 ], [ 54.512579896965136, 24.370476989481599 ], [ 54.512866561661511, 24.370485871425171 ] ] ] } },
{ "type": "Feature", "properties": { "id": "B-04846", "area_m2": 636.0, "surface_label": "Building / roof", "p_roof": 0.9, "dark_roof": false, "heat_zone": "lower", "LST_C": 55.099998, "new_since_2017": false, "street": "Ad Diman 6 Street", "action": "" }, "geometry": { "type": "Polygon", "coordinates": [ [ [ 54.519533382517764, 24.350695074234658 ], [ 54.519551772974644, 24.350167788658748 ], [ 54.519658953121322, 24.350170891342028 ], [ 54.519640562664442, 24.350698176904995 ], [ 54.519533382517764, 24.350695074234658 ] ] ] } },
{ "type": "Feature", "properties": { "id": "B-04881", "area_m2": 393.0, "surface_label": "Building / roof", "p_roof": 0.89, "dark_roof": false, "heat_zone": "lower", "LST_C": 55.3, "new_since_2017": false, "street": "Abu Al Hinna-a 7 Street", "action": "" }, "geometry": { "type": "Polygon", "coordinates": [ [ [ 54.507649286780961, 24.369235923810983 ], [ 54.507654246888798, 24.369116375827559 ], [ 54.507946190663951, 24.369126426501396 ], [ 54.507941230556071, 24.369245974475316 ], [ 54.507649286780961, 24.369235923810983 ] ] ] } },
{ "type": "Feature", "properties": { "id": "B-04936", "area_m2": 483.0, "surface_label": "Building / roof", "p_roof": 0.93, "dark_roof": false, "heat_zone": "lower", "LST_C": 55.599998, "new_since_2017": false, "street": "Al Hayal Street", "action": "" }, "geometry": { "type": "Polygon", "coordinates": [ [ [ 54.510856499874613, 24.365260065427019 ], [ 54.510870621897844, 24.364862220369474 ], [ 54.510975118793624, 24.364865298323856 ], [ 54.510963547404856, 24.365191287097549 ], [ 54.510982303215563, 24.365191840744 ], [ 54.510979752623506, 24.365263695823373 ], [ 54.510856499874613, 24.365260065427019 ] ] ] } },
{ "type": "Feature", "properties": { "id": "B-04957", "area_m2": 622.0, "surface_label": "Building / roof", "p_roof": 0.62, "dark_roof": false, "heat_zone": "elevated", "LST_C": 56.0, "new_since_2017": false, "street": "Street 24", "action": "" }, "geometry": { "type": "Polygon", "coordinates": [ [ [ 54.515451502195695, 24.350206703157866 ], [ 54.5154632146794, 24.349758287418943 ], [ 54.515586526262432, 24.349760968604684 ], [ 54.515574813983996, 24.350209376475867 ], [ 54.515451502195695, 24.350206703157866 ] ] ] } },
{ "type": "Feature", "properties": { "id": "B-04968", "area_m2": 116.0, "surface_label": "Building / roof", "p_roof": 0.49, "dark_roof": false, "heat_zone": "elevated", "LST_C": 56.200001, "new_since_2017": false, "street": "Ad Darsa'i 2 Street", "action": "" }, "geometry": { "type": "Polygon", "coordinates": [ [ [ 54.516200314317487, 24.352182098048573 ], [ 54.516205872440089, 24.351990191267017 ], [ 54.516259479298796, 24.351991479880606 ], [ 54.516253921275116, 24.352183383244505 ], [ 54.516200314317487, 24.352182098048573 ] ] ] } },
{ "type": "Feature", "properties": { "id": "B-04975", "area_m2": 719.0, "surface_label": "Building / roof", "p_roof": 0.66, "dark_roof": false, "heat_zone": "elevated", "LST_C": 56.3, "new_since_2017": false, "street": "Street 24", "action": "" }, "geometry": { "type": "Polygon", "coordinates": [ [ [ 54.512599811062024, 24.350654350228705 ], [ 54.512620194854762, 24.350124739666608 ], [ 54.512740746041352, 24.350128590693959 ], [ 54.512720362248658, 24.350658201239963 ], [ 54.512599811062024, 24.350654350228705 ] ] ] } },
{ "type": "Feature", "properties": { "id": "B-04987", "area_m2": 442.0, "surface_label": "Building / roof", "p_roof": 0.94, "dark_roof": false, "heat_zone": "elevated", "LST_C": 56.0, "new_since_2017": false, "street": "Al Hiraf 1 Street", "action": "" }, "geometry": { "type": "Polygon", "coordinates": [ [ [ 54.507431651587446, 24.367780805932902 ], [ 54.507425765497153, 24.367914971251661 ], [ 54.507240988181103, 24.367908244721168 ], [ 54.507243128577564, 24.367859457346402 ], [ 54.507074418854209, 24.367853315728905 ], [ 54.507078164548005, 24.367767937773632 ], [ 54.507431651587446, 24.367780805932902 ] ] ] } },
{ "type": "Feature", "properties": { "id": "B-04997", "area_m2": 109.0, "surface_label": "Building / roof", "p_roof": 0.92, "dark_roof": true, "heat_zone": "elevated", "LST_C": 56.0, "new_since_2017": false, "street": "Al Mazj 3 Street", "action": "" }, "geometry": { "type": "Polygon", "coordinates": [ [ [ 54.513134558614304, 24.366157295316142 ], [ 54.513137389864497, 24.366062076514879 ], [ 54.513239239087078, 24.366064589450612 ], [ 54.513236407836878, 24.366159808249972 ], [ 54.513134558614304, 24.366157295316142 ] ] ] } },
{ "type": "Feature", "properties": { "id": "B-05003", "area_m2": 8096.0, "surface_label": "Building / roof", "p_roof": 0.99, "dark_roof": false, "heat_zone": "lower", "LST_C": 55.700001, "new_since_2017": false, "street": "Al Jammalah 6 Street", "action": "" }, "geometry": { "type": "Polygon", "coordinates": [ [ [ 54.520807817851789, 24.366866208946647 ], [ 54.520864521605205, 24.365578219746876 ], [ 54.521422596572236, 24.365598607130401 ], [ 54.521365794018578, 24.36688659251331 ], [ 54.520807817851789, 24.366866208946647 ] ] ] } },
{ "type": "Feature", "properties": { "id": "B-05061", "area_m2": 491.0, "surface_label": "Building / roof", "p_roof": 0.94, "dark_roof": false, "heat_zone": "elevated", "LST_C": 56.400002, "new_since_2017": false, "street": "Al Mazj 1 Street", "action": "" }, "geometry": { "type": "Polygon", "coordinates": [ [ [ 54.514180203011811, 24.36807643885567 ], [ 54.51394172191646, 24.36806961222986 ], [ 54.513948037305553, 24.367886548300088 ], [ 54.514186518400905, 24.367893374935786 ], [ 54.514180203011811, 24.36807643885567 ] ] ] } },
{ "type": "Feature", "properties": { "id": "B-05090", "area_m2": 843.0, "surface_label": "Building / roof", "p_roof": 0.8, "dark_roof": false, "heat_zone": "lower", "LST_C": 55.0, "new_since_2017": false, "street": "Abu Al Hinna-a 4 Street", "action": "" }, "geometry": { "type": "Polygon", "coordinates": [ [ [ 54.508047412575046, 24.371574324732435 ], [ 54.508039592419642, 24.371837996898133 ], [ 54.507755485618482, 24.371831005535654 ], [ 54.507763305773878, 24.371567333355401 ], [ 54.508047412575046, 24.371574324732435 ] ] ] } },
{ "type": "Feature", "properties": { "id": "B-05098", "area_m2": 252.0, "surface_label": "Bare soil / sand", "p_roof": 0.24, "dark_roof": false, "heat_zone": "elevated", "LST_C": 56.8, "new_since_2017": false, "street": "Ad Darsa'i 4 Street", "action": "" }, "geometry": { "type": "Polygon", "coordinates": [ [ [ 54.51261995241601, 24.352074570260228 ], [ 54.512518091354785, 24.352072264589655 ], [ 54.512524085455318, 24.351852478783787 ], [ 54.512625946516508, 24.351854784458368 ], [ 54.51261995241601, 24.352074570260228 ] ] ] } },
{ "type": "Feature", "properties": { "id": "B-05107", "area_m2": 731.0, "surface_label": "Road / dark pavement", "p_roof": 0.1, "dark_roof": true, "heat_zone": "elevated", "LST_C": 56.5, "new_since_2017": false, "street": "Ar Raha 8 Street", "action": "" }, "geometry": { "type": "Polygon", "coordinates": [ [ [ 54.517243030909555, 24.36701533954875 ], [ 54.517244242143271, 24.366933658165351 ], [ 54.517324693734388, 24.366934648088915 ], [ 54.517321997232315, 24.367116490727636 ], [ 54.516769563495522, 24.367109658048633 ], [ 54.516772352759141, 24.366921559879454 ], [ 54.516807215082366, 24.366921991068605 ], [ 54.516805911011033, 24.367009933104281 ], [ 54.517243030909555, 24.36701533954875 ] ] ] } },
{ "type": "Feature", "properties": { "id": "B-05111", "area_m2": 370.0, "surface_label": "Building / roof", "p_roof": 0.85, "dark_roof": false, "heat_zone": "lower", "LST_C": 55.900002, "new_since_2017": false, "street": "Al Hiraf 4 Street", "action": "" }, "geometry": { "type": "Polygon", "coordinates": [ [ [ 54.509119093119232, 24.36609835182308 ], [ 54.509128038765695, 24.365823751017089 ], [ 54.50924757740728, 24.365826982394523 ], [ 54.509238653088033, 24.366101576147511 ], [ 54.509119093119232, 24.36609835182308 ] ] ] } },
{ "type": "Feature", "properties": { "id": "B-05124", "area_m2": 756.0, "surface_label": "Building / roof", "p_roof": 0.5, "dark_roof": true, "heat_zone": "elevated", "LST_C": 56.400002, "new_since_2017": false, "street": "Al Mazj 1 Street", "action": "" }, "geometry": { "type": "Polygon", "coordinates": [ [ [ 54.514547624544811, 24.367386615179612 ], [ 54.514558773503367, 24.367113345600821 ], [ 54.514714127057026, 24.367118604862721 ], [ 54.514713330702847, 24.367138124137114 ], [ 54.514839220651552, 24.367142385951961 ], [ 54.514831555742525, 24.367330258807662 ], [ 54.514721736851143, 24.367326541059828 ], [ 54.514719049155758, 24.367392418490535 ], [ 54.514547624544811, 24.367386615179612 ] ] ] } },
{ "type": "Feature", "properties": { "id": "B-05147", "area_m2": 217.0, "surface_label": "Road / dark pavement", "p_roof": 0.18, "dark_roof": true, "heat_zone": "lower", "LST_C": 55.200001, "new_since_2017": false, "street": "Al Marmoumiyah 1 Street", "action": "" }, "geometry": { "type": "Polygon", "coordinates": [ [ [ 54.512320772466637, 24.371871640306818 ], [ 54.512303896526426, 24.371966885737489 ], [ 54.512237249292298, 24.37195708356883 ], [ 54.5122330285242, 24.371980894654886 ], [ 54.512128466174822, 24.371965516106815 ], [ 54.51214957001546, 24.371846460617199 ], [ 54.512320772466637, 24.371871640306818 ] ] ] } },
{ "type": "Feature", "properties": { "id": "B-05151", "area_m2": 1842.0, "surface_label": "Building / roof", "p_roof": 0.85, "dark_roof": false, "heat_zone": "lower", "LST_C": 50.5, "new_since_2017": false, "street": "Al Jammalah 3 Street", "action": "" }, "geometry": { "type": "Polygon", "coordinates": [ [ [ 54.519853162045663, 24.362529437414423 ], [ 54.519883327599516, 24.361802350205807 ], [ 54.520108311793194, 24.361810096127069 ], [ 54.520078146239335, 24.362537183291181 ], [ 54.519853162045663, 24.362529437414423 ] ] ] } },
{ "type": "Feature", "properties": { "id": "B-05155", "area_m2": 1597.0, "surface_label": "Building / roof", "p_roof": 0.7, "dark_roof": false, "heat_zone": "lower", "LST_C": 54.599998, "new_since_2017": false, "street": "Rouh Al 'Ata-a 4 Street", "action": "" }, "geometry": { "type": "Polygon", "coordinates": [ [ [ 54.518859989005051, 24.342978191562846 ], [ 54.518709986283334, 24.342973188997828 ], [ 54.518711064817829, 24.3429463437629 ], [ 54.518668206897381, 24.342944914458272 ], [ 54.518666049828333, 24.342998604922993 ], [ 54.518467831946104, 24.342991994391653 ], [ 54.518469204626399, 24.342957827733141 ], [ 54.518279022604268, 24.342951485194291 ], [ 54.518288337220461, 24.342719639756368 ], [ 54.518869597767001, 24.342739024733557 ], [ 54.518859989005051, 24.342978191562846 ] ] ] } },
{ "type": "Feature", "properties": { "id": "B-05190", "area_m2": 737.0, "surface_label": "Building / roof", "p_roof": 0.89, "dark_roof": false, "heat_zone": "lower", "LST_C": 55.8, "new_since_2017": false, "street": "Al Mazj 4 Street", "action": "" }, "geometry": { "type": "Polygon", "coordinates": [ [ [ 54.511780866045264, 24.367748388665291 ], [ 54.512010347129561, 24.367754299314171 ], [ 54.512008528405985, 24.367812890867665 ], [ 54.512059449665593, 24.367814202424722 ], [ 54.512053690374188, 24.367999742163118 ], [ 54.511773306772774, 24.367992520453232 ], [ 54.511780866045264, 24.367748388665291 ] ] ] } },
{ "type": "Feature", "properties": { "id": "B-05238", "area_m2": 220.0, "surface_label": "Building / roof", "p_roof": 0.91, "dark_roof": false, "heat_zone": "elevated", "LST_C": 56.400002, "new_since_2017": false, "street": "Al Marmoumiyah 5 Street", "action": "" }, "geometry": { "type": "Polygon", "coordinates": [ [ [ 54.512904293226782, 24.369488622700199 ], [ 54.512902172466184, 24.369567710576348 ], [ 54.512655555954971, 24.369562239130925 ], [ 54.512657677136957, 24.369483135538172 ], [ 54.512904293226782, 24.369488622700199 ] ] ] } },
{ "type": "Feature", "properties": { "id": "B-05280", "area_m2": 37.0, "surface_label": "Bare soil / sand", "p_roof": 0.55, "dark_roof": true, "heat_zone": "elevated", "LST_C": 56.3, "new_since_2017": false, "street": "Al Hiraf 1 Street", "action": "" }, "geometry": { "type": "Polygon", "coordinates": [ [ [ 54.509099612738325, 24.367831118003011 ], [ 54.509081593543868, 24.367883350219302 ], [ 54.50902392838222, 24.367866846964787 ], [ 54.509041945078195, 24.367814610350095 ], [ 54.509099612738325, 24.367831118003011 ] ] ] } },
{ "type": "Feature", "properties": { "id": "B-05282", "area_m2": 114.0, "surface_label": "Building / roof", "p_roof": 0.94, "dark_roof": false, "heat_zone": "elevated", "LST_C": 56.400002, "new_since_2017": false, "street": "Al Marmoumiyah 5 Street", "action": "" }, "geometry": { "type": "Polygon", "coordinates": [ [ [ 54.513449969314259, 24.36954476574655 ], [ 54.513448272005888, 24.36948036211238 ], [ 54.513516426334348, 24.369478871761501 ], [ 54.513519483810342, 24.369594549095197 ], [ 54.513406896294271, 24.369597018255305 ], [ 54.513405540957464, 24.369545740106513 ], [ 54.513449969314259, 24.36954476574655 ] ] ] } },
{ "type": "Feature", "properties": { "id": "B-05321", "area_m2": 165.0, "surface_label": "Building / roof", "p_roof": 0.96, "dark_roof": false, "heat_zone": "elevated", "LST_C": 56.400002, "new_since_2017": false, "street": "Al Marmoumiyah 2 Street", "action": "" }, "geometry": { "type": "Polygon", "coordinates": [ [ [ 54.515022698532917, 24.369633142974219 ], [ 54.515021272682681, 24.369669745344126 ], [ 54.514772140935328, 24.369661692721174 ], [ 54.514774612409042, 24.369598248602585 ], [ 54.514980882780499, 24.369604915831403 ], [ 54.514979837157028, 24.369631757576357 ], [ 54.515022698532917, 24.369633142974219 ] ] ] } },
{ "type": "Feature", "properties": { "id": "B-05351", "area_m2": 333.0, "surface_label": "Road / dark pavement", "p_roof": 0.4, "dark_roof": true, "heat_zone": "lower", "LST_C": 55.5, "new_since_2017": false, "street": "Al Marmoumiyah 3 Street", "action": "" }, "geometry": { "type": "Polygon", "coordinates": [ [ [ 54.512831885246655, 24.370739854269271 ], [ 54.512828724088195, 24.370866835801362 ], [ 54.512595491836088, 24.370862018211454 ], [ 54.512598652994541, 24.370735036674521 ], [ 54.512831885246655, 24.370739854269271 ] ] ] } },
{ "type": "Feature", "properties": { "id": "B-05370", "area_m2": 590.0, "surface_label": "Road / dark pavement", "p_roof": 0.19, "dark_roof": true, "heat_zone": "elevated", "LST_C": 56.3, "new_since_2017": false, "street": "Al Mazj 1 Street", "action": "" }, "geometry": { "type": "Polygon", "coordinates": [ [ [ 54.51369542609217, 24.36711325647299 ], [ 54.513939228507219, 24.367120763953544 ], [ 54.513931258568668, 24.367335526934934 ], [ 54.513687456153612, 24.367328019467106 ], [ 54.51369542609217, 24.36711325647299 ] ] ] } },
{ "type": "Feature", "properties": { "id": "B-05404", "area_m2": 39.0, "surface_label": "Building / roof", "p_roof": 0.94, "dark_roof": false, "heat_zone": "lower", "LST_C": 54.700001, "new_since_2017": false, "street": "Abu Al Hinna-a 1 Street", "action": "" }, "geometry": { "type": "Polygon", "coordinates": [ [ [ 54.508867189242913, 24.371769733178315 ], [ 54.508864973244371, 24.371809957269207 ], [ 54.508777996558237, 24.371805981556566 ], [ 54.508780209169608, 24.371765762854736 ], [ 54.508867189242913, 24.371769733178315 ] ] ] } },
{ "type": "Feature", "properties": { "id": "B-05412", "area_m2": 8216.0, "surface_label": "Building / roof", "p_roof": 0.6, "dark_roof": false, "heat_zone": "elevated", "LST_C": 56.700001, "new_since_2017": false, "street": "Mohammed Bin Khalifa Al Kindi Street", "action": "" }, "geometry": { "type": "Polygon", "coordinates": [ [ [ 54.516666709683854, 24.348237809731163 ], [ 54.516660225870375, 24.34842089188912 ], [ 54.512674889522032, 24.348303488564138 ], [ 54.512681387385477, 24.348120406650306 ], [ 54.516666709683854, 24.348237809731163 ] ] ] } },
{ "type": "Feature", "properties": { "id": "B-05414", "area_m2": 1605.0, "surface_label": "Building / roof", "p_roof": 0.97, "dark_roof": false, "heat_zone": "lower", "LST_C": 55.200001, "new_since_2017": false, "street": "Al Hiraf 8 Street", "action": "" }, "geometry": { "type": "Polygon", "coordinates": [ [ [ 54.506000793035362, 24.365677417404733 ], [ 54.506018895005603, 24.365315505903528 ], [ 54.506131314763707, 24.365320164673431 ], [ 54.506131314763707, 24.365320164673431 ], [ 54.506412364159061, 24.365331811597439 ], [ 54.506394260936744, 24.365693748085612 ], [ 54.506000793035362, 24.365677417404733 ] ] ] } },
{ "type": "Feature", "properties": { "id": "B-05421", "area_m2": 1658.0, "surface_label": "Building / roof", "p_roof": 0.99, "dark_roof": false, "heat_zone": "lower", "LST_C": 55.599998, "new_since_2017": false, "street": "Abu Al Hinna-a 3 Street", "action": "" }, "geometry": { "type": "Polygon", "coordinates": [ [ [ 54.506855088972912, 24.371108307149541 ], [ 54.506824210901172, 24.3714958404349 ], [ 54.506417267831253, 24.371468937075946 ], [ 54.5064206421211, 24.371426547436396 ], [ 54.506393960309744, 24.371424785178956 ], [ 54.506403354815873, 24.371306766275382 ], [ 54.506426096078151, 24.371308269722018 ], [ 54.506434810342938, 24.371198901851397 ], [ 54.506562881743903, 24.371207368781381 ], [ 54.506572263200034, 24.371089627266727 ], [ 54.506855088972912, 24.371108307149541 ] ] ] } },
{ "type": "Feature", "properties": { "id": "B-05433", "area_m2": 57.0, "surface_label": "Building / roof", "p_roof": 0.48, "dark_roof": true, "heat_zone": "lower", "LST_C": 55.900002, "new_since_2017": false, "street": "Al Hiraf 4 Street", "action": "" }, "geometry": { "type": "Polygon", "coordinates": [ [ [ 54.508330614757348, 24.366571534939748 ], [ 54.508329854328707, 24.366602081847077 ], [ 54.508163642575028, 24.366598659097615 ], [ 54.508164403267337, 24.366568101598176 ], [ 54.508330614757348, 24.366571534939748 ] ] ] } },
{ "type": "Feature", "properties": { "id": "B-05437", "area_m2": 1633.0, "surface_label": "Building / roof", "p_roof": 0.97, "dark_roof": false, "heat_zone": "lower", "LST_C": 55.200001, "new_since_2017": false, "street": "Al Marmoumiyah 1 Street", "action": "" }, "geometry": { "type": "Polygon", "coordinates": [ [ [ 54.513150629724421, 24.371619060905346 ], [ 54.513119871469321, 24.371617945153574 ], [ 54.513126749784277, 24.371460892968159 ], [ 54.513165529769303, 24.371462302181214 ], [ 54.513170648770846, 24.371345214760382 ], [ 54.51339431657992, 24.37135334255813 ], [ 54.513389081763222, 24.371472868958204 ], [ 54.51342518471241, 24.371474180891216 ], [ 54.513413560313083, 24.371740066481809 ], [ 54.513381424858792, 24.371738898724729 ], [ 54.51337359948517, 24.371917888656835 ], [ 54.513137938831086, 24.371909340116691 ], [ 54.513150629724421, 24.371619060905346 ] ] ] } },
{ "type": "Feature", "properties": { "id": "B-05472", "area_m2": 155.0, "surface_label": "Building / roof", "p_roof": 0.58, "dark_roof": false, "heat_zone": "lower", "LST_C": 51.599998, "new_since_2017": false, "street": "Al Kawakib Street", "action": "" }, "geometry": { "type": "Polygon", "coordinates": [ [ [ 54.519945885842979, 24.361016165334771 ], [ 54.52008122856509, 24.361017839377965 ], [ 54.520080866323099, 24.36104226886733 ], [ 54.520231042484525, 24.361044126383725 ], [ 54.520230499121489, 24.361080770608439 ], [ 54.519944975546544, 24.361077238992152 ], [ 54.519945885842979, 24.361016165334771 ] ] ] } },
{ "type": "Feature", "properties": { "id": "B-05491", "area_m2": 371.0, "surface_label": "Building / roof", "p_roof": 0.9, "dark_roof": false, "heat_zone": "lower", "LST_C": 55.8, "new_since_2017": false, "street": "Mohammed Bin Khalifa Al Kindi Street", "action": "" }, "geometry": { "type": "Polygon", "coordinates": [ [ [ 54.518355671621677, 24.346912097780621 ], [ 54.518476238895083, 24.346915734158355 ], [ 54.51846630488383, 24.347189125227612 ], [ 54.518345737610424, 24.347185488857747 ], [ 54.518355671621677, 24.346912097780621 ] ] ] } },
{ "type": "Feature", "properties": { "id": "B-05493", "area_m2": 604.0, "surface_label": "Building / roof", "p_roof": 0.56, "dark_roof": false, "heat_zone": "lower", "LST_C": 55.599998, "new_since_2017": false, "street": "Al Mazj 4 Street", "action": "" }, "geometry": { "type": "Polygon", "coordinates": [ [ [ 54.512107108714019, 24.365514984018404 ], [ 54.511886332624769, 24.36550828403724 ], [ 54.51189520264581, 24.365265237775318 ], [ 54.51211599790237, 24.365271924274193 ], [ 54.512107108714019, 24.365514984018404 ] ] ] } },
{ "type": "Feature", "properties": { "id": "B-05504", "area_m2": 255.0, "surface_label": "Road / dark pavement", "p_roof": 0.1, "dark_roof": true, "heat_zone": "elevated", "LST_C": 56.200001, "new_since_2017": true, "street": "Mohammed Bin Khalifa Al Kindi Street", "action": "" }, "geometry": { "type": "Polygon", "coordinates": [ [ [ 54.520528009609976, 24.344199825337938 ], [ 54.520416132789407, 24.344094099949487 ], [ 54.52052734236603, 24.343996416262769 ], [ 54.520639215297628, 24.344102138057647 ], [ 54.520528009609976, 24.344199825337938 ] ] ] } },
{ "type": "Feature", "properties": { "id": "B-05506", "area_m2": 250.0, "surface_label": "Building / roof", "p_roof": 0.98, "dark_roof": false, "heat_zone": "elevated", "LST_C": 56.400002, "new_since_2017": false, "street": "Al Marmoumiyah 5 Street", "action": "" }, "geometry": { "type": "Polygon", "coordinates": [ [ [ 54.513858004904584, 24.369616143445025 ], [ 54.513860099808589, 24.369522448817758 ], [ 54.514097177927205, 24.369526847122106 ], [ 54.514095090555855, 24.369620526770916 ], [ 54.513858004904584, 24.369616143445025 ] ] ] } },
{ "type": "Feature", "properties": { "id": "B-05511", "area_m2": 453.0, "surface_label": "Building / roof", "p_roof": 0.39, "dark_roof": true, "heat_zone": "lower", "LST_C": 56.0, "new_since_2017": false, "street": "Al Hiraf 6 Street", "action": "" }, "geometry": { "type": "Polygon", "coordinates": [ [ [ 54.507764499098442, 24.366429666177961 ], [ 54.50775642108686, 24.366575893879013 ], [ 54.507531683839886, 24.366565606364599 ], [ 54.507533030175168, 24.36654123509085 ], [ 54.507473172115859, 24.366538495043041 ], [ 54.507479894453198, 24.366416638173732 ], [ 54.507764499098442, 24.366429666177961 ] ] ] } },
{ "type": "Feature", "properties": { "id": "B-05533", "area_m2": 338.0, "surface_label": "Building / roof", "p_roof": 0.94, "dark_roof": false, "heat_zone": "lower", "LST_C": 55.8, "new_since_2017": false, "street": "At Tajalli 4 Street", "action": "" }, "geometry": { "type": "Polygon", "coordinates": [ [ [ 54.513542046938866, 24.361351513329396 ], [ 54.513536078436694, 24.361491486205789 ], [ 54.513321824989589, 24.361483904809361 ], [ 54.513327794073341, 24.361343918284987 ], [ 54.513542046938866, 24.361351513329396 ] ] ] } },
{ "type": "Feature", "properties": { "id": "B-05558", "area_m2": 263.0, "surface_label": "Building / roof", "p_roof": 0.95, "dark_roof": false, "heat_zone": "lower", "LST_C": 55.700001, "new_since_2017": false, "street": "Ad Darsa'i 7 Street", "action": "" }, "geometry": { "type": "Polygon", "coordinates": [ [ [ 54.514093155101889, 24.351583733395852 ], [ 54.514095329838959, 24.351490919638987 ], [ 54.514347342650026, 24.351495820644111 ], [ 54.51434516791295, 24.351588634397402 ], [ 54.514093155101889, 24.351583733395852 ] ] ] } },
{ "type": "Feature", "properties": { "id": "B-05562", "area_m2": 680.0, "surface_label": "Building / roof", "p_roof": 0.92, "dark_roof": false, "heat_zone": "lower", "LST_C": 54.700001, "new_since_2017": false, "street": "Street 24", "action": "" }, "geometry": { "type": "Polygon", "coordinates": [ [ [ 54.513707262527276, 24.35014893264054 ], [ 54.513722016526941, 24.349685036862937 ], [ 54.513852179469012, 24.349688481189723 ], [ 54.513837389861663, 24.350152376012488 ], [ 54.513707262527276, 24.35014893264054 ] ] ] } },
{ "type": "Feature", "properties": { "id": "B-05620", "area_m2": 2938.0, "surface_label": "Building / roof", "p_roof": 0.94, "dark_roof": false, "heat_zone": "lower", "LST_C": 54.900002, "new_since_2017": true, "street": "Al 'Afou 1 Street", "action": "" }, "geometry": { "type": "Polygon", "coordinates": [ [ [ 54.510151099477284, 24.345121731926323 ], [ 54.510179035714167, 24.344445782464135 ], [ 54.510482854055049, 24.344456205233282 ], [ 54.510478206213506, 24.344568456713745 ], [ 54.510530625213597, 24.344570254994334 ], [ 54.510500873625567, 24.345290128137862 ], [ 54.510334812112269, 24.345284431281694 ], [ 54.510341266694105, 24.345128255753853 ], [ 54.510151099477284, 24.345121731926323 ] ] ] } },
{ "type": "Feature", "properties": { "id": "B-05637", "area_m2": 242.0, "surface_label": "Building / roof", "p_roof": 0.58, "dark_roof": true, "heat_zone": "lower", "LST_C": 55.900002, "new_since_2017": false, "street": "Al Mazj 5 Street", "action": "" }, "geometry": { "type": "Polygon", "coordinates": [ [ [ 54.514288637259028, 24.365984294815238 ], [ 54.514284788142163, 24.366074560734958 ], [ 54.51404643118228, 24.366066126736921 ], [ 54.514050280299145, 24.365975860811194 ], [ 54.514288637259028, 24.365984294815238 ] ] ] } },
{ "type": "Feature", "properties": { "id": "B-05666", "area_m2": 631.0, "surface_label": "Bare soil / sand", "p_roof": 0.44, "dark_roof": false, "heat_zone": "lower", "LST_C": 55.400002, "new_since_2017": false, "street": "Abu Al Hinna-a 7 Street", "action": "" }, "geometry": { "type": "Polygon", "coordinates": [ [ [ 54.507286627653585, 24.370173809711428 ], [ 54.50698631145228, 24.370169042365106 ], [ 54.506987853516911, 24.370088440542666 ], [ 54.507038800015373, 24.37008924928945 ], [ 54.507039407495398, 24.370057497042477 ], [ 54.506991142391605, 24.370056730861123 ], [ 54.506992684456279, 24.369976128967117 ], [ 54.507290319262921, 24.369980853755067 ], [ 54.507286627653585, 24.370173809711428 ] ] ] } },
{ "type": "Feature", "properties": { "id": "B-05674", "area_m2": 125.0, "surface_label": "Building / roof", "p_roof": 0.76, "dark_roof": false, "heat_zone": "lower", "LST_C": 53.8, "new_since_2017": false, "street": "Al Jammalah 8 Street", "action": "" }, "geometry": { "type": "Polygon", "coordinates": [ [ [ 54.520336659657133, 24.363801923773561 ], [ 54.520349712995582, 24.363713112085374 ], [ 54.520402412476997, 24.363719539585119 ], [ 54.520398531754772, 24.363745943065155 ], [ 54.520432786417679, 24.363750120938935 ], [ 54.520437189113288, 24.363720166081094 ], [ 54.520481983260119, 24.363725632261183 ], [ 54.520468408360713, 24.363817992510999 ], [ 54.520336659657133, 24.363801923773561 ] ] ] } },
{ "type": "Feature", "properties": { "id": "B-05718", "area_m2": 355.0, "surface_label": "Building / roof", "p_roof": 0.71, "dark_roof": false, "heat_zone": "lower", "LST_C": 52.400002, "new_since_2017": false, "street": "Al 'Afou 1 Street", "action": "" }, "geometry": { "type": "Polygon", "coordinates": [ [ [ 54.508815714214435, 24.343013149712867 ], [ 54.508818323233754, 24.342924006733487 ], [ 54.509172123910034, 24.342932579763289 ], [ 54.509169514230877, 24.343021745281188 ], [ 54.508815714214435, 24.343013149712867 ] ] ] } },
{ "type": "Feature", "properties": { "id": "B-05742", "area_m2": 47.0, "surface_label": "Building / roof", "p_roof": 0.66, "dark_roof": false, "heat_zone": "lower", "LST_C": 55.599998, "new_since_2017": false, "street": "Ad Diman 6 Street", "action": "" }, "geometry": { "type": "Polygon", "coordinates": [ [ [ 54.518289219707988, 24.349823654563181 ], [ 54.518381780977478, 24.349820260924677 ], [ 54.518383778238999, 24.349865475487331 ], [ 54.518291220698082, 24.34986887488968 ], [ 54.518289219707988, 24.349823654563181 ] ] ] } },
{ "type": "Feature", "properties": { "id": "B-05765", "area_m2": 37.0, "surface_label": "Building / roof", "p_roof": 0.59, "dark_roof": true, "heat_zone": "lower", "LST_C": 55.5, "new_since_2017": false, "street": "Ad Darsa'i 5 Street", "action": "" }, "geometry": { "type": "Polygon", "coordinates": [ [ [ 54.514317409638792, 24.351835948163426 ], [ 54.514316412500136, 24.351873461336073 ], [ 54.514229274166311, 24.351871538922818 ], [ 54.514230268277544, 24.351834031239143 ], [ 54.514317409638792, 24.351835948163426 ] ] ] } },
{ "type": "Feature", "properties": { "id": "B-05802", "area_m2": 875.0, "surface_label": "Building / roof", "p_roof": 0.82, "dark_roof": false, "heat_zone": "lower", "LST_C": 54.8, "new_since_2017": false, "street": "Street 24", "action": "" }, "geometry": { "type": "Polygon", "coordinates": [ [ [ 54.514177184032384, 24.348934581490454 ], [ 54.514544500008739, 24.34894127998669 ], [ 54.514539866839414, 24.34915289539596 ], [ 54.514172550350466, 24.349146220322904 ], [ 54.514177184032384, 24.348934581490454 ] ] ] } },
{ "type": "Feature", "properties": { "id": "B-05803", "area_m2": 212.0, "surface_label": "Bare soil / sand", "p_roof": 0.45, "dark_roof": true, "heat_zone": "lower", "LST_C": 55.200001, "new_since_2017": false, "street": "Al Marmoumiyah 3 Street", "action": "" }, "geometry": { "type": "Polygon", "coordinates": [ [ [ 54.51233812395472, 24.371418152635073 ], [ 54.512343601568723, 24.371301091824062 ], [ 54.512504242267951, 24.371307328706859 ], [ 54.512498764653941, 24.371424389512125 ], [ 54.51233812395472, 24.371418152635073 ] ] ] } },
{ "type": "Feature", "properties": { "id": "B-05807", "area_m2": 346.0, "surface_label": "Building / roof", "p_roof": 0.7, "dark_roof": true, "heat_zone": "lower", "LST_C": 56.0, "new_since_2017": false, "street": "Ar Raha 8 Street", "action": "" }, "geometry": { "type": "Polygon", "coordinates": [ [ [ 54.51569852269995, 24.362593538997981 ], [ 54.515709953066043, 24.362349646626676 ], [ 54.51583043287237, 24.362354332273327 ], [ 54.515827163806073, 24.362424085143385 ], [ 54.515851259839245, 24.362425020738677 ], [ 54.515847716415166, 24.362500627604547 ], [ 54.515837007067127, 24.362500211784663 ], [ 54.515835521115079, 24.362531917876353 ], [ 54.51580874774492, 24.362530878326893 ], [ 54.515805615861126, 24.3625977040092 ], [ 54.51569852269995, 24.362593538997981 ] ] ] } },
{ "type": "Feature", "properties": { "id": "B-05809", "area_m2": 352.0, "surface_label": "Building / roof", "p_roof": 0.71, "dark_roof": true, "heat_zone": "elevated", "LST_C": 56.0, "new_since_2017": false, "street": "Mohammed Bin Khalifa Al Kindi Street", "action": "" }, "geometry": { "type": "Polygon", "coordinates": [ [ [ 54.520298153533481, 24.347362492816316 ], [ 54.520303237632945, 24.347228251221381 ], [ 54.520536312328048, 24.347235578106147 ], [ 54.520531228228592, 24.347369819693327 ], [ 54.520298153533481, 24.347362492816316 ] ] ] } },
{ "type": "Feature", "properties": { "id": "B-05817", "area_m2": 263.0, "surface_label": "Building / roof", "p_roof": 0.51, "dark_roof": true, "heat_zone": "elevated", "LST_C": 56.200001, "new_since_2017": false, "street": "Al Mazj 1 Street", "action": "" }, "geometry": { "type": "Polygon", "coordinates": [ [ [ 54.51306631903919, 24.367913147329748 ], [ 54.513069295343158, 24.367799881058556 ], [ 54.513275706830058, 24.367804394779583 ], [ 54.513272730871698, 24.367917647894682 ], [ 54.51306631903919, 24.367913147329748 ] ] ] } },
{ "type": "Feature", "properties": { "id": "B-05834", "area_m2": 611.0, "surface_label": "Bare soil / sand", "p_roof": 0.19, "dark_roof": false, "heat_zone": "high", "LST_C": 57.200001, "new_since_2017": false, "street": "Al Hayal Street", "action": "Monitor / shade around" }, "geometry": { "type": "Polygon", "coordinates": [ [ [ 54.510467568493233, 24.351414890695423 ], [ 54.510476653732155, 24.351117003244582 ], [ 54.510658903241797, 24.351121616641901 ], [ 54.510649818002882, 24.351419504081885 ], [ 54.510467568493233, 24.351414890695423 ] ] ] } },
{ "type": "Feature", "properties": { "id": "B-05841", "area_m2": 2640.0, "surface_label": "Building / roof", "p_roof": 0.67, "dark_roof": false, "heat_zone": "lower", "LST_C": 51.700001, "new_since_2017": false, "street": "Al Jammalah 3 Street", "action": "" }, "geometry": { "type": "Polygon", "coordinates": [ [ [ 54.518565945354148, 24.362479799127815 ], [ 54.518578686247366, 24.362225064956078 ], [ 54.518763375262289, 24.362232730587145 ], [ 54.518760878013801, 24.36228265919053 ], [ 54.518948243084857, 24.362290447835207 ], [ 54.51894647248583, 24.362325848197344 ], [ 54.519412210001704, 24.36234517890291 ], [ 54.519413673468172, 24.362315919182375 ], [ 54.519552859392434, 24.362321696175613 ], [ 54.519555359792683, 24.362271704573637 ], [ 54.519725313710346, 24.362278769448551 ], [ 54.519712855216717, 24.36252747534628 ], [ 54.518565945354148, 24.362479799127815 ] ] ] } },
{ "type": "Feature", "properties": { "id": "B-05851", "area_m2": 27.0, "surface_label": "Building / roof", "p_roof": 0.45, "dark_roof": false, "heat_zone": "elevated", "LST_C": 56.900002, "new_since_2017": false, "street": "Ad Darsa'i 4 Street", "action": "" }, "geometry": { "type": "Polygon", "coordinates": [ [ [ 54.512788455819916, 24.35146889872691 ], [ 54.512833936916408, 24.351470995406203 ], [ 54.512831011574796, 24.351523663046834 ], [ 54.512785530638951, 24.35152156347586 ], [ 54.512788455819916, 24.35146889872691 ] ] ] } },
{ "type": "Feature", "properties": { "id": "B-05858", "area_m2": 68.0, "surface_label": "Building / roof", "p_roof": 0.54, "dark_roof": true, "heat_zone": "elevated", "LST_C": 56.700001, "new_since_2017": false, "street": "Ar Raha 8 Street", "action": "" }, "geometry": { "type": "Polygon", "coordinates": [ [ [ 54.516760548248648, 24.366633677076816 ], [ 54.516718656521086, 24.366632654165961 ], [ 54.516722925917563, 24.366487569475218 ], [ 54.516764806584177, 24.366488589447069 ], [ 54.516760548248648, 24.366633677076816 ] ] ] } },
{ "type": "Feature", "properties": { "id": "B-05859", "area_m2": 55.0, "surface_label": "Road / dark pavement", "p_roof": 0.24, "dark_roof": true, "heat_zone": "elevated", "LST_C": 56.099998, "new_since_2017": false, "street": "Al Mazj 3 Street", "action": "" }, "geometry": { "type": "Polygon", "coordinates": [ [ [ 54.512867197133026, 24.366281549841833 ], [ 54.512805560476167, 24.366279883681134 ], [ 54.512808147527821, 24.366200282463961 ], [ 54.512869784312301, 24.366201944699512 ], [ 54.512867197133026, 24.366281549841833 ] ] ] } },
{ "type": "Feature", "properties": { "id": "B-05862", "area_m2": 320.0, "surface_label": "Road / dark pavement", "p_roof": 0.31, "dark_roof": true, "heat_zone": "lower", "LST_C": 55.900002, "new_since_2017": false, "street": "At Tajalli 4 Street", "action": "" }, "geometry": { "type": "Polygon", "coordinates": [ [ [ 54.514207550158879, 24.361821082363146 ], [ 54.514419240250973, 24.361827074900553 ], [ 54.514414660438881, 24.361961331171784 ], [ 54.514202970346787, 24.361955338640783 ], [ 54.514207550158879, 24.361821082363146 ] ] ] } },
{ "type": "Feature", "properties": { "id": "B-05875", "area_m2": 285.0, "surface_label": "Building / roof", "p_roof": 0.95, "dark_roof": true, "heat_zone": "elevated", "LST_C": 56.599998, "new_since_2017": false, "street": "Al Hiraf Street", "action": "" }, "geometry": { "type": "Polygon", "coordinates": [ [ [ 54.514228638243956, 24.368218603881719 ], [ 54.514232803865646, 24.368118574198434 ], [ 54.514486214532653, 24.368127330683379 ], [ 54.514482041236384, 24.368227360094565 ], [ 54.514228638243956, 24.368218603881719 ] ] ] } },
{ "type": "Feature", "properties": { "id": "B-05876", "area_m2": 694.0, "surface_label": "Building / roof", "p_roof": 0.81, "dark_roof": false, "heat_zone": "lower", "LST_C": 55.5, "new_since_2017": false, "street": "Ad Diman 6 Street", "action": "" }, "geometry": { "type": "Polygon", "coordinates": [ [ [ 54.518823426035638, 24.349289630251633 ], [ 54.518702842026144, 24.349286231790927 ], [ 54.518720210534937, 24.348774721594584 ], [ 54.518840794283598, 24.348778127750521 ], [ 54.518823426035638, 24.349289630251633 ] ] ] } },
{ "type": "Feature", "properties": { "id": "B-05884", "area_m2": 1912.0, "surface_label": "Building / roof", "p_roof": 0.85, "dark_roof": false, "heat_zone": "lower", "LST_C": 51.900002, "new_since_2017": false, "street": "Al Jammalah 3 Street", "action": "" }, "geometry": { "type": "Polygon", "coordinates": [ [ [ 54.518838470937084, 24.361434364787776 ], [ 54.518802986091622, 24.362197774541073 ], [ 54.518580761181269, 24.362189202700264 ], [ 54.518616246026696, 24.361425792895265 ], [ 54.518838470937084, 24.361434364787776 ] ] ] } },
{ "type": "Feature", "properties": { "id": "B-05903", "area_m2": 264.0, "surface_label": "Building / roof", "p_roof": 0.59, "dark_roof": true, "heat_zone": "lower", "LST_C": 55.3, "new_since_2017": false, "street": "Al Marmoumiyah 4 Street", "action": "" }, "geometry": { "type": "Polygon", "coordinates": [ [ [ 54.511811832469888, 24.370719464809266 ], [ 54.511920222855437, 24.370722906063918 ], [ 54.511912605014274, 24.370921992564178 ], [ 54.511777410200409, 24.370917691691346 ], [ 54.511780084273497, 24.370847946902188 ], [ 54.511806873753613, 24.3708487974327 ], [ 54.511811832469888, 24.370719464809266 ] ] ] } },
{ "type": "Feature", "properties": { "id": "B-05956", "area_m2": 534.0, "surface_label": "Building / roof", "p_roof": 0.7, "dark_roof": false, "heat_zone": "lower", "LST_C": 51.8, "new_since_2017": false, "street": "Al Kawakib Street", "action": "" }, "geometry": { "type": "Polygon", "coordinates": [ [ [ 54.518079713885413, 24.361340895294386 ], [ 54.517933683212583, 24.361337580756441 ], [ 54.517942566082191, 24.361012810948836 ], [ 54.518088571818573, 24.361016124929318 ], [ 54.518079713885413, 24.361340895294386 ] ] ] } },
{ "type": "Feature", "properties": { "id": "B-05963", "area_m2": 697.0, "surface_label": "Building / roof", "p_roof": 0.65, "dark_roof": false, "heat_zone": "lower", "LST_C": 54.900002, "new_since_2017": false, "street": "Ad Diman 6 Street", "action": "" }, "geometry": { "type": "Polygon", "coordinates": [ [ [ 54.518629094573555, 24.351011242050841 ], [ 54.518648003409538, 24.350486434483695 ], [ 54.518765893583762, 24.350489959950242 ], [ 54.518746984747779, 24.351014767502789 ], [ 54.518629094573555, 24.351011242050841 ] ] ] } },
{ "type": "Feature", "properties": { "id": "B-05970", "area_m2": 126.0, "surface_label": "Building / roof", "p_roof": 0.44, "dark_roof": true, "heat_zone": "lower", "LST_C": 55.8, "new_since_2017": false, "street": "Mohammed Bin Khalifa Al Kindi Street", "action": "" }, "geometry": { "type": "Polygon", "coordinates": [ [ [ 54.508762397516094, 24.34542384403311 ], [ 54.508759638862074, 24.345516636457148 ], [ 54.508639027940582, 24.345513660129043 ], [ 54.508641786594644, 24.34542086770281 ], [ 54.508762397516094, 24.34542384403311 ] ] ] } },
{ "type": "Feature", "properties": { "id": "B-05979", "area_m2": 271.0, "surface_label": "Building / roof", "p_roof": 0.88, "dark_roof": true, "heat_zone": "elevated", "LST_C": 56.200001, "new_since_2017": false, "street": "Al Mazj 3 Street", "action": "" }, "geometry": { "type": "Polygon", "coordinates": [ [ [ 54.513942630175805, 24.366816521449394 ], [ 54.513938768693833, 24.366923910739299 ], [ 54.513714675290409, 24.366917224457438 ], [ 54.513718545014541, 24.366809835407761 ], [ 54.513942630175805, 24.366816521449394 ] ] ] } },
{ "type": "Feature", "properties": { "id": "B-05984", "area_m2": 705.0, "surface_label": "Building / roof", "p_roof": 0.84, "dark_roof": false, "heat_zone": "elevated", "LST_C": 56.5, "new_since_2017": false, "street": "Al Hiraf Street", "action": "" }, "geometry": { "type": "Polygon", "coordinates": [ [ [ 54.514140288511946, 24.369454805511751 ], [ 54.514183106015409, 24.369456669928919 ], [ 54.514186861514119, 24.369385106528767 ], [ 54.514390245334511, 24.36939394957821 ], [ 54.514387431006213, 24.369447578381109 ], [ 54.514430248652644, 24.369449440074842 ], [ 54.514420735780192, 24.369630713697848 ], [ 54.514131717631777, 24.369618128898651 ], [ 54.514140288511946, 24.369454805511751 ] ] ] } },
{ "type": "Feature", "properties": { "id": "B-05994", "area_m2": 1874.0, "surface_label": "Building / roof", "p_roof": 0.78, "dark_roof": false, "heat_zone": "lower", "LST_C": 50.8, "new_since_2017": false, "street": "Al Jammalah 3 Street", "action": "" }, "geometry": { "type": "Polygon", "coordinates": [ [ [ 54.52121299136337, 24.361837858129348 ], [ 54.521320174113647, 24.361840926433707 ], [ 54.52132067822064, 24.361826280575844 ], [ 54.521435899677179, 24.361829579003317 ], [ 54.521409900008763, 24.362584947056646 ], [ 54.521187495314379, 24.362578594528259 ], [ 54.52121299136337, 24.361837858129348 ] ] ] } },
{ "type": "Feature", "properties": { "id": "B-06036", "area_m2": 70.0, "surface_label": "Building / roof", "p_roof": 0.48, "dark_roof": true, "heat_zone": "elevated", "LST_C": 56.200001, "new_since_2017": false, "street": "Al Hiraf 1 Street", "action": "" }, "geometry": { "type": "Polygon", "coordinates": [ [ [ 54.509374763215568, 24.366888303976157 ], [ 54.509368030510529, 24.366981923478587 ], [ 54.509302224750854, 24.366977996583426 ], [ 54.509308964918873, 24.36688437332851 ], [ 54.509374763215568, 24.366888303976157 ] ] ] } },
{ "type": "Feature", "properties": { "id": "B-06049", "area_m2": 648.0, "surface_label": "Building / roof", "p_roof": 0.71, "dark_roof": true, "heat_zone": "elevated", "LST_C": 56.099998, "new_since_2017": false, "street": "Al Mazj 5 Street", "action": "" }, "geometry": { "type": "Polygon", "coordinates": [ [ [ 54.514089291894777, 24.365086307484727 ], [ 54.514367986269924, 24.365093983361419 ], [ 54.514364627248014, 24.365194951342318 ], [ 54.514313712037413, 24.365193545776705 ], [ 54.514308108535943, 24.365361979818953 ], [ 54.514099088197504, 24.365356209609757 ], [ 54.514103229915996, 24.365231714898808 ], [ 54.514210419833134, 24.365234673983405 ], [ 54.514212154321449, 24.365182537467895 ], [ 54.514086205901918, 24.36517906856459 ], [ 54.514089291894777, 24.365086307484727 ] ] ] } },
{ "type": "Feature", "properties": { "id": "B-06051", "area_m2": 3052.0, "surface_label": "Building / roof", "p_roof": 0.84, "dark_roof": false, "heat_zone": "lower", "LST_C": 52.3, "new_since_2017": false, "street": "Al Jammalah 3 Street", "action": "" }, "geometry": { "type": "Polygon", "coordinates": [ [ [ 54.518548761958158, 24.362844199560293 ], [ 54.518560273643601, 24.362588075652241 ], [ 54.518857500583145, 24.362599161493218 ], [ 54.518857224217932, 24.362605310358362 ], [ 54.518972366514873, 24.362609597544097 ], [ 54.518970559483783, 24.362649802271687 ], [ 54.519415061032952, 24.362666381088498 ], [ 54.51941692482967, 24.362624913385055 ], [ 54.519465123792813, 24.362626711088538 ], [ 54.51946501415771, 24.362629150365546 ], [ 54.51970868669374, 24.362638238754837 ], [ 54.519697503913555, 24.362887044745502 ], [ 54.518548761958158, 24.362844199560293 ] ] ] } },
{ "type": "Feature", "properties": { "id": "B-06066", "area_m2": 772.0, "surface_label": "Building / roof", "p_roof": 0.97, "dark_roof": false, "heat_zone": "lower", "LST_C": 55.8, "new_since_2017": false, "street": "Al Marmoumiyah 5 Street", "action": "" }, "geometry": { "type": "Polygon", "coordinates": [ [ [ 54.513749176130347, 24.370357418692347 ], [ 54.513746049106267, 24.370491735142938 ], [ 54.513780902149357, 24.370492408399851 ], [ 54.513777945690201, 24.370619398366742 ], [ 54.513477673319073, 24.370613598005161 ], [ 54.513480686633187, 24.370484165916334 ], [ 54.513519686549806, 24.370484919278535 ], [ 54.513522766846904, 24.370353045135044 ], [ 54.513749176130347, 24.370357418692347 ] ] ] } },
{ "type": "Feature", "properties": { "id": "B-06080", "area_m2": 3215.0, "surface_label": "Building / roof", "p_roof": 0.99, "dark_roof": false, "heat_zone": "lower", "LST_C": 55.700001, "new_since_2017": false, "street": "Ad Diman 8 Street", "action": "" }, "geometry": { "type": "Polygon", "coordinates": [ [ [ 54.518260690958506, 24.348123663638873 ], [ 54.517724803399936, 24.348107945330938 ], [ 54.517741502253358, 24.347634366833287 ], [ 54.517700313856473, 24.347633158717223 ], [ 54.517704061948457, 24.347527093883123 ], [ 54.517816598335791, 24.347530387567318 ], [ 54.517814355469334, 24.34759385700541 ], [ 54.518278893064775, 24.347607452956893 ], [ 54.518260690958506, 24.348123663638873 ] ] ] } },
{ "type": "Feature", "properties": { "id": "B-06090", "area_m2": 2816.0, "surface_label": "Building / roof", "p_roof": 0.68, "dark_roof": true, "heat_zone": "lower", "LST_C": 55.900002, "new_since_2017": false, "street": "Al Hayal Street", "action": "" }, "geometry": { "type": "Polygon", "coordinates": [ [ [ 54.511568396032047, 24.347918159868744 ], [ 54.511566192523347, 24.347974292011262 ], [ 54.511635840871676, 24.347976561387409 ], [ 54.511639864670165, 24.347874059197178 ], [ 54.511763088671053, 24.34787807425047 ], [ 54.511753508198474, 24.348122126940208 ], [ 54.511729399154831, 24.348121341387806 ], [ 54.511728824326447, 24.348135984534338 ], [ 54.510582305361638, 24.348098627153135 ], [ 54.510590640372811, 24.347886301300278 ], [ 54.511568396032047, 24.347918159868744 ] ] ] } },
{ "type": "Feature", "properties": { "id": "B-06118", "area_m2": 823.0, "surface_label": "Building / roof", "p_roof": 0.95, "dark_roof": false, "heat_zone": "lower", "LST_C": 55.900002, "new_since_2017": false, "street": "Ad Diman 6 Street", "action": "" }, "geometry": { "type": "Polygon", "coordinates": [ [ [ 54.5189080957012, 24.34692759908706 ], [ 54.518902904287302, 24.34718165237922 ], [ 54.518615057200215, 24.347176770118423 ], [ 54.518620229104279, 24.346922716485548 ], [ 54.5189080957012, 24.34692759908706 ] ] ] } },
{ "type": "Feature", "properties": { "id": "B-06130", "area_m2": 1728.0, "surface_label": "Building / roof", "p_roof": 0.64, "dark_roof": true, "heat_zone": "lower", "LST_C": 55.5, "new_since_2017": false, "street": "Al Marmoumiyah 4 Street", "action": "" }, "geometry": { "type": "Polygon", "coordinates": [ [ [ 54.512256439228814, 24.370859600170292 ], [ 54.512284882315299, 24.370297865297662 ], [ 54.512557885993843, 24.370309352402231 ], [ 54.512529443786775, 24.370871069856186 ], [ 54.512256439228814, 24.370859600170292 ] ] ] } },
{ "type": "Feature", "properties": { "id": "B-06134", "area_m2": 139.0, "surface_label": "Building / roof", "p_roof": 0.22, "dark_roof": true, "heat_zone": "lower", "LST_C": 55.900002, "new_since_2017": false, "street": "Al Mazj 3 Street", "action": "" }, "geometry": { "type": "Polygon", "coordinates": [ [ [ 54.514157550278163, 24.366369055467715 ], [ 54.514042282106956, 24.366366527453597 ], [ 54.514045121860356, 24.366259084755111 ], [ 54.514160390031513, 24.366261612771375 ], [ 54.514157550278163, 24.366369055467715 ] ] ] } },
{ "type": "Feature", "properties": { "id": "B-06172", "area_m2": 1589.0, "surface_label": "Building / roof", "p_roof": 0.97, "dark_roof": false, "heat_zone": "lower", "LST_C": 55.900002, "new_since_2017": false, "street": "Ar Raha 8 Street", "action": "" }, "geometry": { "type": "Polygon", "coordinates": [ [ [ 54.515335372700434, 24.362420716267021 ], [ 54.515312286998487, 24.362973062404844 ], [ 54.515178370675855, 24.36296841772559 ], [ 54.515181468994612, 24.362894287806451 ], [ 54.515043594647636, 24.362889514636667 ], [ 54.515052004332901, 24.362687934964232 ], [ 54.515033255997821, 24.362687284705931 ], [ 54.515040521529116, 24.362513130079261 ], [ 54.515079326409627, 24.362514473496951 ], [ 54.515083609343961, 24.362412000260111 ], [ 54.515335372700434, 24.362420716267021 ] ] ] } },
{ "type": "Feature", "properties": { "id": "B-06183", "area_m2": 3199.0, "surface_label": "Building / roof", "p_roof": 0.71, "dark_roof": false, "heat_zone": "lower", "LST_C": 55.8, "new_since_2017": false, "street": "Ad Diman 6 Street", "action": "" }, "geometry": { "type": "Polygon", "coordinates": [ [ [ 54.520307494947239, 24.349582219348662 ], [ 54.519715311553121, 24.349565265361448 ], [ 54.519725837201676, 24.349260114048295 ], [ 54.519771389770433, 24.349261418204357 ], [ 54.519777957775091, 24.349071003414263 ], [ 54.520337986414752, 24.349087036885606 ], [ 54.520333439334607, 24.34921886252334 ], [ 54.520282527640099, 24.349217404936649 ], [ 54.520280254100022, 24.349283317704799 ], [ 54.520317767980188, 24.349284391715482 ], [ 54.520307494947239, 24.349582219348662 ] ] ] } },
{ "type": "Feature", "properties": { "id": "B-06202", "area_m2": 469.0, "surface_label": "Building / roof", "p_roof": 0.35, "dark_roof": true, "heat_zone": "lower", "LST_C": 52.400002, "new_since_2017": false, "street": "Al Kawakib Street", "action": "" }, "geometry": { "type": "Polygon", "coordinates": [ [ [ 54.519720677257922, 24.360870020235133 ], [ 54.519718933319695, 24.360904153891042 ], [ 54.51979387283744, 24.360907331225576 ], [ 54.519786149682325, 24.361058494444379 ], [ 54.519547949072368, 24.361048395071407 ], [ 54.519557416165718, 24.360863098182797 ], [ 54.519720677257922, 24.360870020235133 ] ] ] } },
{ "type": "Feature", "properties": { "id": "B-06208", "area_m2": 1456.0, "surface_label": "Building / roof", "p_roof": 0.96, "dark_roof": false, "heat_zone": "lower", "LST_C": 55.599998, "new_since_2017": false, "street": "Ad Darsa'i 5 Street", "action": "" }, "geometry": { "type": "Polygon", "coordinates": [ [ [ 54.514369206856784, 24.352600168232893 ], [ 54.514378072762796, 24.352348740803951 ], [ 54.514892525974545, 24.352363797105621 ], [ 54.514883660068534, 24.352615224504653 ], [ 54.514369206856784, 24.352600168232893 ] ] ] } },
{ "type": "Feature", "properties": { "id": "B-06211", "area_m2": 606.0, "surface_label": "Building / roof", "p_roof": 0.93, "dark_roof": true, "heat_zone": "elevated", "LST_C": 56.099998, "new_since_2017": false, "street": "Al Marmoumiyah 5 Street", "action": "" }, "geometry": { "type": "Polygon", "coordinates": [ [ [ 54.514413722708511, 24.370648936409719 ], [ 54.514422553947689, 24.370424449041131 ], [ 54.514535062255, 24.370428121460531 ], [ 54.514536214155733, 24.370398840470866 ], [ 54.514648722463043, 24.370402512890987 ], [ 54.514638739323132, 24.370656281235338 ], [ 54.514413722708511, 24.370648936409719 ] ] ] } },
{ "type": "Feature", "properties": { "id": "B-06217", "area_m2": 622.0, "surface_label": "Building / roof", "p_roof": 0.57, "dark_roof": true, "heat_zone": "lower", "LST_C": 54.3, "new_since_2017": true, "street": "Al 'Afou 1 Street", "action": "" }, "geometry": { "type": "Polygon", "coordinates": [ [ [ 54.511113184741937, 24.343671998167608 ], [ 54.511138023134443, 24.343006693198664 ], [ 54.511221075523089, 24.343009267030691 ], [ 54.511196236933145, 24.34367457727592 ], [ 54.511113184741937, 24.343671998167608 ] ] ] } },
{ "type": "Feature", "properties": { "id": "B-06221", "area_m2": 42.0, "surface_label": "Road / dark pavement", "p_roof": 0.02, "dark_roof": true, "heat_zone": "elevated", "LST_C": 56.5, "new_since_2017": false, "street": "Az Zakhrafah 2 Street", "action": "" }, "geometry": { "type": "Polygon", "coordinates": [ [ [ 54.515077198910575, 24.36393109679025 ], [ 54.515156846030031, 24.363938454767901 ], [ 54.515151730397193, 24.363984405641798 ], [ 54.515072083277737, 24.363977047666815 ], [ 54.515077198910575, 24.36393109679025 ] ] ] } },
{ "type": "Feature", "properties": { "id": "B-06284", "area_m2": 78.0, "surface_label": "Building / roof", "p_roof": 0.76, "dark_roof": false, "heat_zone": "lower", "LST_C": 52.700001, "new_since_2017": false, "street": "Al 'Afou 1 Street", "action": "" }, "geometry": { "type": "Polygon", "coordinates": [ [ [ 54.509283463399619, 24.343021362348075 ], [ 54.509201780001931, 24.343019471606453 ], [ 54.509204123938098, 24.342935182392512 ], [ 54.509285813951735, 24.342937068079433 ], [ 54.509283463399619, 24.343021362348075 ] ] ] } },
{ "type": "Feature", "properties": { "id": "B-06287", "area_m2": 304.0, "surface_label": "Building / roof", "p_roof": 0.57, "dark_roof": true, "heat_zone": "elevated", "LST_C": 56.099998, "new_since_2017": false, "street": "Al Marmoumiyah 5 Street", "action": "" }, "geometry": { "type": "Polygon", "coordinates": [ [ [ 54.514096641702622, 24.370630815485129 ], [ 54.514099928168434, 24.370522529536455 ], [ 54.514349183106766, 24.370528806335784 ], [ 54.514345896159057, 24.370637108157524 ], [ 54.514096641702622, 24.370630815485129 ] ] ] } },
{ "type": "Feature", "properties": { "id": "B-06288", "area_m2": 591.0, "surface_label": "Building / roof", "p_roof": 0.9, "dark_roof": false, "heat_zone": "lower", "LST_C": 55.3, "new_since_2017": false, "street": "Al Hiraf 6 Street", "action": "" }, "geometry": { "type": "Polygon", "coordinates": [ [ [ 54.50797638946193, 24.365240938708848 ], [ 54.50797418247226, 24.365358183192939 ], [ 54.507526385769147, 24.365351160056111 ], [ 54.507528592758824, 24.365233915565497 ], [ 54.50797638946193, 24.365240938708848 ] ] ] } },
{ "type": "Feature", "properties": { "id": "B-06295", "area_m2": 292.0, "surface_label": "Building / roof", "p_roof": 0.91, "dark_roof": false, "heat_zone": "lower", "LST_C": 55.900002, "new_since_2017": false, "street": "At Tajalli 4 Street", "action": "" }, "geometry": { "type": "Polygon", "coordinates": [ [ [ 54.514326279804749, 24.361689388010305 ], [ 54.514444199902876, 24.36169247048414 ], [ 54.514441200656229, 24.361787684030762 ], [ 54.514202680457757, 24.361781449031504 ], [ 54.514206525645726, 24.361659380363026 ], [ 54.514327125746071, 24.361662532893817 ], [ 54.514326279804749, 24.361689388010305 ] ] ] } },
{ "type": "Feature", "properties": { "id": "B-06308", "area_m2": 1026.0, "surface_label": "Building / roof", "p_roof": 0.81, "dark_roof": false, "heat_zone": "lower", "LST_C": 55.599998, "new_since_2017": false, "street": "Al Hiraf 4 Street", "action": "" }, "geometry": { "type": "Polygon", "coordinates": [ [ [ 54.508202145289843, 24.366180792714545 ], [ 54.507968833070343, 24.366178011135602 ], [ 54.507974448828321, 24.365787149871387 ], [ 54.508207761047785, 24.365789931458931 ], [ 54.508202145289843, 24.366180792714545 ] ] ] } },
{ "type": "Feature", "properties": { "id": "B-06345", "area_m2": 474.0, "surface_label": "Building / roof", "p_roof": 0.89, "dark_roof": false, "heat_zone": "lower", "LST_C": 55.900002, "new_since_2017": false, "street": "Al Mazj 2 Street", "action": "" }, "geometry": { "type": "Polygon", "coordinates": [ [ [ 54.515554597158498, 24.366472462336532 ], [ 54.515561427054394, 24.366234142694001 ], [ 54.515738331962993, 24.366238360859239 ], [ 54.515731502390082, 24.36647666922304 ], [ 54.515554597158498, 24.366472462336532 ] ] ] } },
{ "type": "Feature", "properties": { "id": "B-06409", "area_m2": 241.0, "surface_label": "Building / roof", "p_roof": 0.77, "dark_roof": true, "heat_zone": "lower", "LST_C": 55.400002, "new_since_2017": false, "street": "Al Marmoumiyah 1 Street", "action": "" }, "geometry": { "type": "Polygon", "coordinates": [ [ [ 54.514158382475358, 24.371808972730996 ], [ 54.514162495270782, 24.371667366811764 ], [ 54.514313968353534, 24.371671017045831 ], [ 54.514309844685329, 24.371812622698997 ], [ 54.514158382475358, 24.371808972730996 ] ] ] } },
{ "type": "Feature", "properties": { "id": "B-06428", "area_m2": 120.0, "surface_label": "Building / roof", "p_roof": 0.63, "dark_roof": true, "heat_zone": "lower", "LST_C": 55.200001, "new_since_2017": false, "street": "Al Hayal Street", "action": "" }, "geometry": { "type": "Polygon", "coordinates": [ [ [ 54.511626271806414, 24.3708878198631 ], [ 54.51163190726507, 24.370707167951181 ], [ 54.511690868373229, 24.370708690311361 ], [ 54.511685232914566, 24.37088934222108 ], [ 54.511626271806414, 24.3708878198631 ] ] ] } },
{ "type": "Feature", "properties": { "id": "B-06438", "area_m2": 531.0, "surface_label": "Building / roof", "p_roof": 0.56, "dark_roof": false, "heat_zone": "lower", "LST_C": 55.400002, "new_since_2017": false, "street": "Ar Raha 8 Street", "action": "" }, "geometry": { "type": "Polygon", "coordinates": [ [ [ 54.515473485454756, 24.349654493072418 ], [ 54.515489029718346, 24.349305630284078 ], [ 54.515624044414125, 24.349310623487181 ], [ 54.515608526907009, 24.349659487251266 ], [ 54.515473485454756, 24.349654493072418 ] ] ] } },
{ "type": "Feature", "properties": { "id": "B-06442", "area_m2": 356.0, "surface_label": "Building / roof", "p_roof": 0.82, "dark_roof": false, "heat_zone": "elevated", "LST_C": 56.099998, "new_since_2017": false, "street": "Ar Raha 8 Street", "action": "" }, "geometry": { "type": "Polygon", "coordinates": [ [ [ 54.515889061898847, 24.36571062238275 ], [ 54.515880572159013, 24.365956171421132 ], [ 54.515751953423916, 24.36595248959182 ], [ 54.515760443446958, 24.365706932354357 ], [ 54.515889061898847, 24.36571062238275 ] ] ] } },
{ "type": "Feature", "properties": { "id": "B-06447", "area_m2": 199.0, "surface_label": "Building / roof", "p_roof": 0.65, "dark_roof": true, "heat_zone": "elevated", "LST_C": 56.3, "new_since_2017": false, "street": "Al Mazj 2 Street", "action": "" }, "geometry": { "type": "Polygon", "coordinates": [ [ [ 54.515592808733125, 24.36702489530597 ], [ 54.515507176307139, 24.367021144674528 ], [ 54.515518078558756, 24.366814901107698 ], [ 54.515603710696858, 24.366818657192056 ], [ 54.515592808733125, 24.36702489530597 ] ] ] } },
{ "type": "Feature", "properties": { "id": "B-06469", "area_m2": 972.0, "surface_label": "Building / roof", "p_roof": 0.8, "dark_roof": false, "heat_zone": "lower", "LST_C": 55.5, "new_since_2017": false, "street": "Ad Diman 6 Street", "action": "" }, "geometry": { "type": "Polygon", "coordinates": [ [ [ 54.518336201198643, 24.35012499285892 ], [ 54.518342448238414, 24.34990521537274 ], [ 54.518735296404778, 24.349914483555445 ], [ 54.518729032492416, 24.350134260627478 ], [ 54.518336201198643, 24.35012499285892 ] ] ] } },
{ "type": "Feature", "properties": { "id": "B-06499", "area_m2": 3250.0, "surface_label": "Building / roof", "p_roof": 0.72, "dark_roof": false, "heat_zone": "lower", "LST_C": 51.3, "new_since_2017": false, "street": "Al Kawakib Street", "action": "" }, "geometry": { "type": "Polygon", "coordinates": [ [ [ 54.520679752131521, 24.36116176618593 ], [ 54.520692766536513, 24.360710049397326 ], [ 54.521262448964222, 24.360723706284414 ], [ 54.521261955215024, 24.360740798267045 ], [ 54.521334324741034, 24.360742533167425 ], [ 54.521321769404146, 24.361177157087265 ], [ 54.520679752131521, 24.36116176618593 ] ] ] } },
{ "type": "Feature", "properties": { "id": "B-06532", "area_m2": 518.0, "surface_label": "Building / roof", "p_roof": 0.98, "dark_roof": false, "heat_zone": "lower", "LST_C": 55.200001, "new_since_2017": false, "street": "Al Marmoumiyah 1 Street", "action": "" }, "geometry": { "type": "Polygon", "coordinates": [ [ [ 54.512508302679031, 24.371877641243941 ], [ 54.512517321088261, 24.371621369621131 ], [ 54.512624499321625, 24.371624499054331 ], [ 54.512620548399468, 24.371736770493087 ], [ 54.512749162279533, 24.371740525809447 ], [ 54.512744094792467, 24.371884525982892 ], [ 54.512508302679031, 24.371877641243941 ] ] ] } },
{ "type": "Feature", "properties": { "id": "B-06549", "area_m2": 647.0, "surface_label": "Building / roof", "p_roof": 0.61, "dark_roof": true, "heat_zone": "elevated", "LST_C": 56.700001, "new_since_2017": false, "street": "Al Mazj 1 Street", "action": "" }, "geometry": { "type": "Polygon", "coordinates": [ [ [ 54.514539566950582, 24.367947155050953 ], [ 54.514566352600554, 24.367948055002316 ], [ 54.514569415290659, 24.367872416715681 ], [ 54.514772986230405, 24.367879256349866 ], [ 54.514769725947396, 24.367959774520017 ], [ 54.514816281946132, 24.367961338720619 ], [ 54.514810303625616, 24.368109263953258 ], [ 54.514533378973084, 24.36809997743207 ], [ 54.514539566950582, 24.367947155050953 ] ] ] } },
{ "type": "Feature", "properties": { "id": "B-06561", "area_m2": 22.0, "surface_label": "Building / roof", "p_roof": 0.81, "dark_roof": false, "heat_zone": "elevated", "LST_C": 56.099998, "new_since_2017": false, "street": "Al Hiraf 1 Street", "action": "" }, "geometry": { "type": "Polygon", "coordinates": [ [ [ 54.508779148866282, 24.367823993987816 ], [ 54.508780810202353, 24.367860580372589 ], [ 54.508727257646726, 24.367862598154417 ], [ 54.508725596310612, 24.367826011770216 ], [ 54.508779148866282, 24.367823993987816 ] ] ] } },
{ "type": "Feature", "properties": { "id": "B-06575", "area_m2": 1459.0, "surface_label": "Building / roof", "p_roof": 0.83, "dark_roof": false, "heat_zone": "lower", "LST_C": 54.099998, "new_since_2017": false, "street": "Al Jammalah 8 Street", "action": "" }, "geometry": { "type": "Polygon", "coordinates": [ [ [ 54.520133580418026, 24.36371939580852 ], [ 54.52040079388118, 24.363984887058376 ], [ 54.520248596794644, 24.364112002189497 ], [ 54.520233899444676, 24.364097400708957 ], [ 54.520109223196947, 24.364201530329868 ], [ 54.519916829503487, 24.364010377013429 ], [ 54.519937230741469, 24.363993337876519 ], [ 54.519877107712269, 24.363933602397879 ], [ 54.520133580418026, 24.36371939580852 ] ] ] } },
{ "type": "Feature", "properties": { "id": "B-06589", "area_m2": 547.0, "surface_label": "Building / roof", "p_roof": 0.72, "dark_roof": false, "heat_zone": "lower", "LST_C": 54.5, "new_since_2017": false, "street": "Al Jammalah 8 Street", "action": "" }, "geometry": { "type": "Polygon", "coordinates": [ [ [ 54.520229033707103, 24.364295026008477 ], [ 54.520234438208064, 24.364142439341133 ], [ 54.520359187805475, 24.364146097952457 ], [ 54.520362465833685, 24.364053347256178 ], [ 54.520483040262967, 24.364056883422133 ], [ 54.52047436889282, 24.364302236743242 ], [ 54.520229033707103, 24.364295026008477 ] ] ] } },
{ "type": "Feature", "properties": { "id": "B-06636", "area_m2": 754.0, "surface_label": "Bare soil / sand", "p_roof": 0.43, "dark_roof": true, "heat_zone": "high", "LST_C": 57.400002, "new_since_2017": false, "street": "Al Jammalah 1 Street", "action": "Cool-roof candidate" }, "geometry": { "type": "Polygon", "coordinates": [ [ [ 54.51749380457079, 24.365120815271606 ], [ 54.517499937994167, 24.364951326416801 ], [ 54.517894915371095, 24.364963187097771 ], [ 54.517888768027532, 24.365132700699657 ], [ 54.51749380457079, 24.365120815271606 ] ] ] } },
{ "type": "Feature", "properties": { "id": "B-06657", "area_m2": 303.0, "surface_label": "Road / dark pavement", "p_roof": 0.3, "dark_roof": true, "heat_zone": "elevated", "LST_C": 56.8, "new_since_2017": false, "street": "Al Mazj 2 Street", "action": "" }, "geometry": { "type": "Polygon", "coordinates": [ [ [ 54.515612622385127, 24.368116107984292 ], [ 54.515474984366982, 24.368111474816878 ], [ 54.515482918017121, 24.367916280909988 ], [ 54.51562054105824, 24.367920913580381 ], [ 54.515612622385127, 24.368116107984292 ] ] ] } },
{ "type": "Feature", "properties": { "id": "B-06662", "area_m2": 25.0, "surface_label": "Building / roof", "p_roof": 0.73, "dark_roof": false, "heat_zone": "elevated", "LST_C": 56.099998, "new_since_2017": false, "street": "Al Hiraf 1 Street", "action": "" }, "geometry": { "type": "Polygon", "coordinates": [ [ [ 54.50865722653549, 24.367914700525972 ], [ 54.508634123829907, 24.36791409664265 ], [ 54.508637154065724, 24.367817668785968 ], [ 54.508660264220481, 24.367818271391119 ], [ 54.50865722653549, 24.367914700525972 ] ] ] } },
{ "type": "Feature", "properties": { "id": "B-06665", "area_m2": 287.0, "surface_label": "Bare soil / sand", "p_roof": 0.15, "dark_roof": true, "heat_zone": "elevated", "LST_C": 56.400002, "new_since_2017": true, "street": "Rouh Al 'Ata-a 4 Street", "action": "" }, "geometry": { "type": "Polygon", "coordinates": [ [ [ 54.518127518639254, 24.34473464060359 ], [ 54.518015139463849, 24.344729588632575 ], [ 54.518027417733691, 24.344502875211798 ], [ 54.518139796909097, 24.34450792719187 ], [ 54.518127518639254, 24.34473464060359 ] ] ] } },
{ "type": "Feature", "properties": { "id": "B-06683", "area_m2": 705.0, "surface_label": "Building / roof", "p_roof": 0.5, "dark_roof": false, "heat_zone": "high", "LST_C": 57.0, "new_since_2017": false, "street": "Ad Darsa'i 4 Street", "action": "Monitor / shade around" }, "geometry": { "type": "Polygon", "coordinates": [ [ [ 54.512770719924205, 24.351533637774402 ], [ 54.512540475139531, 24.35152462370808 ], [ 54.512553291596426, 24.351252913751964 ], [ 54.512783535689891, 24.351261942491448 ], [ 54.512770719924205, 24.351533637774402 ] ] ] } },
{ "type": "Feature", "properties": { "id": "B-06686", "area_m2": 717.0, "surface_label": "Building / roof", "p_roof": 0.52, "dark_roof": false, "heat_zone": "lower", "LST_C": 55.5, "new_since_2017": false, "street": "Abu Al Hinna-a 7 Street", "action": "" }, "geometry": { "type": "Polygon", "coordinates": [ [ [ 54.506959618520213, 24.36994877846961 ], [ 54.506966107040732, 24.369770618599688 ], [ 54.507323609841094, 24.369781399140322 ], [ 54.50731713499448, 24.369959559407381 ], [ 54.506959618520213, 24.36994877846961 ] ] ] } },
{ "type": "Feature", "properties": { "id": "B-06690", "area_m2": 234.0, "surface_label": "Building / roof", "p_roof": 0.98, "dark_roof": false, "heat_zone": "elevated", "LST_C": 56.5, "new_since_2017": false, "street": "Al Marmoumiyah 2 Street", "action": "" }, "geometry": { "type": "Polygon", "coordinates": [ [ [ 54.514777550673223, 24.369493977709887 ], [ 54.514780940498326, 24.369413469407018 ], [ 54.515039186726845, 24.369422491675095 ], [ 54.515035803078526, 24.369503000188033 ], [ 54.514777550673223, 24.369493977709887 ] ] ] } },
{ "type": "Feature", "properties": { "id": "B-06697", "area_m2": 43.0, "surface_label": "Road / dark pavement", "p_roof": 0.18, "dark_roof": true, "heat_zone": "lower", "LST_C": 55.900002, "new_since_2017": false, "street": "At Tajalli 4 Street", "action": "" }, "geometry": { "type": "Polygon", "coordinates": [ [ [ 54.513740827133773, 24.361918299936008 ], [ 54.513739619721562, 24.361853892551995 ], [ 54.513798611186516, 24.36185297860165 ], [ 54.513799818528256, 24.361917382226121 ], [ 54.513740827133773, 24.361918299936008 ] ] ] } },
{ "type": "Feature", "properties": { "id": "B-06703", "area_m2": 459.0, "surface_label": "Building / roof", "p_roof": 0.69, "dark_roof": false, "heat_zone": "lower", "LST_C": 55.700001, "new_since_2017": false, "street": "Mohammed Bin Khalifa Al Kindi Street", "action": "" }, "geometry": { "type": "Polygon", "coordinates": [ [ [ 54.509181166356619, 24.345395126935358 ], [ 54.50917630413899, 24.34553183044623 ], [ 54.508877814843231, 24.345523018072342 ], [ 54.508882666570329, 24.345386314242209 ], [ 54.509181166356619, 24.345395126935358 ] ] ] } },
{ "type": "Feature", "properties": { "id": "B-06706", "area_m2": 296.0, "surface_label": "Building / roof", "p_roof": 0.72, "dark_roof": true, "heat_zone": "elevated", "LST_C": 56.099998, "new_since_2017": false, "street": "Al Mazj 3 Street", "action": "" }, "geometry": { "type": "Polygon", "coordinates": [ [ [ 54.51298293010052, 24.36688438495726 ], [ 54.512773904920437, 24.366878681315175 ], [ 54.512778037976929, 24.366752702805254 ], [ 54.512987063593826, 24.366758393138653 ], [ 54.51298293010052, 24.36688438495726 ] ] ] } },
{ "type": "Feature", "properties": { "id": "B-06755", "area_m2": 938.0, "surface_label": "Building / roof", "p_roof": 0.95, "dark_roof": false, "heat_zone": "lower", "LST_C": 55.8, "new_since_2017": false, "street": "At Tajalli 4 Street", "action": "" }, "geometry": { "type": "Polygon", "coordinates": [ [ [ 54.513012910181018, 24.362897574820977 ], [ 54.513016190537961, 24.362803323052191 ], [ 54.512979963914944, 24.362802276767329 ], [ 54.512976728549603, 24.362895031075862 ], [ 54.512915099828362, 24.362893251137631 ], [ 54.51292483903552, 24.362614038742667 ], [ 54.513238340964499, 24.362623113198524 ], [ 54.513233658209273, 24.362757362725468 ], [ 54.513225619698296, 24.362757130047374 ], [ 54.513220511238039, 24.362903583914544 ], [ 54.513012910181018, 24.362897574820977 ] ] ] } },
{ "type": "Feature", "properties": { "id": "B-06789", "area_m2": 1261.0, "surface_label": "Building / roof", "p_roof": 0.88, "dark_roof": false, "heat_zone": "lower", "LST_C": 54.5, "new_since_2017": false, "street": "Al Hayal Street", "action": "" }, "geometry": { "type": "Polygon", "coordinates": [ [ [ 54.510656034113225, 24.371410274298636 ], [ 54.51044158533945, 24.371405502925921 ], [ 54.510455597378495, 24.370882969533735 ], [ 54.510670046152271, 24.370887740926179 ], [ 54.510656034113225, 24.371410274298636 ] ] ] } },
{ "type": "Feature", "properties": { "id": "B-06791", "area_m2": 1258.0, "surface_label": "Building / roof", "p_roof": 0.72, "dark_roof": false, "heat_zone": "lower", "LST_C": 55.5, "new_since_2017": false, "street": "Al Hiraf 6 Street", "action": "" }, "geometry": { "type": "Polygon", "coordinates": [ [ [ 54.506462471951657, 24.366109671041908 ], [ 54.506476885498294, 24.36573522504078 ], [ 54.506775305601522, 24.365744756943695 ], [ 54.506760862587861, 24.366119220999224 ], [ 54.506462471951657, 24.366109671041908 ] ] ] } },
{ "type": "Feature", "properties": { "id": "B-06852", "area_m2": 73.0, "surface_label": "Road / dark pavement", "p_roof": 0.43, "dark_roof": true, "heat_zone": "elevated", "LST_C": 56.400002, "new_since_2017": false, "street": "Az Zakhrafah 2 Street", "action": "" }, "geometry": { "type": "Polygon", "coordinates": [ [ [ 54.515090835478127, 24.36370583540311 ], [ 54.515088983323977, 24.363765358521007 ], [ 54.514980314391643, 24.363762545635694 ], [ 54.514982170899351, 24.363703029557165 ], [ 54.515090835478127, 24.36370583540311 ] ] ] } },
{ "type": "Feature", "properties": { "id": "B-06888", "area_m2": 3214.0, "surface_label": "Building / roof", "p_roof": 0.99, "dark_roof": false, "heat_zone": "lower", "LST_C": 55.8, "new_since_2017": false, "street": "Ad Diman 6 Street", "action": "" }, "geometry": { "type": "Polygon", "coordinates": [ [ [ 54.519111611088022, 24.34955830877362 ], [ 54.519129233694038, 24.349028529009146 ], [ 54.51967590227148, 24.349043622272042 ], [ 54.519658604506105, 24.349563636468972 ], [ 54.519235204333384, 24.349551946637064 ], [ 54.519234879492707, 24.349561712142343 ], [ 54.519111611088022, 24.34955830877362 ] ] ] } },
{ "type": "Feature", "properties": { "id": "B-06906", "area_m2": 51.0, "surface_label": "Bare soil / sand", "p_roof": 0.49, "dark_roof": false, "heat_zone": "lower", "LST_C": 55.3, "new_since_2017": false, "street": "Al Jammalah 3 Street", "action": "" }, "geometry": { "type": "Polygon", "coordinates": [ [ [ 54.521826202959751, 24.363728989623176 ], [ 54.521746172196501, 24.363723611654237 ], [ 54.521750698385716, 24.363667718861777 ], [ 54.521830729149016, 24.363673096833111 ], [ 54.521826202959751, 24.363728989623176 ] ] ] } },
{ "type": "Feature", "properties": { "id": "B-06924", "area_m2": 312.0, "surface_label": "Building / roof", "p_roof": 0.91, "dark_roof": false, "heat_zone": "elevated", "LST_C": 56.0, "new_since_2017": false, "street": "Al Mazj 5 Street", "action": "" }, "geometry": { "type": "Polygon", "coordinates": [ [ [ 54.51493739497198, 24.365122620403856 ], [ 54.514932937342394, 24.36523334173819 ], [ 54.514682726686566, 24.365224982770425 ], [ 54.514687175180455, 24.365114277076383 ], [ 54.51493739497198, 24.365122620403856 ] ] ] } },
{ "type": "Feature", "properties": { "id": "B-06947", "area_m2": 612.0, "surface_label": "Building / roof", "p_roof": 0.86, "dark_roof": true, "heat_zone": "lower", "LST_C": 55.900002, "new_since_2017": false, "street": "Al Mazj 2 Street", "action": "" }, "geometry": { "type": "Polygon", "coordinates": [ [ [ 54.51582744006069, 24.366208710362706 ], [ 54.515563709840073, 24.366202926332548 ], [ 54.515569269459753, 24.365991963266804 ], [ 54.515708663996072, 24.365995011532441 ], [ 54.515708406586256, 24.366004779107502 ], [ 54.515832758164095, 24.366007498414977 ], [ 54.51582744006069, 24.366208710362706 ] ] ] } },
{ "type": "Feature", "properties": { "id": "B-07003", "area_m2": 341.0, "surface_label": "Building / roof", "p_roof": 0.46, "dark_roof": true, "heat_zone": "lower", "LST_C": 55.200001, "new_since_2017": false, "street": "Al Hayal Street", "action": "" }, "geometry": { "type": "Polygon", "coordinates": [ [ [ 54.51155206395179, 24.372252895099404 ], [ 54.511557941420662, 24.372035583765648 ], [ 54.511697331688552, 24.372038711769687 ], [ 54.511691454219687, 24.372256023098046 ], [ 54.51155206395179, 24.372252895099404 ] ] ] } },
{ "type": "Feature", "properties": { "id": "B-07016", "area_m2": 532.0, "surface_label": "Building / roof", "p_roof": 0.73, "dark_roof": false, "heat_zone": "lower", "LST_C": 56.0, "new_since_2017": false, "street": "Al Hiraf 1 Street", "action": "" }, "geometry": { "type": "Polygon", "coordinates": [ [ [ 54.506988424954407, 24.367853512507619 ], [ 54.50661598393954, 24.367842590011364 ], [ 54.50662046966238, 24.367715671697344 ], [ 54.506992910677241, 24.367726594204569 ], [ 54.506988424954407, 24.367853512507619 ] ] ] } },
{ "type": "Feature", "properties": { "id": "B-07023", "area_m2": 80.0, "surface_label": "Road / dark pavement", "p_roof": 0.44, "dark_roof": true, "heat_zone": "elevated", "LST_C": 56.599998, "new_since_2017": false, "street": "Ar Raha 8 Street", "action": "" }, "geometry": { "type": "Polygon", "coordinates": [ [ [ 54.515792887249482, 24.364903439869785 ], [ 54.515795123722455, 24.36484487098943 ], [ 54.515915677263521, 24.364848690900359 ], [ 54.515913440790591, 24.364907259778942 ], [ 54.515792887249482, 24.364903439869785 ] ] ] } },
{ "type": "Feature", "properties": { "id": "B-07051", "area_m2": 681.0, "surface_label": "Building / roof", "p_roof": 0.91, "dark_roof": false, "heat_zone": "lower", "LST_C": 55.599998, "new_since_2017": false, "street": "Al Hiraf 6 Street", "action": "" }, "geometry": { "type": "Polygon", "coordinates": [ [ [ 54.507830188676458, 24.366077436336855 ], [ 54.507834527886125, 24.365873550643698 ], [ 54.507744418687544, 24.365871959306375 ], [ 54.507746140223617, 24.365791360668108 ], [ 54.507912374477542, 24.365794296383257 ], [ 54.50791073222257, 24.365871183249318 ], [ 54.507932181774542, 24.365871563418029 ], [ 54.507931059167454, 24.365924121454636 ], [ 54.507892474710786, 24.365923440049627 ], [ 54.507890707384782, 24.36600648109598 ], [ 54.507918560673055, 24.366006972987282 ], [ 54.507915301211312, 24.366159573713958 ], [ 54.507529209276171, 24.366152730692427 ], [ 54.507530930809892, 24.366072132342765 ], [ 54.507830188676458, 24.366077436336855 ] ] ] } },
{ "type": "Feature", "properties": { "id": "B-07055", "area_m2": 22.0, "surface_label": "Road / dark pavement", "p_roof": 0.58, "dark_roof": false, "heat_zone": "lower", "LST_C": 53.5, "new_since_2017": false, "street": "Al 'Afou 1 Street", "action": "" }, "geometry": { "type": "Polygon", "coordinates": [ [ [ 54.510310718954159, 24.342841775545317 ], [ 54.510370882290275, 24.342844311408061 ], [ 54.510369216207238, 24.342877123232611 ], [ 54.510309055192188, 24.342874591304646 ], [ 54.510310718954159, 24.342841775545317 ] ] ] } },
{ "type": "Feature", "properties": { "id": "B-07088", "area_m2": 1814.0, "surface_label": "Building / roof", "p_roof": 0.81, "dark_roof": false, "heat_zone": "lower", "LST_C": 53.3, "new_since_2017": false, "street": "Al 'Afou 1 Street", "action": "" }, "geometry": { "type": "Polygon", "coordinates": [ [ [ 54.509355343607126, 24.343521826749512 ], [ 54.509370294313115, 24.343062808918557 ], [ 54.509721353814705, 24.343072322877248 ], [ 54.509706403108751, 24.343531340673707 ], [ 54.509355343607126, 24.343521826749512 ] ] ] } },
{ "type": "Feature", "properties": { "id": "B-07093", "area_m2": 233.0, "surface_label": "Building / roof", "p_roof": 0.59, "dark_roof": false, "heat_zone": "elevated", "LST_C": 56.0, "new_since_2017": false, "street": "Al Mazj 4 Street", "action": "" }, "geometry": { "type": "Polygon", "coordinates": [ [ [ 54.511981838092268, 24.366886707720731 ], [ 54.511834375474031, 24.366884028326155 ], [ 54.511837456933002, 24.366743797542881 ], [ 54.511984919344762, 24.366746486338073 ], [ 54.511981838092268, 24.366886707720731 ] ] ] } },
{ "type": "Feature", "properties": { "id": "B-07115", "area_m2": 304.0, "surface_label": "Road / dark pavement", "p_roof": 0.02, "dark_roof": true, "heat_zone": "lower", "LST_C": 55.8, "new_since_2017": false, "street": "At Tajalli 4 Street", "action": "" }, "geometry": { "type": "Polygon", "coordinates": [ [ [ 54.513552856289522, 24.362823169199942 ], [ 54.51372711571414, 24.362826657788386 ], [ 54.513727704884801, 24.36280223595794 ], [ 54.51379075965361, 24.36280349828381 ], [ 54.513787588259305, 24.362935376313587 ], [ 54.513550263938505, 24.362930625200836 ], [ 54.513552856289522, 24.362823169199942 ] ] ] } },
{ "type": "Feature", "properties": { "id": "B-07124", "area_m2": 131.0, "surface_label": "Building / roof", "p_roof": 0.4, "dark_roof": true, "heat_zone": "lower", "LST_C": 55.5, "new_since_2017": false, "street": "Al Marmoumiyah 1 Street", "action": "" }, "geometry": { "type": "Polygon", "coordinates": [ [ [ 54.51457244792504, 24.371952974703888 ], [ 54.514340600359098, 24.371947594528777 ], [ 54.514342013584873, 24.371897203392464 ], [ 54.514573856868402, 24.371902598250756 ], [ 54.51457244792504, 24.371952974703888 ] ] ] } },
{ "type": "Feature", "properties": { "id": "B-07133", "area_m2": 736.0, "surface_label": "Building / roof", "p_roof": 0.5, "dark_roof": true, "heat_zone": "high", "LST_C": 57.5, "new_since_2017": false, "street": "Al Jammalah 1 Street", "action": "Cool-roof candidate" }, "geometry": { "type": "Polygon", "coordinates": [ [ [ 54.518310959749037, 24.36514797296773 ], [ 54.517917051984625, 24.365136872720015 ], [ 54.517922688840727, 24.364970885854159 ], [ 54.518316596605096, 24.364981986116444 ], [ 54.518310959749037, 24.36514797296773 ] ] ] } },
{ "type": "Feature", "properties": { "id": "B-07171", "area_m2": 736.0, "surface_label": "Building / roof", "p_roof": 0.53, "dark_roof": true, "heat_zone": "elevated", "LST_C": 56.099998, "new_since_2017": false, "street": "Al Marmoumiyah 4 Street", "action": "" }, "geometry": { "type": "Polygon", "coordinates": [ [ [ 54.511711292514406, 24.369812190397436 ], [ 54.511722462320563, 24.36953789851934 ], [ 54.511960850907435, 24.369545953455155 ], [ 54.511949681719344, 24.36982023013865 ], [ 54.511711292514406, 24.369812190397436 ] ] ] } },
{ "type": "Feature", "properties": { "id": "B-07172", "area_m2": 446.0, "surface_label": "Building / roof", "p_roof": 0.99, "dark_roof": false, "heat_zone": "elevated", "LST_C": 56.400002, "new_since_2017": false, "street": "Az Zakhrafah 2 Street", "action": "" }, "geometry": { "type": "Polygon", "coordinates": [ [ [ 54.514677436212104, 24.363687510110491 ], [ 54.51467591862049, 24.363821879731415 ], [ 54.514380907068308, 24.363819096039723 ], [ 54.514382424659956, 24.363684726415826 ], [ 54.514677436212104, 24.363687510110491 ] ] ] } },
{ "type": "Feature", "properties": { "id": "B-07184", "area_m2": 747.0, "surface_label": "Building / roof", "p_roof": 0.99, "dark_roof": false, "heat_zone": "lower", "LST_C": 55.0, "new_since_2017": false, "street": "Abu Al Hinna-a 3 Street", "action": "" }, "geometry": { "type": "Polygon", "coordinates": [ [ [ 54.506019221943603, 24.370393410400233 ], [ 54.506026390553551, 24.370172323204145 ], [ 54.506326536136456, 24.370180398212572 ], [ 54.506319368146457, 24.370401466276149 ], [ 54.506019221943603, 24.370393410400233 ] ] ] } },
{ "type": "Feature", "properties": { "id": "B-07185", "area_m2": 989.0, "surface_label": "Building / roof", "p_roof": 0.97, "dark_roof": false, "heat_zone": "elevated", "LST_C": 56.200001, "new_since_2017": false, "street": "Az Zakhrafah 2 Street", "action": "" }, "geometry": { "type": "Polygon", "coordinates": [ [ [ 54.514382218837241, 24.36479027273473 ], [ 54.5143722564992, 24.365085635807507 ], [ 54.514074812095259, 24.365077310766296 ], [ 54.51408477443325, 24.364781947674071 ], [ 54.514382218837241, 24.36479027273473 ] ] ] } },
{ "type": "Feature", "properties": { "id": "B-07193", "area_m2": 2869.0, "surface_label": "Building / roof", "p_roof": 0.99, "dark_roof": false, "heat_zone": "lower", "LST_C": 55.8, "new_since_2017": false, "street": "Abu Al Hinna-a 4 Street", "action": "" }, "geometry": { "type": "Polygon", "coordinates": [ [ [ 54.508262721718239, 24.369827635245628 ], [ 54.508252215841672, 24.370175557176477 ], [ 54.508194741136194, 24.370174117158598 ], [ 54.50818794165238, 24.37039872287535 ], [ 54.508215951608015, 24.37039942465826 ], [ 54.508208874488766, 24.370633795865256 ], [ 54.508061464517134, 24.370630102549615 ], [ 54.50806596143665, 24.370481179224456 ], [ 54.507820850936277, 24.370475038041885 ], [ 54.507840510313443, 24.369825633857783 ], [ 54.508005165515591, 24.369829759274097 ], [ 54.507999822099521, 24.370006716698253 ], [ 54.508149911963741, 24.37001048674502 ], [ 54.50815551467236, 24.369824942351201 ], [ 54.508262721718239, 24.369827635245628 ] ] ] } },
{ "type": "Feature", "properties": { "id": "B-07197", "area_m2": 635.0, "surface_label": "Building / roof", "p_roof": 0.93, "dark_roof": false, "heat_zone": "lower", "LST_C": 54.8, "new_since_2017": false, "street": "Abu Al Hinna-a 4 Street", "action": "" }, "geometry": { "type": "Polygon", "coordinates": [ [ [ 54.508654284939446, 24.371170301544833 ], [ 54.508661072595601, 24.370896802491707 ], [ 54.508867497196732, 24.370901053187968 ], [ 54.50886070954062, 24.371174552231899 ], [ 54.508654284939446, 24.371170301544833 ] ] ] } },
{ "type": "Feature", "properties": { "id": "B-07201", "area_m2": 236.0, "surface_label": "Building / roof", "p_roof": 0.78, "dark_roof": false, "heat_zone": "lower", "LST_C": 55.3, "new_since_2017": false, "street": "Abu Al Hinna-a 7 Street", "action": "" }, "geometry": { "type": "Polygon", "coordinates": [ [ [ 54.508013887511879, 24.368985201348494 ], [ 54.508064813650705, 24.368986431851337 ], [ 54.508052798156989, 24.369399048977176 ], [ 54.50800187201812, 24.369397818478337 ], [ 54.508013887511879, 24.368985201348494 ] ] ] } },
{ "type": "Feature", "properties": { "id": "B-07212", "area_m2": 858.0, "surface_label": "Building / roof", "p_roof": 0.99, "dark_roof": false, "heat_zone": "lower", "LST_C": 55.700001, "new_since_2017": false, "street": "Al Marmoumiyah 5 Street", "action": "" }, "geometry": { "type": "Polygon", "coordinates": [ [ [ 54.512880917214581, 24.370416304816086 ], [ 54.512918441528754, 24.370417213879339 ], [ 54.51292082792024, 24.370335695132948 ], [ 54.513148653688411, 24.370341228963284 ], [ 54.513146053304659, 24.370430057644018 ], [ 54.513180897310662, 24.3704309017741 ], [ 54.513175465409574, 24.370616454417604 ], [ 54.512875270896366, 24.370609181922717 ], [ 54.512880917214581, 24.370416304816086 ] ] ] } },
{ "type": "Feature", "properties": { "id": "B-07237", "area_m2": 11874.0, "surface_label": "Building / roof", "p_roof": 1.0, "dark_roof": false, "heat_zone": "extreme", "LST_C": 58.400002, "new_since_2017": false, "street": "Ar Rasin 2 Street", "action": "Monitor / shade around" }, "geometry": { "type": "Polygon", "coordinates": [ [ [ 54.517198431899232, 24.366006430212181 ], [ 54.518969323154344, 24.366061300970497 ], [ 54.518947087747108, 24.366656775767549 ], [ 54.517176196491953, 24.366601905267501 ], [ 54.517198431899232, 24.366006430212181 ] ] ] } },
{ "type": "Feature", "properties": { "id": "B-07316", "area_m2": 753.0, "surface_label": "Building / roof", "p_roof": 0.91, "dark_roof": false, "heat_zone": "lower", "LST_C": 55.700001, "new_since_2017": false, "street": "Ad Diman 6 Street", "action": "" }, "geometry": { "type": "Polygon", "coordinates": [ [ [ 54.518345714972774, 24.348108304741441 ], [ 54.518361975162087, 24.347609101045094 ], [ 54.518495967616346, 24.347612723660376 ], [ 54.51847970714897, 24.348111935878787 ], [ 54.518345714972774, 24.348108304741441 ] ] ] } },
{ "type": "Feature", "properties": { "id": "B-07317", "area_m2": 500.0, "surface_label": "Building / roof", "p_roof": 0.86, "dark_roof": false, "heat_zone": "elevated", "LST_C": 56.099998, "new_since_2017": false, "street": "Al Hayal Street", "action": "" }, "geometry": { "type": "Polygon", "coordinates": [ [ [ 54.510748254393476, 24.367734521241147 ], [ 54.510764306536572, 24.367382208152094 ], [ 54.510890153585116, 24.367386965948899 ], [ 54.510874101806927, 24.367739271015253 ], [ 54.510748254393476, 24.367734521241147 ] ] ] } },
{ "type": "Feature", "properties": { "id": "B-07342", "area_m2": 277.0, "surface_label": "Building / roof", "p_roof": 0.94, "dark_roof": false, "heat_zone": "elevated", "LST_C": 56.700001, "new_since_2017": false, "street": "Ar Rasin 2 Street", "action": "" }, "geometry": { "type": "Polygon", "coordinates": [ [ [ 54.518988034065011, 24.367157110065701 ], [ 54.518985150436109, 24.367271883994107 ], [ 54.518770686048029, 24.367267412923805 ], [ 54.518773569676959, 24.367152638991339 ], [ 54.518988034065011, 24.367157110065701 ] ] ] } },
{ "type": "Feature", "properties": { "id": "B-07367", "area_m2": 370.0, "surface_label": "Bare soil / sand", "p_roof": 0.66, "dark_roof": false, "heat_zone": "elevated", "LST_C": 56.099998, "new_since_2017": false, "street": "Al Jammalah 6 Street", "action": "" }, "geometry": { "type": "Polygon", "coordinates": [ [ [ 54.520626015172439, 24.3668546125101 ], [ 54.520345618474096, 24.366846854101997 ], [ 54.520349525547999, 24.366729684490519 ], [ 54.520629913252179, 24.366737442656937 ], [ 54.520626015172439, 24.3668546125101 ] ] ] } },
{ "type": "Feature", "properties": { "id": "B-07368", "area_m2": 287.0, "surface_label": "Building / roof", "p_roof": 0.63, "dark_roof": true, "heat_zone": "lower", "LST_C": 55.3, "new_since_2017": false, "street": "Al Marmoumiyah 3 Street", "action": "" }, "geometry": { "type": "Polygon", "coordinates": [ [ [ 54.512867019679177, 24.371456090499791 ], [ 54.512872650839924, 24.371334146417475 ], [ 54.513081493633649, 24.371342148233364 ], [ 54.513075862472874, 24.371464092307928 ], [ 54.512867019679177, 24.371456090499791 ] ] ] } },
{ "type": "Feature", "properties": { "id": "B-07380", "area_m2": 73.0, "surface_label": "Building / roof", "p_roof": 0.63, "dark_roof": false, "heat_zone": "lower", "LST_C": 55.599998, "new_since_2017": false, "street": "Ad Diman 6 Street", "action": "" }, "geometry": { "type": "Polygon", "coordinates": [ [ [ 54.519763678465559, 24.348132847637043 ], [ 54.51962429306969, 24.348129630273945 ], [ 54.519625583411162, 24.348083230775075 ], [ 54.519764968807031, 24.348086448139366 ], [ 54.519763678465559, 24.348132847637043 ] ] ] } },
{ "type": "Feature", "properties": { "id": "B-07415", "area_m2": 2468.0, "surface_label": "Building / roof", "p_roof": 0.96, "dark_roof": false, "heat_zone": "lower", "LST_C": 55.900002, "new_since_2017": false, "street": "Abu Al Hinna-a 7 Street", "action": "" }, "geometry": { "type": "Polygon", "coordinates": [ [ [ 54.506591634173219, 24.368958037338899 ], [ 54.50717564055951, 24.368976653508611 ], [ 54.507160777897248, 24.369363529269304 ], [ 54.506847342510369, 24.369353558011227 ], [ 54.506847904996704, 24.369338916487173 ], [ 54.506731157825008, 24.36933520243182 ], [ 54.506732332053886, 24.369304575985563 ], [ 54.50662785359156, 24.369301245570583 ], [ 54.506626356627933, 24.369340289642512 ], [ 54.506577009564211, 24.369338716627837 ], [ 54.506591634173219, 24.368958037338899 ] ] ] } },
{ "type": "Feature", "properties": { "id": "B-07417", "area_m2": 773.0, "surface_label": "Building / roof", "p_roof": 0.59, "dark_roof": false, "heat_zone": "elevated", "LST_C": 56.3, "new_since_2017": false, "street": "Mohammed Bin Khalifa Al Kindi Street", "action": "" }, "geometry": { "type": "Polygon", "coordinates": [ [ [ 54.521058970137837, 24.347807115010159 ], [ 54.521063278940161, 24.347667937202882 ], [ 54.52155641405902, 24.347680577805708 ], [ 54.521552105256696, 24.34781975559909 ], [ 54.521058970137837, 24.347807115010159 ] ] ] } },
{ "type": "Feature", "properties": { "id": "B-07428", "area_m2": 1207.0, "surface_label": "Building / roof", "p_roof": 0.72, "dark_roof": true, "heat_zone": "lower", "LST_C": 55.200001, "new_since_2017": false, "street": "Al Marmoumiyah 4 Street", "action": "" }, "geometry": { "type": "Polygon", "coordinates": [ [ [ 54.511665817560292, 24.37144375943808 ], [ 54.511692080969368, 24.370938118324801 ], [ 54.511908854659012, 24.370947460525894 ], [ 54.511897965477011, 24.371157106734728 ], [ 54.511881908166693, 24.371156414721025 ], [ 54.511880008890756, 24.371192980884857 ], [ 54.511748874189621, 24.371187329440922 ], [ 54.511747734624059, 24.371209269135132 ], [ 54.511900279072329, 24.371215843262608 ], [ 54.511887944420629, 24.371453318143107 ], [ 54.511665817560292, 24.37144375943808 ] ] ] } },
{ "type": "Feature", "properties": { "id": "B-07483", "area_m2": 309.0, "surface_label": "Building / roof", "p_roof": 0.87, "dark_roof": false, "heat_zone": "lower", "LST_C": 55.400002, "new_since_2017": true, "street": "Al Hayal Street", "action": "" }, "geometry": { "type": "Polygon", "coordinates": [ [ [ 54.512979436384484, 24.348649842197126 ], [ 54.512981417553789, 24.348576577562984 ], [ 54.513355628712851, 24.348584976650173 ], [ 54.513353641918641, 24.348658241153206 ], [ 54.512979436384484, 24.348649842197126 ] ] ] } },
{ "type": "Feature", "properties": { "id": "B-07506", "area_m2": 45.0, "surface_label": "Road / dark pavement", "p_roof": 0.45, "dark_roof": true, "heat_zone": "elevated", "LST_C": 56.5, "new_since_2017": false, "street": "Az Zakhrafah 2 Street", "action": "" }, "geometry": { "type": "Polygon", "coordinates": [ [ [ 54.514653975328827, 24.363964754859694 ], [ 54.514584309633257, 24.363962720609525 ], [ 54.514586343822394, 24.363905038447303 ], [ 54.514656009361488, 24.363907077135437 ], [ 54.514653975328827, 24.363964754859694 ] ] ] } },
{ "type": "Feature", "properties": { "id": "B-07515", "area_m2": 994.0, "surface_label": "Building / roof", "p_roof": 0.84, "dark_roof": false, "heat_zone": "lower", "LST_C": 55.700001, "new_since_2017": false, "street": "Ad Diman 8 Street", "action": "" }, "geometry": { "type": "Polygon", "coordinates": [ [ [ 54.518027962785972, 24.348640442151776 ], [ 54.518042321718134, 24.348204748765557 ], [ 54.518244944739017, 24.348210291448652 ], [ 54.518230551940064, 24.348645996807193 ], [ 54.518027962785972, 24.348640442151776 ] ] ] } },
{ "type": "Feature", "properties": { "id": "B-07522", "area_m2": 1183.0, "surface_label": "Building / roof", "p_roof": 0.93, "dark_roof": false, "heat_zone": "lower", "LST_C": 55.5, "new_since_2017": false, "street": "Ad Diman 6 Street", "action": "" }, "geometry": { "type": "Polygon", "coordinates": [ [ [ 54.519797840745319, 24.348173928694148 ], [ 54.520005279648657, 24.348178677219238 ], [ 54.519991343893224, 24.3486853920013 ], [ 54.519783865723142, 24.348680655825913 ], [ 54.519797840745319, 24.348173928694148 ] ] ] } },
{ "type": "Feature", "properties": { "id": "B-07542", "area_m2": 732.0, "surface_label": "Building / roof", "p_roof": 0.93, "dark_roof": false, "heat_zone": "lower", "LST_C": 55.5, "new_since_2017": false, "street": "Ad Diman 6 Street", "action": "" }, "geometry": { "type": "Polygon", "coordinates": [ [ [ 54.518844026861643, 24.348602343982687 ], [ 54.518840967065913, 24.348717127164573 ], [ 54.518274275037605, 24.348704588571064 ], [ 54.518277343645934, 24.348589805572793 ], [ 54.518844026861643, 24.348602343982687 ] ] ] } },
{ "type": "Feature", "properties": { "id": "B-07574", "area_m2": 3930.0, "surface_label": "Building / roof", "p_roof": 0.95, "dark_roof": false, "heat_zone": "lower", "LST_C": 54.8, "new_since_2017": false, "street": "Al Hayal Street", "action": "" }, "geometry": { "type": "Polygon", "coordinates": [ [ [ 54.512689633027449, 24.349459183900461 ], [ 54.51271656628883, 24.348673101637566 ], [ 54.513008642479264, 24.348681407856517 ], [ 54.513002201916777, 24.348869384481503 ], [ 54.513201584375643, 24.348875054617789 ], [ 54.513203336958121, 24.348823788183594 ], [ 54.513293355026164, 24.348826348162568 ], [ 54.513276542648676, 24.349317039243068 ], [ 54.513180077117909, 24.349314295918543 ], [ 54.513181415416618, 24.349275236000853 ], [ 54.512964367972366, 24.349269063518538 ], [ 54.51295759283515, 24.349466804237537 ], [ 54.512689633027449, 24.349459183900461 ] ] ] } },
{ "type": "Feature", "properties": { "id": "B-07633", "area_m2": 1824.0, "surface_label": "Bare soil / sand", "p_roof": 0.28, "dark_roof": true, "heat_zone": "lower", "LST_C": 54.700001, "new_since_2017": false, "street": "Rouh Al 'Ata-a 4 Street", "action": "" }, "geometry": { "type": "Polygon", "coordinates": [ [ [ 54.518143662459849, 24.343814045966944 ], [ 54.518318051200467, 24.343794508004251 ], [ 54.518326814770134, 24.343859437370181 ], [ 54.518359322161473, 24.343870738629274 ], [ 54.51836514585041, 24.343913861826547 ], [ 54.518538075589447, 24.343894487341057 ], [ 54.518532967928557, 24.343856644650707 ], [ 54.518606138088366, 24.343882077735298 ], [ 54.518612947641209, 24.34393252974111 ], [ 54.518669894899233, 24.343926149556822 ], [ 54.518694602572268, 24.344109104521717 ], [ 54.518628354863587, 24.344116526687298 ], [ 54.518595572521065, 24.344194800211561 ], [ 54.518603400493532, 24.344197521614635 ], [ 54.518507999427172, 24.344208210014592 ], [ 54.518495942099712, 24.344118877405275 ], [ 54.518471630290264, 24.344176926067295 ], [ 54.518373828524069, 24.344187889671414 ], [ 54.518357976694382, 24.344070443604267 ], [ 54.518329783848444, 24.34413775893745 ], [ 54.518263459111168, 24.344145189731375 ], [ 54.518274831268748, 24.344229445908738 ], [ 54.518280941585118, 24.344228761330541 ], [ 54.5182916802177, 24.34420312099639 ], [ 54.518356408251236, 24.34419586909496 ], [ 54.518340300302391, 24.344234329596446 ], [ 54.518137673414756, 24.344257031192669 ], [ 54.518187420719428, 24.344138250920494 ], [ 54.518143662459849, 24.343814045966944 ] ] ] } },
{ "type": "Feature", "properties": { "id": "B-07639", "area_m2": 3076.0, "surface_label": "Building / roof", "p_roof": 0.99, "dark_roof": false, "heat_zone": "high", "LST_C": 57.200001, "new_since_2017": false, "street": "Ar Raha 8 Street", "action": "Monitor / shade around" }, "geometry": { "type": "Polygon", "coordinates": [ [ [ 54.516675935502199, 24.348122091099441 ], [ 54.51635977476397, 24.348112656399962 ], [ 54.51639090845368, 24.347248531713763 ], [ 54.516707069191945, 24.347257966477613 ], [ 54.516675935502199, 24.348122091099441 ] ] ] } },
{ "type": "Feature", "properties": { "id": "B-07644", "area_m2": 1777.0, "surface_label": "Building / roof", "p_roof": 0.75, "dark_roof": false, "heat_zone": "lower", "LST_C": 51.3, "new_since_2017": false, "street": "Al Jammalah 3 Street", "action": "" }, "geometry": { "type": "Polygon", "coordinates": [ [ [ 54.519184660719247, 24.362216089230468 ], [ 54.519208321288787, 24.361451918766488 ], [ 54.519304804056524, 24.361454397805275 ], [ 54.519303745756275, 24.361488578051759 ], [ 54.519418989062174, 24.361491539124994 ], [ 54.519396386792842, 24.362221529310478 ], [ 54.519184660719247, 24.362216089230468 ] ] ] } },
{ "type": "Feature", "properties": { "id": "B-07680", "area_m2": 653.0, "surface_label": "Building / roof", "p_roof": 1.0, "dark_roof": false, "heat_zone": "lower", "LST_C": 55.5, "new_since_2017": false, "street": "Abu Al Hinna-a 7 Street", "action": "" }, "geometry": { "type": "Polygon", "coordinates": [ [ [ 54.506431679959981, 24.36976606660248 ], [ 54.506426724153101, 24.369923382682316 ], [ 54.506058054674796, 24.369913746156168 ], [ 54.506062997666213, 24.36975645323394 ], [ 54.506431679959981, 24.36976606660248 ] ] ] } },
{ "type": "Feature", "properties": { "id": "B-07690", "area_m2": 259.0, "surface_label": "Building / roof", "p_roof": 0.8, "dark_roof": false, "heat_zone": "lower", "LST_C": 56.0, "new_since_2017": false, "street": "Al Mazj 5 Street", "action": "" }, "geometry": { "type": "Polygon", "coordinates": [ [ [ 54.513475297969435, 24.36588968240839 ], [ 54.513479304875958, 24.365774047476847 ], [ 54.513678648409204, 24.365779792003735 ], [ 54.513674633067943, 24.365895413978407 ], [ 54.513475297969435, 24.36588968240839 ] ] ] } },
{ "type": "Feature", "properties": { "id": "B-07715", "area_m2": 1864.0, "surface_label": "Building / roof", "p_roof": 0.69, "dark_roof": false, "heat_zone": "lower", "LST_C": 50.8, "new_since_2017": false, "street": "Al Jammalah 3 Street", "action": "" }, "geometry": { "type": "Polygon", "coordinates": [ [ [ 54.521497896279307, 24.362586043863796 ], [ 54.52153032328588, 24.361846882024675 ], [ 54.521597271588774, 24.361849319290229 ], [ 54.521598448806856, 24.361822484951315 ], [ 54.521652007449177, 24.361824434764142 ], [ 54.521650723211302, 24.361853708587642 ], [ 54.521752484631747, 24.36185741323105 ], [ 54.521720164645025, 24.36259413553794 ], [ 54.521497896279307, 24.362586043863796 ] ] ] } },
{ "type": "Feature", "properties": { "id": "B-07717", "area_m2": 6895.0, "surface_label": "Building / roof", "p_roof": 0.9, "dark_roof": false, "heat_zone": "high", "LST_C": 57.0, "new_since_2017": true, "street": "Ar Rasin 2 Street", "action": "Monitor / shade around" }, "geometry": { "type": "Polygon", "coordinates": [ [ [ 54.519564645187614, 24.367758587800633 ], [ 54.519586156640635, 24.367110495482802 ], [ 54.519961323731991, 24.367120804353501 ], [ 54.519958848651619, 24.367195373193237 ], [ 54.520149935207385, 24.367426510026949 ], [ 54.520775026837406, 24.367443686300291 ], [ 54.520770919945058, 24.367567704858857 ], [ 54.520797135441669, 24.367599414854336 ], [ 54.520759983327849, 24.367624900942488 ], [ 54.520758914567288, 24.367657100272282 ], [ 54.520714815554243, 24.367655885709848 ], [ 54.520692074587615, 24.367671485846301 ], [ 54.520854269360186, 24.367757457227309 ], [ 54.520898706182571, 24.367758681092621 ], [ 54.520897816991251, 24.367785532537454 ], [ 54.520930538780767, 24.36778643375072 ], [ 54.520969746424342, 24.367759537617843 ], [ 54.520953037613843, 24.367739326838745 ], [ 54.52105482260756, 24.367742123680959 ], [ 54.521054014250097, 24.367766534140273 ], [ 54.521120002476536, 24.367768347360567 ], [ 54.521121174208574, 24.367733045764396 ], [ 54.521165755319295, 24.367734273603876 ], [ 54.521200659985091, 24.367679632004492 ], [ 54.521172607437286, 24.367664762739334 ], [ 54.521231411741432, 24.367572707325117 ], [ 54.521251321998037, 24.367559049024404 ], [ 54.521253331565468, 24.367498364792354 ], [ 54.521307455437295, 24.367499852007835 ], [ 54.521348295372725, 24.36743591890443 ], [ 54.521335966066829, 24.367807372966229 ], [ 54.519564645187614, 24.367758587800633 ] ] ] } },
{ "type": "Feature", "properties": { "id": "B-07723", "area_m2": 539.0, "surface_label": "Building / roof", "p_roof": 0.99, "dark_roof": false, "heat_zone": "lower", "LST_C": 55.900002, "new_since_2017": false, "street": "At Tajalli 4 Street", "action": "" }, "geometry": { "type": "Polygon", "coordinates": [ [ [ 54.513289826287142, 24.361649876446592 ], [ 54.513544455561728, 24.361656045517595 ], [ 54.513538952188249, 24.361844052681676 ], [ 54.513284322913663, 24.361837883619881 ], [ 54.513289826287142, 24.361649876446592 ] ] ] } },
{ "type": "Feature", "properties": { "id": "B-07735", "area_m2": 799.0, "surface_label": "Building / roof", "p_roof": 0.84, "dark_roof": false, "heat_zone": "lower", "LST_C": 55.8, "new_since_2017": false, "street": "Al Marmoumiyah 3 Street", "action": "" }, "geometry": { "type": "Polygon", "coordinates": [ [ [ 54.513511596414602, 24.370637228050072 ], [ 54.513768773538843, 24.370645425887872 ], [ 54.513758708138724, 24.370907425373385 ], [ 54.513710487309993, 24.370905891352429 ], [ 54.513709831075936, 24.370922972918692 ], [ 54.513500874151333, 24.37091632549533 ], [ 54.513511596414602, 24.370637228050072 ] ] ] } },
{ "type": "Feature", "properties": { "id": "B-07744", "area_m2": 796.0, "surface_label": "Building / roof", "p_roof": 0.82, "dark_roof": false, "heat_zone": "lower", "LST_C": 54.5, "new_since_2017": false, "street": "Al Hayal Street", "action": "" }, "geometry": { "type": "Polygon", "coordinates": [ [ [ 54.510443024415906, 24.371898059264467 ], [ 54.510449612925164, 24.371727246907707 ], [ 54.510476401946285, 24.371728104249161 ], [ 54.510487790655141, 24.371432842347573 ], [ 54.510653882586112, 24.371438157876725 ], [ 54.510649647115855, 24.371547966097832 ], [ 54.510612142486295, 24.371546765818106 ], [ 54.510601036142127, 24.371834706925654 ], [ 54.510631821905463, 24.371835692175843 ], [ 54.510629191745096, 24.371904017255428 ], [ 54.510443024415906, 24.371898059264467 ] ] ] } },
{ "type": "Feature", "properties": { "id": "B-07765", "area_m2": 496.0, "surface_label": "Building / roof", "p_roof": 0.76, "dark_roof": false, "heat_zone": "lower", "LST_C": 55.700001, "new_since_2017": false, "street": "Al Mazj 4 Street", "action": "" }, "geometry": { "type": "Polygon", "coordinates": [ [ [ 54.512195511511948, 24.365225228137774 ], [ 54.512077526232162, 24.365223460426765 ], [ 54.512077349818796, 24.365233231047327 ], [ 54.512012994211631, 24.365232266841389 ], [ 54.512016107351975, 24.365059846076107 ], [ 54.512018788838688, 24.365059886080488 ], [ 54.512020174236888, 24.364983155954789 ], [ 54.51219983364016, 24.364985847701657 ], [ 54.512195511511948, 24.365225228137774 ] ] ] } },
{ "type": "Feature", "properties": { "id": "B-07779", "area_m2": 92.0, "surface_label": "Building / roof", "p_roof": 0.88, "dark_roof": false, "heat_zone": "elevated", "LST_C": 56.700001, "new_since_2017": false, "street": "Ar Raha 8 Street", "action": "" }, "geometry": { "type": "Polygon", "coordinates": [ [ [ 54.51744033954067, 24.36730623260182 ], [ 54.517437556142674, 24.367375632047978 ], [ 54.517458009629777, 24.367376314036786 ], [ 54.517455405718813, 24.367441114095474 ], [ 54.51738406311091, 24.367438739839955 ], [ 54.51738944549993, 24.367304538865255 ], [ 54.51744033954067, 24.36730623260182 ] ] ] } },
{ "type": "Feature", "properties": { "id": "B-07792", "area_m2": 242.0, "surface_label": "Building / roof", "p_roof": 0.94, "dark_roof": false, "heat_zone": "lower", "LST_C": 55.8, "new_since_2017": false, "street": "At Tajalli 4 Street", "action": "" }, "geometry": { "type": "Polygon", "coordinates": [ [ [ 54.513961622569589, 24.362671328156846 ], [ 54.514104994730644, 24.362674463487082 ], [ 54.514103210726745, 24.362741963593844 ], [ 54.513848548488049, 24.362736378286133 ], [ 54.513851042002642, 24.362642032907011 ], [ 54.513908717163332, 24.362643294175008 ], [ 54.513909360687848, 24.362618874587167 ], [ 54.513962973971019, 24.362620047028305 ], [ 54.513961622569589, 24.362671328156846 ] ] ] } },
{ "type": "Feature", "properties": { "id": "B-07808", "area_m2": 304.0, "surface_label": "Building / roof", "p_roof": 0.58, "dark_roof": true, "heat_zone": "lower", "LST_C": 55.900002, "new_since_2017": false, "street": "Al Marmoumiyah 3 Street", "action": "" }, "geometry": { "type": "Polygon", "coordinates": [ [ [ 54.514091977647396, 24.370907815622953 ], [ 54.514096322241478, 24.370793121428846 ], [ 54.514332075956069, 24.370800531150795 ], [ 54.514327731361988, 24.370915225338162 ], [ 54.514091977647396, 24.370907815622953 ] ] ] } },
{ "type": "Feature", "properties": { "id": "B-07809", "area_m2": 527.0, "surface_label": "Building / roof", "p_roof": 0.35, "dark_roof": true, "heat_zone": "lower", "LST_C": 55.8, "new_since_2017": false, "street": "Al Hiraf 2 Street", "action": "" }, "geometry": { "type": "Polygon", "coordinates": [ [ [ 54.509781530511134, 24.365857262378881 ], [ 54.50989952458832, 24.36585876691845 ], [ 54.509893425935459, 24.366255647199068 ], [ 54.509775431742682, 24.366254150185441 ], [ 54.509781530511134, 24.365857262378881 ] ] ] } },
{ "type": "Feature", "properties": { "id": "B-07821", "area_m2": 769.0, "surface_label": "Building / roof", "p_roof": 0.73, "dark_roof": false, "heat_zone": "high", "LST_C": 57.200001, "new_since_2017": false, "street": "Al Jammalah 1 Street", "action": "Monitor / shade around" }, "geometry": { "type": "Polygon", "coordinates": [ [ [ 54.517070563185015, 24.365106331806928 ], [ 54.517075903685374, 24.36493299262521 ], [ 54.517469878087645, 24.364943064931865 ], [ 54.517464537587273, 24.365116404099791 ], [ 54.517070563185015, 24.365106331806928 ] ] ] } },
{ "type": "Feature", "properties": { "id": "B-07828", "area_m2": 500.0, "surface_label": "Building / roof", "p_roof": 0.73, "dark_roof": true, "heat_zone": "elevated", "LST_C": 56.099998, "new_since_2017": false, "street": "Al Mazj 1 Street", "action": "" }, "geometry": { "type": "Polygon", "coordinates": [ [ [ 54.512986972986383, 24.368023019819347 ], [ 54.512711072305166, 24.368013855578738 ], [ 54.512717518831558, 24.367852814302466 ], [ 54.512993419512775, 24.367861978554728 ], [ 54.512986972986383, 24.368023019819347 ] ] ] } },
{ "type": "Feature", "properties": { "id": "B-07835", "area_m2": 552.0, "surface_label": "Building / roof", "p_roof": 0.64, "dark_roof": false, "heat_zone": "elevated", "LST_C": 56.3, "new_since_2017": false, "street": "Al Hiraf Street", "action": "" }, "geometry": { "type": "Polygon", "coordinates": [ [ [ 54.509026212031088, 24.369157019084632 ], [ 54.509031650384379, 24.369020377512527 ], [ 54.509390593698328, 24.369032254211564 ], [ 54.509385155345086, 24.369168895770851 ], [ 54.509026212031088, 24.369157019084632 ] ] ] } },
{ "type": "Feature", "properties": { "id": "B-07843", "area_m2": 3239.0, "surface_label": "Building / roof", "p_roof": 0.92, "dark_roof": false, "heat_zone": "lower", "LST_C": 54.3, "new_since_2017": false, "street": "Mohammed Bin Khalifa Al Kindi Street", "action": "" }, "geometry": { "type": "Polygon", "coordinates": [ [ [ 54.510184005549348, 24.347682227308823 ], [ 54.510197805556167, 24.347069127205827 ], [ 54.510392569819444, 24.347072778396171 ], [ 54.510391245795311, 24.347131401555856 ], [ 54.510553069368413, 24.347134435214951 ], [ 54.510552464587228, 24.347161304192113 ], [ 54.510701643516995, 24.347164100805099 ], [ 54.51068972729967, 24.34769170788471 ], [ 54.510184005549348, 24.347682227308823 ] ] ] } },
{ "type": "Feature", "properties": { "id": "B-07847", "area_m2": 227.0, "surface_label": "Road / dark pavement", "p_roof": 0.19, "dark_roof": true, "heat_zone": "lower", "LST_C": 55.599998, "new_since_2017": false, "street": "Rouh Al 'Ata-a 4 Street", "action": "" }, "geometry": { "type": "Polygon", "coordinates": [ [ [ 54.520555986068644, 24.342445976592973 ], [ 54.520561393109297, 24.342286004639533 ], [ 54.520687337495339, 24.342289538307693 ], [ 54.520681930183457, 24.342449518280119 ], [ 54.520555986068644, 24.342445976592973 ] ] ] } },
{ "type": "Feature", "properties": { "id": "B-07859", "area_m2": 12520.0, "surface_label": "Building / roof", "p_roof": 0.92, "dark_roof": false, "heat_zone": "elevated", "LST_C": 57.0, "new_since_2017": true, "street": "Al Hiraf Street", "action": "" }, "geometry": { "type": "Polygon", "coordinates": [ [ [ 54.519545993939552, 24.368038923179256 ], [ 54.52116559157983, 24.368103870850749 ], [ 54.521179144372837, 24.367823439078244 ], [ 54.521325370841531, 24.367829302934055 ], [ 54.521282459238861, 24.368715809960815 ], [ 54.519516708541765, 24.36864488915695 ], [ 54.519545993939552, 24.368038923179256 ] ] ] } },
{ "type": "Feature", "properties": { "id": "B-07870", "area_m2": 341.0, "surface_label": "Building / roof", "p_roof": 0.76, "dark_roof": true, "heat_zone": "lower", "LST_C": 55.900002, "new_since_2017": false, "street": "At Tajalli 4 Street", "action": "" }, "geometry": { "type": "Polygon", "coordinates": [ [ [ 54.512976051041079, 24.361603810979059 ], [ 54.512981967586612, 24.361486776612736 ], [ 54.513050171632621, 24.36148963791959 ], [ 54.513046356325191, 24.361565222868293 ], [ 54.51323639074424, 24.361573195216991 ], [ 54.513245744401203, 24.361387890112816 ], [ 54.513180224688391, 24.361385141417301 ], [ 54.513182566654329, 24.361338815246864 ], [ 54.513289627954514, 24.361343306704562 ], [ 54.513275822681585, 24.361616387033898 ], [ 54.512976051041079, 24.361603810979059 ] ] ] } },
{ "type": "Feature", "properties": { "id": "B-07884", "area_m2": 322.0, "surface_label": "Building / roof", "p_roof": 0.55, "dark_roof": true, "heat_zone": "elevated", "LST_C": 56.3, "new_since_2017": false, "street": "Al Mazj 4 Street", "action": "" }, "geometry": { "type": "Polygon", "coordinates": [ [ [ 54.512567990961507, 24.364916076323265 ], [ 54.512579033953386, 24.364702510588501 ], [ 54.512712847519694, 24.3647082521837 ], [ 54.512701804087698, 24.364921826421185 ], [ 54.512567990961507, 24.364916076323265 ] ] ] } },
{ "type": "Feature", "properties": { "id": "B-07899", "area_m2": 306.0, "surface_label": "Bare soil / sand", "p_roof": 0.27, "dark_roof": false, "heat_zone": "elevated", "LST_C": 56.3, "new_since_2017": false, "street": "Ad Darsa'i 4 Street", "action": "" }, "geometry": { "type": "Polygon", "coordinates": [ [ [ 54.512667375537241, 24.352620607411229 ], [ 54.512676969709574, 24.352389766722421 ], [ 54.512794817949782, 24.35239383190433 ], [ 54.512785223465571, 24.352624680089129 ], [ 54.512667375537241, 24.352620607411229 ] ] ] } },
{ "type": "Feature", "properties": { "id": "B-07919", "area_m2": 1924.0, "surface_label": "Building / roof", "p_roof": 0.76, "dark_roof": false, "heat_zone": "lower", "LST_C": 50.8, "new_since_2017": false, "street": "Al Jammalah 3 Street", "action": "" }, "geometry": { "type": "Polygon", "coordinates": [ [ [ 54.51951072561581, 24.362229839160705 ], [ 54.51953907317111, 24.361465935603619 ], [ 54.519762830320118, 24.361472840397994 ], [ 54.519734424141475, 24.362236742104361 ], [ 54.51951072561581, 24.362229839160705 ] ] ] } },
{ "type": "Feature", "properties": { "id": "B-07953", "area_m2": 2675.0, "surface_label": "Road / dark pavement", "p_roof": 0.33, "dark_roof": true, "heat_zone": "lower", "LST_C": 53.200001, "new_since_2017": false, "street": "Al Jammalah 3 Street", "action": "" }, "geometry": { "type": "Polygon", "coordinates": [ [ [ 54.518535702472626, 24.363134410167742 ], [ 54.518544306383568, 24.362902556052671 ], [ 54.518785429651203, 24.362909981280538 ], [ 54.518784071138938, 24.362946589851138 ], [ 54.519401680309024, 24.362965608700176 ], [ 54.519403668673135, 24.362911916007544 ], [ 54.519442454741018, 24.362913110398175 ], [ 54.519440643391349, 24.362961921822073 ], [ 54.519668370921899, 24.362968934534038 ], [ 54.519670001136582, 24.362925004255814 ], [ 54.519694113463359, 24.36292574677849 ], [ 54.519685056715012, 24.363169803685253 ], [ 54.518535702472626, 24.363134410167742 ] ] ] } },
{ "type": "Feature", "properties": { "id": "B-07966", "area_m2": 180.0, "surface_label": "Building / roof", "p_roof": 0.95, "dark_roof": false, "heat_zone": "lower", "LST_C": 55.900002, "new_since_2017": false, "street": "Al Mazj 4 Street", "action": "" }, "geometry": { "type": "Polygon", "coordinates": [ [ [ 54.511912065067428, 24.367320106683138 ], [ 54.511916992776747, 24.367180984730755 ], [ 54.51203220782326, 24.367184370980468 ], [ 54.512027280113891, 24.367323492929145 ], [ 54.511912065067428, 24.367320106683138 ] ] ] } },
{ "type": "Feature", "properties": { "id": "B-07984", "area_m2": 5264.0, "surface_label": "Building / roof", "p_roof": 0.99, "dark_roof": false, "heat_zone": "extreme", "LST_C": 58.099998, "new_since_2017": false, "street": "Mohammed Bin Khalifa Al Kindi Street", "action": "Monitor / shade around" }, "geometry": { "type": "Polygon", "coordinates": [ [ [ 54.514754526304813, 24.347535666715228 ], [ 54.514765358614063, 24.347206978994208 ], [ 54.514816274576951, 24.347208375040523 ], [ 54.514815982806823, 24.3472172283129 ], [ 54.516225554002745, 24.347255786944324 ], [ 54.516215013570537, 24.347575618048243 ], [ 54.514754526304813, 24.347535666715228 ] ] ] } },
{ "type": "Feature", "properties": { "id": "B-07994", "area_m2": 601.0, "surface_label": "Building / roof", "p_roof": 0.82, "dark_roof": false, "heat_zone": "lower", "LST_C": 55.8, "new_since_2017": false, "street": "Ad Darsa'i 7 Street", "action": "" }, "geometry": { "type": "Polygon", "coordinates": [ [ [ 54.514410892303999, 24.351586730975676 ], [ 54.514417940701783, 24.351340096859129 ], [ 54.514635052064236, 24.35134526048304 ], [ 54.514627820049846, 24.351598319606619 ], [ 54.514515243582821, 24.351595649350617 ], [ 54.514517267383866, 24.351524833539404 ], [ 54.514503865423521, 24.351524515651594 ], [ 54.514502025468495, 24.351588898418555 ], [ 54.514410892303999, 24.351586730975676 ] ] ] } },
{ "type": "Feature", "properties": { "id": "B-08005", "area_m2": 314.0, "surface_label": "Building / roof", "p_roof": 0.54, "dark_roof": true, "heat_zone": "elevated", "LST_C": 56.5, "new_since_2017": false, "street": "Az Zakhrafah 2 Street", "action": "" }, "geometry": { "type": "Polygon", "coordinates": [ [ [ 54.514918828571687, 24.363998676069329 ], [ 54.51470593633109, 24.363992758189823 ], [ 54.514710321668346, 24.363861846200546 ], [ 54.514923223502343, 24.363867777926604 ], [ 54.514918828571687, 24.363998676069329 ] ] ] } },
{ "type": "Feature", "properties": { "id": "B-08041", "area_m2": 619.0, "surface_label": "Building / roof", "p_roof": 0.66, "dark_roof": true, "heat_zone": "lower", "LST_C": 55.8, "new_since_2017": false, "street": "Mohammed Bin Khalifa Al Kindi Street", "action": "" }, "geometry": { "type": "Polygon", "coordinates": [ [ [ 54.510124911063286, 24.345586863044698 ], [ 54.510130864287156, 24.345433101481856 ], [ 54.510488236969849, 24.345444586597083 ], [ 54.510482271948732, 24.345598347766835 ], [ 54.510124911063286, 24.345586863044698 ] ] ] } },
{ "type": "Feature", "properties": { "id": "B-08049", "area_m2": 761.0, "surface_label": "Building / roof", "p_roof": 0.94, "dark_roof": false, "heat_zone": "lower", "LST_C": 55.599998, "new_since_2017": false, "street": "Abu Al Hinna-a 7 Street", "action": "" }, "geometry": { "type": "Polygon", "coordinates": [ [ [ 54.507803935657016, 24.370221907514814 ], [ 54.507360696304517, 24.370204613804304 ], [ 54.507367848049554, 24.370052274335976 ], [ 54.507811100411928, 24.37006954031634 ], [ 54.507803935657016, 24.370221907514814 ] ] ] } },
{ "type": "Feature", "properties": { "id": "B-08067", "area_m2": 468.0, "surface_label": "Building / roof", "p_roof": 0.61, "dark_roof": true, "heat_zone": "lower", "LST_C": 55.599998, "new_since_2017": false, "street": "Ad Diman 6 Street", "action": "" }, "geometry": { "type": "Polygon", "coordinates": [ [ [ 54.518764559615505, 24.348185810518942 ], [ 54.518871734460419, 24.3481889882699 ], [ 54.518857869727498, 24.348577116120907 ], [ 54.518750694882584, 24.348573938379701 ], [ 54.518764559615505, 24.348185810518942 ] ] ] } },
{ "type": "Feature", "properties": { "id": "B-08068", "area_m2": 48.0, "surface_label": "Building / roof", "p_roof": 0.76, "dark_roof": false, "heat_zone": "lower", "LST_C": 53.3, "new_since_2017": false, "street": "Al 'Afou 1 Street", "action": "" }, "geometry": { "type": "Polygon", "coordinates": [ [ [ 54.509362268162135, 24.343656512023873 ], [ 54.50935785368295, 24.34374919929337 ], [ 54.509312341826586, 24.343747399985393 ], [ 54.509316756305779, 24.343654712714564 ], [ 54.509362268162135, 24.343656512023873 ] ] ] } },
{ "type": "Feature", "properties": { "id": "B-08070", "area_m2": 153.0, "surface_label": "Building / roof", "p_roof": 0.7, "dark_roof": true, "heat_zone": "lower", "LST_C": 55.8, "new_since_2017": false, "street": "Mohammed Bin Khalifa Al Kindi Street", "action": "" }, "geometry": { "type": "Polygon", "coordinates": [ [ [ 54.520157469527724, 24.347356206830682 ], [ 54.520055585555298, 24.347354368307123 ], [ 54.52005848035158, 24.347221215115407 ], [ 54.520160364465163, 24.347223047146894 ], [ 54.520157469527724, 24.347356206830682 ] ] ] } },
{ "type": "Feature", "properties": { "id": "B-08099", "area_m2": 1026.0, "surface_label": "Building / roof", "p_roof": 0.68, "dark_roof": false, "heat_zone": "lower", "LST_C": 55.8, "new_since_2017": false, "street": "Abu Al Hinna-a 7 Street", "action": "" }, "geometry": { "type": "Polygon", "coordinates": [ [ [ 54.508566069161802, 24.36942690078595 ], [ 54.508575771827438, 24.369143761113758 ], [ 54.508704392535122, 24.369147418306682 ], [ 54.508702719661756, 24.369196235535359 ], [ 54.5089396403866, 24.369202972121098 ], [ 54.508935843710027, 24.36931401435913 ], [ 54.50892935988211, 24.369313830412008 ], [ 54.508925135304182, 24.3694371104264 ], [ 54.508566069161802, 24.36942690078595 ] ] ] } },
{ "type": "Feature", "properties": { "id": "B-08112", "area_m2": 642.0, "surface_label": "Building / roof", "p_roof": 0.77, "dark_roof": true, "heat_zone": "elevated", "LST_C": 56.0, "new_since_2017": false, "street": "Al Marmoumiyah 5 Street", "action": "" }, "geometry": { "type": "Polygon", "coordinates": [ [ [ 54.512662316259402, 24.369870078723171 ], [ 54.512667745685071, 24.369745670730822 ], [ 54.512639444911869, 24.369744645912942 ], [ 54.512645502426913, 24.36960560115401 ], [ 54.512877340108766, 24.369613996389514 ], [ 54.512871271927132, 24.369753040752979 ], [ 54.512867073578072, 24.369752888723813 ], [ 54.512861653696199, 24.369877297054643 ], [ 54.512662316259402, 24.369870078723171 ] ] ] } },
{ "type": "Feature", "properties": { "id": "B-08121", "area_m2": 497.0, "surface_label": "Building / roof", "p_roof": 0.33, "dark_roof": true, "heat_zone": "elevated", "LST_C": 56.900002, "new_since_2017": false, "street": "Al Mazj 2 Street", "action": "" }, "geometry": { "type": "Polygon", "coordinates": [ [ [ 54.514978877773139, 24.368305413613978 ], [ 54.514982646459018, 24.368146676085367 ], [ 54.515103289439068, 24.368149052740023 ], [ 54.515097027622602, 24.368412801134639 ], [ 54.514858422617564, 24.368408100649674 ], [ 54.514860915748194, 24.368303089776756 ], [ 54.514978877773139, 24.368305413613978 ] ] ] } },
{ "type": "Feature", "properties": { "id": "B-08149", "area_m2": 113.0, "surface_label": "Building / roof", "p_roof": 0.84, "dark_roof": true, "heat_zone": "elevated", "LST_C": 56.0, "new_since_2017": false, "street": "Al Mazj 3 Street", "action": "" }, "geometry": { "type": "Polygon", "coordinates": [ [ [ 54.512883721217577, 24.366903857573714 ], [ 54.512880715735385, 24.367013737071982 ], [ 54.512789577208387, 24.367011668543807 ], [ 54.512792582690565, 24.366901789043741 ], [ 54.512883721217577, 24.366903857573714 ] ] ] } },
{ "type": "Feature", "properties": { "id": "B-08177", "area_m2": 78.0, "surface_label": "Road / dark pavement", "p_roof": 0.51, "dark_roof": true, "heat_zone": "elevated", "LST_C": 56.400002, "new_since_2017": false, "street": "Abu Al Hinna-a 7 Street", "action": "" }, "geometry": { "type": "Polygon", "coordinates": [ [ [ 54.510000341398381, 24.369499877703625 ], [ 54.509913639813668, 24.369495477821811 ], [ 54.509918486087216, 24.369416238857568 ], [ 54.510005181938993, 24.36942063292409 ], [ 54.510000341398381, 24.369499877703625 ] ] ] } },
{ "type": "Feature", "properties": { "id": "B-08185", "area_m2": 416.0, "surface_label": "Building / roof", "p_roof": 0.95, "dark_roof": false, "heat_zone": "elevated", "LST_C": 56.0, "new_since_2017": false, "street": "Al Hiraf 4 Street", "action": "" }, "geometry": { "type": "Polygon", "coordinates": [ [ [ 54.508178322463216, 24.366622341625899 ], [ 54.508173716986654, 24.366773709179554 ], [ 54.507929823313837, 24.366767551657301 ], [ 54.507934428790399, 24.366616184096269 ], [ 54.508178322463216, 24.366622341625899 ] ] ] } },
{ "type": "Feature", "properties": { "id": "B-08188", "area_m2": 436.0, "surface_label": "Building / roof", "p_roof": 0.92, "dark_roof": false, "heat_zone": "lower", "LST_C": 55.200001, "new_since_2017": false, "street": "Ad Diman 6 Street", "action": "" }, "geometry": { "type": "Polygon", "coordinates": [ [ [ 54.519698422471464, 24.350510142684087 ], [ 54.519718158222624, 24.350173886845187 ], [ 54.51983316438514, 24.350179489342878 ], [ 54.519813428634023, 24.35051574516692 ], [ 54.519698422471464, 24.350510142684087 ] ] ] } },
{ "type": "Feature", "properties": { "id": "B-08219", "area_m2": 360.0, "surface_label": "Building / roof", "p_roof": 0.91, "dark_roof": false, "heat_zone": "lower", "LST_C": 55.3, "new_since_2017": false, "street": "Al Hiraf Street", "action": "" }, "geometry": { "type": "Polygon", "coordinates": [ [ [ 54.507659601229925, 24.368978966550017 ], [ 54.50793816332304, 24.368988432231756 ], [ 54.507933467169337, 24.369103105036899 ], [ 54.507654905076222, 24.369093639363722 ], [ 54.507659601229925, 24.368978966550017 ] ] ] } },
{ "type": "Feature", "properties": { "id": "B-08222", "area_m2": 703.0, "surface_label": "Building / roof", "p_roof": 0.63, "dark_roof": false, "heat_zone": "lower", "LST_C": 55.400002, "new_since_2017": false, "street": "Al Jammalah 3 Street", "action": "" }, "geometry": { "type": "Polygon", "coordinates": [ [ [ 54.518233919225551, 24.363867759532194 ], [ 54.5182418799169, 24.363602764579994 ], [ 54.518477737681707, 24.363608644183909 ], [ 54.518469777441751, 24.363873624097717 ], [ 54.518233919225551, 24.363867759532194 ] ] ] } },
{ "type": "Feature", "properties": { "id": "B-08234", "area_m2": 229.0, "surface_label": "Building / roof", "p_roof": 0.35, "dark_roof": true, "heat_zone": "elevated", "LST_C": 56.200001, "new_since_2017": false, "street": "Al Mazj 1 Street", "action": "" }, "geometry": { "type": "Polygon", "coordinates": [ [ [ 54.513597573140586, 24.367252288814271 ], [ 54.513594358667653, 24.367352377461327 ], [ 54.513390685101406, 24.367346949718893 ], [ 54.513393899574332, 24.367246861067528 ], [ 54.513597573140586, 24.367252288814271 ] ] ] } },
{ "type": "Feature", "properties": { "id": "B-08245", "area_m2": 688.0, "surface_label": "Building / roof", "p_roof": 0.9, "dark_roof": false, "heat_zone": "lower", "LST_C": 55.8, "new_since_2017": false, "street": "Al Marmoumiyah 4 Street", "action": "" }, "geometry": { "type": "Polygon", "coordinates": [ [ [ 54.511691972528872, 24.37007078603671 ], [ 54.511697009841001, 24.369848547662457 ], [ 54.511971992568149, 24.369853736819564 ], [ 54.511966938187676, 24.370075974862615 ], [ 54.511691972528872, 24.37007078603671 ] ] ] } },
{ "type": "Feature", "properties": { "id": "B-08251", "area_m2": 8463.0, "surface_label": "Building / roof", "p_roof": 0.8, "dark_roof": false, "heat_zone": "elevated", "LST_C": 56.8, "new_since_2017": false, "street": "Al Hayal Street", "action": "" }, "geometry": { "type": "Polygon", "coordinates": [ [ [ 54.509870766095453, 24.351108100895338 ], [ 54.509831185993185, 24.352253005596751 ], [ 54.509174694532703, 24.352234210890249 ], [ 54.509214274634942, 24.351089306018839 ], [ 54.509870766095453, 24.351108100895338 ] ] ] } },
{ "type": "Feature", "properties": { "id": "B-08277", "area_m2": 1009.0, "surface_label": "Building / roof", "p_roof": 1.0, "dark_roof": false, "heat_zone": "lower", "LST_C": 55.200001, "new_since_2017": false, "street": "Abu Al Hinna-a 1 Street", "action": "" }, "geometry": { "type": "Polygon", "coordinates": [ [ [ 54.507679246432232, 24.371532042647306 ], [ 54.507674023700787, 24.371800709147756 ], [ 54.50734021849555, 24.371795303847435 ], [ 54.507345461863686, 24.371526637669668 ], [ 54.507679246432232, 24.371532042647306 ] ] ] } },
{ "type": "Feature", "properties": { "id": "B-08280", "area_m2": 496.0, "surface_label": "Building / roof", "p_roof": 0.81, "dark_roof": false, "heat_zone": "lower", "LST_C": 55.200001, "new_since_2017": false, "street": "Al Marmoumiyah 4 Street", "action": "" }, "geometry": { "type": "Polygon", "coordinates": [ [ [ 54.511837737945534, 24.371615061596795 ], [ 54.511834054807458, 24.371705335006475 ], [ 54.511776435092457, 24.371703384448068 ], [ 54.511775300544805, 24.371731244572079 ], [ 54.511577089809656, 24.371724547325467 ], [ 54.511587124899258, 24.371478123921655 ], [ 54.511707658454434, 24.371482196579628 ], [ 54.511702434325265, 24.371610481258216 ], [ 54.511837737945534, 24.371615061596795 ] ] ] } },
{ "type": "Feature", "properties": { "id": "B-08301", "area_m2": 2008.0, "surface_label": "Building / roof", "p_roof": 0.78, "dark_roof": false, "heat_zone": "lower", "LST_C": 50.400002, "new_since_2017": false, "street": "Al Kawakib Street", "action": "" }, "geometry": { "type": "Polygon", "coordinates": [ [ [ 54.520875913249547, 24.361761454874255 ], [ 54.520886204820428, 24.361510135921961 ], [ 54.520971916233712, 24.361513048611439 ], [ 54.520969917870438, 24.361561848445945 ], [ 54.521743999071504, 24.361588153659671 ], [ 54.521735705863854, 24.361790672729562 ], [ 54.520875913249547, 24.361761454874255 ] ] ] } },
{ "type": "Feature", "properties": { "id": "B-08306", "area_m2": 141.0, "surface_label": "Building / roof", "p_roof": 0.8, "dark_roof": false, "heat_zone": "lower", "LST_C": 53.700001, "new_since_2017": false, "street": "Al Hayal Street", "action": "" }, "geometry": { "type": "Polygon", "coordinates": [ [ [ 54.510877192413062, 24.342143539207381 ], [ 54.510876040935663, 24.342189946951809 ], [ 54.51060527619908, 24.34218437009822 ], [ 54.510606427676464, 24.342137962351742 ], [ 54.510877192413062, 24.342143539207381 ] ] ] } },
{ "type": "Feature", "properties": { "id": "B-08315", "area_m2": 1541.0, "surface_label": "Building / roof", "p_roof": 0.57, "dark_roof": false, "heat_zone": "lower", "LST_C": 55.900002, "new_since_2017": false, "street": "Al Mazj 4 Street", "action": "" }, "geometry": { "type": "Polygon", "coordinates": [ [ [ 54.511850803396335, 24.366329572620536 ], [ 54.511860685681768, 24.366066004614193 ], [ 54.51186604383652, 24.366066171660464 ], [ 54.511876109127243, 24.365797722200991 ], [ 54.511992365685543, 24.365801346632718 ], [ 54.511990806956717, 24.36584283421324 ], [ 54.51217030471178, 24.365848430259859 ], [ 54.512161319098723, 24.366087593683382 ], [ 54.512010256501853, 24.366082884144035 ], [ 54.512006138882924, 24.366192704198788 ], [ 54.51210258566865, 24.366195711028723 ], [ 54.512104195171695, 24.366152784359905 ], [ 54.512157776847232, 24.366154451409436 ], [ 54.512150860062967, 24.366338927192231 ], [ 54.511850803396335, 24.366329572620536 ] ] ] } },
{ "type": "Feature", "properties": { "id": "B-08320", "area_m2": 1615.0, "surface_label": "Building / roof", "p_roof": 0.89, "dark_roof": false, "heat_zone": "lower", "LST_C": 55.599998, "new_since_2017": false, "street": "Ad Diman 6 Street", "action": "" }, "geometry": { "type": "Polygon", "coordinates": [ [ [ 54.521539637745676, 24.349763807519675 ], [ 54.521518246369283, 24.350221034835844 ], [ 54.521208867006472, 24.350209040892153 ], [ 54.521232564498881, 24.349701688546926 ], [ 54.521268892765406, 24.349703096917992 ], [ 54.521266548557008, 24.34975320301346 ], [ 54.521539637745676, 24.349763807519675 ] ] ] } },
{ "type": "Feature", "properties": { "id": "B-08349", "area_m2": 509.0, "surface_label": "Building / roof", "p_roof": 0.86, "dark_roof": false, "heat_zone": "lower", "LST_C": 55.400002, "new_since_2017": false, "street": "Al Hiraf 6 Street", "action": "" }, "geometry": { "type": "Polygon", "coordinates": [ [ [ 54.506804987272403, 24.364875080042395 ], [ 54.506814343608752, 24.364550340798473 ], [ 54.50695372272336, 24.364553664233465 ], [ 54.506944366387017, 24.364878403468875 ], [ 54.506804987272403, 24.364875080042395 ] ] ] } },
{ "type": "Feature", "properties": { "id": "B-08355", "area_m2": 1353.0, "surface_label": "Building / roof", "p_roof": 1.0, "dark_roof": false, "heat_zone": "lower", "LST_C": 55.700001, "new_since_2017": false, "street": "Al Hayal Street", "action": "" }, "geometry": { "type": "Polygon", "coordinates": [ [ [ 54.510583377181433, 24.364781314713255 ], [ 54.510592869172626, 24.364499253295918 ], [ 54.511018940012399, 24.364511151296089 ], [ 54.511009447107895, 24.364793239825612 ], [ 54.510583377181433, 24.364781314713255 ] ] ] } },
{ "type": "Feature", "properties": { "id": "B-08365", "area_m2": 310.0, "surface_label": "Building / roof", "p_roof": 0.69, "dark_roof": false, "heat_zone": "lower", "LST_C": 55.599998, "new_since_2017": false, "street": "Al Hayal Street", "action": "" }, "geometry": { "type": "Polygon", "coordinates": [ [ [ 54.512014236647943, 24.364971097917078 ], [ 54.512006436722558, 24.365234784842528 ], [ 54.511901906467266, 24.365232219069195 ], [ 54.511909706392657, 24.364968532138377 ], [ 54.512014236647943, 24.364971097917078 ] ] ] } },
{ "type": "Feature", "properties": { "id": "B-08370", "area_m2": 38.0, "surface_label": "Bare soil / sand", "p_roof": 0.01, "dark_roof": true, "heat_zone": "extreme", "LST_C": 58.200001, "new_since_2017": true, "street": "Mohammed Bin Khalifa Al Kindi Street", "action": "Cool-roof candidate" }, "geometry": { "type": "Polygon", "coordinates": [ [ [ 54.50790073770424, 24.347097518389816 ], [ 54.507833724315361, 24.347095992906091 ], [ 54.507835095866795, 24.347045982010659 ], [ 54.507902109372772, 24.347047503224587 ], [ 54.50790073770424, 24.347097518389816 ] ] ] } },
{ "type": "Feature", "properties": { "id": "B-08378", "area_m2": 2480.0, "surface_label": "Building / roof", "p_roof": 0.79, "dark_roof": false, "heat_zone": "lower", "LST_C": 50.700001, "new_since_2017": false, "street": "Al Jammalah 3 Street", "action": "" }, "geometry": { "type": "Polygon", "coordinates": [ [ [ 54.520453899074433, 24.36251730753413 ], [ 54.520469339393443, 24.362224779300888 ], [ 54.520731589578531, 24.362236266083318 ], [ 54.520747801913487, 24.361929110738412 ], [ 54.520878927006073, 24.361934854143207 ], [ 54.520878798336717, 24.361937291886846 ], [ 54.52093231878267, 24.361939636133574 ], [ 54.520924083945857, 24.362095651627058 ], [ 54.520886619633686, 24.362094010656385 ], [ 54.520875168063753, 24.362310969385064 ], [ 54.521094601892102, 24.362320580767967 ], [ 54.521082764314187, 24.362544852304136 ], [ 54.520453899074433, 24.36251730753413 ] ] ] } },
{ "type": "Feature", "properties": { "id": "B-08391", "area_m2": 1361.0, "surface_label": "Building / roof", "p_roof": 0.98, "dark_roof": false, "heat_zone": "lower", "LST_C": 55.900002, "new_since_2017": false, "street": "Al Hiraf Street", "action": "" }, "geometry": { "type": "Polygon", "coordinates": [ [ [ 54.506558375322946, 24.367812493604447 ], [ 54.506546062427162, 24.368112594995043 ], [ 54.506143262418654, 24.368098856190656 ], [ 54.506155598340015, 24.367798755552815 ], [ 54.506558375322946, 24.367812493604447 ] ] ] } },
{ "type": "Feature", "properties": { "id": "B-08412", "area_m2": 22.0, "surface_label": "Road / dark pavement", "p_roof": 0.32, "dark_roof": true, "heat_zone": "elevated", "LST_C": 56.3, "new_since_2017": false, "street": "Az Zakhrafah 2 Street", "action": "" }, "geometry": { "type": "Polygon", "coordinates": [ [ [ 54.513649495634205, 24.363890732084013 ], [ 54.51371653665187, 24.363889843038304 ], [ 54.513717005113172, 24.363919156923757 ], [ 54.513649964095514, 24.363920045969248 ], [ 54.513649495634205, 24.363890732084013 ] ] ] } },
{ "type": "Feature", "properties": { "id": "B-08420", "area_m2": 923.0, "surface_label": "Building / roof", "p_roof": 0.71, "dark_roof": false, "heat_zone": "lower", "LST_C": 55.900002, "new_since_2017": false, "street": "Al Hiraf 4 Street", "action": "" }, "geometry": { "type": "Polygon", "coordinates": [ [ [ 54.508152528683432, 24.366608506126031 ], [ 54.507939208645148, 24.366601706069932 ], [ 54.507953972131183, 24.36621740348437 ], [ 54.508167263199226, 24.366224189039325 ], [ 54.508152528683432, 24.366608506126031 ] ] ] } },
{ "type": "Feature", "properties": { "id": "B-08454", "area_m2": 58.0, "surface_label": "Building / roof", "p_roof": 0.66, "dark_roof": true, "heat_zone": "elevated", "LST_C": 56.099998, "new_since_2017": false, "street": "Al Mazj 5 Street", "action": "" }, "geometry": { "type": "Polygon", "coordinates": [ [ [ 54.513796214553977, 24.365316384753243 ], [ 54.513802306145813, 24.365270634820646 ], [ 54.513913325670906, 24.365282901113432 ], [ 54.51390723407907, 24.365328651041573 ], [ 54.513796214553977, 24.365316384753243 ] ] ] } },
{ "type": "Feature", "properties": { "id": "B-08500", "area_m2": 104.0, "surface_label": "Road / dark pavement", "p_roof": 0.22, "dark_roof": true, "heat_zone": "lower", "LST_C": 55.700001, "new_since_2017": false, "street": "Al Hiraf 2 Street", "action": "" }, "geometry": { "type": "Polygon", "coordinates": [ [ [ 54.510034786595753, 24.365827183084317 ], [ 54.509906076425871, 24.3658291360892 ], [ 54.509904751793627, 24.365756999777656 ], [ 54.510033461812874, 24.365755038568068 ], [ 54.510034786595753, 24.365827183084317 ] ] ] } },
{ "type": "Feature", "properties": { "id": "B-08508", "area_m2": 159.0, "surface_label": "Building / roof", "p_roof": 0.68, "dark_roof": true, "heat_zone": "lower", "LST_C": 53.3, "new_since_2017": false, "street": "Al 'Afou 1 Street", "action": "" }, "geometry": { "type": "Polygon", "coordinates": [ [ [ 54.508959017096153, 24.342181838918506 ], [ 54.508966641620084, 24.342024541656556 ], [ 54.509056315826989, 24.342028149868778 ], [ 54.509048703639067, 24.342185441903577 ], [ 54.508959017096153, 24.342181838918506 ] ] ] } },
{ "type": "Feature", "properties": { "id": "B-08535", "area_m2": 1163.0, "surface_label": "Building / roof", "p_roof": 0.94, "dark_roof": false, "heat_zone": "lower", "LST_C": 56.0, "new_since_2017": false, "street": "Al Hiraf 4 Street", "action": "" }, "geometry": { "type": "Polygon", "coordinates": [ [ [ 54.508985186769465, 24.366372861745571 ], [ 54.508991069684939, 24.366226460190031 ], [ 54.50938214820934, 24.366239500195473 ], [ 54.509366264337523, 24.366634783965839 ], [ 54.509181439555448, 24.366628621242956 ], [ 54.509191440511785, 24.366379739000916 ], [ 54.508985186769465, 24.366372861745571 ] ] ] } },
{ "type": "Feature", "properties": { "id": "B-08560", "area_m2": 1246.0, "surface_label": "Building / roof", "p_roof": 0.7, "dark_roof": true, "heat_zone": "lower", "LST_C": 54.900002, "new_since_2017": false, "street": "Al Hayal Street", "action": "" }, "geometry": { "type": "Polygon", "coordinates": [ [ [ 54.511320294406715, 24.347343336000108 ], [ 54.511318614065246, 24.347383767516416 ], [ 54.511358789495354, 24.347385155986789 ], [ 54.511351849786145, 24.347552135578887 ], [ 54.510810819228787, 24.347533471983496 ], [ 54.510819439385777, 24.347326058286853 ], [ 54.511320294406715, 24.347343336000108 ] ] ] } },
{ "type": "Feature", "properties": { "id": "B-08572", "area_m2": 173.0, "surface_label": "Building / roof", "p_roof": 0.49, "dark_roof": false, "heat_zone": "lower", "LST_C": 54.3, "new_since_2017": false, "street": "Al Jammalah 1 Street", "action": "" }, "geometry": { "type": "Polygon", "coordinates": [ [ [ 54.519183014844486, 24.364169171912156 ], [ 54.519408092151281, 24.36417570114709 ], [ 54.519405702962835, 24.364244045235917 ], [ 54.519180625656006, 24.364237516004511 ], [ 54.519183014844486, 24.364169171912156 ] ] ] } },
{ "type": "Feature", "properties": { "id": "B-08577", "area_m2": 533.0, "surface_label": "Building / roof", "p_roof": 0.74, "dark_roof": false, "heat_zone": "elevated", "LST_C": 56.099998, "new_since_2017": false, "street": "Al Hiraf 4 Street", "action": "" }, "geometry": { "type": "Polygon", "coordinates": [ [ [ 54.509329043271933, 24.366806172092652 ], [ 54.508986145487526, 24.366795175887532 ], [ 54.508991474721384, 24.366657280385947 ], [ 54.509334373349631, 24.366668254768751 ], [ 54.509329043271933, 24.366806172092652 ] ] ] } },
{ "type": "Feature", "properties": { "id": "B-08583", "area_m2": 75.0, "surface_label": "Road / dark pavement", "p_roof": 0.45, "dark_roof": true, "heat_zone": "lower", "LST_C": 55.599998, "new_since_2017": false, "street": "Al Hiraf 2 Street", "action": "" }, "geometry": { "type": "Polygon", "coordinates": [ [ [ 54.510610080992244, 24.365526998716938 ], [ 54.510526985852387, 24.365528916496714 ], [ 54.510524744732976, 24.36544833896086 ], [ 54.510607839872826, 24.365446421179879 ], [ 54.510610080992244, 24.365526998716938 ] ] ] } },
{ "type": "Feature", "properties": { "id": "B-08612", "area_m2": 2228.0, "surface_label": "Building / roof", "p_roof": 0.73, "dark_roof": true, "heat_zone": "elevated", "LST_C": 56.3, "new_since_2017": false, "street": "Al Marmoumiyah 5 Street", "action": "" }, "geometry": { "type": "Polygon", "coordinates": [ [ [ 54.513825118819241, 24.369644271409122 ], [ 54.514716825038583, 24.369677243777033 ], [ 54.514710737774536, 24.369813839495627 ], [ 54.514678604217075, 24.369812651303622 ], [ 54.514675234481629, 24.36988826672799 ], [ 54.51445565517237, 24.369880147420513 ], [ 54.514459024907822, 24.369804531991278 ], [ 54.514477769482994, 24.369805225103349 ], [ 54.514480921816187, 24.369734488048383 ], [ 54.514422010294169, 24.369732309694982 ], [ 54.514417988351866, 24.369822560414892 ], [ 54.514375143608596, 24.369820976158977 ], [ 54.514369817252522, 24.369940497285011 ], [ 54.514126137775165, 24.369931486837714 ], [ 54.514133746855251, 24.369760742325219 ], [ 54.514074835333226, 24.369758563972283 ], [ 54.514067117552017, 24.369931747693443 ], [ 54.513842182649867, 24.369923430356906 ], [ 54.513850226534508, 24.369742928996672 ], [ 54.513820770773521, 24.369741839820051 ], [ 54.513825118819241, 24.369644271409122 ] ] ] } },
{ "type": "Feature", "properties": { "id": "B-08654", "area_m2": 26.0, "surface_label": "Building / roof", "p_roof": 0.51, "dark_roof": true, "heat_zone": "lower", "LST_C": 55.599998, "new_since_2017": false, "street": "Al Hiraf 4 Street", "action": "" }, "geometry": { "type": "Polygon", "coordinates": [ [ [ 54.508252205497186, 24.365947233246299 ], [ 54.508209463910838, 24.365944750787122 ], [ 54.508213211053878, 24.365891215766499 ], [ 54.508255952640219, 24.365893698226728 ], [ 54.508252205497186, 24.365947233246299 ] ] ] } },
{ "type": "Feature", "properties": { "id": "B-08670", "area_m2": 600.0, "surface_label": "Building / roof", "p_roof": 0.57, "dark_roof": true, "heat_zone": "elevated", "LST_C": 56.3, "new_since_2017": false, "street": "Al Hiraf Street", "action": "" }, "geometry": { "type": "Polygon", "coordinates": [ [ [ 54.513029587378043, 24.368077363390412 ], [ 54.51327332025452, 24.368085754388925 ], [ 54.513263906172284, 24.368312653334414 ], [ 54.513041600361845, 24.368305000019841 ], [ 54.513045548202783, 24.368209848892963 ], [ 54.513024121136738, 24.368209111223507 ], [ 54.513029587378043, 24.368077363390412 ] ] ] } },
{ "type": "Feature", "properties": { "id": "B-08677", "area_m2": 662.0, "surface_label": "Building / roof", "p_roof": 0.81, "dark_roof": false, "heat_zone": "elevated", "LST_C": 56.099998, "new_since_2017": false, "street": "Al Hiraf 2 Street", "action": "" }, "geometry": { "type": "Polygon", "coordinates": [ [ [ 54.509866515505095, 24.366707565684493 ], [ 54.509860559042728, 24.366912658109641 ], [ 54.509573763408568, 24.366905746580716 ], [ 54.50957971987097, 24.366700654144335 ], [ 54.509866515505095, 24.366707565684493 ] ] ] } },
{ "type": "Feature", "properties": { "id": "B-08694", "area_m2": 954.0, "surface_label": "Building / roof", "p_roof": 0.61, "dark_roof": true, "heat_zone": "lower", "LST_C": 55.900002, "new_since_2017": false, "street": "Al Hiraf 6 Street", "action": "" }, "geometry": { "type": "Polygon", "coordinates": [ [ [ 54.506447921994223, 24.366407960866852 ], [ 54.50645374061061, 24.366147716354728 ], [ 54.50682373198071, 24.366154580666191 ], [ 54.50682160237762, 24.366249829743737 ], [ 54.50675189385862, 24.366248536468671 ], [ 54.50674820527319, 24.366413512754306 ], [ 54.506447921994223, 24.366407960866852 ] ] ] } },
{ "type": "Feature", "properties": { "id": "B-08714", "area_m2": 1058.0, "surface_label": "Building / roof", "p_roof": 0.77, "dark_roof": false, "heat_zone": "lower", "LST_C": 55.5, "new_since_2017": false, "street": "Abu Al Hinna-a 7 Street", "action": "" }, "geometry": { "type": "Polygon", "coordinates": [ [ [ 54.508485761215027, 24.369124015085788 ], [ 54.508472925420008, 24.369422866645028 ], [ 54.508123223479878, 24.369410426271319 ], [ 54.508128506785035, 24.369287196455943 ], [ 54.508188981373053, 24.369289351649869 ], [ 54.508196525365243, 24.369113707282139 ], [ 54.508485761215027, 24.369124015085788 ] ] ] } },
{ "type": "Feature", "properties": { "id": "B-08730", "area_m2": 339.0, "surface_label": "Building / roof", "p_roof": 0.85, "dark_roof": false, "heat_zone": "elevated", "LST_C": 56.099998, "new_since_2017": false, "street": "Ad Darsa'i 2 Street", "action": "" }, "geometry": { "type": "Polygon", "coordinates": [ [ [ 54.516467789615596, 24.35226999790482 ], [ 54.516460744479204, 24.352476076060707 ], [ 54.516325452666088, 24.352472237301566 ], [ 54.516333314385122, 24.352241755219211 ], [ 54.516423070717167, 24.352244296239849 ], [ 54.516422236150476, 24.352268708276885 ], [ 54.516467789615596, 24.35226999790482 ] ] ] } },
{ "type": "Feature", "properties": { "id": "B-08796", "area_m2": 203.0, "surface_label": "Building / roof", "p_roof": 0.6, "dark_roof": false, "heat_zone": "lower", "LST_C": 55.900002, "new_since_2017": false, "street": "Abu Al Hinna-a 4 Street", "action": "" }, "geometry": { "type": "Polygon", "coordinates": [ [ [ 54.508496860711674, 24.370253537937316 ], [ 54.508499571753461, 24.370136315401531 ], [ 54.508653578440395, 24.370139270723381 ], [ 54.508650876401397, 24.370256493429181 ], [ 54.508496860711674, 24.370253537937316 ] ] ] } },
{ "type": "Feature", "properties": { "id": "B-08801", "area_m2": 2129.0, "surface_label": "Building / roof", "p_roof": 0.99, "dark_roof": false, "heat_zone": "elevated", "LST_C": 56.0, "new_since_2017": false, "street": "Mohammed Bin Khalifa Al Kindi Street", "action": "" }, "geometry": { "type": "Polygon", "coordinates": [ [ [ 54.521498339665079, 24.348390589010251 ], [ 54.521490135971675, 24.348661626247402 ], [ 54.521491740085317, 24.348661666649562 ], [ 54.521487557287486, 24.348799509687431 ], [ 54.521023888602521, 24.348787861028011 ], [ 54.521036296795835, 24.348378951696834 ], [ 54.521498339665079, 24.348390589010251 ] ] ] } },
{ "type": "Feature", "properties": { "id": "B-08802", "area_m2": 49.0, "surface_label": "Building / roof", "p_roof": 0.26, "dark_roof": true, "heat_zone": "elevated", "LST_C": 56.3, "new_since_2017": false, "street": "Al Hiraf 1 Street", "action": "" }, "geometry": { "type": "Polygon", "coordinates": [ [ [ 54.506729710308747, 24.367113767698388 ], [ 54.506834197058033, 24.367116985190098 ], [ 54.506832657410826, 24.367158473522974 ], [ 54.506728170661496, 24.367155256032301 ], [ 54.506729710308747, 24.367113767698388 ] ] ] } },
{ "type": "Feature", "properties": { "id": "B-08811", "area_m2": 1567.0, "surface_label": "Building / roof", "p_roof": 0.95, "dark_roof": false, "heat_zone": "lower", "LST_C": 55.3, "new_since_2017": false, "street": "Al Hiraf 8 Street", "action": "" }, "geometry": { "type": "Polygon", "coordinates": [ [ [ 54.506253813773846, 24.364538024689335 ], [ 54.50625080661284, 24.364638126185181 ], [ 54.506286795148114, 24.364639023321701 ], [ 54.506291795380783, 24.364473001604225 ], [ 54.506490129939799, 24.36447794577316 ], [ 54.506486600363772, 24.364595137591746 ], [ 54.506504212496679, 24.36459557663413 ], [ 54.506501832915305, 24.364674787413815 ], [ 54.506484214734876, 24.364674347097687 ], [ 54.506478952949109, 24.364849052826315 ], [ 54.506110635506488, 24.364839871277933 ], [ 54.506109902052586, 24.364864286225988 ], [ 54.506061658418858, 24.364863083591686 ], [ 54.506071560046493, 24.364533481392424 ], [ 54.506253813773846, 24.364538024689335 ] ] ] } },
{ "type": "Feature", "properties": { "id": "B-08839", "area_m2": 287.0, "surface_label": "Building / roof", "p_roof": 0.74, "dark_roof": false, "heat_zone": "lower", "LST_C": 55.599998, "new_since_2017": false, "street": "Ad Darsa'i 5 Street", "action": "" }, "geometry": { "type": "Polygon", "coordinates": [ [ [ 54.514697337975868, 24.351902922910185 ], [ 54.514703737068274, 24.351777666163258 ], [ 54.514907144330714, 24.35178629097868 ], [ 54.514900744577147, 24.351911560658635 ], [ 54.514697337975868, 24.351902922910185 ] ] ] } },
{ "type": "Feature", "properties": { "id": "B-08890", "area_m2": 432.0, "surface_label": "Building / roof", "p_roof": 0.78, "dark_roof": false, "heat_zone": "elevated", "LST_C": 56.099998, "new_since_2017": false, "street": "Al Hayal Street", "action": "" }, "geometry": { "type": "Polygon", "coordinates": [ [ [ 54.510686587128944, 24.368173878226965 ], [ 54.510699129414313, 24.367763728293099 ], [ 54.510814374979283, 24.367766652540741 ], [ 54.510811056943595, 24.3678751569864 ], [ 54.510781575462545, 24.367874410801772 ], [ 54.51077235127034, 24.368176054404216 ], [ 54.510686587128944, 24.368173878226965 ] ] ] } },
{ "type": "Feature", "properties": { "id": "B-08894", "area_m2": 287.0, "surface_label": "Road / dark pavement", "p_roof": 0.33, "dark_roof": true, "heat_zone": "elevated", "LST_C": 56.0, "new_since_2017": false, "street": "Al Mazj 2 Street", "action": "" }, "geometry": { "type": "Polygon", "coordinates": [ [ [ 54.515676972267627, 24.365679134320484 ], [ 54.51558316700887, 24.365676766022236 ], [ 54.515591441565356, 24.365404804843148 ], [ 54.515685247005962, 24.365407167170499 ], [ 54.515676972267627, 24.365679134320484 ] ] ] } },
{ "type": "Feature", "properties": { "id": "B-08898", "area_m2": 237.0, "surface_label": "Building / roof", "p_roof": 0.7, "dark_roof": true, "heat_zone": "lower", "LST_C": 55.200001, "new_since_2017": false, "street": "Al Hayal Street", "action": "" }, "geometry": { "type": "Polygon", "coordinates": [ [ [ 54.511572684458251, 24.371759534031245 ], [ 54.511666513525213, 24.371761472128419 ], [ 54.511660920706412, 24.371986129860705 ], [ 54.511567091639449, 24.371984191767002 ], [ 54.511572684458251, 24.371759534031245 ] ] ] } },
{ "type": "Feature", "properties": { "id": "B-08909", "area_m2": 100.0, "surface_label": "Building / roof", "p_roof": 0.37, "dark_roof": false, "heat_zone": "elevated", "LST_C": 56.099998, "new_since_2017": false, "street": "Ad Darsa'i 5 Street", "action": "" }, "geometry": { "type": "Polygon", "coordinates": [ [ [ 54.513392283089587, 24.352397612866 ], [ 54.513314524974959, 24.352398906900405 ], [ 54.513312222925492, 24.352284097667948 ], [ 54.513389981040113, 24.352282803632356 ], [ 54.513392283089587, 24.352397612866 ] ] ] } },
{ "type": "Feature", "properties": { "id": "B-08911", "area_m2": 31970.0, "surface_label": "Building / roof", "p_roof": 0.64, "dark_roof": false, "heat_zone": "high", "LST_C": 57.3, "new_since_2017": false, "street": "Al Hiraf Street", "action": "Monitor / shade around" }, "geometry": { "type": "Polygon", "coordinates": [ [ [ 54.516769383484522, 24.367111984319376 ], [ 54.517308299051962, 24.367121638960413 ], [ 54.517301444123902, 24.367439142071962 ], [ 54.517459633270562, 24.367441976014046 ], [ 54.517462691623095, 24.367300320881309 ], [ 54.518179536145716, 24.367313163089936 ], [ 54.518175963246456, 24.367479241717042 ], [ 54.518333168033045, 24.367482058023569 ], [ 54.518336356399061, 24.367334381038798 ], [ 54.518578635776855, 24.36733870600591 ], [ 54.518575458420806, 24.36748639862914 ], [ 54.518724619141771, 24.367489070826949 ], [ 54.518727730224526, 24.367344973416593 ], [ 54.51896099218655, 24.367349152283442 ], [ 54.518941007434698, 24.368274792080371 ], [ 54.519072384861595, 24.368277145677748 ], [ 54.519064528059424, 24.368641049699317 ], [ 54.517864434953736, 24.368619550358389 ], [ 54.517865380721197, 24.368575588786399 ], [ 54.517952790832666, 24.368577154715378 ], [ 54.517956132225308, 24.368422391262374 ], [ 54.517768944751673, 24.368537911092446 ], [ 54.517818144329361, 24.368604061570966 ], [ 54.517240036279247, 24.368593704920201 ], [ 54.517244449860712, 24.368388550744854 ], [ 54.517112018235288, 24.368386178263819 ], [ 54.517110301004287, 24.36846571538679 ], [ 54.517163924517604, 24.368466672619959 ], [ 54.517163374275547, 24.368492158212518 ], [ 54.516739749103124, 24.368484569074489 ], [ 54.516769383484522, 24.367111984319376 ] ] ] } },
{ "type": "Feature", "properties": { "id": "B-08931", "area_m2": 1060.0, "surface_label": "Building / roof", "p_roof": 0.58, "dark_roof": false, "heat_zone": "lower", "LST_C": 55.599998, "new_since_2017": false, "street": "Al Jammalah 3 Street", "action": "" }, "geometry": { "type": "Polygon", "coordinates": [ [ [ 54.52130292637073, 24.364184519109727 ], [ 54.521321945335735, 24.363769875200248 ], [ 54.521367463421434, 24.363771607722764 ], [ 54.521371714719471, 24.363678922429031 ], [ 54.52165821090604, 24.363689827137062 ], [ 54.521649596433669, 24.363877636724421 ], [ 54.521430038608464, 24.363869279857866 ], [ 54.521415382817814, 24.364188799445419 ], [ 54.52130292637073, 24.364184519109727 ] ] ] } },
{ "type": "Feature", "properties": { "id": "B-08933", "area_m2": 458.0, "surface_label": "Building / roof", "p_roof": 0.8, "dark_roof": false, "heat_zone": "lower", "LST_C": 55.200001, "new_since_2017": false, "street": "Abu Al Hinna-a 1 Street", "action": "" }, "geometry": { "type": "Polygon", "coordinates": [ [ [ 54.507309775767851, 24.371918151987664 ], [ 54.507313420039893, 24.371809618185694 ], [ 54.507688578360586, 24.371820069934675 ], [ 54.507684933286257, 24.37192862762231 ], [ 54.507309775767851, 24.371918151987664 ] ] ] } },
{ "type": "Feature", "properties": { "id": "B-08954", "area_m2": 706.0, "surface_label": "Building / roof", "p_roof": 0.63, "dark_roof": false, "heat_zone": "lower", "LST_C": 54.5, "new_since_2017": false, "street": "Street 24", "action": "" }, "geometry": { "type": "Polygon", "coordinates": [ [ [ 54.514295704570365, 24.349179190293256 ], [ 54.514274693736333, 24.349660702888812 ], [ 54.514144624308784, 24.34965599211165 ], [ 54.51416559784937, 24.34917448644353 ], [ 54.514295704570365, 24.349179190293256 ] ] ] } },
{ "type": "Feature", "properties": { "id": "B-08967", "area_m2": 306.0, "surface_label": "Building / roof", "p_roof": 0.55, "dark_roof": true, "heat_zone": "lower", "LST_C": 55.8, "new_since_2017": false, "street": "At Tajalli 4 Street", "action": "" }, "geometry": { "type": "Polygon", "coordinates": [ [ [ 54.513541465853763, 24.362755963073216 ], [ 54.513545151813823, 24.362653451739511 ], [ 54.51381040592198, 24.362661366401301 ], [ 54.51380671996192, 24.362763877728593 ], [ 54.513541465853763, 24.362755963073216 ] ] ] } },
{ "type": "Feature", "properties": { "id": "B-08972", "area_m2": 612.0, "surface_label": "Building / roof", "p_roof": 0.27, "dark_roof": false, "heat_zone": "high", "LST_C": 57.099998, "new_since_2017": false, "street": "Al Hayal Street", "action": "Monitor / shade around" }, "geometry": { "type": "Polygon", "coordinates": [ [ [ 54.510230772267803, 24.351407298424473 ], [ 54.5102418200212, 24.351107074808898 ], [ 54.510422741736491, 24.35111260054607 ], [ 54.510411670944848, 24.351412823444932 ], [ 54.510230772267803, 24.351407298424473 ] ] ] } },
{ "type": "Feature", "properties": { "id": "B-08977", "area_m2": 609.0, "surface_label": "Building / roof", "p_roof": 0.74, "dark_roof": false, "heat_zone": "lower", "LST_C": 55.400002, "new_since_2017": false, "street": "Street 24", "action": "" }, "geometry": { "type": "Polygon", "coordinates": [ [ [ 54.514789398769366, 24.350177096237829 ], [ 54.514803389376006, 24.349722942335141 ], [ 54.514922471410877, 24.349725987139447 ], [ 54.514908515666157, 24.350180141922618 ], [ 54.514789398769366, 24.350177096237829 ] ] ] } },
{ "type": "Feature", "properties": { "id": "B-08986", "area_m2": 220.0, "surface_label": "Building / roof", "p_roof": 0.97, "dark_roof": false, "heat_zone": "lower", "LST_C": 55.8, "new_since_2017": false, "street": "At Tajalli 4 Street", "action": "" }, "geometry": { "type": "Polygon", "coordinates": [ [ [ 54.513307648811399, 24.361605515519873 ], [ 54.513310775550309, 24.361523465070199 ], [ 54.513549204823228, 24.361531005038515 ], [ 54.513546077505744, 24.361613070666479 ], [ 54.513307648811399, 24.361605515519873 ] ] ] } },
{ "type": "Feature", "properties": { "id": "B-08988", "area_m2": 553.0, "surface_label": "Building / roof", "p_roof": 0.52, "dark_roof": true, "heat_zone": "elevated", "LST_C": 56.200001, "new_since_2017": false, "street": "Al Marmoumiyah 4 Street", "action": "" }, "geometry": { "type": "Polygon", "coordinates": [ [ [ 54.511707590753069, 24.369258906817933 ], [ 54.511881335960567, 24.36926820025808 ], [ 54.511875626861617, 24.369356868475968 ], [ 54.511907703031142, 24.369358582148777 ], [ 54.511897199178193, 24.369521717695765 ], [ 54.511691377090337, 24.369510721642325 ], [ 54.511707590753069, 24.369258906817933 ] ] ] } },
{ "type": "Feature", "properties": { "id": "B-08991", "area_m2": 944.0, "surface_label": "Building / roof", "p_roof": 0.57, "dark_roof": false, "heat_zone": "lower", "LST_C": 55.900002, "new_since_2017": false, "street": "Al Hiraf 2 Street", "action": "" }, "geometry": { "type": "Polygon", "coordinates": [ [ [ 54.509462446343726, 24.36623759532311 ], [ 54.509478038285941, 24.365853249701658 ], [ 54.509696052408934, 24.365860588618347 ], [ 54.509680430412764, 24.366244947103311 ], [ 54.509462446343726, 24.36623759532311 ] ] ] } },
{ "type": "Feature", "properties": { "id": "B-09005", "area_m2": 101.0, "surface_label": "Bare soil / sand", "p_roof": 0.22, "dark_roof": false, "heat_zone": "elevated", "LST_C": 56.0, "new_since_2017": false, "street": "Al Jammalah 1 Street", "action": "" }, "geometry": { "type": "Polygon", "coordinates": [ [ [ 54.521773137103679, 24.364305953588371 ], [ 54.521770786711564, 24.364378103526434 ], [ 54.521646347606143, 24.364374739640777 ], [ 54.521648692202135, 24.364302597478158 ], [ 54.521773137103679, 24.364305953588371 ] ] ] } },
{ "type": "Feature", "properties": { "id": "B-09021", "area_m2": 373.0, "surface_label": "Building / roof", "p_roof": 0.93, "dark_roof": false, "heat_zone": "lower", "LST_C": 55.700001, "new_since_2017": false, "street": "Al Marmoumiyah 3 Street", "action": "" }, "geometry": { "type": "Polygon", "coordinates": [ [ [ 54.513177397486274, 24.370740475722545 ], [ 54.513182173174556, 24.370624298253588 ], [ 54.513467315427249, 24.370634005584961 ], [ 54.513462547908198, 24.370750201502158 ], [ 54.513177397486274, 24.370740475722545 ] ] ] } },
{ "type": "Feature", "properties": { "id": "B-09022", "area_m2": 4317.0, "surface_label": "Road / dark pavement", "p_roof": 0.37, "dark_roof": true, "heat_zone": "lower", "LST_C": 54.5, "new_since_2017": false, "street": "Al 'Afou 1 Street", "action": "" }, "geometry": { "type": "Polygon", "coordinates": [ [ [ 54.509470190924418, 24.344389477011063 ], [ 54.509426768351922, 24.345550162479913 ], [ 54.509227440534552, 24.345543972632147 ], [ 54.509278472495367, 24.34417708025698 ], [ 54.51001522580421, 24.344199959350423 ], [ 54.510007528633466, 24.344406129173041 ], [ 54.509470190924418, 24.344389477011063 ] ] ] } },
{ "type": "Feature", "properties": { "id": "B-09070", "area_m2": 1249.0, "surface_label": "Building / roof", "p_roof": 0.92, "dark_roof": false, "heat_zone": "lower", "LST_C": 55.400002, "new_since_2017": false, "street": "Al Hiraf 8 Street", "action": "" }, "geometry": { "type": "Polygon", "coordinates": [ [ [ 54.506105369603532, 24.366095079890677 ], [ 54.506118083949744, 24.365742240333798 ], [ 54.50643262405886, 24.365751665470885 ], [ 54.506419883355811, 24.366104484159944 ], [ 54.506105369603532, 24.366095079890677 ] ] ] } },
{ "type": "Feature", "properties": { "id": "B-09072", "area_m2": 195.0, "surface_label": "Road / dark pavement", "p_roof": 0.4, "dark_roof": true, "heat_zone": "elevated", "LST_C": 56.3, "new_since_2017": false, "street": "Ad Darsa'i 2 Street", "action": "" }, "geometry": { "type": "Polygon", "coordinates": [ [ [ 54.516292226885838, 24.351911978278117 ], [ 54.516210548562178, 24.351909192016677 ], [ 54.516219273969931, 24.351696898626912 ], [ 54.516300936007227, 24.351699684337454 ], [ 54.516292226885838, 24.351911978278117 ] ] ] } },
{ "type": "Feature", "properties": { "id": "B-09148", "area_m2": 1540.0, "surface_label": "Building / roof", "p_roof": 0.89, "dark_roof": false, "heat_zone": "lower", "LST_C": 51.900002, "new_since_2017": false, "street": "Al Jammalah 3 Street", "action": "" }, "geometry": { "type": "Polygon", "coordinates": [ [ [ 54.517562620194553, 24.362779473251479 ], [ 54.517596012269458, 24.362160354139831 ], [ 54.517735150784013, 24.362166590465289 ], [ 54.517736261659039, 24.36214599379166 ], [ 54.517815193221324, 24.362149526550155 ], [ 54.517780640969427, 24.362789245109727 ], [ 54.517562620194553, 24.362779473251479 ] ] ] } },
{ "type": "Feature", "properties": { "id": "B-09194", "area_m2": 43.0, "surface_label": "Building / roof", "p_roof": 0.83, "dark_roof": false, "heat_zone": "lower", "LST_C": 55.599998, "new_since_2017": false, "street": "Abu Al Hinna-a 7 Street", "action": "" }, "geometry": { "type": "Polygon", "coordinates": [ [ [ 54.507427843500082, 24.369959966990876 ], [ 54.507428481402492, 24.36993554857041 ], [ 54.507586642174452, 24.369938976856773 ], [ 54.507586004272042, 24.369963395276592 ], [ 54.507427843500082, 24.369959966990876 ] ] ] } },
{ "type": "Feature", "properties": { "id": "B-09226", "area_m2": 80.0, "surface_label": "Building / roof", "p_roof": 0.95, "dark_roof": false, "heat_zone": "lower", "LST_C": 55.8, "new_since_2017": false, "street": "Al Mazj 3 Street", "action": "" }, "geometry": { "type": "Polygon", "coordinates": [ [ [ 54.514909054971795, 24.366284830706313 ], [ 54.51491590424051, 24.366128709037337 ], [ 54.514961429086519, 24.366130366321812 ], [ 54.514954579817811, 24.366286487988774 ], [ 54.514909054971795, 24.366284830706313 ] ] ] } },
{ "type": "Feature", "properties": { "id": "B-09231", "area_m2": 1193.0, "surface_label": "Building / roof", "p_roof": 0.99, "dark_roof": false, "heat_zone": "lower", "LST_C": 55.5, "new_since_2017": false, "street": "Al Hiraf Street", "action": "" }, "geometry": { "type": "Polygon", "coordinates": [ [ [ 54.507235284400657, 24.368944152008858 ], [ 54.50759557145097, 24.368958760607292 ], [ 54.50758120968711, 24.369252658046097 ], [ 54.507220944055263, 24.369238073318126 ], [ 54.507235284400657, 24.368944152008858 ] ] ] } },
{ "type": "Feature", "properties": { "id": "B-09240", "area_m2": 3830.0, "surface_label": "Building / roof", "p_roof": 0.99, "dark_roof": false, "heat_zone": "lower", "LST_C": 55.599998, "new_since_2017": true, "street": "Al 'Afou 1 Street", "action": "" }, "geometry": { "type": "Polygon", "coordinates": [ [ [ 54.511134681944313, 24.345215234252688 ], [ 54.511173710065172, 24.34422681013195 ], [ 54.511517763801429, 24.344238086701495 ], [ 54.511478659848713, 24.345226508248814 ], [ 54.511134681944313, 24.345215234252688 ] ] ] } },
{ "type": "Feature", "properties": { "id": "B-09242", "area_m2": 1848.0, "surface_label": "Building / roof", "p_roof": 0.99, "dark_roof": false, "heat_zone": "lower", "LST_C": 55.700001, "new_since_2017": false, "street": "Al Marmoumiyah 2 Street", "action": "" }, "geometry": { "type": "Polygon", "coordinates": [ [ [ 54.514632383220643, 24.371977504709779 ], [ 54.514638803721581, 24.371846736085054 ], [ 54.514606681562526, 24.37184542546278 ], [ 54.514628035204858, 24.371410507263359 ], [ 54.514737786257783, 24.371414978255281 ], [ 54.514737502322632, 24.371420761285776 ], [ 54.514923595990382, 24.371428354153974 ], [ 54.514909927029301, 24.371706320499371 ], [ 54.514916587630893, 24.371706592260121 ], [ 54.514902745570552, 24.371988518567047 ], [ 54.514632383220643, 24.371977504709779 ] ] ] } },
{ "type": "Feature", "properties": { "id": "B-09272", "area_m2": 643.0, "surface_label": "Building / roof", "p_roof": 0.83, "dark_roof": false, "heat_zone": "lower", "LST_C": 55.8, "new_since_2017": false, "street": "Ad Diman 8 Street", "action": "" }, "geometry": { "type": "Polygon", "coordinates": [ [ [ 54.517593393834389, 24.349823826214688 ], [ 54.517607476176238, 24.349355001779585 ], [ 54.517729215016089, 24.349358029137676 ], [ 54.517715168663685, 24.349826854456548 ], [ 54.517593393834389, 24.349823826214688 ] ] ] } },
{ "type": "Feature", "properties": { "id": "B-09287", "area_m2": 300.0, "surface_label": "Building / roof", "p_roof": 0.79, "dark_roof": false, "heat_zone": "lower", "LST_C": 55.5, "new_since_2017": false, "street": "Al Marmoumiyah 3 Street", "action": "" }, "geometry": { "type": "Polygon", "coordinates": [ [ [ 54.514055323701555, 24.371388332304232 ], [ 54.514283130236436, 24.371394185130455 ], [ 54.514279501778503, 24.371511365300986 ], [ 54.51405169524358, 24.371505512480184 ], [ 54.514055323701555, 24.371388332304232 ] ] ] } },
{ "type": "Feature", "properties": { "id": "B-09299", "area_m2": 2147.0, "surface_label": "Building / roof", "p_roof": 0.73, "dark_roof": false, "heat_zone": "lower", "LST_C": 50.700001, "new_since_2017": false, "street": "Al Kawakib Street", "action": "" }, "geometry": { "type": "Polygon", "coordinates": [ [ [ 54.520793248033954, 24.361247458536074 ], [ 54.520786514691075, 24.36145367035774 ], [ 54.519930252555838, 24.361430523014178 ], [ 54.519938562347015, 24.361175431404369 ], [ 54.520139550611283, 24.36118087754809 ], [ 54.520138039635661, 24.361227261084462 ], [ 54.520396711729845, 24.361234270273854 ], [ 54.520398066841068, 24.361192769304431 ], [ 54.520481141817484, 24.36119502037219 ], [ 54.520479706993868, 24.361238962573921 ], [ 54.520793248033954, 24.361247458536074 ] ] ] } },
{ "type": "Feature", "properties": { "id": "B-09304", "area_m2": 668.0, "surface_label": "Building / roof", "p_roof": 0.51, "dark_roof": true, "heat_zone": "elevated", "LST_C": 56.5, "new_since_2017": false, "street": "Al Mazj 2 Street", "action": "" }, "geometry": { "type": "Polygon", "coordinates": [ [ [ 54.515445284050976, 24.368419930398133 ], [ 54.515454822512119, 24.368199425729898 ], [ 54.515569979019446, 24.368203551738759 ], [ 54.515564702749742, 24.368325525556159 ], [ 54.515655756732258, 24.368328787978541 ], [ 54.515661560628942, 24.36819461677641 ], [ 54.515768682961358, 24.368198454924354 ], [ 54.515758616010473, 24.368431176905659 ], [ 54.515445284050976, 24.368419930398133 ] ] ] } },
{ "type": "Feature", "properties": { "id": "B-09335", "area_m2": 40.0, "surface_label": "Building / roof", "p_roof": 0.66, "dark_roof": true, "heat_zone": "elevated", "LST_C": 56.200001, "new_since_2017": false, "street": "Az Zakhrafah 2 Street", "action": "" }, "geometry": { "type": "Polygon", "coordinates": [ [ [ 54.515244199462714, 24.36341891685986 ], [ 54.515288504821058, 24.363420295331537 ], [ 54.515285485226642, 24.363500831934868 ], [ 54.515241173687805, 24.363499453271785 ], [ 54.515244199462714, 24.36341891685986 ] ] ] } },
{ "type": "Feature", "properties": { "id": "B-09380", "area_m2": 356.0, "surface_label": "Building / roof", "p_roof": 0.81, "dark_roof": true, "heat_zone": "elevated", "LST_C": 56.099998, "new_since_2017": false, "street": "Al Mazj 5 Street", "action": "" }, "geometry": { "type": "Polygon", "coordinates": [ [ [ 54.513787791217361, 24.36519638461753 ], [ 54.513791032411824, 24.365073394635569 ], [ 54.51404837573903, 24.365079038641237 ], [ 54.514045134976698, 24.36520201222018 ], [ 54.513787791217361, 24.36519638461753 ] ] ] } },
{ "type": "Feature", "properties": { "id": "B-09418", "area_m2": 662.0, "surface_label": "Building / roof", "p_roof": 0.79, "dark_roof": true, "heat_zone": "lower", "LST_C": 55.5, "new_since_2017": false, "street": "Al Marmoumiyah 4 Street", "action": "" }, "geometry": { "type": "Polygon", "coordinates": [ [ [ 54.511932554131086, 24.370337686207463 ], [ 54.511758423786532, 24.370332135574714 ], [ 54.511758759465899, 24.370323397905679 ], [ 54.511679593025015, 24.370320879418486 ], [ 54.511687678629919, 24.370109990724565 ], [ 54.51176686106097, 24.370112514772714 ], [ 54.511767704788419, 24.370090552671559 ], [ 54.511941835132959, 24.370096103314943 ], [ 54.511932554131086, 24.370337686207463 ] ] ] } },
{ "type": "Feature", "properties": { "id": "B-09429", "area_m2": 147.0, "surface_label": "Building / roof", "p_roof": 0.79, "dark_roof": false, "heat_zone": "lower", "LST_C": 54.3, "new_since_2017": false, "street": "Al Hayal Street", "action": "" }, "geometry": { "type": "Polygon", "coordinates": [ [ [ 54.513397269760738, 24.34961758195254 ], [ 54.513295456690606, 24.349614524261639 ], [ 54.513300092745467, 24.349486668937388 ], [ 54.513401905580466, 24.349489733116229 ], [ 54.513397269760738, 24.34961758195254 ] ] ] } },
{ "type": "Feature", "properties": { "id": "B-09481", "area_m2": 706.0, "surface_label": "Building / roof", "p_roof": 0.99, "dark_roof": false, "heat_zone": "lower", "LST_C": 55.8, "new_since_2017": false, "street": "Ar Raha 8 Street", "action": "" }, "geometry": { "type": "Polygon", "coordinates": [ [ [ 54.516029243648141, 24.361847566347421 ], [ 54.516019585871597, 24.362064670569321 ], [ 54.515850883738771, 24.36205844289961 ], [ 54.51585392214038, 24.361990140484561 ], [ 54.515784299037939, 24.361987570333671 ], [ 54.515783279109876, 24.362010498034977 ], [ 54.51572571408969, 24.362008369340813 ], [ 54.515734888222021, 24.361802492800365 ], [ 54.515904905702236, 24.361808769039065 ], [ 54.515903386501428, 24.361842920300148 ], [ 54.516029243648141, 24.361847566347421 ] ] ] } },
{ "type": "Feature", "properties": { "id": "B-09508", "area_m2": 93.0, "surface_label": "Building / roof", "p_roof": 0.95, "dark_roof": false, "heat_zone": "elevated", "LST_C": 56.099998, "new_since_2017": false, "street": "Az Zakhrafah 2 Street", "action": "" }, "geometry": { "type": "Polygon", "coordinates": [ [ [ 54.514093912010743, 24.363556430920791 ], [ 54.514045645194521, 24.363555710832394 ], [ 54.514048719298891, 24.363384722203762 ], [ 54.514096986115078, 24.363385442293133 ], [ 54.514093912010743, 24.363556430920791 ] ] ] } },
{ "type": "Feature", "properties": { "id": "B-09525", "area_m2": 723.0, "surface_label": "Building / roof", "p_roof": 0.73, "dark_roof": true, "heat_zone": "lower", "LST_C": 55.200001, "new_since_2017": false, "street": "Al Marmoumiyah 1 Street", "action": "" }, "geometry": { "type": "Polygon", "coordinates": [ [ [ 54.513440039925591, 24.371911480253214 ], [ 54.513443072028196, 24.371758526565316 ], [ 54.513436396257511, 24.371758416762287 ], [ 54.513438601722392, 24.371647592053058 ], [ 54.513698690533801, 24.371651886576252 ], [ 54.513696211694146, 24.371776448369019 ], [ 54.513672079742591, 24.371776049908487 ], [ 54.513669309274732, 24.371915265885036 ], [ 54.513440039925591, 24.371911480253214 ] ] ] } },
{ "type": "Feature", "properties": { "id": "B-09565", "area_m2": 1895.0, "surface_label": "Building / roof", "p_roof": 0.96, "dark_roof": false, "heat_zone": "lower", "LST_C": 56.0, "new_since_2017": true, "street": "Mohammed Bin Khalifa Al Kindi Street", "action": "" }, "geometry": { "type": "Polygon", "coordinates": [ [ [ 54.5206909108147, 24.34697601086739 ], [ 54.520686217239167, 24.347148116958778 ], [ 54.520325295145554, 24.347139947007989 ], [ 54.520326163397471, 24.347108199011284 ], [ 54.519569291934801, 24.347091066214819 ], [ 54.519573121638402, 24.346950636914038 ], [ 54.5206909108147, 24.34697601086739 ] ] ] } },
{ "type": "Feature", "properties": { "id": "B-09570", "area_m2": 1971.0, "surface_label": "Building / roof", "p_roof": 0.62, "dark_roof": false, "heat_zone": "lower", "LST_C": 55.599998, "new_since_2017": false, "street": "Ad Diman 8 Street", "action": "" }, "geometry": { "type": "Polygon", "coordinates": [ [ [ 54.51776756590835, 24.350356294866913 ], [ 54.517782575902714, 24.34990085242287 ], [ 54.518166958143716, 24.349911366925909 ], [ 54.518151983911501, 24.350366785798883 ], [ 54.51776756590835, 24.350356294866913 ] ] ] } },
{ "type": "Feature", "properties": { "id": "B-09581", "area_m2": 1312.0, "surface_label": "Building / roof", "p_roof": 0.99, "dark_roof": false, "heat_zone": "lower", "LST_C": 55.5, "new_since_2017": false, "street": "Abu Al Hinna-a 3 Street", "action": "" }, "geometry": { "type": "Polygon", "coordinates": [ [ [ 54.507380129254564, 24.370645733099781 ], [ 54.507391502791158, 24.370321116224346 ], [ 54.507750553084733, 24.370331554245919 ], [ 54.507739179548139, 24.370656171094573 ], [ 54.507380129254564, 24.370645733099781 ] ] ] } },
{ "type": "Feature", "properties": { "id": "B-09601", "area_m2": 24.0, "surface_label": "Building / roof", "p_roof": 0.77, "dark_roof": false, "heat_zone": "lower", "LST_C": 54.400002, "new_since_2017": false, "street": "Al Hayal Street", "action": "" }, "geometry": { "type": "Polygon", "coordinates": [ [ [ 54.511158130849211, 24.342233356032462 ], [ 54.511204988575955, 24.342235005389782 ], [ 54.511203064067359, 24.342280308913633 ], [ 54.511156209942058, 24.342278656695946 ], [ 54.511158130849211, 24.342233356032462 ] ] ] } },
{ "type": "Feature", "properties": { "id": "B-09628", "area_m2": 5191.0, "surface_label": "Building / roof", "p_roof": 0.93, "dark_roof": false, "heat_zone": "extreme", "LST_C": 57.599998, "new_since_2017": false, "street": "Al Hayal Street", "action": "Monitor / shade around" }, "geometry": { "type": "Polygon", "coordinates": [ [ [ 54.513215573360462, 24.347648281397898 ], [ 54.514605388971368, 24.347699238043642 ], [ 54.514591163713, 24.348021278447856 ], [ 54.513161180020859, 24.347968849199734 ], [ 54.513175620813421, 24.347641929253772 ], [ 54.513215788894641, 24.347643401989572 ], [ 54.513215573360462, 24.347648281397898 ] ] ] } },
{ "type": "Feature", "properties": { "id": "B-09664", "area_m2": 1605.0, "surface_label": "Building / roof", "p_roof": 0.8, "dark_roof": false, "heat_zone": "lower", "LST_C": 51.8, "new_since_2017": false, "street": "Ar Raha 8 Street", "action": "" }, "geometry": { "type": "Polygon", "coordinates": [ [ [ 54.51734024582683, 24.360800565721885 ], [ 54.51743006682451, 24.360803721164089 ], [ 54.517428769796155, 24.360834359943972 ], [ 54.517562681459026, 24.360839055767109 ], [ 54.51753624102858, 24.361463637624549 ], [ 54.517312558392085, 24.361455793879596 ], [ 54.51734024582683, 24.360800565721885 ] ] ] } },
{ "type": "Feature", "properties": { "id": "B-09685", "area_m2": 37.0, "surface_label": "Building / roof", "p_roof": 0.49, "dark_roof": true, "heat_zone": "lower", "LST_C": 55.700001, "new_since_2017": false, "street": "At Tajalli 4 Street", "action": "" }, "geometry": { "type": "Polygon", "coordinates": [ [ [ 54.513914186093487, 24.362379183401533 ], [ 54.513912629292719, 24.362428009619521 ], [ 54.5138456305896, 24.362426236901431 ], [ 54.513847187390368, 24.362377410682747 ], [ 54.513914186093487, 24.362379183401533 ] ] ] } },
{ "type": "Feature", "properties": { "id": "B-09688", "area_m2": 515.0, "surface_label": "Building / roof", "p_roof": 0.97, "dark_roof": false, "heat_zone": "elevated", "LST_C": 56.200001, "new_since_2017": false, "street": "Az Zakhrafah 2 Street", "action": "" }, "geometry": { "type": "Polygon", "coordinates": [ [ [ 54.515010959053249, 24.363518392797868 ], [ 54.515293473039172, 24.363527452822066 ], [ 54.515287199830901, 24.363689455867291 ], [ 54.515004698971637, 24.363680378264576 ], [ 54.515010959053249, 24.363518392797868 ] ] ] } },
{ "type": "Feature", "properties": { "id": "B-09705", "area_m2": 679.0, "surface_label": "Building / roof", "p_roof": 0.63, "dark_roof": true, "heat_zone": "elevated", "LST_C": 56.0, "new_since_2017": false, "street": "Al Mazj 4 Street", "action": "" }, "geometry": { "type": "Polygon", "coordinates": [ [ [ 54.512460501521637, 24.367995559677937 ], [ 54.512464506993076, 24.367742492513347 ], [ 54.512703173983731, 24.367745627000595 ], [ 54.512699168271524, 24.367998709371644 ], [ 54.512460501521637, 24.367995559677937 ] ] ] } },
{ "type": "Feature", "properties": { "id": "B-09716", "area_m2": 6614.0, "surface_label": "Bare soil / sand", "p_roof": 0.6, "dark_roof": true, "heat_zone": "lower", "LST_C": 55.3, "new_since_2017": false, "street": "Mohammed Bin Khalifa Al Kindi Street", "action": "" }, "geometry": { "type": "Polygon", "coordinates": [ [ [ 54.511777657048313, 24.34684694323013 ], [ 54.511734899873595, 24.347803269084405 ], [ 54.511493901617605, 24.347794310119653 ], [ 54.511523133563585, 24.347140496239767 ], [ 54.51155889601403, 24.34714182569418 ], [ 54.51156250164442, 24.347061318758136 ], [ 54.510084383221965, 24.347006370265689 ], [ 54.510096460696182, 24.346736702522605 ], [ 54.51048107633892, 24.346750975971361 ], [ 54.510479162373294, 24.34679378475845 ], [ 54.510709449595673, 24.346802345614645 ], [ 54.510710649414349, 24.346775509826518 ], [ 54.511331889363071, 24.346798604231292 ], [ 54.511330471395567, 24.346830319247228 ], [ 54.511777657048313, 24.34684694323013 ] ] ] } },
{ "type": "Feature", "properties": { "id": "B-09759", "area_m2": 78.0, "surface_label": "Building / roof", "p_roof": 0.48, "dark_roof": true, "heat_zone": "lower", "LST_C": 56.0, "new_since_2017": false, "street": "Al Mazj 5 Street", "action": "" }, "geometry": { "type": "Polygon", "coordinates": [ [ [ 54.512858840171305, 24.365147224549755 ], [ 54.512909282283353, 24.365151890891152 ], [ 54.512894194541346, 24.365287320843212 ], [ 54.51284375242934, 24.365282654506782 ], [ 54.512858840171305, 24.365147224549755 ] ] ] } },
{ "type": "Feature", "properties": { "id": "B-09771", "area_m2": 119.0, "surface_label": "Road / dark pavement", "p_roof": 0.47, "dark_roof": false, "heat_zone": "lower", "LST_C": 55.700001, "new_since_2017": false, "street": "Ad Darsa'i 5 Street", "action": "" }, "geometry": { "type": "Polygon", "coordinates": [ [ [ 54.51405613501877, 24.352309630763628 ], [ 54.514058011131397, 24.352429341006037 ], [ 54.513969516273832, 24.352430492091802 ], [ 54.513967640161248, 24.352310781850491 ], [ 54.51405613501877, 24.352309630763628 ] ] ] } },
{ "type": "Feature", "properties": { "id": "B-09821", "area_m2": 3423.0, "surface_label": "Building / roof", "p_roof": 0.99, "dark_roof": false, "heat_zone": "lower", "LST_C": 55.200001, "new_since_2017": false, "street": "Rouh Al 'Ata-a 4 Street", "action": "" }, "geometry": { "type": "Polygon", "coordinates": [ [ [ 54.519437848129527, 24.343129507668291 ], [ 54.519467934106352, 24.342370493317329 ], [ 54.51986837865276, 24.342383694927197 ], [ 54.519838234446027, 24.343142707279373 ], [ 54.519437848129527, 24.343129507668291 ] ] ] } },
{ "type": "Feature", "properties": { "id": "B-09845", "area_m2": 57.0, "surface_label": "Building / roof", "p_roof": 0.56, "dark_roof": false, "heat_zone": "lower", "LST_C": 53.599998, "new_since_2017": false, "street": "Al 'Afou 1 Street", "action": "" }, "geometry": { "type": "Polygon", "coordinates": [ [ [ 54.510396751161757, 24.342869766435737 ], [ 54.510397580016104, 24.342811126206129 ], [ 54.510483396472644, 24.342812133093478 ], [ 54.510482567618297, 24.342870773322598 ], [ 54.510396751161757, 24.342869766435737 ] ] ] } },
{ "type": "Feature", "properties": { "id": "B-09851", "area_m2": 523.0, "surface_label": "Building / roof", "p_roof": 0.95, "dark_roof": false, "heat_zone": "lower", "LST_C": 55.599998, "new_since_2017": false, "street": "Al Marmoumiyah 3 Street", "action": "" }, "geometry": { "type": "Polygon", "coordinates": [ [ [ 54.514519631373027, 24.371564225302652 ], [ 54.514522446961671, 24.371503253149154 ], [ 54.514379154285947, 24.371497772029628 ], [ 54.514382077634473, 24.371434360770014 ], [ 54.514609664066725, 24.371443066232736 ], [ 54.514599166083926, 24.371670781068829 ], [ 54.514339450564393, 24.371660830089212 ], [ 54.514344213524623, 24.371557515359299 ], [ 54.514519631373027, 24.371564225302652 ] ] ] } },
{ "type": "Feature", "properties": { "id": "B-09855", "area_m2": 320.0, "surface_label": "Building / roof", "p_roof": 0.82, "dark_roof": true, "heat_zone": "lower", "LST_C": 55.400002, "new_since_2017": false, "street": "Al Marmoumiyah 3 Street", "action": "" }, "geometry": { "type": "Polygon", "coordinates": [ [ [ 54.513760204271506, 24.371487937131448 ], [ 54.513763500605712, 24.371375630597743 ], [ 54.514016844305289, 24.371381816503952 ], [ 54.514013539348099, 24.371494122821616 ], [ 54.513760204271506, 24.371487937131448 ] ] ] } },
{ "type": "Feature", "properties": { "id": "B-09866", "area_m2": 452.0, "surface_label": "Building / roof", "p_roof": 0.99, "dark_roof": false, "heat_zone": "lower", "LST_C": 55.8, "new_since_2017": false, "street": "At Tajalli 4 Street", "action": "" }, "geometry": { "type": "Polygon", "coordinates": [ [ [ 54.513807799872893, 24.362466120557521 ], [ 54.513806746775202, 24.362627377118955 ], [ 54.513557310164671, 24.362626025346419 ], [ 54.513558363262355, 24.362464768783266 ], [ 54.513807799872893, 24.362466120557521 ] ] ] } },
{ "type": "Feature", "properties": { "id": "B-09871", "area_m2": 561.0, "surface_label": "Building / roof", "p_roof": 0.89, "dark_roof": false, "heat_zone": "lower", "LST_C": 55.3, "new_since_2017": false, "street": "Ad Diman 6 Street", "action": "" }, "geometry": { "type": "Polygon", "coordinates": [ [ [ 54.520591936988325, 24.350145007440478 ], [ 54.520602839984953, 24.349736003669591 ], [ 54.520724627171049, 24.349738698303657 ], [ 54.520713755783056, 24.350147694997691 ], [ 54.520591936988325, 24.350145007440478 ] ] ] } },
{ "type": "Feature", "properties": { "id": "B-09921", "area_m2": 312.0, "surface_label": "Building / roof", "p_roof": 0.61, "dark_roof": false, "heat_zone": "lower", "LST_C": 55.200001, "new_since_2017": false, "street": "Ad Diman 6 Street", "action": "" }, "geometry": { "type": "Polygon", "coordinates": [ [ [ 54.520141074735747, 24.350449121481116 ], [ 54.520149673815681, 24.350227030462577 ], [ 54.520274384720324, 24.350231046177257 ], [ 54.520265768599984, 24.350453136640009 ], [ 54.520141074735747, 24.350449121481116 ] ] ] } },
{ "type": "Feature", "properties": { "id": "B-09923", "area_m2": 48.0, "surface_label": "Building / roof", "p_roof": 0.85, "dark_roof": false, "heat_zone": "lower", "LST_C": 55.3, "new_since_2017": false, "street": "Ad Diman 6 Street", "action": "" }, "geometry": { "type": "Polygon", "coordinates": [ [ [ 54.519239255262654, 24.350124420523493 ], [ 54.519247129330573, 24.350079128162619 ], [ 54.519338709298459, 24.350092342718444 ], [ 54.519330835230583, 24.350137635074592 ], [ 54.519239255262654, 24.350124420523493 ] ] ] } },
{ "type": "Feature", "properties": { "id": "B-10044", "area_m2": 485.0, "surface_label": "Building / roof", "p_roof": 0.82, "dark_roof": false, "heat_zone": "elevated", "LST_C": 56.3, "new_since_2017": false, "street": "Ad Darsa'i 2 Street", "action": "" }, "geometry": { "type": "Polygon", "coordinates": [ [ [ 54.516262459172353, 24.35143080572713 ], [ 54.516445991528656, 24.35143554520576 ], [ 54.516438059306381, 24.351690489440671 ], [ 54.516313468735838, 24.351687264117501 ], [ 54.516315448757908, 24.351623782347605 ], [ 54.516256487766938, 24.351622256001367 ], [ 54.516262459172353, 24.35143080572713 ] ] ] } },
{ "type": "Feature", "properties": { "id": "B-10047", "area_m2": 424.0, "surface_label": "Bare soil / sand", "p_roof": 0.29, "dark_roof": true, "heat_zone": "lower", "LST_C": 55.900002, "new_since_2017": false, "street": "Al Hiraf Street", "action": "" }, "geometry": { "type": "Polygon", "coordinates": [ [ [ 54.508226573164805, 24.367854409880184 ], [ 54.508383022550092, 24.367858559169626 ], [ 54.508375354729516, 24.368099035785249 ], [ 54.508218886564613, 24.36809489598102 ], [ 54.508226573164805, 24.367854409880184 ] ] ] } },
{ "type": "Feature", "properties": { "id": "B-10065", "area_m2": 32.0, "surface_label": "Building / roof", "p_roof": 0.6, "dark_roof": true, "heat_zone": "lower", "LST_C": 55.700001, "new_since_2017": false, "street": "Mohammed Bin Khalifa Al Kindi Street", "action": "" }, "geometry": { "type": "Polygon", "coordinates": [ [ [ 54.51044333651577, 24.345441938587403 ], [ 54.510338839148012, 24.345438866809999 ], [ 54.510339790109441, 24.345412014083763 ], [ 54.510444287477199, 24.345415085861784 ], [ 54.51044333651577, 24.345441938587403 ] ] ] } },
{ "type": "Feature", "properties": { "id": "B-10084", "area_m2": 141.0, "surface_label": "Building / roof", "p_roof": 0.47, "dark_roof": false, "heat_zone": "lower", "LST_C": 54.200001, "new_since_2017": false, "street": "Al 'Afou 1 Street", "action": "" }, "geometry": { "type": "Polygon", "coordinates": [ [ [ 54.507965259790318, 24.344571339067009 ], [ 54.50808161977492, 24.344567851777839 ], [ 54.508085489481317, 24.344675259207889 ], [ 54.507969137738755, 24.344678746247084 ], [ 54.507965259790318, 24.344571339067009 ] ] ] } },
{ "type": "Feature", "properties": { "id": "B-10086", "area_m2": 765.0, "surface_label": "Building / roof", "p_roof": 0.87, "dark_roof": false, "heat_zone": "elevated", "LST_C": 56.099998, "new_since_2017": false, "street": "Ar Raha 8 Street", "action": "" }, "geometry": { "type": "Polygon", "coordinates": [ [ [ 54.515982259177576, 24.362935453354176 ], [ 54.515977422281779, 24.363158699289528 ], [ 54.515673030374181, 24.363153207141732 ], [ 54.515677883993604, 24.362929980904269 ], [ 54.515982259177576, 24.362935453354176 ] ] ] } },
{ "type": "Feature", "properties": { "id": "B-10155", "area_m2": 994.0, "surface_label": "Building / roof", "p_roof": 0.84, "dark_roof": false, "heat_zone": "lower", "LST_C": 55.0, "new_since_2017": false, "street": "Abu Al Hinna-a 4 Street", "action": "" }, "geometry": { "type": "Polygon", "coordinates": [ [ [ 54.507898994607615, 24.371445070766814 ], [ 54.507907170699333, 24.371269476417513 ], [ 54.5077813332422, 24.371264614838044 ], [ 54.507785307731254, 24.371179256382476 ], [ 54.508173529673456, 24.371194254881861 ], [ 54.50815649614902, 24.371560076385336 ], [ 54.508070819582457, 24.371556766381403 ], [ 54.508075702526149, 24.371451897655838 ], [ 54.507898994607615, 24.371445070766814 ] ] ] } },
{ "type": "Feature", "properties": { "id": "B-10176", "area_m2": 488.0, "surface_label": "Building / roof", "p_roof": 0.82, "dark_roof": true, "heat_zone": "lower", "LST_C": 55.900002, "new_since_2017": false, "street": "Al Marmoumiyah 3 Street", "action": "" }, "geometry": { "type": "Polygon", "coordinates": [ [ [ 54.513790671437491, 24.370807096971628 ], [ 54.513798461221072, 24.370650157409205 ], [ 54.514074165157233, 24.37066151202426 ], [ 54.514066376244315, 24.370818434031616 ], [ 54.513790671437491, 24.370807096971628 ] ] ] } },
{ "type": "Feature", "properties": { "id": "B-10206", "area_m2": 587.0, "surface_label": "Building / roof", "p_roof": 0.93, "dark_roof": false, "heat_zone": "lower", "LST_C": 55.8, "new_since_2017": false, "street": "Al Mazj 5 Street", "action": "" }, "geometry": { "type": "Polygon", "coordinates": [ [ [ 54.51458983520218, 24.365826187371624 ], [ 54.514580687056061, 24.366066240515888 ], [ 54.514363689627871, 24.366059378543568 ], [ 54.514372837247414, 24.365819339204268 ], [ 54.51458983520218, 24.365826187371624 ] ] ] } },
{ "type": "Feature", "properties": { "id": "B-10227", "area_m2": 546.0, "surface_label": "Building / roof", "p_roof": 0.76, "dark_roof": false, "heat_zone": "lower", "LST_C": 54.0, "new_since_2017": false, "street": "Al 'Afou 1 Street", "action": "" }, "geometry": { "type": "Polygon", "coordinates": [ [ [ 54.50955285625372, 24.343769881436941 ], [ 54.509555466366166, 24.34363062935109 ], [ 54.509904051879062, 24.34363605296566 ], [ 54.50990144176658, 24.343775305045568 ], [ 54.50955285625372, 24.343769881436941 ] ] ] } },
{ "type": "Feature", "properties": { "id": "B-10283", "area_m2": 3095.0, "surface_label": "Building / roof", "p_roof": 0.82, "dark_roof": false, "heat_zone": "elevated", "LST_C": 56.099998, "new_since_2017": true, "street": "Al Hayal Street", "action": "" }, "geometry": { "type": "Polygon", "coordinates": [ [ [ 54.511641484303155, 24.34524734544058 ], [ 54.511676221832765, 24.344251316877472 ], [ 54.51195221071044, 24.344259306660017 ], [ 54.51191747318083, 24.345255335160289 ], [ 54.511641484303155, 24.34524734544058 ] ] ] } },
{ "type": "Feature", "properties": { "id": "B-10292", "area_m2": 649.0, "surface_label": "Building / roof", "p_roof": 0.69, "dark_roof": false, "heat_zone": "elevated", "LST_C": 56.200001, "new_since_2017": false, "street": "Ad Darsa'i 2 Street", "action": "" }, "geometry": { "type": "Polygon", "coordinates": [ [ [ 54.516508007817684, 24.351948981001733 ], [ 54.51650113053158, 24.35223963071293 ], [ 54.516302739253938, 24.352235734582944 ], [ 54.516309616539999, 24.351945084862813 ], [ 54.516508007817684, 24.351948981001733 ] ] ] } },
{ "type": "Feature", "properties": { "id": "B-10333", "area_m2": 207.0, "surface_label": "Building / roof", "p_roof": 0.71, "dark_roof": true, "heat_zone": "elevated", "LST_C": 56.0, "new_since_2017": false, "street": "Al Mazj 1 Street", "action": "" }, "geometry": { "type": "Polygon", "coordinates": [ [ [ 54.512587212163659, 24.367114771615292 ], [ 54.512734667127141, 24.367117620081732 ], [ 54.512731757957681, 24.367242171073297 ], [ 54.512584302994192, 24.367239322609649 ], [ 54.512587212163659, 24.367114771615292 ] ] ] } },
{ "type": "Feature", "properties": { "id": "B-10372", "area_m2": 781.0, "surface_label": "Road / dark pavement", "p_roof": 0.17, "dark_roof": true, "heat_zone": "lower", "LST_C": 55.8, "new_since_2017": false, "street": "Ar Raha 8 Street", "action": "" }, "geometry": { "type": "Polygon", "coordinates": [ [ [ 54.515734600107692, 24.361794747033493 ], [ 54.515749619171643, 24.361559506324582 ], [ 54.516040994329323, 24.361574943991869 ], [ 54.516026379846217, 24.361803847807106 ], [ 54.515946184848659, 24.361799598915738 ], [ 54.515943541803871, 24.361840996371413 ], [ 54.515910106516614, 24.361839224903537 ], [ 54.515912343016197, 24.361804152876157 ], [ 54.515734600107692, 24.361794747033493 ] ] ] } },
{ "type": "Feature", "properties": { "id": "B-10383", "area_m2": 191.0, "surface_label": "Building / roof", "p_roof": 0.72, "dark_roof": false, "heat_zone": "lower", "LST_C": 55.900002, "new_since_2017": false, "street": "Al Hiraf 6 Street", "action": "" }, "geometry": { "type": "Polygon", "coordinates": [ [ [ 54.507775742258843, 24.366577403858429 ], [ 54.507772689943323, 24.366437026506151 ], [ 54.50789334201589, 24.366434849635411 ], [ 54.507896394498601, 24.366575234679225 ], [ 54.507775742258843, 24.366577403858429 ] ] ] } },
{ "type": "Feature", "properties": { "id": "B-10403", "area_m2": 355.0, "surface_label": "Building / roof", "p_roof": 0.89, "dark_roof": false, "heat_zone": "lower", "LST_C": 55.3, "new_since_2017": false, "street": "Abu Al Hinna-a 7 Street", "action": "" }, "geometry": { "type": "Polygon", "coordinates": [ [ [ 54.507871358976388, 24.369403313499216 ], [ 54.507642378402643, 24.369398160327876 ], [ 54.507646118427729, 24.369260266706263 ], [ 54.507875088807509, 24.369265405056282 ], [ 54.507871358976388, 24.369403313499216 ] ] ] } },
{ "type": "Feature", "properties": { "id": "B-10424", "area_m2": 325.0, "surface_label": "Road / dark pavement", "p_roof": 0.23, "dark_roof": true, "heat_zone": "elevated", "LST_C": 56.400002, "new_since_2017": false, "street": "Al Mazj 1 Street", "action": "" }, "geometry": { "type": "Polygon", "coordinates": [ [ [ 54.514502619152402, 24.367396547449573 ], [ 54.514291102625869, 24.367388402481637 ], [ 54.51429744089593, 24.367251823123564 ], [ 54.514508957422464, 24.367259968100328 ], [ 54.514502619152402, 24.367396547449573 ] ] ] } },
{ "type": "Feature", "properties": { "id": "B-10439", "area_m2": 492.0, "surface_label": "Building / roof", "p_roof": 0.71, "dark_roof": true, "heat_zone": "lower", "LST_C": 55.700001, "new_since_2017": false, "street": "Al Hiraf 2 Street", "action": "" }, "geometry": { "type": "Polygon", "coordinates": [ [ [ 54.509823598579842, 24.364993177751909 ], [ 54.509837874257123, 24.364634481503892 ], [ 54.509959560222704, 24.364638507982985 ], [ 54.509945257022437, 24.36499720330886 ], [ 54.509823598579842, 24.364993177751909 ] ] ] } },
{ "type": "Feature", "properties": { "id": "B-10450", "area_m2": 689.0, "surface_label": "Building / roof", "p_roof": 0.73, "dark_roof": false, "heat_zone": "lower", "LST_C": 55.5, "new_since_2017": false, "street": "Ad Diman 6 Street", "action": "" }, "geometry": { "type": "Polygon", "coordinates": [ [ [ 54.519086838665871, 24.350131410586311 ], [ 54.519102796598048, 24.349628445682317 ], [ 54.519224545914192, 24.349631644082766 ], [ 54.519208626588942, 24.350134609988274 ], [ 54.519086838665871, 24.350131410586311 ] ] ] } },
{ "type": "Feature", "properties": { "id": "B-10452", "area_m2": 39.0, "surface_label": "Building / roof", "p_roof": 0.7, "dark_roof": false, "heat_zone": "elevated", "LST_C": 56.0, "new_since_2017": false, "street": "Ad Darsa'i 5 Street", "action": "" }, "geometry": { "type": "Polygon", "coordinates": [ [ [ 54.513591691485139, 24.352320963243191 ], [ 54.513590210354479, 24.352383559058499 ], [ 54.513535272210525, 24.352382480150649 ], [ 54.513536748451976, 24.352319887742052 ], [ 54.513591691485139, 24.352320963243191 ] ] ] } },
{ "type": "Feature", "properties": { "id": "B-10456", "area_m2": 647.0, "surface_label": "Building / roof", "p_roof": 0.5, "dark_roof": true, "heat_zone": "lower", "LST_C": 55.8, "new_since_2017": false, "street": "Al Hiraf Street", "action": "" }, "geometry": { "type": "Polygon", "coordinates": [ [ [ 54.507889838038309, 24.368071281231678 ], [ 54.507884373149921, 24.368215261436134 ], [ 54.507485201174447, 24.368202689784894 ], [ 54.5074906660628, 24.368058709566146 ], [ 54.507889838038309, 24.368071281231678 ] ] ] } },
{ "type": "Feature", "properties": { "id": "B-10467", "area_m2": 298.0, "surface_label": "Building / roof", "p_roof": 0.63, "dark_roof": true, "heat_zone": "elevated", "LST_C": 56.099998, "new_since_2017": false, "street": "Al Mazj 5 Street", "action": "" }, "geometry": { "type": "Polygon", "coordinates": [ [ [ 54.51318910485567, 24.365315011676532 ], [ 54.513192021965182, 24.365202682032926 ], [ 54.513427924343652, 24.365207765554441 ], [ 54.513425007234105, 24.365320095193493 ], [ 54.51318910485567, 24.365315011676532 ] ] ] } },
{ "type": "Feature", "properties": { "id": "B-10468", "area_m2": 53.0, "surface_label": "Building / roof", "p_roof": 0.51, "dark_roof": true, "heat_zone": "elevated", "LST_C": 56.400002, "new_since_2017": false, "street": "Ar Raha 8 Street", "action": "" }, "geometry": { "type": "Polygon", "coordinates": [ [ [ 54.515860156078787, 24.365013186523569 ], [ 54.515904163712122, 24.365014154496933 ], [ 54.515901307463011, 24.365121597708843 ], [ 54.515857308079909, 24.365120629917755 ], [ 54.515860156078787, 24.365013186523569 ] ] ] } },
{ "type": "Feature", "properties": { "id": "B-10473", "area_m2": 315.0, "surface_label": "Building / roof", "p_roof": 0.6, "dark_roof": false, "heat_zone": "elevated", "LST_C": 56.5, "new_since_2017": false, "street": "Ar Rasin 2 Street", "action": "" }, "geometry": { "type": "Polygon", "coordinates": [ [ [ 54.519706473720213, 24.367947592512568 ], [ 54.519553637639987, 24.367945078590381 ], [ 54.519557268926896, 24.367761893428423 ], [ 54.519710105007128, 24.367764407354258 ], [ 54.519706473720213, 24.367947592512568 ] ] ] } },
{ "type": "Feature", "properties": { "id": "B-10510", "area_m2": 1831.0, "surface_label": "Building / roof", "p_roof": 0.86, "dark_roof": false, "heat_zone": "lower", "LST_C": 50.400002, "new_since_2017": false, "street": "Al Jammalah 3 Street", "action": "" }, "geometry": { "type": "Polygon", "coordinates": [ [ [ 54.520391082246405, 24.36254729613518 ], [ 54.5201687036392, 24.36254057571966 ], [ 54.520195635380993, 24.361801047001482 ], [ 54.520265296149503, 24.361803152204217 ], [ 54.520266362753148, 24.361773863849663 ], [ 54.52031595472252, 24.361775362557978 ], [ 54.520313727948803, 24.361836379813425 ], [ 54.520416858500937, 24.361839496498245 ], [ 54.520391082246405, 24.36254729613518 ] ] ] } },
{ "type": "Feature", "properties": { "id": "B-10529", "area_m2": 33.0, "surface_label": "Road / dark pavement", "p_roof": 0.58, "dark_roof": false, "heat_zone": "lower", "LST_C": 55.099998, "new_since_2017": false, "street": "Mohammed Bin Khalifa Al Kindi Street", "action": "" }, "geometry": { "type": "Polygon", "coordinates": [ [ [ 54.509432672356567, 24.347782676020159 ], [ 54.509431050094122, 24.347809474685135 ], [ 54.509294672248352, 24.347802622242753 ], [ 54.50929570459715, 24.347785568546602 ], [ 54.509370578708584, 24.347789330672352 ], [ 54.509371168622181, 24.347779585702387 ], [ 54.509432672356567, 24.347782676020159 ] ] ] } },
{ "type": "Feature", "properties": { "id": "B-10544", "area_m2": 204.0, "surface_label": "Building / roof", "p_roof": 0.62, "dark_roof": true, "heat_zone": "elevated", "LST_C": 56.099998, "new_since_2017": false, "street": "Al Mazj 3 Street", "action": "" }, "geometry": { "type": "Polygon", "coordinates": [ [ [ 54.512742888610312, 24.366855875538548 ], [ 54.512584742617648, 24.366852175261499 ], [ 54.512587978544218, 24.366737416549078 ], [ 54.512746124536918, 24.366741116829473 ], [ 54.512742888610312, 24.366855875538548 ] ] ] } },
{ "type": "Feature", "properties": { "id": "B-10546", "area_m2": 235.0, "surface_label": "Building / roof", "p_roof": 0.76, "dark_roof": false, "heat_zone": "elevated", "LST_C": 56.5, "new_since_2017": false, "street": "Al Hiraf Street", "action": "" }, "geometry": { "type": "Polygon", "coordinates": [ [ [ 54.512979939199951, 24.369435686836582 ], [ 54.51298408864038, 24.36933321061646 ], [ 54.513187659055347, 24.369340063132256 ], [ 54.513183509614919, 24.36944253934681 ], [ 54.512979939199951, 24.369435686836582 ] ] ] } },
{ "type": "Feature", "properties": { "id": "B-10555", "area_m2": 156.0, "surface_label": "Building / roof", "p_roof": 0.92, "dark_roof": false, "heat_zone": "lower", "LST_C": 55.900002, "new_since_2017": false, "street": "Al Mazj 4 Street", "action": "" }, "geometry": { "type": "Polygon", "coordinates": [ [ [ 54.511813573751283, 24.367113172210278 ], [ 54.512070976602601, 24.36711753740957 ], [ 54.512069728666567, 24.367178598217311 ], [ 54.511887401646881, 24.367175506202642 ], [ 54.511887900821307, 24.367151081882501 ], [ 54.511812824989676, 24.36714980869974 ], [ 54.511813573751283, 24.367113172210278 ] ] ] } },
{ "type": "Feature", "properties": { "id": "B-10576", "area_m2": 2081.0, "surface_label": "Building / roof", "p_roof": 0.99, "dark_roof": false, "heat_zone": "elevated", "LST_C": 56.5, "new_since_2017": false, "street": "Abu Al Hinna-a 7 Street", "action": "" }, "geometry": { "type": "Polygon", "coordinates": [ [ [ 54.509840864589862, 24.36904436173684 ], [ 54.509839483503377, 24.369077222589606 ], [ 54.509893049318201, 24.36907908717685 ], [ 54.509877819579614, 24.36944145508491 ], [ 54.509821575624514, 24.369439493693449 ], [ 54.509820550273794, 24.369463890279899 ], [ 54.509475051692611, 24.36945184173393 ], [ 54.509476179578435, 24.36942500548599 ], [ 54.509422613906935, 24.369423137493886 ], [ 54.509437891632743, 24.369059627751 ], [ 54.509496813871387, 24.369061682548253 ], [ 54.509498044292229, 24.369032406550801 ], [ 54.509840864589862, 24.36904436173684 ] ] ] } },
{ "type": "Feature", "properties": { "id": "B-10582", "area_m2": 603.0, "surface_label": "Building / roof", "p_roof": 0.76, "dark_roof": false, "heat_zone": "elevated", "LST_C": 56.900002, "new_since_2017": false, "street": "Ad Darsa'i 4 Street", "action": "" }, "geometry": { "type": "Polygon", "coordinates": [ [ [ 54.512556900014509, 24.351781787895575 ], [ 54.512564555238683, 24.351567953798988 ], [ 54.512815035518891, 24.351575380380023 ], [ 54.512807396134875, 24.351789230905862 ], [ 54.512556900014509, 24.351781787895575 ] ] ] } },
{ "type": "Feature", "properties": { "id": "B-10584", "area_m2": 882.0, "surface_label": "Building / roof", "p_roof": 0.89, "dark_roof": false, "heat_zone": "lower", "LST_C": 55.3, "new_since_2017": false, "street": "Ad Diman 6 Street", "action": "" }, "geometry": { "type": "Polygon", "coordinates": [ [ [ 54.521204522641526, 24.350761998815624 ], [ 54.521224348076942, 24.350262837248568 ], [ 54.521381192777177, 24.350268007686211 ], [ 54.521361328647551, 24.350767177955639 ], [ 54.521204522641526, 24.350761998815624 ] ] ] } },
{ "type": "Feature", "properties": { "id": "B-10591", "area_m2": 719.0, "surface_label": "Building / roof", "p_roof": 0.77, "dark_roof": false, "heat_zone": "lower", "LST_C": 55.900002, "new_since_2017": false, "street": "Al Mazj 4 Street", "action": "" }, "geometry": { "type": "Polygon", "coordinates": [ [ [ 54.512221094159145, 24.364717300947135 ], [ 54.512212103250846, 24.364971142320183 ], [ 54.51212636182089, 24.364968622276322 ], [ 54.512129041803171, 24.364892958072659 ], [ 54.512016506176352, 24.364889650513032 ], [ 54.512015468763877, 24.364918939888323 ], [ 54.512098530774146, 24.364921381181784 ], [ 54.512097147557483, 24.36496043367087 ], [ 54.511936382376319, 24.364955708588202 ], [ 54.51194277975334, 24.364775090718371 ], [ 54.511948138592714, 24.364775248221346 ], [ 54.511950472770849, 24.364709347042574 ], [ 54.512221094159145, 24.364717300947135 ] ] ] } },
{ "type": "Feature", "properties": { "id": "B-10603", "area_m2": 33.0, "surface_label": "Bare soil / sand", "p_roof": 0.18, "dark_roof": false, "heat_zone": "lower", "LST_C": 55.099998, "new_since_2017": false, "street": "Street 24", "action": "" }, "geometry": { "type": "Polygon", "coordinates": [ [ [ 54.515053440937976, 24.349213459108395 ], [ 54.515048201714286, 24.349257859730471 ], [ 54.514981912582584, 24.349251367350561 ], [ 54.514987151313228, 24.34920697090477 ], [ 54.515053440937976, 24.349213459108395 ] ] ] } },
{ "type": "Feature", "properties": { "id": "B-10623", "area_m2": 46.0, "surface_label": "Building / roof", "p_roof": 0.88, "dark_roof": true, "heat_zone": "elevated", "LST_C": 56.099998, "new_since_2017": false, "street": "Al Mazj 3 Street", "action": "" }, "geometry": { "type": "Polygon", "coordinates": [ [ [ 54.513004515079729, 24.366966130202581 ], [ 54.513066079257484, 24.366963586814151 ], [ 54.513069356945195, 24.367029420011459 ], [ 54.513007792767482, 24.367031963398574 ], [ 54.513004515079729, 24.366966130202581 ] ] ] } },
{ "type": "Feature", "properties": { "id": "B-10638", "area_m2": 50.0, "surface_label": "Building / roof", "p_roof": 0.96, "dark_roof": false, "heat_zone": "lower", "LST_C": 55.900002, "new_since_2017": false, "street": "Al Hiraf 2 Street", "action": "" }, "geometry": { "type": "Polygon", "coordinates": [ [ [ 54.509764804329372, 24.366309091456827 ], [ 54.509760497261233, 24.366407958887816 ], [ 54.509715980917541, 24.366406346834705 ], [ 54.509720295446272, 24.366307482510276 ], [ 54.509764804329372, 24.366309091456827 ] ] ] } },
{ "type": "Feature", "properties": { "id": "B-10661", "area_m2": 485.0, "surface_label": "Bare soil / sand", "p_roof": 0.58, "dark_roof": false, "heat_zone": "lower", "LST_C": 52.099998, "new_since_2017": false, "street": "Al Jammalah 3 Street", "action": "" }, "geometry": { "type": "Polygon", "coordinates": [ [ [ 54.517866414552657, 24.362644933934263 ], [ 54.517873729773612, 24.362442353614654 ], [ 54.518018412504489, 24.362446689119494 ], [ 54.518006818940179, 24.362767749386578 ], [ 54.517890318936253, 24.362764265830545 ], [ 54.517894588453956, 24.362645778180788 ], [ 54.517866414552657, 24.362644933934263 ] ] ] } },
{ "type": "Feature", "properties": { "id": "B-10684", "area_m2": 237.0, "surface_label": "Building / roof", "p_roof": 0.75, "dark_roof": false, "heat_zone": "high", "LST_C": 57.200001, "new_since_2017": false, "street": "Ar Rasin 2 Street", "action": "Monitor / shade around" }, "geometry": { "type": "Polygon", "coordinates": [ [ [ 54.518182109528098, 24.367473724087372 ], [ 54.51818592981175, 24.367328338788436 ], [ 54.518330686161818, 24.367331495043409 ], [ 54.518326866120532, 24.367476871115187 ], [ 54.518182109528098, 24.367473724087372 ] ] ] } },
{ "type": "Feature", "properties": { "id": "B-10696", "area_m2": 1757.0, "surface_label": "Building / roof", "p_roof": 0.6, "dark_roof": true, "heat_zone": "lower", "LST_C": 54.5, "new_since_2017": false, "street": "Mohammed Bin Khalifa Al Kindi Street", "action": "" }, "geometry": { "type": "Polygon", "coordinates": [ [ [ 54.509247055361236, 24.34696880585506 ], [ 54.509254515906058, 24.34674908577189 ], [ 54.50996462173979, 24.346769099329226 ], [ 54.509957161194968, 24.346988819377653 ], [ 54.509247055361236, 24.34696880585506 ] ] ] } },
{ "type": "Feature", "properties": { "id": "B-10709", "area_m2": 262.0, "surface_label": "Building / roof", "p_roof": 0.55, "dark_roof": true, "heat_zone": "lower", "LST_C": 55.8, "new_since_2017": false, "street": "Ar Raha 8 Street", "action": "" }, "geometry": { "type": "Polygon", "coordinates": [ [ [ 54.514811706701991, 24.361970414589866 ], [ 54.514814861840939, 24.361854734140739 ], [ 54.515015903409093, 24.361859284454592 ], [ 54.515012747920743, 24.361974977709409 ], [ 54.514811706701991, 24.361970414589866 ] ] ] } },
{ "type": "Feature", "properties": { "id": "B-10732", "area_m2": 45.0, "surface_label": "Building / roof", "p_roof": 0.83, "dark_roof": false, "heat_zone": "elevated", "LST_C": 56.099998, "new_since_2017": false, "street": "Al Mazj 3 Street", "action": "" }, "geometry": { "type": "Polygon", "coordinates": [ [ [ 54.51451726680709, 24.366908653105181 ], [ 54.514518198282943, 24.366950171576658 ], [ 54.514421679070601, 24.366951968403711 ], [ 54.514420747594741, 24.366910449932799 ], [ 54.51451726680709, 24.366908653105181 ] ] ] } },
{ "type": "Feature", "properties": { "id": "B-10754", "area_m2": 200.0, "surface_label": "Building / roof", "p_roof": 0.61, "dark_roof": true, "heat_zone": "elevated", "LST_C": 56.200001, "new_since_2017": false, "street": "Mohammed Bin Khalifa Al Kindi Street", "action": "" }, "geometry": { "type": "Polygon", "coordinates": [ [ [ 54.520549527787814, 24.347373698489861 ], [ 54.520553288369854, 24.347228438794509 ], [ 54.520675634747569, 24.347231075642782 ], [ 54.520671863215199, 24.347376327298488 ], [ 54.520549527787814, 24.347373698489861 ] ] ] } },
{ "type": "Feature", "properties": { "id": "B-10767", "area_m2": 1589.0, "surface_label": "Building / roof", "p_roof": 0.86, "dark_roof": false, "heat_zone": "lower", "LST_C": 54.900002, "new_since_2017": false, "street": "Al Hayal Street", "action": "" }, "geometry": { "type": "Polygon", "coordinates": [ [ [ 54.513753258948185, 24.3490972605527 ], [ 54.513770360130856, 24.348633493910569 ], [ 54.514110616662649, 24.348643907973589 ], [ 54.514106296363849, 24.348761070223372 ], [ 54.514058071028643, 24.348759594215842 ], [ 54.514045290144736, 24.349106198574077 ], [ 54.513753258948185, 24.3490972605527 ] ] ] } },
{ "type": "Feature", "properties": { "id": "B-10811", "area_m2": 5705.0, "surface_label": "Building / roof", "p_roof": 0.92, "dark_roof": false, "heat_zone": "lower", "LST_C": 55.3, "new_since_2017": true, "street": "Al 'Afou 1 Street", "action": "" }, "geometry": { "type": "Polygon", "coordinates": [ [ [ 54.510625128844168, 24.34560633684459 ], [ 54.510683340257174, 24.344205656435125 ], [ 54.511044920085091, 24.344218129958183 ], [ 54.510986708672121, 24.345618810229695 ], [ 54.510625128844168, 24.34560633684459 ] ] ] } },
{ "type": "Feature", "properties": { "id": "B-10845", "area_m2": 164.0, "surface_label": "Building / roof", "p_roof": 0.89, "dark_roof": false, "heat_zone": "elevated", "LST_C": 56.900002, "new_since_2017": false, "street": "Ar Rasin 2 Street", "action": "" }, "geometry": { "type": "Polygon", "coordinates": [ [ [ 54.519162204239407, 24.366425939366369 ], [ 54.519154295041318, 24.36669331732385 ], [ 54.519099701360979, 24.366691980777144 ], [ 54.519107590133217, 24.366424598834879 ], [ 54.519162204239407, 24.366425939366369 ] ] ] } },
{ "type": "Feature", "properties": { "id": "B-10931", "area_m2": 159.0, "surface_label": "Building / roof", "p_roof": 0.88, "dark_roof": false, "heat_zone": "elevated", "LST_C": 56.0, "new_since_2017": false, "street": "Al Mazj 1 Street", "action": "" }, "geometry": { "type": "Polygon", "coordinates": [ [ [ 54.513036809408135, 24.367115311982147 ], [ 54.512784810145874, 24.36711013872296 ], [ 54.512786204041753, 24.367053971895423 ], [ 54.513038203304014, 24.36705914515689 ], [ 54.513036809408135, 24.367115311982147 ] ] ] } },
{ "type": "Feature", "properties": { "id": "B-10936", "area_m2": 629.0, "surface_label": "Building / roof", "p_roof": 0.96, "dark_roof": false, "heat_zone": "lower", "LST_C": 55.5, "new_since_2017": false, "street": "Al Hiraf 4 Street", "action": "" }, "geometry": { "type": "Polygon", "coordinates": [ [ [ 54.509483446592661, 24.364743560374066 ], [ 54.509475962217905, 24.364987702275805 ], [ 54.50924703255216, 24.364981878678048 ], [ 54.509254498183672, 24.364737736288262 ], [ 54.509483446592661, 24.364743560374066 ] ] ] } },
{ "type": "Feature", "properties": { "id": "B-10950", "area_m2": 330.0, "surface_label": "Building / roof", "p_roof": 0.72, "dark_roof": true, "heat_zone": "lower", "LST_C": 55.900002, "new_since_2017": false, "street": "Al Mazj 5 Street", "action": "" }, "geometry": { "type": "Polygon", "coordinates": [ [ [ 54.51406600968842, 24.365796206336338 ], [ 54.514293840515215, 24.365801653336131 ], [ 54.514290137386453, 24.365930180169709 ], [ 54.514062306141426, 24.365924747690752 ], [ 54.51406600968842, 24.365796206336338 ] ] ] } },
{ "type": "Feature", "properties": { "id": "B-10959", "area_m2": 699.0, "surface_label": "Building / roof", "p_roof": 0.89, "dark_roof": false, "heat_zone": "elevated", "LST_C": 56.200001, "new_since_2017": false, "street": "Al Mazj 3 Street", "action": "" }, "geometry": { "type": "Polygon", "coordinates": [ [ [ 54.514612705841401, 24.366966636987758 ], [ 54.514617958846593, 24.366818651683012 ], [ 54.514836692482433, 24.366825094379038 ], [ 54.514827042325884, 24.367097543827509 ], [ 54.514588573973818, 24.367090535073206 ], [ 54.5145929829769, 24.366966057318148 ], [ 54.514612705841401, 24.366966636987758 ] ] ] } },
{ "type": "Feature", "properties": { "id": "B-10966", "area_m2": 312.0, "surface_label": "Building / roof", "p_roof": 0.88, "dark_roof": false, "heat_zone": "lower", "LST_C": 55.900002, "new_since_2017": false, "street": "Ar Raha 8 Street", "action": "" }, "geometry": { "type": "Polygon", "coordinates": [ [ [ 54.51505267834915, 24.361718001740922 ], [ 54.515049149024712, 24.361826343538507 ], [ 54.514793201160494, 24.361819424517957 ], [ 54.514796721638483, 24.361711098794313 ], [ 54.51505267834915, 24.361718001740922 ] ] ] } },
{ "type": "Feature", "properties": { "id": "B-10981", "area_m2": 349.0, "surface_label": "Bare soil / sand", "p_roof": 0.18, "dark_roof": false, "heat_zone": "elevated", "LST_C": 56.400002, "new_since_2017": false, "street": "Ad Darsa'i 4 Street", "action": "" }, "geometry": { "type": "Polygon", "coordinates": [ [ [ 54.512627823750712, 24.352624864645225 ], [ 54.512491168457153, 24.352620917496527 ], [ 54.512499069164839, 24.352393894477775 ], [ 54.51263572445837, 24.352397841633518 ], [ 54.512627823750712, 24.352624864645225 ] ] ] } },
{ "type": "Feature", "properties": { "id": "B-10998", "area_m2": 785.0, "surface_label": "Building / roof", "p_roof": 0.84, "dark_roof": false, "heat_zone": "lower", "LST_C": 55.400002, "new_since_2017": false, "street": "Al Hiraf 4 Street", "action": "" }, "geometry": { "type": "Polygon", "coordinates": [ [ [ 54.508179556482062, 24.365397542908493 ], [ 54.508166558891695, 24.36576610222555 ], [ 54.507977377886519, 24.365760566125331 ], [ 54.507990403764815, 24.365392007619992 ], [ 54.508179556482062, 24.365397542908493 ] ] ] } },
{ "type": "Feature", "properties": { "id": "B-11000", "area_m2": 51.0, "surface_label": "Building / roof", "p_roof": 0.91, "dark_roof": false, "heat_zone": "lower", "LST_C": 53.599998, "new_since_2017": false, "street": "Al 'Afou 1 Street", "action": "" }, "geometry": { "type": "Polygon", "coordinates": [ [ [ 54.510488015710152, 24.342721967880291 ], [ 54.510499167883459, 24.342637661163621 ], [ 54.510552044024926, 24.342643467283075 ], [ 54.510540891851619, 24.3427277739959 ], [ 54.510488015710152, 24.342721967880291 ] ] ] } },
{ "type": "Feature", "properties": { "id": "B-11003", "area_m2": 1719.0, "surface_label": "Building / roof", "p_roof": 0.97, "dark_roof": false, "heat_zone": "lower", "LST_C": 55.0, "new_since_2017": false, "street": "Street 24", "action": "" }, "geometry": { "type": "Polygon", "coordinates": [ [ [ 54.514141112430522, 24.349694393213809 ], [ 54.514401039085278, 24.349701702218933 ], [ 54.514398971391422, 24.34976273445405 ], [ 54.514501958904098, 24.349765630408921 ], [ 54.514492056457676, 24.350058585353423 ], [ 54.514383687148388, 24.350055538072311 ], [ 54.514379634468398, 24.350175160891123 ], [ 54.514125067126081, 24.35016800261393 ], [ 54.514141112430522, 24.349694393213809 ] ] ] } },
{ "type": "Feature", "properties": { "id": "B-11006", "area_m2": 5122.0, "surface_label": "Building / roof", "p_roof": 1.0, "dark_roof": false, "heat_zone": "extreme", "LST_C": 57.900002, "new_since_2017": false, "street": "Ar Raha 8 Street", "action": "Monitor / shade around" }, "geometry": { "type": "Polygon", "coordinates": [ [ [ 54.516217261149464, 24.347757966940019 ], [ 54.516204833223732, 24.348077684124807 ], [ 54.514782364261876, 24.348031788867242 ], [ 54.514794792187608, 24.34771207156658 ], [ 54.516217261149464, 24.347757966940019 ] ] ] } },
{ "type": "Feature", "properties": { "id": "B-11014", "area_m2": 294.0, "surface_label": "Building / roof", "p_roof": 0.74, "dark_roof": true, "heat_zone": "elevated", "LST_C": 56.3, "new_since_2017": false, "street": "Al Mazj 4 Street", "action": "" }, "geometry": { "type": "Polygon", "coordinates": [ [ [ 54.512849686270826, 24.364736680884711 ], [ 54.512842249594634, 24.364971043618041 ], [ 54.512730811635542, 24.364968102246106 ], [ 54.512738266303145, 24.364733739982213 ], [ 54.512849686270826, 24.364736680884711 ] ] ] } },
{ "type": "Feature", "properties": { "id": "B-11076", "area_m2": 676.0, "surface_label": "Building / roof", "p_roof": 0.96, "dark_roof": false, "heat_zone": "elevated", "LST_C": 56.200001, "new_since_2017": false, "street": "Al Mazj 5 Street", "action": "" }, "geometry": { "type": "Polygon", "coordinates": [ [ [ 54.513486978771596, 24.365276344184007 ], [ 54.5134963932964, 24.365058311929801 ], [ 54.513732063075452, 24.365066756087657 ], [ 54.513725071984823, 24.365228663726793 ], [ 54.513762565007269, 24.36523000472711 ], [ 54.513760602243636, 24.365275460605407 ], [ 54.513757924177987, 24.365275364649207 ], [ 54.513755673392708, 24.365327490834911 ], [ 54.513597667083793, 24.365321839480753 ], [ 54.513599457838978, 24.36528036718336 ], [ 54.513486978771596, 24.365276344184007 ] ] ] } },
{ "type": "Feature", "properties": { "id": "B-11086", "area_m2": 31.0, "surface_label": "Building / roof", "p_roof": 0.73, "dark_roof": false, "heat_zone": "lower", "LST_C": 50.400002, "new_since_2017": false, "street": "Al Jammalah 3 Street", "action": "" }, "geometry": { "type": "Polygon", "coordinates": [ [ [ 54.521507843667941, 24.361914953545625 ], [ 54.52146505978191, 24.361912793154662 ], [ 54.521468980654454, 24.361848357316674 ], [ 54.52151176437502, 24.361850520428131 ], [ 54.521507843667941, 24.361914953545625 ] ] ] } },
{ "type": "Feature", "properties": { "id": "B-11087", "area_m2": 1959.0, "surface_label": "Building / roof", "p_roof": 0.87, "dark_roof": false, "heat_zone": "elevated", "LST_C": 56.200001, "new_since_2017": false, "street": "Mohammed Bin Khalifa Al Kindi Street", "action": "" }, "geometry": { "type": "Polygon", "coordinates": [ [ [ 54.521045140630896, 24.348208243316403 ], [ 54.521058344043503, 24.347849430333639 ], [ 54.521543278856363, 24.347864241663366 ], [ 54.521530075443764, 24.348223054604173 ], [ 54.521045140630896, 24.348208243316403 ] ] ] } },
{ "type": "Feature", "properties": { "id": "B-11088", "area_m2": 3185.0, "surface_label": "Building / roof", "p_roof": 0.99, "dark_roof": false, "heat_zone": "elevated", "LST_C": 56.900002, "new_since_2017": true, "street": "Al Hayal Street", "action": "" }, "geometry": { "type": "Polygon", "coordinates": [ [ [ 54.512691075500555, 24.347976403587193 ], [ 54.512725844021652, 24.347111029949371 ], [ 54.51305263566536, 24.347121928038245 ], [ 54.513017866308161, 24.347987322411154 ], [ 54.512691075500555, 24.347976403587193 ] ] ] } },
{ "type": "Feature", "properties": { "id": "B-11102", "area_m2": 1065.0, "surface_label": "Building / roof", "p_roof": 0.66, "dark_roof": false, "heat_zone": "lower", "LST_C": 51.8, "new_since_2017": false, "street": "Al Kawakib Street", "action": "" }, "geometry": { "type": "Polygon", "coordinates": [ [ [ 54.518856234565135, 24.361760162699472 ], [ 54.518868074397531, 24.361440442984502 ], [ 54.518943090879404, 24.361442748310239 ], [ 54.518940921749802, 24.361501322973883 ], [ 54.519098992193811, 24.361506180622087 ], [ 54.51910125170383, 24.361445165349206 ], [ 54.519192343146145, 24.361447964673204 ], [ 54.519180412933366, 24.361770124974377 ], [ 54.518856234565135, 24.361760162699472 ] ] ] } },
{ "type": "Feature", "properties": { "id": "B-11114", "area_m2": 24.0, "surface_label": "Building / roof", "p_roof": 0.74, "dark_roof": false, "heat_zone": "lower", "LST_C": 53.599998, "new_since_2017": false, "street": "Al 'Afou 1 Street", "action": "" }, "geometry": { "type": "Polygon", "coordinates": [ [ [ 54.51056229222138, 24.342832656582271 ], [ 54.510602506242691, 24.342831859083002 ], [ 54.510603761942477, 24.342884251256798 ], [ 54.510563547982592, 24.342885051318813 ], [ 54.51056229222138, 24.342832656582271 ] ] ] } },
{ "type": "Feature", "properties": { "id": "B-11120", "area_m2": 153.0, "surface_label": "Bare soil / sand", "p_roof": 0.0, "dark_roof": true, "heat_zone": "high", "LST_C": 57.400002, "new_since_2017": true, "street": "Mohammed Bin Khalifa Al Kindi Street", "action": "Cool-roof candidate" }, "geometry": { "type": "Polygon", "coordinates": [ [ [ 54.508177625635817, 24.346799439317465 ], [ 54.508168934595254, 24.346918653258509 ], [ 54.508131548598591, 24.346916390940919 ], [ 54.508129420180474, 24.34694558617521 ], [ 54.508169476605445, 24.346948010086347 ], [ 54.508166106610126, 24.346994235859295 ], [ 54.508088664188527, 24.346989549632767 ], [ 54.508102853642541, 24.346794914677997 ], [ 54.508177625635817, 24.346799439317465 ] ] ] } },
{ "type": "Feature", "properties": { "id": "B-11139", "area_m2": 231.0, "surface_label": "Building / roof", "p_roof": 0.76, "dark_roof": true, "heat_zone": "elevated", "LST_C": 56.099998, "new_since_2017": false, "street": "Al Mazj 3 Street", "action": "" }, "geometry": { "type": "Polygon", "coordinates": [ [ [ 54.514018020640677, 24.366908051399697 ], [ 54.514021258463487, 24.366805518292932 ], [ 54.51416061801946, 24.366809169939369 ], [ 54.514159896704257, 24.366832012050992 ], [ 54.514224216628719, 24.366833693328644 ], [ 54.514221132981746, 24.366931344083081 ], [ 54.514161203086339, 24.366929777558916 ], [ 54.514161768838143, 24.366911818038901 ], [ 54.514018020640677, 24.366908051399697 ] ] ] } },
{ "type": "Feature", "properties": { "id": "B-11153", "area_m2": 1486.0, "surface_label": "Building / roof", "p_roof": 0.99, "dark_roof": false, "heat_zone": "lower", "LST_C": 55.5, "new_since_2017": false, "street": "Ad Diman 6 Street", "action": "" }, "geometry": { "type": "Polygon", "coordinates": [ [ [ 54.519987584235324, 24.350146755241266 ], [ 54.520002939445867, 24.34967310873288 ], [ 54.520281645482996, 24.349680625925412 ], [ 54.52026629027241, 24.350154272405693 ], [ 54.519987584235324, 24.350146755241266 ] ] ] } },
{ "type": "Feature", "properties": { "id": "B-11165", "area_m2": 89.0, "surface_label": "Building / roof", "p_roof": 0.36, "dark_roof": true, "heat_zone": "elevated", "LST_C": 56.3, "new_since_2017": false, "street": "Al Hiraf 6 Street", "action": "" }, "geometry": { "type": "Polygon", "coordinates": [ [ [ 54.507056384097083, 24.367116410880524 ], [ 54.507055174566247, 24.367183685763393 ], [ 54.506937188880308, 24.367181933117831 ], [ 54.506938398546353, 24.367114650713955 ], [ 54.507056384097083, 24.367116410880524 ] ] ] } },
{ "type": "Feature", "properties": { "id": "B-11176", "area_m2": 675.0, "surface_label": "Building / roof", "p_roof": 0.71, "dark_roof": false, "heat_zone": "lower", "LST_C": 54.599998, "new_since_2017": false, "street": "Street 24", "action": "" }, "geometry": { "type": "Polygon", "coordinates": [ [ [ 54.514513027270525, 24.349663369854103 ], [ 54.51438440995409, 24.349659662988284 ], [ 54.514400600390914, 24.349193398000242 ], [ 54.514529217707363, 24.349197104879675 ], [ 54.514513027270525, 24.349663369854103 ] ] ] } },
{ "type": "Feature", "properties": { "id": "B-11190", "area_m2": 11977.0, "surface_label": "Building / roof", "p_roof": 0.99, "dark_roof": false, "heat_zone": "extreme", "LST_C": 58.0, "new_since_2017": false, "street": "Al Jammalah 1 Street", "action": "Monitor / shade around" }, "geometry": { "type": "Polygon", "coordinates": [ [ [ 54.517210989286561, 24.365813798383751 ], [ 54.517233315822537, 24.365215879126279 ], [ 54.51901224440558, 24.365270999264194 ], [ 54.518989917869639, 24.365868918261167 ], [ 54.517210989286561, 24.365813798383751 ] ] ] } },
{ "type": "Feature", "properties": { "id": "B-11280", "area_m2": 1291.0, "surface_label": "Building / roof", "p_roof": 0.84, "dark_roof": false, "heat_zone": "lower", "LST_C": 55.8, "new_since_2017": false, "street": "Ad Diman 6 Street", "action": "" }, "geometry": { "type": "Polygon", "coordinates": [ [ [ 54.519199998580952, 24.347603295581287 ], [ 54.519748127051159, 24.347621505000575 ], [ 54.519743194710784, 24.3477447399722 ], [ 54.519315614047187, 24.347730562559445 ], [ 54.519300016021035, 24.348121029367103 ], [ 54.519179476274623, 24.348117032608737 ], [ 54.519199998580952, 24.347603295581287 ] ] ] } },
{ "type": "Feature", "properties": { "id": "B-11311", "area_m2": 765.0, "surface_label": "Building / roof", "p_roof": 0.99, "dark_roof": false, "heat_zone": "lower", "LST_C": 55.700001, "new_since_2017": false, "street": "Street 24", "action": "" }, "geometry": { "type": "Polygon", "coordinates": [ [ [ 54.515024645644594, 24.3502026600849 ], [ 54.515039388434381, 24.349724089356187 ], [ 54.515181433627028, 24.349727721304639 ], [ 54.515166690837241, 24.350206292019621 ], [ 54.515024645644594, 24.3502026600849 ] ] ] } },
{ "type": "Feature", "properties": { "id": "B-11321", "area_m2": 297.0, "surface_label": "Building / roof", "p_roof": 0.85, "dark_roof": false, "heat_zone": "lower", "LST_C": 52.700001, "new_since_2017": false, "street": "Al 'Afou 1 Street", "action": "" }, "geometry": { "type": "Polygon", "coordinates": [ [ [ 54.50928972388455, 24.343087613353774 ], [ 54.509281437433181, 24.343295056601274 ], [ 54.509260008144921, 24.343294346039386 ], [ 54.509262347848832, 24.3432357738624 ], [ 54.509115021492114, 24.343230888747048 ], [ 54.509120968239571, 24.343082017669602 ], [ 54.50928972388455, 24.343087613353774 ] ] ] } },
{ "type": "Feature", "properties": { "id": "B-11327", "area_m2": 670.0, "surface_label": "Building / roof", "p_roof": 0.53, "dark_roof": true, "heat_zone": "elevated", "LST_C": 56.5, "new_since_2017": false, "street": "Al Hiraf Street", "action": "" }, "geometry": { "type": "Polygon", "coordinates": [ [ [ 54.513630195381729, 24.368093378237358 ], [ 54.51389553230856, 24.36810004322939 ], [ 54.513889841447181, 24.368288031195988 ], [ 54.513828197514698, 24.368286482765836 ], [ 54.51382558375429, 24.368372823820703 ], [ 54.513636343483356, 24.368368082373816 ], [ 54.513640130496498, 24.368242666604704 ], [ 54.513751655072994, 24.36824546798465 ], [ 54.513753133218799, 24.368196639951805 ], [ 54.513627165182839, 24.368193475766134 ], [ 54.513630195381729, 24.368093378237358 ] ] ] } },
{ "type": "Feature", "properties": { "id": "B-11342", "area_m2": 364.0, "surface_label": "Building / roof", "p_roof": 0.94, "dark_roof": false, "heat_zone": "lower", "LST_C": 55.700001, "new_since_2017": false, "street": "Al Marmoumiyah 3 Street", "action": "" }, "geometry": { "type": "Polygon", "coordinates": [ [ [ 54.512888072431082, 24.370734088357739 ], [ 54.512892554355034, 24.370616956539187 ], [ 54.513168486672463, 24.370625717040554 ], [ 54.513164004748553, 24.370742848850949 ], [ 54.512888072431082, 24.370734088357739 ] ] ] } },
{ "type": "Feature", "properties": { "id": "B-11375", "area_m2": 1431.0, "surface_label": "Building / roof", "p_roof": 0.95, "dark_roof": false, "heat_zone": "elevated", "LST_C": 56.200001, "new_since_2017": false, "street": "Al Hiraf 6 Street", "action": "" }, "geometry": { "type": "Polygon", "coordinates": [ [ [ 54.506726124322199, 24.366911796295717 ], [ 54.506424932273255, 24.366904941073845 ], [ 54.506434416222717, 24.366558210194057 ], [ 54.506740995966474, 24.366565188060633 ], [ 54.50673818298003, 24.366667742178588 ], [ 54.506780081342171, 24.36666869579976 ], [ 54.506778745574628, 24.366717531149789 ], [ 54.506844064884909, 24.366719017839245 ], [ 54.506842018931543, 24.366793607858181 ], [ 54.50679913028771, 24.366792634433182 ], [ 54.50679461268102, 24.366957334204457 ], [ 54.506724918756589, 24.366955747950346 ], [ 54.506726124322199, 24.366911796295717 ] ] ] } },
{ "type": "Feature", "properties": { "id": "B-11403", "area_m2": 58.0, "surface_label": "Building / roof", "p_roof": 0.6, "dark_roof": false, "heat_zone": "lower", "LST_C": 55.900002, "new_since_2017": false, "street": "Ad Darsa'i 5 Street", "action": "" }, "geometry": { "type": "Polygon", "coordinates": [ [ [ 54.513807271621999, 24.3523095389207 ], [ 54.513810437314028, 24.352410536533068 ], [ 54.513759516965614, 24.352411864460166 ], [ 54.513756351171914, 24.3523108636047 ], [ 54.513807271621999, 24.3523095389207 ] ] ] } },
{ "type": "Feature", "properties": { "id": "B-11488", "area_m2": 748.0, "surface_label": "Building / roof", "p_roof": 0.98, "dark_roof": false, "heat_zone": "lower", "LST_C": 54.700001, "new_since_2017": false, "street": "Al Hayal Street", "action": "" }, "geometry": { "type": "Polygon", "coordinates": [ [ [ 54.513047116980772, 24.349960168948819 ], [ 54.513059639776131, 24.349638015961716 ], [ 54.513265911169853, 24.34964467112281 ], [ 54.513253388374451, 24.349966824092991 ], [ 54.513047116980772, 24.349960168948819 ] ] ] } },
{ "type": "Feature", "properties": { "id": "B-11489", "area_m2": 1036.0, "surface_label": "Building / roof", "p_roof": 0.99, "dark_roof": false, "heat_zone": "lower", "LST_C": 56.0, "new_since_2017": false, "street": "Al Hiraf 2 Street", "action": "" }, "geometry": { "type": "Polygon", "coordinates": [ [ [ 54.510508202136684, 24.366891799298401 ], [ 54.510520930520514, 24.366516995163245 ], [ 54.510766457367687, 24.36652389833543 ], [ 54.510753757223789, 24.366898718899318 ], [ 54.510508202136684, 24.366891799298401 ] ] ] } },
{ "type": "Feature", "properties": { "id": "B-11500", "area_m2": 40.0, "surface_label": "Building / roof", "p_roof": 0.86, "dark_roof": false, "heat_zone": "lower", "LST_C": 51.900002, "new_since_2017": false, "street": "Al Kawakib Street", "action": "" }, "geometry": { "type": "Polygon", "coordinates": [ [ [ 54.518976387818597, 24.361488940291082 ], [ 54.518979807066927, 24.36144272606137 ], [ 54.5190559546309, 24.361447406231058 ], [ 54.51905253184804, 24.361493620241813 ], [ 54.518976387818597, 24.361488940291082 ] ] ] } },
{ "type": "Feature", "properties": { "id": "B-11537", "area_m2": 44.0, "surface_label": "Building / roof", "p_roof": 0.36, "dark_roof": true, "heat_zone": "elevated", "LST_C": 56.3, "new_since_2017": false, "street": "Al Hiraf 6 Street", "action": "" }, "geometry": { "type": "Polygon", "coordinates": [ [ [ 54.507051025920504, 24.367114948080967 ], [ 54.506943807913586, 24.367112446250342 ], [ 54.506944837845808, 24.367075821084608 ], [ 54.507052055852682, 24.367078322915976 ], [ 54.507051025920504, 24.367114948080967 ] ] ] } },
{ "type": "Feature", "properties": { "id": "B-11543", "area_m2": 1915.0, "surface_label": "Building / roof", "p_roof": 0.91, "dark_roof": false, "heat_zone": "lower", "LST_C": 55.400002, "new_since_2017": false, "street": "Ad Diman 6 Street", "action": "" }, "geometry": { "type": "Polygon", "coordinates": [ [ [ 54.520734758794703, 24.350145516519703 ], [ 54.520748037421299, 24.349728009539128 ], [ 54.521155391188863, 24.34973876281569 ], [ 54.521142112562259, 24.350156269760827 ], [ 54.520734758794703, 24.350145516519703 ] ] ] } },
{ "type": "Feature", "properties": { "id": "B-11547", "area_m2": 397.0, "surface_label": "Building / roof", "p_roof": 0.4, "dark_roof": true, "heat_zone": "lower", "LST_C": 55.700001, "new_since_2017": false, "street": "Al Hiraf 2 Street", "action": "" }, "geometry": { "type": "Polygon", "coordinates": [ [ [ 54.50981144738715, 24.365462363581344 ], [ 54.509919723232443, 24.365465297413536 ], [ 54.50990905401725, 24.365791269153316 ], [ 54.509800803420077, 24.365788329111307 ], [ 54.50981144738715, 24.365462363581344 ] ] ] } },
{ "type": "Feature", "properties": { "id": "B-11555", "area_m2": 307.0, "surface_label": "Building / roof", "p_roof": 0.8, "dark_roof": false, "heat_zone": "lower", "LST_C": 55.8, "new_since_2017": false, "street": "Ad Darsa'i 7 Street", "action": "" }, "geometry": { "type": "Polygon", "coordinates": [ [ [ 54.515227754549883, 24.351623239562297 ], [ 54.514991982932415, 24.351616068687022 ], [ 54.514996220697711, 24.351500424479724 ], [ 54.515231992865502, 24.35150758034494 ], [ 54.515227754549883, 24.351623239562297 ] ] ] } },
{ "type": "Feature", "properties": { "id": "B-11567", "area_m2": 738.0, "surface_label": "Building / roof", "p_roof": 0.88, "dark_roof": false, "heat_zone": "lower", "LST_C": 55.700001, "new_since_2017": false, "street": "Ad Diman 6 Street", "action": "" }, "geometry": { "type": "Polygon", "coordinates": [ [ [ 54.519173719558431, 24.348180163875305 ], [ 54.519306635393647, 24.348184291305586 ], [ 54.519288151771491, 24.348677332660387 ], [ 54.519155273768618, 24.34867320642098 ], [ 54.519173719558431, 24.348180163875305 ] ] ] } },
{ "type": "Feature", "properties": { "id": "B-11568", "area_m2": 389.0, "surface_label": "Building / roof", "p_roof": 0.84, "dark_roof": false, "heat_zone": "lower", "LST_C": 55.700001, "new_since_2017": false, "street": "Ad Diman 6 Street", "action": "" }, "geometry": { "type": "Polygon", "coordinates": [ [ [ 54.519686517759169, 24.347964666121822 ], [ 54.519385242900434, 24.347970909520182 ], [ 54.519382376890078, 24.347856117353611 ], [ 54.51968364293495, 24.347849874132219 ], [ 54.519686517759169, 24.347964666121822 ] ] ] } },
{ "type": "Feature", "properties": { "id": "B-11586", "area_m2": 593.0, "surface_label": "Building / roof", "p_roof": 0.92, "dark_roof": false, "heat_zone": "lower", "LST_C": 56.0, "new_since_2017": false, "street": "Ad Darsa'i 7 Street", "action": "" }, "geometry": { "type": "Polygon", "coordinates": [ [ [ 54.514031582513901, 24.351545957696235 ], [ 54.513809312907902, 24.351537879442901 ], [ 54.513819675708362, 24.351301228567049 ], [ 54.514041945314361, 24.351309306835507 ], [ 54.514031582513901, 24.351545957696235 ] ] ] } },
{ "type": "Feature", "properties": { "id": "B-11612", "area_m2": 1598.0, "surface_label": "Building / roof", "p_roof": 0.78, "dark_roof": false, "heat_zone": "lower", "LST_C": 52.5, "new_since_2017": false, "street": "Ar Raha 8 Street", "action": "" }, "geometry": { "type": "Polygon", "coordinates": [ [ [ 54.517251393223646, 24.362767899661641 ], [ 54.517276907040213, 24.362109009660642 ], [ 54.517365309939734, 24.362111850347201 ], [ 54.517363987001097, 24.362146015097494 ], [ 54.517497930788238, 24.362150319166734 ], [ 54.517473739910308, 24.362775044381394 ], [ 54.517251393223646, 24.362767899661641 ] ] ] } },
{ "type": "Feature", "properties": { "id": "B-11613", "area_m2": 620.0, "surface_label": "Building / roof", "p_roof": 0.82, "dark_roof": false, "heat_zone": "lower", "LST_C": 54.3, "new_since_2017": false, "street": "Street 24", "action": "" }, "geometry": { "type": "Polygon", "coordinates": [ [ [ 54.513729159669651, 24.349636563458446 ], [ 54.513746731174471, 24.349159049342632 ], [ 54.513861936682517, 24.349162568020102 ], [ 54.51384436490769, 24.349640089460205 ], [ 54.513729159669651, 24.349636563458446 ] ] ] } },
{ "type": "Feature", "properties": { "id": "B-11625", "area_m2": 228.0, "surface_label": "Road / dark pavement", "p_roof": 0.4, "dark_roof": true, "heat_zone": "lower", "LST_C": 55.700001, "new_since_2017": false, "street": "Al Hayal Street", "action": "" }, "geometry": { "type": "Polygon", "coordinates": [ [ [ 54.511784563302527, 24.367700985620285 ], [ 54.511791579395151, 24.367456825860085 ], [ 54.511874670942511, 24.36745880709676 ], [ 54.511867654849887, 24.36770296685313 ], [ 54.511784563302527, 24.367700985620285 ] ] ] } },
{ "type": "Feature", "properties": { "id": "B-11632", "area_m2": 1493.0, "surface_label": "Building / roof", "p_roof": 0.8, "dark_roof": true, "heat_zone": "lower", "LST_C": 55.8, "new_since_2017": false, "street": "Ar Raha 8 Street", "action": "" }, "geometry": { "type": "Polygon", "coordinates": [ [ [ 54.516069930198064, 24.36106436294007 ], [ 54.516058528180302, 24.361318049904451 ], [ 54.516001018240772, 24.361315901235457 ], [ 54.515991683380875, 24.361523240574549 ], [ 54.516043853798465, 24.361525189746718 ], [ 54.516042253763601, 24.361560789310541 ], [ 54.515745026824099, 24.361549703378586 ], [ 54.51575802972701, 24.361260398321733 ], [ 54.515910659340364, 24.361266100825681 ], [ 54.515912523131725, 24.361224632781955 ], [ 54.515755945278201, 24.361218782763046 ], [ 54.515763413166106, 24.361052910919867 ], [ 54.516069930198064, 24.36106436294007 ] ] ] } },
{ "type": "Feature", "properties": { "id": "B-11636", "area_m2": 502.0, "surface_label": "Road / dark pavement", "p_roof": 0.46, "dark_roof": true, "heat_zone": "lower", "LST_C": 55.400002, "new_since_2017": false, "street": "Al Hiraf 6 Street", "action": "" }, "geometry": { "type": "Polygon", "coordinates": [ [ [ 54.506928027211686, 24.365312253023205 ], [ 54.506802037698542, 24.365309465752503 ], [ 54.506811477493805, 24.3649553935131 ], [ 54.506937467006949, 24.364958180791643 ], [ 54.506928027211686, 24.365312253023205 ] ] ] } },
{ "type": "Feature", "properties": { "id": "B-11700", "area_m2": 372.0, "surface_label": "Building / roof", "p_roof": 0.83, "dark_roof": false, "heat_zone": "elevated", "LST_C": 56.200001, "new_since_2017": false, "street": "Al Mazj 3 Street", "action": "" }, "geometry": { "type": "Polygon", "coordinates": [ [ [ 54.513667221648021, 24.367067951987909 ], [ 54.513674552369253, 24.366931455367865 ], [ 54.513943099332167, 24.366943440090363 ], [ 54.513936890462062, 24.367058882901873 ], [ 54.513764680403291, 24.367051208492114 ], [ 54.513763550291763, 24.367072250941206 ], [ 54.513667221648021, 24.367067951987909 ] ] ] } },
{ "type": "Feature", "properties": { "id": "B-11712", "area_m2": 1936.0, "surface_label": "Building / roof", "p_roof": 0.99, "dark_roof": false, "heat_zone": "lower", "LST_C": 56.0, "new_since_2017": false, "street": "Mohammed Bin Khalifa Al Kindi Street", "action": "" }, "geometry": { "type": "Polygon", "coordinates": [ [ [ 54.520405780703257, 24.348086783004273 ], [ 54.520419186109088, 24.3477806410121 ], [ 54.520980544272078, 24.347801079631253 ], [ 54.520967116953059, 24.348107184983217 ], [ 54.520405780703257, 24.348086783004273 ] ] ] } },
{ "type": "Feature", "properties": { "id": "B-11721", "area_m2": 304.0, "surface_label": "Building / roof", "p_roof": 0.74, "dark_roof": true, "heat_zone": "lower", "LST_C": 55.8, "new_since_2017": false, "street": "Ar Raha 8 Street", "action": "" }, "geometry": { "type": "Polygon", "coordinates": [ [ [ 54.516017890643717, 24.362099274101624 ], [ 54.516010562246748, 24.362348319760031 ], [ 54.515902028700047, 24.36234567642132 ], [ 54.515909337976503, 24.36209663029204 ], [ 54.516017890643717, 24.362099274101624 ] ] ] } },
{ "type": "Feature", "properties": { "id": "B-11738", "area_m2": 370.0, "surface_label": "Building / roof", "p_roof": 0.67, "dark_roof": false, "heat_zone": "elevated", "LST_C": 56.3, "new_since_2017": false, "street": "Ad Darsa'i 2 Street", "action": "" }, "geometry": { "type": "Polygon", "coordinates": [ [ [ 54.516482275708043, 24.351723310657601 ], [ 54.516474598682343, 24.351929352628314 ], [ 54.51631520486216, 24.351924413287847 ], [ 54.516322897319476, 24.351718381949606 ], [ 54.516482275708043, 24.351723310657601 ] ] ] } },
{ "type": "Feature", "properties": { "id": "B-11781", "area_m2": 151.0, "surface_label": "Road / dark pavement", "p_roof": 0.38, "dark_roof": true, "heat_zone": "elevated", "LST_C": 56.700001, "new_since_2017": false, "street": "Al Jammalah 6 Street", "action": "" }, "geometry": { "type": "Polygon", "coordinates": [ [ [ 54.521643657551479, 24.367156691113205 ], [ 54.521644704560281, 24.367112732849073 ], [ 54.521949375459833, 24.367118773732415 ], [ 54.521948325075172, 24.367162731927518 ], [ 54.521643657551479, 24.367156691113205 ] ] ] } },
{ "type": "Feature", "properties": { "id": "B-11794", "area_m2": 931.0, "surface_label": "Building / roof", "p_roof": 0.86, "dark_roof": false, "heat_zone": "lower", "LST_C": 55.700001, "new_since_2017": false, "street": "Al Hiraf 2 Street", "action": "" }, "geometry": { "type": "Polygon", "coordinates": [ [ [ 54.509526242429857, 24.364970453751337 ], [ 54.509535817823213, 24.364637223112062 ], [ 54.509783946797505, 24.364643139636573 ], [ 54.509774397442435, 24.364976355059916 ], [ 54.509526242429857, 24.364970453751337 ] ] ] } },
{ "type": "Feature", "properties": { "id": "B-11873", "area_m2": 428.0, "surface_label": "Building / roof", "p_roof": 0.56, "dark_roof": true, "heat_zone": "lower", "LST_C": 54.5, "new_since_2017": false, "street": "Rouh Al 'Ata-a 4 Street", "action": "" }, "geometry": { "type": "Polygon", "coordinates": [ [ [ 54.518689539626919, 24.343509352842986 ], [ 54.518700339825898, 24.343213988354382 ], [ 54.518828943126024, 24.343217891818181 ], [ 54.518818142927053, 24.34351325629768 ], [ 54.518689539626919, 24.343509352842986 ] ] ] } },
{ "type": "Feature", "properties": { "id": "B-11874", "area_m2": 4855.0, "surface_label": "Building / roof", "p_roof": 0.89, "dark_roof": false, "heat_zone": "lower", "LST_C": 52.400002, "new_since_2017": false, "street": "Al 'Afou 1 Street", "action": "" }, "geometry": { "type": "Polygon", "coordinates": [ [ [ 54.508277243303937, 24.34269368803734 ], [ 54.508279566027824, 24.342556870643648 ], [ 54.508435096940779, 24.342559062450771 ], [ 54.508435719098983, 24.342522414910171 ], [ 54.509344770469639, 24.342535225648124 ], [ 54.50933958581809, 24.342840621465147 ], [ 54.508430534447434, 24.342827810758109 ], [ 54.508430244106961, 24.3428449129038 ], [ 54.507521192736306, 24.342832102197193 ], [ 54.507522332120772, 24.342764988149625 ], [ 54.507553221905738, 24.342765421491048 ], [ 54.507554482437826, 24.342690833850344 ], [ 54.507598682303623, 24.342691456732823 ], [ 54.507598806735245, 24.342684127233206 ], [ 54.508277243303937, 24.34269368803734 ] ] ] } },
{ "type": "Feature", "properties": { "id": "B-11901", "area_m2": 100.0, "surface_label": "Bare soil / sand", "p_roof": 0.01, "dark_roof": false, "heat_zone": "extreme", "LST_C": 58.0, "new_since_2017": true, "street": "Al Hayal Street", "action": "Monitor / shade around" }, "geometry": { "type": "Polygon", "coordinates": [ [ [ 54.507963686824795, 24.350043199509919 ], [ 54.507911552166078, 24.35004253133485 ], [ 54.507914192928496, 24.349871512426219 ], [ 54.507966314451707, 24.349872180433845 ], [ 54.507963686824795, 24.350043199509919 ] ] ] } },
{ "type": "Feature", "properties": { "id": "B-11907", "area_m2": 1247.0, "surface_label": "Building / roof", "p_roof": 0.9, "dark_roof": true, "heat_zone": "elevated", "LST_C": 56.400002, "new_since_2017": false, "street": "Al Mazj 5 Street", "action": "" }, "geometry": { "type": "Polygon", "coordinates": [ [ [ 54.513158095845029, 24.365157857888516 ], [ 54.513163631730016, 24.365031005797274 ], [ 54.513168987683741, 24.365031199752448 ], [ 54.513175268784018, 24.364887271264347 ], [ 54.513215438437058, 24.36488872592987 ], [ 54.513220442025442, 24.36477407091672 ], [ 54.513482883758627, 24.364783574739739 ], [ 54.513468405290169, 24.365115342127805 ], [ 54.513430913614002, 24.365113984442416 ], [ 54.513428571508811, 24.365167652615199 ], [ 54.513158095845029, 24.365157857888516 ] ] ] } },
{ "type": "Feature", "properties": { "id": "B-11953", "area_m2": 2179.0, "surface_label": "Building / roof", "p_roof": 0.83, "dark_roof": false, "heat_zone": "high", "LST_C": 57.200001, "new_since_2017": false, "street": "Ar Rasin 2 Street", "action": "Monitor / shade around" }, "geometry": { "type": "Polygon", "coordinates": [ [ [ 54.518182244126791, 24.367019277502845 ], [ 54.518187682226682, 24.366811716645117 ], [ 54.519120559601916, 24.366831997629653 ], [ 54.519115121502061, 24.367039558454106 ], [ 54.518182244126791, 24.367019277502845 ] ] ] } },
{ "type": "Feature", "properties": { "id": "B-11959", "area_m2": 99.0, "surface_label": "Building / roof", "p_roof": 0.86, "dark_roof": false, "heat_zone": "lower", "LST_C": 55.0, "new_since_2017": false, "street": "Al Hayal Street", "action": "" }, "geometry": { "type": "Polygon", "coordinates": [ [ [ 54.511408780139533, 24.342225932669734 ], [ 54.511551002900227, 24.342213616848337 ], [ 54.51155743104912, 24.342275191757079 ], [ 54.511415204538352, 24.34228751696655 ], [ 54.511408780139533, 24.342225932669734 ] ] ] } },
{ "type": "Feature", "properties": { "id": "B-11980", "area_m2": 104.0, "surface_label": "Building / roof", "p_roof": 0.96, "dark_roof": false, "heat_zone": "lower", "LST_C": 55.599998, "new_since_2017": false, "street": "Al Marmoumiyah 3 Street", "action": "" }, "geometry": { "type": "Polygon", "coordinates": [ [ [ 54.512714115602819, 24.370662635549824 ], [ 54.512783779252025, 24.37066470072109 ], [ 54.512785436044012, 24.370618328820637 ], [ 54.512861683241972, 24.370620589161305 ], [ 54.512858637813217, 24.370706011262868 ], [ 54.512712720409574, 24.370701685558728 ], [ 54.512714115602819, 24.370662635549824 ] ] ] } },
{ "type": "Feature", "properties": { "id": "B-11986", "area_m2": 2825.0, "surface_label": "Building / roof", "p_roof": 0.89, "dark_roof": false, "heat_zone": "lower", "LST_C": 55.599998, "new_since_2017": false, "street": "Ad Diman 6 Street", "action": "" }, "geometry": { "type": "Polygon", "coordinates": [ [ [ 54.520340185872769, 24.347627974021062 ], [ 54.520324722890798, 24.34814809004526 ], [ 54.519842279204916, 24.348136184979815 ], [ 54.519857742186851, 24.347616068906703 ], [ 54.520340185872769, 24.347627974021062 ] ] ] } },
{ "type": "Feature", "properties": { "id": "B-11994", "area_m2": 796.0, "surface_label": "Building / roof", "p_roof": 0.9, "dark_roof": false, "heat_zone": "lower", "LST_C": 55.700001, "new_since_2017": false, "street": "Ad Diman 8 Street", "action": "" }, "geometry": { "type": "Polygon", "coordinates": [ [ [ 54.517716280291395, 24.347283055123601 ], [ 54.517727180846137, 24.346919219982706 ], [ 54.51783612702166, 24.346921929269502 ], [ 54.51782817252468, 24.347186752923431 ], [ 54.518141756143791, 24.347194571138001 ], [ 54.518138782756893, 24.347293561936016 ], [ 54.517716280291395, 24.347283055123601 ] ] ] } },
{ "type": "Feature", "properties": { "id": "B-12009", "area_m2": 153.0, "surface_label": "Building / roof", "p_roof": 0.97, "dark_roof": false, "heat_zone": "lower", "LST_C": 55.8, "new_since_2017": false, "street": "Al Mazj 4 Street", "action": "" }, "geometry": { "type": "Polygon", "coordinates": [ [ [ 54.511909229671716, 24.367328658188708 ], [ 54.512048613080651, 24.367325405814352 ], [ 54.512051359566563, 24.367423072706707 ], [ 54.511911976157592, 24.367426325078569 ], [ 54.511909229671716, 24.367328658188708 ] ] ] } },
{ "type": "Feature", "properties": { "id": "B-12011", "area_m2": 36.0, "surface_label": "Building / roof", "p_roof": 0.55, "dark_roof": true, "heat_zone": "elevated", "LST_C": 56.200001, "new_since_2017": false, "street": "Al Hiraf 1 Street", "action": "" }, "geometry": { "type": "Polygon", "coordinates": [ [ [ 54.509331167351768, 24.36680169703536 ], [ 54.50938211506773, 24.366800920729627 ], [ 54.509383281262032, 24.366864428368242 ], [ 54.509332333546105, 24.366865204673555 ], [ 54.509331167351768, 24.36680169703536 ] ] ] } },
{ "type": "Feature", "properties": { "id": "B-12019", "area_m2": 309.0, "surface_label": "Road / dark pavement", "p_roof": 0.21, "dark_roof": true, "heat_zone": "lower", "LST_C": 55.3, "new_since_2017": false, "street": "Al Marmoumiyah 4 Street", "action": "" }, "geometry": { "type": "Polygon", "coordinates": [ [ [ 54.511858933894885, 24.372025434938596 ], [ 54.511850837154292, 24.372291537891453 ], [ 54.511747664347681, 24.372288939804616 ], [ 54.51175574065757, 24.37202283633183 ], [ 54.511858933894885, 24.372025434938596 ] ] ] } },
{ "type": "Feature", "properties": { "id": "B-12023", "area_m2": 626.0, "surface_label": "Building / roof", "p_roof": 0.77, "dark_roof": false, "heat_zone": "elevated", "LST_C": 56.0, "new_since_2017": false, "street": "Al Marmoumiyah 2 Street", "action": "" }, "geometry": { "type": "Polygon", "coordinates": [ [ [ 54.514726965935466, 24.370976633150459 ], [ 54.51472918739853, 24.370908283301784 ], [ 54.514705068656802, 24.370907632886002 ], [ 54.514710889765354, 24.370728529172574 ], [ 54.514883634848552, 24.370733176623556 ], [ 54.514881468058881, 24.370800002358276 ], [ 54.514961864031122, 24.370802170417267 ], [ 54.514956006888951, 24.370982809748369 ], [ 54.514726965935466, 24.370976633150459 ] ] ] } },
{ "type": "Feature", "properties": { "id": "B-12054", "area_m2": 1242.0, "surface_label": "Building / roof", "p_roof": 0.55, "dark_roof": true, "heat_zone": "lower", "LST_C": 55.099998, "new_since_2017": false, "street": "Al Hayal Street", "action": "" }, "geometry": { "type": "Polygon", "coordinates": [ [ [ 54.511342288809026, 24.347777498365616 ], [ 54.51080012830964, 24.34776035148893 ], [ 54.510808090557582, 24.347551807318357 ], [ 54.511280580413583, 24.347566780878534 ], [ 54.511279052267049, 24.347606886227251 ], [ 54.511348705762543, 24.347609089156844 ], [ 54.511342288809026, 24.347777498365616 ] ] ] } },
{ "type": "Feature", "properties": { "id": "B-12111", "area_m2": 119.0, "surface_label": "Building / roof", "p_roof": 0.69, "dark_roof": true, "heat_zone": "lower", "LST_C": 55.3, "new_since_2017": false, "street": "Al Marmoumiyah 4 Street", "action": "" }, "geometry": { "type": "Polygon", "coordinates": [ [ [ 54.511706919143101, 24.371461881223436 ], [ 54.511844884184534, 24.371465566560669 ], [ 54.511841199308449, 24.371580298263677 ], [ 54.511768841742153, 24.371578365442225 ], [ 54.511771428995559, 24.371497809149783 ], [ 54.511705818896807, 24.371496056566126 ], [ 54.511706919143101, 24.371461881223436 ] ] ] } },
{ "type": "Feature", "properties": { "id": "B-12117", "area_m2": 953.0, "surface_label": "Bare soil / sand", "p_roof": 0.64, "dark_roof": false, "heat_zone": "lower", "LST_C": 55.599998, "new_since_2017": false, "street": "Ad Darsa'i 5 Street", "action": "" }, "geometry": { "type": "Polygon", "coordinates": [ [ [ 54.513790777120633, 24.352577316462103 ], [ 54.513796492675866, 24.35243667775762 ], [ 54.514231728124344, 24.352451358207713 ], [ 54.514236929956631, 24.352323601711419 ], [ 54.514323999259602, 24.352326544105118 ], [ 54.514313090547148, 24.352594967327807 ], [ 54.513790777120633, 24.352577316462103 ] ] ] } },
{ "type": "Feature", "properties": { "id": "B-12141", "area_m2": 162.0, "surface_label": "Road / dark pavement", "p_roof": 0.55, "dark_roof": true, "heat_zone": "lower", "LST_C": 55.200001, "new_since_2017": false, "street": "Al Marmoumiyah 1 Street", "action": "" }, "geometry": { "type": "Polygon", "coordinates": [ [ [ 54.513859888179269, 24.371777595147535 ], [ 54.513728545650821, 24.371774538880334 ], [ 54.513731627016419, 24.37166466700786 ], [ 54.513862969544874, 24.371667723277728 ], [ 54.513859888179269, 24.371777595147535 ] ] ] } },
{ "type": "Feature", "properties": { "id": "B-12156", "area_m2": 57.0, "surface_label": "Building / roof", "p_roof": 0.26, "dark_roof": true, "heat_zone": "elevated", "LST_C": 56.3, "new_since_2017": false, "street": "Al Hiraf 1 Street", "action": "" }, "geometry": { "type": "Polygon", "coordinates": [ [ [ 54.506846998959297, 24.36711491162194 ], [ 54.50673169130927, 24.367113294324508 ], [ 54.506732434522441, 24.367069325709917 ], [ 54.506847742172468, 24.367070943007889 ], [ 54.506846998959297, 24.36711491162194 ] ] ] } },
{ "type": "Feature", "properties": { "id": "B-12170", "area_m2": 319.0, "surface_label": "Building / roof", "p_roof": 0.93, "dark_roof": false, "heat_zone": "elevated", "LST_C": 56.5, "new_since_2017": false, "street": "Al Hiraf Street", "action": "" }, "geometry": { "type": "Polygon", "coordinates": [ [ [ 54.513930543944433, 24.368112863723127 ], [ 54.514179610867437, 24.368121708296684 ], [ 54.514174741079827, 24.368235498046488 ], [ 54.513925674835392, 24.368226637626108 ], [ 54.513930543944433, 24.368112863723127 ] ] ] } },
{ "type": "Feature", "properties": { "id": "B-12184", "area_m2": 387.0, "surface_label": "Building / roof", "p_roof": 0.9, "dark_roof": true, "heat_zone": "elevated", "LST_C": 56.0, "new_since_2017": false, "street": "Al Marmoumiyah 3 Street", "action": "" }, "geometry": { "type": "Polygon", "coordinates": [ [ [ 54.514366346137294, 24.370677600361955 ], [ 54.514362846086236, 24.370792342625872 ], [ 54.514089471821769, 24.370785423605525 ], [ 54.51409309438106, 24.370666665141695 ], [ 54.514169589443547, 24.37066860608731 ], [ 54.514170287998638, 24.370645762863806 ], [ 54.514270680263664, 24.370648303764664 ], [ 54.514269861102761, 24.370675158352626 ], [ 54.514366346137294, 24.370677600361955 ] ] ] } },
{ "type": "Feature", "properties": { "id": "B-12190", "area_m2": 24.0, "surface_label": "Building / roof", "p_roof": 0.64, "dark_roof": true, "heat_zone": "lower", "LST_C": 55.099998, "new_since_2017": false, "street": "Abu Al Hinna-a 4 Street", "action": "" }, "geometry": { "type": "Polygon", "coordinates": [ [ [ 54.508160320699453, 24.371172790719324 ], [ 54.508108351380606, 24.371181288969961 ], [ 54.508100421221918, 24.371141051321882 ], [ 54.508152390540772, 24.371132553068549 ], [ 54.508160320699453, 24.371172790719324 ] ] ] } },
{ "type": "Feature", "properties": { "id": "B-12193", "area_m2": 257.0, "surface_label": "Building / roof", "p_roof": 0.71, "dark_roof": true, "heat_zone": "lower", "LST_C": 55.5, "new_since_2017": false, "street": "Abu Al Hinna-a 3 Street", "action": "" }, "geometry": { "type": "Polygon", "coordinates": [ [ [ 54.507819385921927, 24.370617226827445 ], [ 54.50782309019565, 24.3704987730769 ], [ 54.508016052671053, 24.370503779928654 ], [ 54.508012348781655, 24.370622221382629 ], [ 54.507819385921927, 24.370617226827445 ] ] ] } },
{ "type": "Feature", "properties": { "id": "B-12212", "area_m2": 309.0, "surface_label": "Building / roof", "p_roof": 0.65, "dark_roof": true, "heat_zone": "lower", "LST_C": 55.900002, "new_since_2017": false, "street": "Al Mazj 3 Street", "action": "" }, "geometry": { "type": "Polygon", "coordinates": [ [ [ 54.513735454694363, 24.366196806479575 ], [ 54.513738733230156, 24.36608539332445 ], [ 54.513985319276067, 24.36609141448049 ], [ 54.513982040277988, 24.366202843340044 ], [ 54.513735454694363, 24.366196806479575 ] ] ] } },
{ "type": "Feature", "properties": { "id": "B-12218", "area_m2": 1877.0, "surface_label": "Building / roof", "p_roof": 0.75, "dark_roof": false, "heat_zone": "lower", "LST_C": 54.099998, "new_since_2017": true, "street": "Al 'Afou 1 Street", "action": "" }, "geometry": { "type": "Polygon", "coordinates": [ [ [ 54.50978716582091, 24.34353864200019 ], [ 54.509807356748482, 24.343072615263427 ], [ 54.510164797385087, 24.343085493130356 ], [ 54.510144570713912, 24.343551518531953 ], [ 54.50978716582091, 24.34353864200019 ] ] ] } },
{ "type": "Feature", "properties": { "id": "B-12232", "area_m2": 2077.0, "surface_label": "Building / roof", "p_roof": 0.67, "dark_roof": false, "heat_zone": "lower", "LST_C": 54.400002, "new_since_2017": false, "street": "Abu Al Hinna-a 1 Street", "action": "" }, "geometry": { "type": "Polygon", "coordinates": [ [ [ 54.509456810159364, 24.371944477604991 ], [ 54.509309467659726, 24.371939799716227 ], [ 54.509357368221877, 24.370687959724165 ], [ 54.50950471072148, 24.370692637659214 ], [ 54.509456810159364, 24.371944477604991 ] ] ] } },
{ "type": "Feature", "properties": { "id": "B-12252", "area_m2": 70.0, "surface_label": "Building / roof", "p_roof": 0.7, "dark_roof": true, "heat_zone": "elevated", "LST_C": 56.200001, "new_since_2017": false, "street": "Al Mazj 1 Street", "action": "" }, "geometry": { "type": "Polygon", "coordinates": [ [ [ 54.513932213612158, 24.367114840397729 ], [ 54.513701610888241, 24.367111253133618 ], [ 54.513702114594153, 24.367084384891367 ], [ 54.51393271731807, 24.367087972156241 ], [ 54.513932213612158, 24.367114840397729 ] ] ] } },
{ "type": "Feature", "properties": { "id": "B-12258", "area_m2": 24.0, "surface_label": "Building / roof", "p_roof": 0.92, "dark_roof": false, "heat_zone": "lower", "LST_C": 55.599998, "new_since_2017": false, "street": "Al Hiraf 6 Street", "action": "" }, "geometry": { "type": "Polygon", "coordinates": [ [ [ 54.507895686962648, 24.366001331539572 ], [ 54.507900072247345, 24.365928250843098 ], [ 54.507929488654618, 24.365929715560458 ], [ 54.507925103369921, 24.366002796256065 ], [ 54.507895686962648, 24.366001331539572 ] ] ] } },
{ "type": "Feature", "properties": { "id": "B-12262", "area_m2": 640.0, "surface_label": "Building / roof", "p_roof": 0.67, "dark_roof": false, "heat_zone": "lower", "LST_C": 55.5, "new_since_2017": false, "street": "Al Hayal Street", "action": "" }, "geometry": { "type": "Polygon", "coordinates": [ [ [ 54.512625149364197, 24.350096544066336 ], [ 54.512642867640494, 24.349635266184006 ], [ 54.51276609834585, 24.349639194966677 ], [ 54.51274838006956, 24.350100472834669 ], [ 54.512625149364197, 24.350096544066336 ] ] ] } },
{ "type": "Feature", "properties": { "id": "B-12275", "area_m2": 646.0, "surface_label": "Building / roof", "p_roof": 0.51, "dark_roof": true, "heat_zone": "high", "LST_C": 57.099998, "new_since_2017": false, "street": "Ar Raha 8 Street", "action": "Cool-roof candidate" }, "geometry": { "type": "Polygon", "coordinates": [ [ [ 54.516851484251177, 24.365326887482823 ], [ 54.516863007495658, 24.364959289301932 ], [ 54.517029168964399, 24.364963611522882 ], [ 54.517024194564307, 24.365122297895386 ], [ 54.51694647387734, 24.365120276213926 ], [ 54.516945938172704, 24.365137365503998 ], [ 54.517023658859713, 24.365139387185167 ], [ 54.517019143635032, 24.365283425393017 ], [ 54.516962863137536, 24.365281961418656 ], [ 54.516961102965205, 24.365338111862698 ], [ 54.516918222586156, 24.365336996454154 ], [ 54.516918484977182, 24.365328626040661 ], [ 54.516851484251177, 24.365326887482823 ] ] ] } },
{ "type": "Feature", "properties": { "id": "B-12300", "area_m2": 574.0, "surface_label": "Building / roof", "p_roof": 0.49, "dark_roof": false, "heat_zone": "elevated", "LST_C": 56.099998, "new_since_2017": false, "street": "Al Mazj 4 Street", "action": "" }, "geometry": { "type": "Polygon", "coordinates": [ [ [ 54.511864908012051, 24.3666014167088 ], [ 54.511872659989869, 24.366387657603553 ], [ 54.51211111691731, 24.366394818088292 ], [ 54.512103364388771, 24.36660859236758 ], [ 54.511864908012051, 24.3666014167088 ] ] ] } },
{ "type": "Feature", "properties": { "id": "B-12306", "area_m2": 74.0, "surface_label": "Bare soil / sand", "p_roof": 0.04, "dark_roof": true, "heat_zone": "extreme", "LST_C": 58.700001, "new_since_2017": true, "street": "Al Hayal Street", "action": "Cool-roof candidate" }, "geometry": { "type": "Polygon", "coordinates": [ [ [ 54.511248233181853, 24.348859867876374 ], [ 54.511164170324456, 24.348848761672222 ], [ 54.511176360850804, 24.348772176006314 ], [ 54.511260423708194, 24.34878328221717 ], [ 54.511248233181853, 24.348859867876374 ] ] ] } },
{ "type": "Feature", "properties": { "id": "B-12307", "area_m2": 295.0, "surface_label": "Building / roof", "p_roof": 0.86, "dark_roof": false, "heat_zone": "elevated", "LST_C": 56.400002, "new_since_2017": false, "street": "Az Zakhrafah 2 Street", "action": "" }, "geometry": { "type": "Polygon", "coordinates": [ [ [ 54.514698200433884, 24.363824642878324 ], [ 54.514700450542747, 24.363721157130612 ], [ 54.51495394436256, 24.363725714741197 ], [ 54.514951701851466, 24.363829216784001 ], [ 54.514698200433884, 24.363824642878324 ] ] ] } },
{ "type": "Feature", "properties": { "id": "B-12353", "area_m2": 365.0, "surface_label": "Building / roof", "p_roof": 0.85, "dark_roof": false, "heat_zone": "lower", "LST_C": 55.900002, "new_since_2017": false, "street": "Ad Darsa'i 7 Street", "action": "" }, "geometry": { "type": "Polygon", "coordinates": [ [ [ 54.514325445247216, 24.351476466123668 ], [ 54.514117859259052, 24.351470073076115 ], [ 54.514123655577997, 24.351313862269759 ], [ 54.514331229579142, 24.35132025495605 ], [ 54.514325445247216, 24.351476466123668 ] ] ] } },
{ "type": "Feature", "properties": { "id": "B-12356", "area_m2": 763.0, "surface_label": "Building / roof", "p_roof": 0.93, "dark_roof": false, "heat_zone": "elevated", "LST_C": 56.0, "new_since_2017": false, "street": "Street 24", "action": "" }, "geometry": { "type": "Polygon", "coordinates": [ [ [ 54.514279669109925, 24.350711520024831 ], [ 54.514283570482277, 24.350589443391826 ], [ 54.514357153018018, 24.350591390493573 ], [ 54.514368956517124, 24.350221160169657 ], [ 54.514488358029354, 24.350224327331226 ], [ 54.514472624982929, 24.350716625915052 ], [ 54.514279669109925, 24.350711520024831 ] ] ] } },
{ "type": "Feature", "properties": { "id": "B-12359", "area_m2": 68.0, "surface_label": "Building / roof", "p_roof": 0.61, "dark_roof": false, "heat_zone": "lower", "LST_C": 54.8, "new_since_2017": false, "street": "Abu Al Hinna-a 4 Street", "action": "" }, "geometry": { "type": "Polygon", "coordinates": [ [ [ 54.508568900464716, 24.371623932764237 ], [ 54.508434996445722, 24.371619143706337 ], [ 54.508436942377706, 24.371573999567307 ], [ 54.508570846029308, 24.371578797150388 ], [ 54.508568900464716, 24.371623932764237 ] ] ] } },
{ "type": "Feature", "properties": { "id": "B-12361", "area_m2": 496.0, "surface_label": "Building / roof", "p_roof": 0.7, "dark_roof": true, "heat_zone": "lower", "LST_C": 55.200001, "new_since_2017": false, "street": "Al Marmoumiyah 4 Street", "action": "" }, "geometry": { "type": "Polygon", "coordinates": [ [ [ 54.51222975576114, 24.371826137174054 ], [ 54.512284341134283, 24.371554259756493 ], [ 54.512441325148274, 24.371580400768909 ], [ 54.512386759989482, 24.371852281496345 ], [ 54.51222975576114, 24.371826137174054 ] ] ] } },
{ "type": "Feature", "properties": { "id": "B-12371", "area_m2": 1431.0, "surface_label": "Building / roof", "p_roof": 0.96, "dark_roof": false, "heat_zone": "lower", "LST_C": 55.3, "new_since_2017": false, "street": "Abu Al Hinna-a 3 Street", "action": "" }, "geometry": { "type": "Polygon", "coordinates": [ [ [ 54.507703278229101, 24.371145160242278 ], [ 54.507688930860816, 24.371524688944913 ], [ 54.507354051811483, 24.371514185130334 ], [ 54.507368399985893, 24.371134635072252 ], [ 54.507703278229101, 24.371145160242278 ] ] ] } },
{ "type": "Feature", "properties": { "id": "B-12373", "area_m2": 36.0, "surface_label": "Road / dark pavement", "p_roof": 0.06, "dark_roof": true, "heat_zone": "lower", "LST_C": 55.099998, "new_since_2017": false, "street": "Ad Diman 6 Street", "action": "" }, "geometry": { "type": "Polygon", "coordinates": [ [ [ 54.52021263051374, 24.350536835610708 ], [ 54.520266234858454, 24.350535506027313 ], [ 54.520268026061522, 24.350595290579772 ], [ 54.520214421819119, 24.350596623577939 ], [ 54.52021263051374, 24.350536835610708 ] ] ] } },
{ "type": "Feature", "properties": { "id": "B-12377", "area_m2": 25.0, "surface_label": "Road / dark pavement", "p_roof": 0.39, "dark_roof": true, "heat_zone": "elevated", "LST_C": 56.3, "new_since_2017": false, "street": "Al Hiraf 1 Street", "action": "" }, "geometry": { "type": "Polygon", "coordinates": [ [ [ 54.506854021277945, 24.367074374126247 ], [ 54.506912938884618, 24.367076481381684 ], [ 54.506911310963055, 24.367114182062895 ], [ 54.506852393518294, 24.367112071057665 ], [ 54.506854021277945, 24.367074374126247 ] ] ] } },
{ "type": "Feature", "properties": { "id": "B-12412", "area_m2": 1570.0, "surface_label": "Building / roof", "p_roof": 0.77, "dark_roof": true, "heat_zone": "elevated", "LST_C": 56.8, "new_since_2017": false, "street": "Al Mazj 2 Street", "action": "" }, "geometry": { "type": "Polygon", "coordinates": [ [ [ 54.515482106510937, 24.367580886862083 ], [ 54.515495711059586, 24.367367554479472 ], [ 54.515722932061756, 24.367379578086215 ], [ 54.515724019073517, 24.367362532684695 ], [ 54.515812234286095, 24.367367200673513 ], [ 54.515778847496847, 24.367890736938378 ], [ 54.515556972871209, 24.367878996287462 ], [ 54.515560699768599, 24.367820555131996 ], [ 54.515485850497299, 24.36781659442843 ], [ 54.515499515787802, 24.36760230995402 ], [ 54.515601096941687, 24.367607685203673 ], [ 54.515596593607341, 24.367678301715284 ], [ 54.51570886751427, 24.367684242777131 ], [ 54.515714674831976, 24.367593178579156 ], [ 54.515482106510937, 24.367580886862083 ] ] ] } },
{ "type": "Feature", "properties": { "id": "B-12416", "area_m2": 425.0, "surface_label": "Building / roof", "p_roof": 0.82, "dark_roof": false, "heat_zone": "lower", "LST_C": 56.0, "new_since_2017": false, "street": "Al Hiraf Street", "action": "" }, "geometry": { "type": "Polygon", "coordinates": [ [ [ 54.507705141240571, 24.367848901212767 ], [ 54.507701571664498, 24.36797831228094 ], [ 54.507475386611766, 24.367973121023876 ], [ 54.507481127339943, 24.367765575264269 ], [ 54.507589353925951, 24.367768059216903 ], [ 54.507587198710191, 24.367846194267237 ], [ 54.507705141240571, 24.367848901212767 ] ] ] } },
{ "type": "Feature", "properties": { "id": "B-12437", "area_m2": 448.0, "surface_label": "Building / roof", "p_roof": 0.77, "dark_roof": true, "heat_zone": "lower", "LST_C": 55.8, "new_since_2017": false, "street": "Al Mazj 4 Street", "action": "" }, "geometry": { "type": "Polygon", "coordinates": [ [ [ 54.511897915009783, 24.367694563669726 ], [ 54.511907063180928, 24.367482326344021 ], [ 54.512094528807545, 24.367489031244329 ], [ 54.512085380636407, 24.367701268558761 ], [ 54.511897915009783, 24.367694563669726 ] ] ] } },
{ "type": "Feature", "properties": { "id": "B-12463", "area_m2": 201.0, "surface_label": "Building / roof", "p_roof": 0.75, "dark_roof": true, "heat_zone": "elevated", "LST_C": 56.400002, "new_since_2017": false, "street": "Al Mazj 2 Street", "action": "" }, "geometry": { "type": "Polygon", "coordinates": [ [ [ 54.515084315111714, 24.367255640232596 ], [ 54.514905795038075, 24.367249926770004 ], [ 54.514909654022084, 24.367149875883836 ], [ 54.515088181773429, 24.367155589596674 ], [ 54.515084315111714, 24.367255640232596 ] ] ] } },
{ "type": "Feature", "properties": { "id": "B-12482", "area_m2": 754.0, "surface_label": "Building / roof", "p_roof": 0.86, "dark_roof": false, "heat_zone": "lower", "LST_C": 55.099998, "new_since_2017": false, "street": "Al Hayal Street", "action": "" }, "geometry": { "type": "Polygon", "coordinates": [ [ [ 54.512880133500005, 24.349627525701791 ], [ 54.513015672544796, 24.349630922158369 ], [ 54.513000752582847, 24.350125103437009 ], [ 54.512865251213761, 24.35012171657776 ], [ 54.512880133500005, 24.349627525701791 ] ] ] } },
{ "type": "Feature", "properties": { "id": "B-12489", "area_m2": 92.0, "surface_label": "Building / roof", "p_roof": 0.8, "dark_roof": true, "heat_zone": "elevated", "LST_C": 56.0, "new_since_2017": false, "street": "Al Hiraf 2 Street", "action": "" }, "geometry": { "type": "Polygon", "coordinates": [ [ [ 54.509757325969801, 24.366445428049033 ], [ 54.509750603663008, 24.366629623403753 ], [ 54.509706049282308, 24.366628274146461 ], [ 54.509712785829421, 24.366444076381377 ], [ 54.509757325969801, 24.366445428049033 ] ] ] } },
{ "type": "Feature", "properties": { "id": "B-12493", "area_m2": 304.0, "surface_label": "Building / roof", "p_roof": 0.6, "dark_roof": true, "heat_zone": "lower", "LST_C": 55.3, "new_since_2017": false, "street": "Al Marmoumiyah 4 Street", "action": "" }, "geometry": { "type": "Polygon", "coordinates": [ [ [ 54.511875379931588, 24.371787632706948 ], [ 54.511869469298475, 24.371985384298743 ], [ 54.511732777959232, 24.371981994429291 ], [ 54.511738688592331, 24.371784242832231 ], [ 54.511875379931588, 24.371787632706948 ] ] ] } },
{ "type": "Feature", "properties": { "id": "B-12510", "area_m2": 269.0, "surface_label": "Building / roof", "p_roof": 0.86, "dark_roof": false, "heat_zone": "elevated", "LST_C": 56.0, "new_since_2017": false, "street": "Al Mazj 1 Street", "action": "" }, "geometry": { "type": "Polygon", "coordinates": [ [ [ 54.512783692455855, 24.367114148603935 ], [ 54.513035759524755, 24.367117700150139 ], [ 54.513034634573863, 24.367183652827265 ], [ 54.512849606619064, 24.367181045842585 ], [ 54.51284774798809, 24.367290012029006 ], [ 54.512780708946892, 24.367289063197131 ], [ 54.512783692455855, 24.367114148603935 ] ] ] } },
{ "type": "Feature", "properties": { "id": "B-12521", "area_m2": 692.0, "surface_label": "Building / roof", "p_roof": 0.96, "dark_roof": false, "heat_zone": "lower", "LST_C": 55.3, "new_since_2017": false, "street": "Al Hiraf 6 Street", "action": "" }, "geometry": { "type": "Polygon", "coordinates": [ [ [ 54.506793996097834, 24.364570430829218 ], [ 54.506785718240913, 24.364816976149246 ], [ 54.506536505927848, 24.364810032817402 ], [ 54.506544783784811, 24.364563487483849 ], [ 54.506793996097834, 24.364570430829218 ] ] ] } },
{ "type": "Feature", "properties": { "id": "B-12556", "area_m2": 325.0, "surface_label": "Building / roof", "p_roof": 0.54, "dark_roof": true, "heat_zone": "lower", "LST_C": 55.599998, "new_since_2017": false, "street": "Ad Darsa'i 5 Street", "action": "" }, "geometry": { "type": "Polygon", "coordinates": [ [ [ 54.515275637072151, 24.352491357836925 ], [ 54.515279984298971, 24.352367806003748 ], [ 54.515480943036181, 24.352373687384134 ], [ 54.515479860064985, 24.352404466343767 ], [ 54.515536128637507, 24.352406109545718 ], [ 54.515533723728396, 24.352474459074852 ], [ 54.515485493523371, 24.352473050616794 ], [ 54.515484634627256, 24.35249746115424 ], [ 54.515275637072151, 24.352491357836925 ] ] ] } },
{ "type": "Feature", "properties": { "id": "B-12560", "area_m2": 608.0, "surface_label": "Building / roof", "p_roof": 0.85, "dark_roof": true, "heat_zone": "lower", "LST_C": 55.400002, "new_since_2017": false, "street": "Al Hiraf 4 Street", "action": "" }, "geometry": { "type": "Polygon", "coordinates": [ [ [ 54.509063312608859, 24.364600544162585 ], [ 54.509213271332619, 24.364606060683371 ], [ 54.509197291476461, 24.364965897001806 ], [ 54.509047333176561, 24.36496037095166 ], [ 54.509063312608859, 24.364600544162585 ] ] ] } },
{ "type": "Feature", "properties": { "id": "B-12564", "area_m2": 220.0, "surface_label": "Building / roof", "p_roof": 0.91, "dark_roof": false, "heat_zone": "lower", "LST_C": 55.5, "new_since_2017": false, "street": "Al Hiraf 6 Street", "action": "" }, "geometry": { "type": "Polygon", "coordinates": [ [ [ 54.507515786955238, 24.365899932940451 ], [ 54.507521391451867, 24.365751066456919 ], [ 54.507652665300618, 24.365755167440781 ], [ 54.50764706080399, 24.365904033919513 ], [ 54.507515786955238, 24.365899932940451 ] ] ] } },
{ "type": "Feature", "properties": { "id": "B-12565", "area_m2": 1299.0, "surface_label": "Building / roof", "p_roof": 0.96, "dark_roof": false, "heat_zone": "lower", "LST_C": 56.0, "new_since_2017": false, "street": "Ar Raha 8 Street", "action": "" }, "geometry": { "type": "Polygon", "coordinates": [ [ [ 54.514759092305631, 24.361674573795995 ], [ 54.51446468897268, 24.361662072796562 ], [ 54.514464938479733, 24.361657196621493 ], [ 54.514187967293786, 24.36164543582694 ], [ 54.514195294103345, 24.361502460842072 ], [ 54.51447631363564, 24.361514411468622 ], [ 54.514482481309322, 24.36139405568699 ], [ 54.514672504660219, 24.361402124504863 ], [ 54.514669256208869, 24.361465514687485 ], [ 54.514716043723013, 24.361467501389225 ], [ 54.514719412068175, 24.361401672908823 ], [ 54.514772939946909, 24.361403945822584 ], [ 54.514759092305631, 24.361674573795995 ] ] ] } },
{ "type": "Feature", "properties": { "id": "B-12602", "area_m2": 35.0, "surface_label": "Building / roof", "p_roof": 0.5, "dark_roof": true, "heat_zone": "elevated", "LST_C": 56.0, "new_since_2017": false, "street": "Al Hayal Street", "action": "" }, "geometry": { "type": "Polygon", "coordinates": [ [ [ 54.512788669572423, 24.348539993332526 ], [ 54.512724942064345, 24.348534150026065 ], [ 54.512730286884967, 24.34848576732988 ], [ 54.512794014393037, 24.348491610638568 ], [ 54.512788669572423, 24.348539993332526 ] ] ] } },
{ "type": "Feature", "properties": { "id": "B-12617", "area_m2": 620.0, "surface_label": "Building / roof", "p_roof": 0.68, "dark_roof": false, "heat_zone": "lower", "LST_C": 54.700001, "new_since_2017": false, "street": "Street 24", "action": "" }, "geometry": { "type": "Polygon", "coordinates": [ [ [ 54.513388344037622, 24.350108265507146 ], [ 54.513267730395668, 24.350105335363807 ], [ 54.513281095706326, 24.349648704554554 ], [ 54.51340170934828, 24.34965163470844 ], [ 54.513388344037622, 24.350108265507146 ] ] ] } },
{ "type": "Feature", "properties": { "id": "B-12687", "area_m2": 35.0, "surface_label": "Building / roof", "p_roof": 0.47, "dark_roof": true, "heat_zone": "lower", "LST_C": 55.8, "new_since_2017": false, "street": "Al Hiraf 6 Street", "action": "" }, "geometry": { "type": "Polygon", "coordinates": [ [ [ 54.507646541715822, 24.366177088955084 ], [ 54.507644384803257, 24.366214923085767 ], [ 54.50756145996381, 24.366211000244533 ], [ 54.507563617176984, 24.366173160840074 ], [ 54.507646541715822, 24.366177088955084 ] ] ] } },
{ "type": "Feature", "properties": { "id": "B-12745", "area_m2": 36.0, "surface_label": "Building / roof", "p_roof": 0.86, "dark_roof": false, "heat_zone": "lower", "LST_C": 55.8, "new_since_2017": false, "street": "Ar Raha 8 Street", "action": "" }, "geometry": { "type": "Polygon", "coordinates": [ [ [ 54.51602502951561, 24.360987475092163 ], [ 54.516071812132395, 24.36098912156173 ], [ 54.516068914985269, 24.36105743471888 ], [ 54.516022127127883, 24.361055788065784 ], [ 54.51602502951561, 24.360987475092163 ] ] ] } },
{ "type": "Feature", "properties": { "id": "B-12765", "area_m2": 320.0, "surface_label": "Building / roof", "p_roof": 0.99, "dark_roof": false, "heat_zone": "lower", "LST_C": 55.700001, "new_since_2017": false, "street": "At Tajalli 4 Street", "action": "" }, "geometry": { "type": "Polygon", "coordinates": [ [ [ 54.514177049601955, 24.36251588253295 ], [ 54.514181492646451, 24.362386510286747 ], [ 54.514401219209191, 24.362392758311326 ], [ 54.514396776164745, 24.362522130551138 ], [ 54.514177049601955, 24.36251588253295 ] ] ] } },
{ "type": "Feature", "properties": { "id": "B-12770", "area_m2": 289.0, "surface_label": "Building / roof", "p_roof": 0.67, "dark_roof": false, "heat_zone": "lower", "LST_C": 55.5, "new_since_2017": false, "street": "Abu Al Hinna-a 3 Street", "action": "" }, "geometry": { "type": "Polygon", "coordinates": [ [ [ 54.50724664863025, 24.371440148058809 ], [ 54.507244195476851, 24.371513375728021 ], [ 54.506893152976986, 24.371503618191404 ], [ 54.506895606130385, 24.371430390516508 ], [ 54.50724664863025, 24.371440148058809 ] ] ] } },
{ "type": "Feature", "properties": { "id": "B-12794", "area_m2": 883.0, "surface_label": "Building / roof", "p_roof": 0.87, "dark_roof": false, "heat_zone": "lower", "LST_C": 55.099998, "new_since_2017": false, "street": "Al Hiraf 6 Street", "action": "" }, "geometry": { "type": "Polygon", "coordinates": [ [ [ 54.507678595953799, 24.364800869062616 ], [ 54.507688053927609, 24.364537271376896 ], [ 54.507985461409575, 24.364546126338706 ], [ 54.507976003435765, 24.364809724005969 ], [ 54.507678595953799, 24.364800869062616 ] ] ] } },
{ "type": "Feature", "properties": { "id": "B-12797", "area_m2": 2644.0, "surface_label": "Building / roof", "p_roof": 0.73, "dark_roof": false, "heat_zone": "lower", "LST_C": 51.5, "new_since_2017": false, "street": "Ar Raha 8 Street", "action": "" }, "geometry": { "type": "Polygon", "coordinates": [ [ [ 54.517417826319743, 24.361863030664278 ], [ 54.518430073333107, 24.361900010772622 ], [ 54.518421374461845, 24.362097606620857 ], [ 54.517692985076557, 24.362070996638458 ], [ 54.517692877683103, 24.362073436091947 ], [ 54.517272447045279, 24.362058076651337 ], [ 54.517283401179441, 24.361809252121759 ], [ 54.517419974189181, 24.361814241504216 ], [ 54.517417826319743, 24.361863030664278 ] ] ] } },
{ "type": "Feature", "properties": { "id": "B-12813", "area_m2": 30.0, "surface_label": "Building / roof", "p_roof": 0.92, "dark_roof": false, "heat_zone": "lower", "LST_C": 53.700001, "new_since_2017": false, "street": "Al Hayal Street", "action": "" }, "geometry": { "type": "Polygon", "coordinates": [ [ [ 54.510707991861899, 24.342358092091104 ], [ 54.510709743334495, 24.342309269202289 ], [ 54.510764653010824, 24.342310907862611 ], [ 54.510762897791729, 24.342359730638993 ], [ 54.510707991861899, 24.342358092091104 ] ] ] } },
{ "type": "Feature", "properties": { "id": "B-12837", "area_m2": 526.0, "surface_label": "Building / roof", "p_roof": 0.85, "dark_roof": false, "heat_zone": "lower", "LST_C": 55.5, "new_since_2017": false, "street": "Ad Diman 6 Street", "action": "" }, "geometry": { "type": "Polygon", "coordinates": [ [ [ 54.518392986636314, 24.34881669651957 ], [ 54.518380703407921, 24.349270934923695 ], [ 54.518277718648363, 24.349268616899366 ], [ 54.518290036751019, 24.348814379271889 ], [ 54.518392986636314, 24.34881669651957 ] ] ] } },
{ "type": "Feature", "properties": { "id": "B-12854", "area_m2": 772.0, "surface_label": "Building / roof", "p_roof": 0.64, "dark_roof": false, "heat_zone": "lower", "LST_C": 54.400002, "new_since_2017": false, "street": "Street 24", "action": "" }, "geometry": { "type": "Polygon", "coordinates": [ [ [ 54.513967632105533, 24.349650882169605 ], [ 54.513987100018618, 24.349153013986573 ], [ 54.514124833187402, 24.349157475405175 ], [ 54.514105403473408, 24.349655344807982 ], [ 54.513967632105533, 24.349650882169605 ] ] ] } },
{ "type": "Feature", "properties": { "id": "B-12858", "area_m2": 234.0, "surface_label": "Building / roof", "p_roof": 0.99, "dark_roof": false, "heat_zone": "elevated", "LST_C": 56.200001, "new_since_2017": false, "street": "Az Zakhrafah 2 Street", "action": "" }, "geometry": { "type": "Polygon", "coordinates": [ [ [ 54.514106429551511, 24.363665275825568 ], [ 54.514107508067028, 24.363582213582735 ], [ 54.514358373066479, 24.363584900600667 ], [ 54.51435730093182, 24.363667962910071 ], [ 54.514106429551511, 24.363665275825568 ] ] ] } },
{ "type": "Feature", "properties": { "id": "B-12871", "area_m2": 38.0, "surface_label": "Building / roof", "p_roof": 0.89, "dark_roof": false, "heat_zone": "lower", "LST_C": 53.599998, "new_since_2017": false, "street": "Al Hayal Street", "action": "" }, "geometry": { "type": "Polygon", "coordinates": [ [ [ 54.510503974075782, 24.342137710511494 ], [ 54.510573683383953, 24.342136434755986 ], [ 54.510574760488517, 24.342185290268223 ], [ 54.510505051180388, 24.342186566023248 ], [ 54.510503974075782, 24.342137710511494 ] ] ] } },
{ "type": "Feature", "properties": { "id": "B-12881", "area_m2": 800.0, "surface_label": "Building / roof", "p_roof": 0.77, "dark_roof": true, "heat_zone": "elevated", "LST_C": 56.3, "new_since_2017": false, "street": "Al Mazj 2 Street", "action": "" }, "geometry": { "type": "Polygon", "coordinates": [ [ [ 54.515183017663169, 24.366858235980501 ], [ 54.515167952458484, 24.367115555348235 ], [ 54.514892468474024, 24.367102172133794 ], [ 54.514907534704044, 24.366844835225422 ], [ 54.515183017663169, 24.366858235980501 ] ] ] } },
{ "type": "Feature", "properties": { "id": "B-12892", "area_m2": 1175.0, "surface_label": "Building / roof", "p_roof": 0.85, "dark_roof": false, "heat_zone": "lower", "LST_C": 55.700001, "new_since_2017": false, "street": "Ad Diman 8 Street", "action": "" }, "geometry": { "type": "Polygon", "coordinates": [ [ [ 54.517732724063102, 24.34982471647346 ], [ 54.517740426945593, 24.349586548756907 ], [ 54.518178778911519, 24.349598343938496 ], [ 54.51817105865365, 24.349836483215828 ], [ 54.517732724063102, 24.34982471647346 ] ] ] } },
{ "type": "Feature", "properties": { "id": "B-12899", "area_m2": 267.0, "surface_label": "Building / roof", "p_roof": 0.84, "dark_roof": true, "heat_zone": "elevated", "LST_C": 56.200001, "new_since_2017": false, "street": "Al Mazj 1 Street", "action": "" }, "geometry": { "type": "Polygon", "coordinates": [ [ [ 54.514537465695525, 24.367126967626699 ], [ 54.514535382487644, 24.367218877542584 ], [ 54.514277036188766, 24.367214018698089 ], [ 54.514279126829791, 24.36712209244828 ], [ 54.514537465695525, 24.367126967626699 ] ] ] } },
{ "type": "Feature", "properties": { "id": "B-12958", "area_m2": 528.0, "surface_label": "Building / roof", "p_roof": 0.5, "dark_roof": true, "heat_zone": "lower", "LST_C": 55.8, "new_since_2017": false, "street": "Ad Darsa'i 5 Street", "action": "" }, "geometry": { "type": "Polygon", "coordinates": [ [ [ 54.51527976270966, 24.351935685255597 ], [ 54.515288119126303, 24.351667107780226 ], [ 54.515418134888179, 24.35167046525785 ], [ 54.515413794061921, 24.351809637013911 ], [ 54.515506233604818, 24.351812024134869 ], [ 54.515502207331345, 24.351941429568711 ], [ 54.51527976270966, 24.351935685255597 ] ] ] } },
{ "type": "Feature", "properties": { "id": "B-12961", "area_m2": 489.0, "surface_label": "Bare soil / sand", "p_roof": 0.57, "dark_roof": false, "heat_zone": "elevated", "LST_C": 56.099998, "new_since_2017": false, "street": "Mohammed Bin Khalifa Al Kindi Street", "action": "" }, "geometry": { "type": "Polygon", "coordinates": [ [ [ 54.520996263489963, 24.348349288070448 ], [ 54.520998965009092, 24.348251604374127 ], [ 54.521443929225882, 24.348261818504341 ], [ 54.521441227706752, 24.348359502192775 ], [ 54.520996263489963, 24.348349288070448 ] ] ] } },
{ "type": "Feature", "properties": { "id": "B-12985", "area_m2": 300.0, "surface_label": "Building / roof", "p_roof": 0.19, "dark_roof": true, "heat_zone": "elevated", "LST_C": 56.700001, "new_since_2017": false, "street": "Ad Darsa'i 4 Street", "action": "" }, "geometry": { "type": "Polygon", "coordinates": [ [ [ 54.512695866700149, 24.352058118505852 ], [ 54.512703278664311, 24.351850634627269 ], [ 54.512831888478189, 24.351854447817995 ], [ 54.512824476514069, 24.352061931690336 ], [ 54.512695866700149, 24.352058118505852 ] ] ] } },
{ "type": "Feature", "properties": { "id": "B-13016", "area_m2": 416.0, "surface_label": "Building / roof", "p_roof": 0.64, "dark_roof": true, "heat_zone": "lower", "LST_C": 54.700001, "new_since_2017": false, "street": "Rouh Al 'Ata-a 4 Street", "action": "" }, "geometry": { "type": "Polygon", "coordinates": [ [ [ 54.518978810217853, 24.343230217800691 ], [ 54.519104797575352, 24.343233045678684 ], [ 54.519096872898196, 24.343526116328178 ], [ 54.518970885540689, 24.343523288456719 ], [ 54.518978810217853, 24.343230217800691 ] ] ] } },
{ "type": "Feature", "properties": { "id": "B-13019", "area_m2": 650.0, "surface_label": "Building / roof", "p_roof": 0.95, "dark_roof": false, "heat_zone": "elevated", "LST_C": 56.200001, "new_since_2017": false, "street": "Al Marmoumiyah 5 Street", "action": "" }, "geometry": { "type": "Polygon", "coordinates": [ [ [ 54.513266455594319, 24.369615275952256 ], [ 54.513473998364887, 24.369620118670397 ], [ 54.513466170880108, 24.369898464065315 ], [ 54.513258606736997, 24.369893620859155 ], [ 54.513266455594319, 24.369615275952256 ] ] ] } },
{ "type": "Feature", "properties": { "id": "B-13048", "area_m2": 406.0, "surface_label": "Road / dark pavement", "p_roof": 0.24, "dark_roof": true, "heat_zone": "lower", "LST_C": 55.200001, "new_since_2017": false, "street": "Al Marmoumiyah 1 Street", "action": "" }, "geometry": { "type": "Polygon", "coordinates": [ [ [ 54.513741247209943, 24.371789233616209 ], [ 54.513991948068018, 24.371794028411895 ], [ 54.513988615740921, 24.371938112754002 ], [ 54.513737925948796, 24.371933318175437 ], [ 54.513741247209943, 24.371789233616209 ] ] ] } },
{ "type": "Feature", "properties": { "id": "B-13060", "area_m2": 331.0, "surface_label": "Building / roof", "p_roof": 0.91, "dark_roof": false, "heat_zone": "lower", "LST_C": 55.700001, "new_since_2017": false, "street": "Ad Darsa'i 5 Street", "action": "" }, "geometry": { "type": "Polygon", "coordinates": [ [ [ 54.513912658163214, 24.351850659571337 ], [ 54.513924358710788, 24.351592079117744 ], [ 54.514038120816281, 24.351596344297132 ], [ 54.514026440100245, 24.351854925485515 ], [ 54.513912658163214, 24.351850659571337 ] ] ] } },
{ "type": "Feature", "properties": { "id": "B-13063", "area_m2": 30.0, "surface_label": "Road / dark pavement", "p_roof": 0.34, "dark_roof": true, "heat_zone": "elevated", "LST_C": 56.400002, "new_since_2017": false, "street": "Al Mazj 1 Street", "action": "" }, "geometry": { "type": "Polygon", "coordinates": [ [ [ 54.514159812059447, 24.367810140627245 ], [ 54.514213441916681, 24.367810937280368 ], [ 54.514212547876966, 24.367860664073298 ], [ 54.514158918081151, 24.367859864002273 ], [ 54.514159812059447, 24.367810140627245 ] ] ] } },
{ "type": "Feature", "properties": { "id": "B-13064", "area_m2": 31.0, "surface_label": "Building / roof", "p_roof": 0.61, "dark_roof": false, "heat_zone": "lower", "LST_C": 55.400002, "new_since_2017": false, "street": "Al Hiraf 6 Street", "action": "" }, "geometry": { "type": "Polygon", "coordinates": [ [ [ 54.506906121594085, 24.365620747501463 ], [ 54.506834868578835, 24.365618376193439 ], [ 54.506836437360299, 24.365579335462471 ], [ 54.506907687379986, 24.365581706671549 ], [ 54.506906121594085, 24.365620747501463 ] ] ] } },
{ "type": "Feature", "properties": { "id": "B-13066", "area_m2": 3777.0, "surface_label": "Building / roof", "p_roof": 1.0, "dark_roof": false, "heat_zone": "lower", "LST_C": 55.599998, "new_since_2017": false, "street": "Abu Al Hinna-a 1 Street", "action": "" }, "geometry": { "type": "Polygon", "coordinates": [ [ [ 54.506043138972679, 24.371497945321675 ], [ 54.506662221969428, 24.371514087650738 ], [ 54.506662682268427, 24.371499440484936 ], [ 54.506729682592713, 24.371501187490335 ], [ 54.506729410206319, 24.3715098550941 ], [ 54.506840584553892, 24.371512746830799 ], [ 54.506828799052151, 24.371888691679409 ], [ 54.50676315615388, 24.371886984258445 ], [ 54.506761357127345, 24.371944230865338 ], [ 54.505981473352229, 24.371923895792381 ], [ 54.505986229775047, 24.371772542154545 ], [ 54.506382871695031, 24.371782884403753 ], [ 54.506383792292993, 24.371753590132759 ], [ 54.506035390606492, 24.371744505722603 ], [ 54.506043138972679, 24.371497945321675 ] ] ] } },
{ "type": "Feature", "properties": { "id": "B-13122", "area_m2": 1944.0, "surface_label": "Building / roof", "p_roof": 0.83, "dark_roof": false, "heat_zone": "lower", "LST_C": 55.200001, "new_since_2017": false, "street": "Al Hiraf 8 Street", "action": "" }, "geometry": { "type": "Polygon", "coordinates": [ [ [ 54.506478717059998, 24.364897682921065 ], [ 54.506462704663427, 24.365295408892273 ], [ 54.506283238040588, 24.365289413324415 ], [ 54.506283729218403, 24.365277213159274 ], [ 54.506021225799927, 24.365268443521348 ], [ 54.506036747018676, 24.364882917669732 ], [ 54.506478717059998, 24.364897682921065 ] ] ] } },
{ "type": "Feature", "properties": { "id": "B-13153", "area_m2": 420.0, "surface_label": "Building / roof", "p_roof": 0.77, "dark_roof": false, "heat_zone": "elevated", "LST_C": 56.099998, "new_since_2017": false, "street": "Al Hiraf 2 Street", "action": "" }, "geometry": { "type": "Polygon", "coordinates": [ [ [ 54.5107311845033, 24.367117218012886 ], [ 54.510728279852259, 24.367280874666623 ], [ 54.510500351920896, 24.367277503392572 ], [ 54.51050325657193, 24.367113846734487 ], [ 54.5107311845033, 24.367117218012886 ] ] ] } },
{ "type": "Feature", "properties": { "id": "B-13158", "area_m2": 31.0, "surface_label": "Building / roof", "p_roof": 0.58, "dark_roof": true, "heat_zone": "lower", "LST_C": 55.700001, "new_since_2017": false, "street": "Al Hiraf 2 Street", "action": "" }, "geometry": { "type": "Polygon", "coordinates": [ [ [ 54.509806620989067, 24.365200757669658 ], [ 54.509807462920193, 24.365171457944221 ], [ 54.509901275957532, 24.365173694864762 ], [ 54.509900434026449, 24.365202994589655 ], [ 54.509806620989067, 24.365200757669658 ] ] ] } },
{ "type": "Feature", "properties": { "id": "B-13160", "area_m2": 272.0, "surface_label": "Building / roof", "p_roof": 0.9, "dark_roof": false, "heat_zone": "lower", "LST_C": 56.0, "new_since_2017": false, "street": "Al Kawakib Street", "action": "" }, "geometry": { "type": "Polygon", "coordinates": [ [ [ 54.51421841321266, 24.361485490529176 ], [ 54.514220525786968, 24.361381335667357 ], [ 54.514452513019393, 24.36138525524002 ], [ 54.514450392746674, 24.361489395178211 ], [ 54.51421841321266, 24.361485490529176 ] ] ] } },
{ "type": "Feature", "properties": { "id": "B-13192", "area_m2": 266.0, "surface_label": "Building / roof", "p_roof": 0.7, "dark_roof": true, "heat_zone": "lower", "LST_C": 55.900002, "new_since_2017": false, "street": "Al Mazj 3 Street", "action": "" }, "geometry": { "type": "Polygon", "coordinates": [ [ [ 54.514572897049341, 24.366246262751972 ], [ 54.514568399644808, 24.366351164451903 ], [ 54.514343437199301, 24.366343161394216 ], [ 54.514347934603784, 24.366238259687648 ], [ 54.514572897049341, 24.366246262751972 ] ] ] } },
{ "type": "Feature", "properties": { "id": "B-13200", "area_m2": 728.0, "surface_label": "Building / roof", "p_roof": 0.6, "dark_roof": true, "heat_zone": "elevated", "LST_C": 56.400002, "new_since_2017": false, "street": "Ar Rasin 2 Street", "action": "" }, "geometry": { "type": "Polygon", "coordinates": [ [ [ 54.518765687353373, 24.365168390119795 ], [ 54.518770700303222, 24.365002370372817 ], [ 54.519160443097377, 24.365012160551998 ], [ 54.519155417401642, 24.365178179965969 ], [ 54.518765687353373, 24.365168390119795 ] ] ] } },
{ "type": "Feature", "properties": { "id": "B-13203", "area_m2": 1274.0, "surface_label": "Building / roof", "p_roof": 0.98, "dark_roof": false, "heat_zone": "lower", "LST_C": 55.599998, "new_since_2017": false, "street": "Al Hiraf 2 Street", "action": "" }, "geometry": { "type": "Polygon", "coordinates": [ [ [ 54.509962005295449, 24.364560601117311 ], [ 54.509720964951846, 24.364552133539256 ], [ 54.509718796016131, 24.364603367244211 ], [ 54.509517929063101, 24.364596310931603 ], [ 54.509520511129423, 24.364535318419968 ], [ 54.509564888069583, 24.364536877350954 ], [ 54.509575354704943, 24.364289188959916 ], [ 54.509972905134838, 24.364303129310045 ], [ 54.509962005295449, 24.364560601117311 ] ] ] } },
{ "type": "Feature", "properties": { "id": "B-13204", "area_m2": 278.0, "surface_label": "Building / roof", "p_roof": 0.7, "dark_roof": false, "heat_zone": "elevated", "LST_C": 56.900002, "new_since_2017": false, "street": "Ar Rasin 2 Street", "action": "" }, "geometry": { "type": "Polygon", "coordinates": [ [ [ 54.519085256478604, 24.366339839167281 ], [ 54.51909252440543, 24.366068794906923 ], [ 54.519183665134271, 24.366070822825886 ], [ 54.519176397207488, 24.366341867081914 ], [ 54.519085256478604, 24.366339839167281 ] ] ] } },
{ "type": "Feature", "properties": { "id": "B-13230", "area_m2": 339.0, "surface_label": "Building / roof", "p_roof": 0.39, "dark_roof": true, "heat_zone": "elevated", "LST_C": 56.0, "new_since_2017": false, "street": "Al Mazj 4 Street", "action": "" }, "geometry": { "type": "Polygon", "coordinates": [ [ [ 54.511883131165398, 24.368283202359585 ], [ 54.511757230909616, 24.36827906865987 ], [ 54.511766693076822, 24.368039939920859 ], [ 54.511892593332604, 24.368044073628397 ], [ 54.511883131165398, 24.368283202359585 ] ] ] } },
{ "type": "Feature", "properties": { "id": "B-13233", "area_m2": 272.0, "surface_label": "Road / dark pavement", "p_roof": 0.52, "dark_roof": true, "heat_zone": "lower", "LST_C": 55.900002, "new_since_2017": false, "street": "Ad Darsa'i 7 Street", "action": "" }, "geometry": { "type": "Polygon", "coordinates": [ [ [ 54.515215138670627, 24.351483836864404 ], [ 54.515019663980347, 24.351476557958147 ], [ 54.515025204337725, 24.351353068243707 ], [ 54.51522067846976, 24.35136035960014 ], [ 54.515215138670627, 24.351483836864404 ] ] ] } },
{ "type": "Feature", "properties": { "id": "B-13235", "area_m2": 2061.0, "surface_label": "Building / roof", "p_roof": 0.8, "dark_roof": false, "heat_zone": "lower", "LST_C": 55.599998, "new_since_2017": false, "street": "Ad Diman 6 Street", "action": "" }, "geometry": { "type": "Polygon", "coordinates": [ [ [ 54.518229758682203, 24.349745522932718 ], [ 54.5182421866268, 24.349345089611507 ], [ 54.518644196571053, 24.349355445520203 ], [ 54.518629722562423, 24.34982180367987 ], [ 54.518294714275505, 24.349813173787773 ], [ 54.518296760339588, 24.349747248912109 ], [ 54.518229758682203, 24.349745522932718 ] ] ] } },
{ "type": "Feature", "properties": { "id": "B-13293", "area_m2": 63.0, "surface_label": "Bare soil / sand", "p_roof": 0.07, "dark_roof": true, "heat_zone": "extreme", "LST_C": 58.200001, "new_since_2017": true, "street": "Al Hayal Street", "action": "Cool-roof candidate" }, "geometry": { "type": "Polygon", "coordinates": [ [ [ 54.511211371911855, 24.34855182686394 ], [ 54.511286336901108, 24.348554742686577 ], [ 54.511282837119886, 24.348629304287357 ], [ 54.511207872354611, 24.348626383695116 ], [ 54.511211371911855, 24.34855182686394 ] ] ] } },
{ "type": "Feature", "properties": { "id": "B-13318", "area_m2": 472.0, "surface_label": "Building / roof", "p_roof": 0.63, "dark_roof": true, "heat_zone": "lower", "LST_C": 55.400002, "new_since_2017": false, "street": "Al Marmoumiyah 4 Street", "action": "" }, "geometry": { "type": "Polygon", "coordinates": [ [ [ 54.511933529217529, 24.370603044120312 ], [ 54.511731256862262, 24.370595371377814 ], [ 54.511740734597659, 24.370388057682746 ], [ 54.511943022854283, 24.370395731040993 ], [ 54.511933529217529, 24.370603044120312 ] ] ] } },
{ "type": "Feature", "properties": { "id": "B-13330", "area_m2": 432.0, "surface_label": "Building / roof", "p_roof": 0.94, "dark_roof": false, "heat_zone": "elevated", "LST_C": 56.3, "new_since_2017": false, "street": "Ad Darsa'i 5 Street", "action": "" }, "geometry": { "type": "Polygon", "coordinates": [ [ [ 54.513507289097177, 24.351585370412945 ], [ 54.51372694596828, 24.351592569381634 ], [ 54.513720043112464, 24.351767381134223 ], [ 54.513500386793694, 24.351760168187838 ], [ 54.513507289097177, 24.351585370412945 ] ] ] } },
{ "type": "Feature", "properties": { "id": "B-13348", "area_m2": 711.0, "surface_label": "Building / roof", "p_roof": 0.92, "dark_roof": false, "heat_zone": "elevated", "LST_C": 56.099998, "new_since_2017": false, "street": "Al Hiraf 6 Street", "action": "" }, "geometry": { "type": "Polygon", "coordinates": [ [ [ 54.507907548866747, 24.366651015159388 ], [ 54.507899398126789, 24.366876725967558 ], [ 54.507594931995648, 24.366867583365476 ], [ 54.507599171466381, 24.366750432970989 ], [ 54.507719739853606, 24.366754053438825 ], [ 54.507725834092803, 24.366585649561475 ], [ 54.507851761075045, 24.3665894309439 ], [ 54.507849595294687, 24.366649278603546 ], [ 54.507907548866747, 24.366651015159388 ] ] ] } },
{ "type": "Feature", "properties": { "id": "B-13349", "area_m2": 37.0, "surface_label": "Building / roof", "p_roof": 0.74, "dark_roof": false, "heat_zone": "lower", "LST_C": 56.0, "new_since_2017": false, "street": "Ad Darsa'i 5 Street", "action": "" }, "geometry": { "type": "Polygon", "coordinates": [ [ [ 54.513676972445118, 24.352302149798401 ], [ 54.513717126767546, 24.352303770473384 ], [ 54.513713169387678, 24.352385148413074 ], [ 54.513673014941027, 24.352383530294414 ], [ 54.513676972445118, 24.352302149798401 ] ] ] } },
{ "type": "Feature", "properties": { "id": "B-13352", "area_m2": 1809.0, "surface_label": "Building / roof", "p_roof": 1.0, "dark_roof": false, "heat_zone": "lower", "LST_C": 55.200001, "new_since_2017": false, "street": "Ad Diman 6 Street", "action": "" }, "geometry": { "type": "Polygon", "coordinates": [ [ [ 54.520719328415609, 24.35072900412413 ], [ 54.520738338509986, 24.350253132344434 ], [ 54.521075849799985, 24.350264323078715 ], [ 54.521056839705608, 24.350740194816353 ], [ 54.520719328415609, 24.35072900412413 ] ] ] } },
{ "type": "Feature", "properties": { "id": "B-13397", "area_m2": 613.0, "surface_label": "Building / roof", "p_roof": 0.8, "dark_roof": false, "heat_zone": "lower", "LST_C": 55.900002, "new_since_2017": false, "street": "Al Mazj 3 Street", "action": "" }, "geometry": { "type": "Polygon", "coordinates": [ [ [ 54.514862996035291, 24.366398292910727 ], [ 54.514648560021548, 24.366393289221048 ], [ 54.514655700884887, 24.366139353076882 ], [ 54.514870136898629, 24.366144356776616 ], [ 54.514862996035291, 24.366398292910727 ] ] ] } },
{ "type": "Feature", "properties": { "id": "B-13420", "area_m2": 208.0, "surface_label": "Building / roof", "p_roof": 0.5, "dark_roof": true, "heat_zone": "lower", "LST_C": 55.900002, "new_since_2017": false, "street": "Al Marmoumiyah 3 Street", "action": "" }, "geometry": { "type": "Polygon", "coordinates": [ [ [ 54.513800977871561, 24.370833868774451 ], [ 54.514026143644145, 24.370838979101364 ], [ 54.514023896893839, 24.370921117051012 ], [ 54.513798731513617, 24.370915992381512 ], [ 54.513800977871561, 24.370833868774451 ] ] ] } },
{ "type": "Feature", "properties": { "id": "B-13421", "area_m2": 895.0, "surface_label": "Building / roof", "p_roof": 0.96, "dark_roof": false, "heat_zone": "lower", "LST_C": 55.599998, "new_since_2017": false, "street": "Street 24", "action": "" }, "geometry": { "type": "Polygon", "coordinates": [ [ [ 54.51276594230287, 24.350479234605267 ], [ 54.512776162834534, 24.350130047518821 ], [ 54.513017390118478, 24.350135907804226 ], [ 54.513013602089266, 24.350265326900637 ], [ 54.51299215966403, 24.350264805986935 ], [ 54.512985727161578, 24.350484573961708 ], [ 54.51276594230287, 24.350479234605267 ] ] ] } },
{ "type": "Feature", "properties": { "id": "B-13423", "area_m2": 621.0, "surface_label": "Building / roof", "p_roof": 0.75, "dark_roof": false, "heat_zone": "lower", "LST_C": 54.599998, "new_since_2017": false, "street": "Al 'Afou 1 Street", "action": "" }, "geometry": { "type": "Polygon", "coordinates": [ [ [ 54.510183640246602, 24.34433887441299 ], [ 54.510190347184164, 24.344185162928678 ], [ 54.510549196084639, 24.344198160065787 ], [ 54.510542489147078, 24.344351871534311 ], [ 54.510183640246602, 24.34433887441299 ] ] ] } },
{ "type": "Feature", "properties": { "id": "B-13433", "area_m2": 436.0, "surface_label": "Building / roof", "p_roof": 0.62, "dark_roof": true, "heat_zone": "lower", "LST_C": 55.8, "new_since_2017": false, "street": "Ad Diman 6 Street", "action": "" }, "geometry": { "type": "Polygon", "coordinates": [ [ [ 54.520618823195782, 24.349448843767821 ], [ 54.520632918470533, 24.349120616319293 ], [ 54.520750755620412, 24.349124808956276 ], [ 54.520736660023481, 24.349453043896137 ], [ 54.520618823195782, 24.349448843767821 ] ] ] } },
{ "type": "Feature", "properties": { "id": "B-13479", "area_m2": 808.0, "surface_label": "Building / roof", "p_roof": 0.86, "dark_roof": false, "heat_zone": "elevated", "LST_C": 56.099998, "new_since_2017": false, "street": "Al Hiraf 2 Street", "action": "" }, "geometry": { "type": "Polygon", "coordinates": [ [ [ 54.510737617604029, 24.367430203072228 ], [ 54.510726767530109, 24.367721971116332 ], [ 54.510435743394481, 24.367712991011871 ], [ 54.510441860879595, 24.367548145931018 ], [ 54.510545358479455, 24.367551332952615 ], [ 54.510550077727956, 24.367424428114997 ], [ 54.510737617604029, 24.367430203072228 ] ] ] } },
{ "type": "Feature", "properties": { "id": "B-13480", "area_m2": 612.0, "surface_label": "Bare soil / sand", "p_roof": 0.27, "dark_roof": false, "heat_zone": "lower", "LST_C": 55.8, "new_since_2017": false, "street": "Ad Diman 8 Street", "action": "" }, "geometry": { "type": "Polygon", "coordinates": [ [ [ 54.51760056250945, 24.349896224961359 ], [ 54.517718400623508, 24.349900410093266 ], [ 54.517698668280147, 24.350361551081672 ], [ 54.51758083016604, 24.35035736596501 ], [ 54.51760056250945, 24.349896224961359 ] ] ] } },
{ "type": "Feature", "properties": { "id": "B-13504", "area_m2": 708.0, "surface_label": "Bare soil / sand", "p_roof": 0.59, "dark_roof": false, "heat_zone": "lower", "LST_C": 55.200001, "new_since_2017": false, "street": "Al Hayal Street", "action": "" }, "geometry": { "type": "Polygon", "coordinates": [ [ [ 54.514211049116881, 24.348624989307989 ], [ 54.514560884630718, 24.348636544207583 ], [ 54.514553733851351, 24.348816240325462 ], [ 54.514203911239271, 24.348804708174342 ], [ 54.514211049116881, 24.348624989307989 ] ] ] } },
{ "type": "Feature", "properties": { "id": "B-13509", "area_m2": 734.0, "surface_label": "Building / roof", "p_roof": 0.85, "dark_roof": false, "heat_zone": "lower", "LST_C": 55.5, "new_since_2017": false, "street": "Ad Diman 6 Street", "action": "" }, "geometry": { "type": "Polygon", "coordinates": [ [ [ 54.519811100404659, 24.349670277506831 ], [ 54.519950458554874, 24.349673947382684 ], [ 54.519935587444046, 24.35014152540742 ], [ 54.519796229576166, 24.350137846666708 ], [ 54.519811100404659, 24.349670277506831 ] ] ] } },
{ "type": "Feature", "properties": { "id": "B-13521", "area_m2": 114.0, "surface_label": "Building / roof", "p_roof": 0.92, "dark_roof": false, "heat_zone": "lower", "LST_C": 55.8, "new_since_2017": false, "street": "At Tajalli 4 Street", "action": "" }, "geometry": { "type": "Polygon", "coordinates": [ [ [ 54.513305677406635, 24.362355158453322 ], [ 54.513299545701372, 24.362512261859354 ], [ 54.513235253797014, 24.362510183650713 ], [ 54.51324138566207, 24.362353076148281 ], [ 54.513305677406635, 24.362355158453322 ] ] ] } },
{ "type": "Feature", "properties": { "id": "B-13549", "area_m2": 133.0, "surface_label": "Building / roof", "p_roof": 0.84, "dark_roof": false, "heat_zone": "lower", "LST_C": 52.8, "new_since_2017": false, "street": "Al 'Afou 1 Street", "action": "" }, "geometry": { "type": "Polygon", "coordinates": [ [ [ 54.509164951203971, 24.34338939971629 ], [ 54.509168034458412, 24.343237940000805 ], [ 54.509245791771917, 24.343239253948685 ], [ 54.509242708517469, 24.343390713662576 ], [ 54.509164951203971, 24.34338939971629 ] ] ] } },
{ "type": "Feature", "properties": { "id": "B-13551", "area_m2": 335.0, "surface_label": "Building / roof", "p_roof": 0.94, "dark_roof": false, "heat_zone": "elevated", "LST_C": 56.0, "new_since_2017": false, "street": "Az Zakhrafah 2 Street", "action": "" }, "geometry": { "type": "Polygon", "coordinates": [ [ [ 54.512912595164764, 24.363770723175904 ], [ 54.512916478240072, 24.363666730398908 ], [ 54.513067968130613, 24.363671414716247 ], [ 54.513069423196882, 24.363632366167504 ], [ 54.51316709406148, 24.363635386312605 ], [ 54.513161752330738, 24.363778443405327 ], [ 54.512912595164764, 24.363770723175904 ] ] ] } },
{ "type": "Feature", "properties": { "id": "B-13560", "area_m2": 305.0, "surface_label": "Building / roof", "p_roof": 0.72, "dark_roof": true, "heat_zone": "lower", "LST_C": 55.8, "new_since_2017": false, "street": "Ar Raha 8 Street", "action": "" }, "geometry": { "type": "Polygon", "coordinates": [ [ [ 54.515883284183417, 24.3625896366738 ], [ 54.515879686302512, 24.362369782323693 ], [ 54.516003040503321, 24.362368107153518 ], [ 54.516006638384233, 24.36258796150657 ], [ 54.515883284183417, 24.3625896366738 ] ] ] } },
{ "type": "Feature", "properties": { "id": "B-13581", "area_m2": 682.0, "surface_label": "Building / roof", "p_roof": 0.55, "dark_roof": true, "heat_zone": "elevated", "LST_C": 56.0, "new_since_2017": false, "street": "Al Mazj 5 Street", "action": "" }, "geometry": { "type": "Polygon", "coordinates": [ [ [ 54.514389109897841, 24.365369881185355 ], [ 54.514399238318262, 24.365094095158042 ], [ 54.514618933571612, 24.365100790373933 ], [ 54.514608805151191, 24.365376576386641 ], [ 54.514389109897841, 24.365369881185355 ] ] ] } },
{ "type": "Feature", "properties": { "id": "B-13585", "area_m2": 423.0, "surface_label": "Road / dark pavement", "p_roof": 0.46, "dark_roof": true, "heat_zone": "lower", "LST_C": 55.900002, "new_since_2017": false, "street": "Al Mazj 3 Street", "action": "" }, "geometry": { "type": "Polygon", "coordinates": [ [ [ 54.514314257591813, 24.366098628914624 ], [ 54.514307960138247, 24.366271913126706 ], [ 54.514223243799307, 24.366269358424361 ], [ 54.514225110360009, 24.366218105489875 ], [ 54.514037561702089, 24.366212449777965 ], [ 54.514042005894218, 24.36609041889248 ], [ 54.514314257591813, 24.366098628914624 ] ] ] } },
{ "type": "Feature", "properties": { "id": "B-13593", "area_m2": 200.0, "surface_label": "Road / dark pavement", "p_roof": 0.19, "dark_roof": true, "heat_zone": "lower", "LST_C": 52.5, "new_since_2017": false, "street": "Al Kawakib Street", "action": "" }, "geometry": { "type": "Polygon", "coordinates": [ [ [ 54.518881810700705, 24.36101994498997 ], [ 54.518639341228685, 24.361013823145768 ], [ 54.518641575308166, 24.360940577611206 ], [ 54.518884039157086, 24.360946699316983 ], [ 54.518881810700705, 24.36101994498997 ] ] ] } },
{ "type": "Feature", "properties": { "id": "B-13595", "area_m2": 488.0, "surface_label": "Building / roof", "p_roof": 0.85, "dark_roof": false, "heat_zone": "elevated", "LST_C": 56.5, "new_since_2017": false, "street": "Az Zakhrafah 2 Street", "action": "" }, "geometry": { "type": "Polygon", "coordinates": [ [ [ 54.512877735397929, 24.36488219228637 ], [ 54.512883045765193, 24.364738198681806 ], [ 54.513184251675249, 24.364747416368807 ], [ 54.513178930257233, 24.364891409624722 ], [ 54.512877735397929, 24.36488219228637 ] ] ] } },
{ "type": "Feature", "properties": { "id": "B-13596", "area_m2": 317.0, "surface_label": "Building / roof", "p_roof": 0.79, "dark_roof": false, "heat_zone": "lower", "LST_C": 55.900002, "new_since_2017": false, "street": "Al Mazj 5 Street", "action": "" }, "geometry": { "type": "Polygon", "coordinates": [ [ [ 54.513746858961809, 24.36605038533278 ], [ 54.513750045028978, 24.365945403622618 ], [ 54.514018061091726, 24.36595215311344 ], [ 54.514014875024507, 24.366057134818007 ], [ 54.513746858961809, 24.36605038533278 ] ] ] } },
{ "type": "Feature", "properties": { "id": "B-13609", "area_m2": 696.0, "surface_label": "Road / dark pavement", "p_roof": 0.36, "dark_roof": true, "heat_zone": "elevated", "LST_C": 56.900002, "new_since_2017": false, "street": "Ar Raha 8 Street", "action": "" }, "geometry": { "type": "Polygon", "coordinates": [ [ [ 54.516831606399613, 24.365716887348043 ], [ 54.516845219584276, 24.365350810913483 ], [ 54.517014005073023, 24.365356019208818 ], [ 54.517000391888359, 24.365722095628325 ], [ 54.516831606399613, 24.365716887348043 ] ] ] } },
{ "type": "Feature", "properties": { "id": "B-13610", "area_m2": 89.0, "surface_label": "Building / roof", "p_roof": 0.59, "dark_roof": true, "heat_zone": "lower", "LST_C": 55.599998, "new_since_2017": false, "street": "Al Hiraf 2 Street", "action": "" }, "geometry": { "type": "Polygon", "coordinates": [ [ [ 54.510625918263614, 24.3658115744668 ], [ 54.510510662246283, 24.365808826264001 ], [ 54.510512626752238, 24.365740460556083 ], [ 54.510627882769526, 24.36574320876036 ], [ 54.510625918263614, 24.3658115744668 ] ] ] } },
{ "type": "Feature", "properties": { "id": "B-13619", "area_m2": 664.0, "surface_label": "Building / roof", "p_roof": 0.64, "dark_roof": true, "heat_zone": "elevated", "LST_C": 56.200001, "new_since_2017": false, "street": "Al Mazj 4 Street", "action": "" }, "geometry": { "type": "Polygon", "coordinates": [ [ [ 54.51239526202955, 24.368322890940242 ], [ 54.512404584044312, 24.36809353904551 ], [ 54.512661723627382, 24.368102211266191 ], [ 54.51265240161262, 24.368331563145219 ], [ 54.51239526202955, 24.368322890940242 ] ] ] } },
{ "type": "Feature", "properties": { "id": "B-13666", "area_m2": 70.0, "surface_label": "Road / dark pavement", "p_roof": 0.01, "dark_roof": true, "heat_zone": "elevated", "LST_C": 56.900002, "new_since_2017": false, "street": "Al Hayal Street", "action": "" }, "geometry": { "type": "Polygon", "coordinates": [ [ [ 54.51212380384446, 24.345482938116334 ], [ 54.512042222757415, 24.345465974297255 ], [ 54.512060260432527, 24.345393970376875 ], [ 54.512141841519572, 24.345410934205603 ], [ 54.51212380384446, 24.345482938116334 ] ] ] } },
{ "type": "Feature", "properties": { "id": "B-13710", "area_m2": 595.0, "surface_label": "Building / roof", "p_roof": 0.83, "dark_roof": false, "heat_zone": "elevated", "LST_C": 56.400002, "new_since_2017": false, "street": "Az Zakhrafah 2 Street", "action": "" }, "geometry": { "type": "Polygon", "coordinates": [ [ [ 54.513735114191647, 24.36500301162398 ], [ 54.513512701765251, 24.364996772435973 ], [ 54.513520737068873, 24.364759083335723 ], [ 54.513743149016378, 24.364765336702011 ], [ 54.513735114191647, 24.36500301162398 ] ] ] } },
{ "type": "Feature", "properties": { "id": "B-13726", "area_m2": 188.0, "surface_label": "Building / roof", "p_roof": 0.36, "dark_roof": true, "heat_zone": "lower", "LST_C": 56.0, "new_since_2017": false, "street": "Al Mazj 4 Street", "action": "" }, "geometry": { "type": "Polygon", "coordinates": [ [ [ 54.512574754016391, 24.367116775282128 ], [ 54.512573961225591, 24.36718126499812 ], [ 54.512542740430042, 24.36718094851544 ], [ 54.512541367582372, 24.367293325346552 ], [ 54.512458229398511, 24.367292482582226 ], [ 54.512460390171711, 24.367115608693311 ], [ 54.512574754016391, 24.367116775282128 ] ] ] } },
{ "type": "Feature", "properties": { "id": "B-13738", "area_m2": 28.0, "surface_label": "Building / roof", "p_roof": 0.84, "dark_roof": false, "heat_zone": "lower", "LST_C": 54.0, "new_since_2017": false, "street": "Al Hayal Street", "action": "" }, "geometry": { "type": "Polygon", "coordinates": [ [ [ 54.511034000749213, 24.342273729369904 ], [ 54.510980395895217, 24.342272406523549 ], [ 54.510981775222234, 24.342226009131423 ], [ 54.51103538007623, 24.342227331978268 ], [ 54.511034000749213, 24.342273729369904 ] ] ] } },
{ "type": "Feature", "properties": { "id": "B-13739", "area_m2": 460.0, "surface_label": "Building / roof", "p_roof": 0.71, "dark_roof": true, "heat_zone": "lower", "LST_C": 54.5, "new_since_2017": false, "street": "Abu Al Hinna-a 1 Street", "action": "" }, "geometry": { "type": "Polygon", "coordinates": [ [ [ 54.509516204852211, 24.372040913172693 ], [ 54.509518866439244, 24.371972590021212 ], [ 54.510116246865685, 24.37199189864516 ], [ 54.510113585278653, 24.372060221786224 ], [ 54.509516204852211, 24.372040913172693 ] ] ] } },
{ "type": "Feature", "properties": { "id": "B-13776", "area_m2": 213.0, "surface_label": "Road / dark pavement", "p_roof": 0.03, "dark_roof": true, "heat_zone": "elevated", "LST_C": 56.3, "new_since_2017": false, "street": "Ad Darsa'i 7 Street", "action": "" }, "geometry": { "type": "Polygon", "coordinates": [ [ [ 54.515644468245839, 24.351376842615345 ], [ 54.515641357632589, 24.351453967150885 ], [ 54.515571714047006, 24.351451640264127 ], [ 54.515569706867588, 24.351501406241141 ], [ 54.515510777831174, 24.351499433585303 ], [ 54.51551166363393, 24.351477471006817 ], [ 54.515471484745433, 24.351476126013949 ], [ 54.515474240576232, 24.351407797966868 ], [ 54.515423347317508, 24.351406094308295 ], [ 54.515424823655437, 24.351369489981689 ], [ 54.515644468245839, 24.351376842615345 ] ] ] } },
{ "type": "Feature", "properties": { "id": "B-13777", "area_m2": 736.0, "surface_label": "Building / roof", "p_roof": 0.51, "dark_roof": true, "heat_zone": "elevated", "LST_C": 56.0, "new_since_2017": false, "street": "Al Mazj 2 Street", "action": "" }, "geometry": { "type": "Polygon", "coordinates": [ [ [ 54.514990355838115, 24.365392588259127 ], [ 54.514997915183024, 24.365268360950054 ], [ 54.515047141915716, 24.365270846609448 ], [ 54.515049219642066, 24.365236745106397 ], [ 54.514977022113641, 24.365233099556431 ], [ 54.514985481428042, 24.36509425762376 ], [ 54.515028265148608, 24.365096417952024 ], [ 54.515026484240309, 24.365125647844771 ], [ 54.515112051681406, 24.365129968500213 ], [ 54.515105966911392, 24.365229837246019 ], [ 54.515146076649401, 24.365231862551639 ], [ 54.515151122556254, 24.36514904457421 ], [ 54.515263429822738, 24.365154715433434 ], [ 54.515248143693135, 24.365405605010604 ], [ 54.514990355838115, 24.365392588259127 ] ] ] } },
{ "type": "Feature", "properties": { "id": "B-13786", "area_m2": 266.0, "surface_label": "Building / roof", "p_roof": 0.6, "dark_roof": true, "heat_zone": "elevated", "LST_C": 56.0, "new_since_2017": false, "street": "Al Marmoumiyah 5 Street", "action": "" }, "geometry": { "type": "Polygon", "coordinates": [ [ [ 54.512949347064406, 24.369864401899626 ], [ 54.51295442161878, 24.369758049076065 ], [ 54.513176625891006, 24.369766832100527 ], [ 54.513171550661966, 24.369873199056173 ], [ 54.512949347064406, 24.369864401899626 ] ] ] } },
{ "type": "Feature", "properties": { "id": "B-13787", "area_m2": 133.0, "surface_label": "Building / roof", "p_roof": 0.68, "dark_roof": false, "heat_zone": "lower", "LST_C": 55.8, "new_since_2017": false, "street": "Ad Diman 8 Street", "action": "" }, "geometry": { "type": "Polygon", "coordinates": [ [ [ 54.517873081668718, 24.348548331993317 ], [ 54.518015135069284, 24.348551828317831 ], [ 54.518012673168521, 24.348634851384613 ], [ 54.517870619767955, 24.348631355062366 ], [ 54.517873081668718, 24.348548331993317 ] ] ] } },
{ "type": "Feature", "properties": { "id": "B-13795", "area_m2": 88.0, "surface_label": "Bare soil / sand", "p_roof": 0.51, "dark_roof": true, "heat_zone": "lower", "LST_C": 55.900002, "new_since_2017": false, "street": "Az Zakhrafah 2 Street", "action": "" }, "geometry": { "type": "Polygon", "coordinates": [ [ [ 54.51344743997452, 24.363358250481795 ], [ 54.513450162173072, 24.363419233431401 ], [ 54.513321628673026, 24.363423994607359 ], [ 54.513318906474481, 24.363363011660066 ], [ 54.51344743997452, 24.363358250481795 ] ] ] } },
{ "type": "Feature", "properties": { "id": "B-13803", "area_m2": 133.0, "surface_label": "Building / roof", "p_roof": 0.4, "dark_roof": true, "heat_zone": "elevated", "LST_C": 56.5, "new_since_2017": false, "street": "Al Mazj 2 Street", "action": "" }, "geometry": { "type": "Polygon", "coordinates": [ [ [ 54.515667232803914, 24.367115074736873 ], [ 54.515506307377287, 24.367114100067425 ], [ 54.515506842368737, 24.367040804901531 ], [ 54.515667767795364, 24.367041779571579 ], [ 54.515667232803914, 24.367115074736873 ] ] ] } },
{ "type": "Feature", "properties": { "id": "B-13807", "area_m2": 1124.0, "surface_label": "Building / roof", "p_roof": 0.91, "dark_roof": true, "heat_zone": "elevated", "LST_C": 56.200001, "new_since_2017": false, "street": "Al Mazj 3 Street", "action": "" }, "geometry": { "type": "Polygon", "coordinates": [ [ [ 54.513094449256627, 24.36702859671205 ], [ 54.51309882052697, 24.366912960188163 ], [ 54.513396193122759, 24.366922287914829 ], [ 54.513401693461383, 24.366776783152783 ], [ 54.513647184265707, 24.36678446785346 ], [ 54.513637149283625, 24.36705047160369 ], [ 54.513371923800968, 24.367042169157589 ], [ 54.513372107929079, 24.367037288359558 ], [ 54.513094449256627, 24.36702859671205 ] ] ] } },
{ "type": "Feature", "properties": { "id": "B-13843", "area_m2": 61.0, "surface_label": "Building / roof", "p_roof": 0.75, "dark_roof": true, "heat_zone": "lower", "LST_C": 54.5, "new_since_2017": true, "street": "Al 'Afou 1 Street", "action": "" }, "geometry": { "type": "Polygon", "coordinates": [ [ [ 54.511102568434467, 24.343800460285863 ], [ 54.511107977033632, 24.343674957282289 ], [ 54.511150826202126, 24.343676492847376 ], [ 54.511145417720549, 24.3438019931213 ], [ 54.511102568434467, 24.343800460285863 ] ] ] } },
{ "type": "Feature", "properties": { "id": "B-13856", "area_m2": 216.0, "surface_label": "Building / roof", "p_roof": 0.87, "dark_roof": false, "heat_zone": "lower", "LST_C": 54.599998, "new_since_2017": false, "street": "Al 'Afou 1 Street", "action": "" }, "geometry": { "type": "Polygon", "coordinates": [ [ [ 54.508347453762937, 24.344983512757661 ], [ 54.508353567586028, 24.344778392096433 ], [ 54.508425934001856, 24.344780177900276 ], [ 54.508423641780354, 24.344857082680164 ], [ 54.508457357011679, 24.344857916828584 ], [ 54.5084535453162, 24.344986130800805 ], [ 54.508347453762937, 24.344983512757661 ] ] ] } },
{ "type": "Feature", "properties": { "id": "B-13876", "area_m2": 51.0, "surface_label": "Building / roof", "p_roof": 0.83, "dark_roof": false, "heat_zone": "lower", "LST_C": 55.200001, "new_since_2017": false, "street": "Street 24", "action": "" }, "geometry": { "type": "Polygon", "coordinates": [ [ [ 54.515033639519395, 24.349684655658148 ], [ 54.514961614054684, 24.349679801320619 ], [ 54.514966745021411, 24.349616613100295 ], [ 54.515038770486129, 24.34962146744023 ], [ 54.515033639519395, 24.349684655658148 ] ] ] } },
{ "type": "Feature", "properties": { "id": "B-13886", "area_m2": 518.0, "surface_label": "Building / roof", "p_roof": 0.8, "dark_roof": false, "heat_zone": "lower", "LST_C": 54.700001, "new_since_2017": false, "street": "Abu Al Hinna-a 4 Street", "action": "" }, "geometry": { "type": "Polygon", "coordinates": [ [ [ 54.508933658469275, 24.371191704510778 ], [ 54.508948717116247, 24.370818398258891 ], [ 54.509071932374241, 24.370822522273169 ], [ 54.509056873727275, 24.371195828512867 ], [ 54.508933658469275, 24.371191704510778 ] ] ] } },
{ "type": "Feature", "properties": { "id": "B-13902", "area_m2": 318.0, "surface_label": "Building / roof", "p_roof": 0.96, "dark_roof": false, "heat_zone": "lower", "LST_C": 56.0, "new_since_2017": false, "street": "Al Mazj 5 Street", "action": "" }, "geometry": { "type": "Polygon", "coordinates": [ [ [ 54.513443379428786, 24.366031300197879 ], [ 54.513448260064202, 24.365916637411424 ], [ 54.513694652864849, 24.365925340050374 ], [ 54.513689772229426, 24.366040002828935 ], [ 54.513443379428786, 24.366031300197879 ] ] ] } },
{ "type": "Feature", "properties": { "id": "B-13903", "area_m2": 295.0, "surface_label": "Building / roof", "p_roof": 0.71, "dark_roof": true, "heat_zone": "lower", "LST_C": 55.700001, "new_since_2017": false, "street": "Al Marmoumiyah 5 Street", "action": "" }, "geometry": { "type": "Polygon", "coordinates": [ [ [ 54.51345038166609, 24.370337258428577 ], [ 54.51344695998975, 24.370454449908252 ], [ 54.513223025750356, 24.370449024883417 ], [ 54.513226438428617, 24.37033183318071 ], [ 54.51345038166609, 24.370337258428577 ] ] ] } },
{ "type": "Feature", "properties": { "id": "B-13953", "area_m2": 35.0, "surface_label": "Building / roof", "p_roof": 0.38, "dark_roof": true, "heat_zone": "lower", "LST_C": 55.900002, "new_since_2017": false, "street": "Al Hayal Street", "action": "" }, "geometry": { "type": "Polygon", "coordinates": [ [ [ 54.511891729246884, 24.342196426884112 ], [ 54.511847540245462, 24.342198092198586 ], [ 54.511844333754432, 24.342127343964634 ], [ 54.511888517330391, 24.342125678853709 ], [ 54.511891729246884, 24.342196426884112 ] ] ] } },
{ "type": "Feature", "properties": { "id": "B-13984", "area_m2": 326.0, "surface_label": "Building / roof", "p_roof": 0.46, "dark_roof": true, "heat_zone": "lower", "LST_C": 55.400002, "new_since_2017": false, "street": "Al Marmoumiyah 1 Street", "action": "" }, "geometry": { "type": "Polygon", "coordinates": [ [ [ 54.514044528488753, 24.371944504702398 ], [ 54.514049600267832, 24.371807842372657 ], [ 54.514261252913883, 24.3718143596139 ], [ 54.514256181134805, 24.371951021936596 ], [ 54.514044528488753, 24.371944504702398 ] ] ] } },
{ "type": "Feature", "properties": { "id": "B-14058", "area_m2": 2657.0, "surface_label": "Building / roof", "p_roof": 0.78, "dark_roof": false, "heat_zone": "lower", "LST_C": 53.3, "new_since_2017": false, "street": "Al Jammalah 3 Street", "action": "" }, "geometry": { "type": "Polygon", "coordinates": [ [ [ 54.517223596082175, 24.363072768024168 ], [ 54.517234454091216, 24.362819044177261 ], [ 54.517433920478148, 24.362826127690983 ], [ 54.517431410292048, 24.362884679230326 ], [ 54.518380870009295, 24.362918396724474 ], [ 54.518372517694615, 24.363113568806313 ], [ 54.517223596082175, 24.363072768024168 ] ] ] } },
{ "type": "Feature", "properties": { "id": "B-14072", "area_m2": 1493.0, "surface_label": "Building / roof", "p_roof": 0.99, "dark_roof": false, "heat_zone": "lower", "LST_C": 55.5, "new_since_2017": false, "street": "Ad Diman 6 Street", "action": "" }, "geometry": { "type": "Polygon", "coordinates": [ [ [ 54.518403561539429, 24.349253599647966 ], [ 54.51842138610138, 24.34877519960078 ], [ 54.518698420673779, 24.348783766974602 ], [ 54.518680632821308, 24.349262168124671 ], [ 54.518403561539429, 24.349253599647966 ] ] ] } },
{ "type": "Feature", "properties": { "id": "B-14105", "area_m2": 286.0, "surface_label": "Building / roof", "p_roof": 0.87, "dark_roof": false, "heat_zone": "elevated", "LST_C": 56.599998, "new_since_2017": false, "street": "Al Hiraf Street", "action": "" }, "geometry": { "type": "Polygon", "coordinates": [ [ [ 54.513874568368934, 24.369468605934671 ], [ 54.513880077772747, 24.369349097804839 ], [ 54.514092726949741, 24.369357218476168 ], [ 54.514087226712192, 24.36947672694836 ], [ 54.513874568368934, 24.369468605934671 ] ] ] } },
{ "type": "Feature", "properties": { "id": "B-14134", "area_m2": 36.0, "surface_label": "Bare soil / sand", "p_roof": 0.3, "dark_roof": true, "heat_zone": "lower", "LST_C": 54.900002, "new_since_2017": false, "street": "Rouh Al 'Ata-a 4 Street", "action": "" }, "geometry": { "type": "Polygon", "coordinates": [ [ [ 54.518746958078232, 24.344081404923674 ], [ 54.518748557976807, 24.344127789867741 ], [ 54.518678889342183, 24.344129784540243 ], [ 54.518677289443616, 24.344083399596911 ], [ 54.518746958078232, 24.344081404923674 ] ] ] } },
{ "type": "Feature", "properties": { "id": "B-14163", "area_m2": 783.0, "surface_label": "Building / roof", "p_roof": 0.51, "dark_roof": true, "heat_zone": "lower", "LST_C": 55.599998, "new_since_2017": false, "street": "Abu Al Hinna-a 4 Street", "action": "" }, "geometry": { "type": "Polygon", "coordinates": [ [ [ 54.508491240796509, 24.370447408749943 ], [ 54.508496024819038, 24.370332742894291 ], [ 54.509102535285209, 24.370353700206838 ], [ 54.509097760060321, 24.370468366347477 ], [ 54.508491240796509, 24.370447408749943 ] ] ] } },
{ "type": "Feature", "properties": { "id": "B-14164", "area_m2": 5338.0, "surface_label": "Bare soil / sand", "p_roof": 0.46, "dark_roof": true, "heat_zone": "lower", "LST_C": 55.5, "new_since_2017": false, "street": "Mohammed Bin Khalifa Al Kindi Street", "action": "" }, "geometry": { "type": "Polygon", "coordinates": [ [ [ 54.510552923684628, 24.347850694314193 ], [ 54.510549952725917, 24.348103462744923 ], [ 54.510465779971064, 24.348102641566939 ], [ 54.51046611103596, 24.348074657576959 ], [ 54.509826168719023, 24.348068373579675 ], [ 54.509826384976954, 24.348049974420459 ], [ 54.509190774324246, 24.348043773486285 ], [ 54.509190975354237, 24.348026669912514 ], [ 54.508566092307447, 24.348020573634336 ], [ 54.508568978597182, 24.347775008666698 ], [ 54.508653790674899, 24.347775841491938 ], [ 54.508653805118065, 24.347774620648199 ], [ 54.509201921634236, 24.347779968012425 ], [ 54.50920138994023, 24.347825204469004 ], [ 54.509286198162314, 24.347826037256056 ], [ 54.509286299801211, 24.347817445982695 ], [ 54.509922922356047, 24.347823656799935 ], [ 54.509923136803984, 24.347805411597957 ], [ 54.51007231208532, 24.347806876447223 ], [ 54.510072038535931, 24.347829998864125 ], [ 54.510117630827033, 24.347830443657305 ], [ 54.510117919889566, 24.347806009956923 ], [ 54.510184967376524, 24.347806664064652 ], [ 54.510184489278771, 24.347847076417992 ], [ 54.510552923684628, 24.347850694314193 ] ] ] } },
{ "type": "Feature", "properties": { "id": "B-14173", "area_m2": 46.0, "surface_label": "Building / roof", "p_roof": 0.96, "dark_roof": false, "heat_zone": "lower", "LST_C": 55.700001, "new_since_2017": false, "street": "Al Hiraf 4 Street", "action": "" }, "geometry": { "type": "Polygon", "coordinates": [ [ [ 54.509336164651181, 24.365431986700489 ], [ 54.509335100292816, 24.365461274343957 ], [ 54.509194181571409, 24.365457024777669 ], [ 54.509195248177534, 24.365427737201006 ], [ 54.509336164651181, 24.365431986700489 ] ] ] } },
{ "type": "Feature", "properties": { "id": "B-14176", "area_m2": 266.0, "surface_label": "Building / roof", "p_roof": 0.56, "dark_roof": true, "heat_zone": "lower", "LST_C": 54.8, "new_since_2017": false, "street": "Abu Al Hinna-a 4 Street", "action": "" }, "geometry": { "type": "Polygon", "coordinates": [ [ [ 54.508441960524195, 24.371326816217824 ], [ 54.508586463784752, 24.371333163553757 ], [ 54.508577817959178, 24.37149647794471 ], [ 54.508433314698621, 24.371490130616991 ], [ 54.508441960524195, 24.371326816217824 ] ] ] } },
{ "type": "Feature", "properties": { "id": "B-14192", "area_m2": 706.0, "surface_label": "Building / roof", "p_roof": 0.63, "dark_roof": true, "heat_zone": "lower", "LST_C": 55.8, "new_since_2017": false, "street": "Ar Raha 8 Street", "action": "" }, "geometry": { "type": "Polygon", "coordinates": [ [ [ 54.515073477441518, 24.361917517245484 ], [ 54.515084189657721, 24.361698978302822 ], [ 54.515168479890583, 24.361702406972178 ], [ 54.5151659736879, 24.361753616081337 ], [ 54.515353355288575, 24.361761238189416 ], [ 54.515354117629848, 24.361745661313488 ], [ 54.515260426537722, 24.361741856220615 ], [ 54.515262170690939, 24.361706218027809 ], [ 54.515367938053728, 24.36171052032099 ], [ 54.515355387407567, 24.361966564844519 ], [ 54.515172010157222, 24.361959105633218 ], [ 54.51517384602397, 24.361921593526784 ], [ 54.515073477441518, 24.361917517245484 ] ] ] } },
{ "type": "Feature", "properties": { "id": "B-14199", "area_m2": 745.0, "surface_label": "Building / roof", "p_roof": 0.95, "dark_roof": false, "heat_zone": "lower", "LST_C": 55.200001, "new_since_2017": false, "street": "Mohammed Bin Khalifa Al Kindi Street", "action": "" }, "geometry": { "type": "Polygon", "coordinates": [ [ [ 54.508992887431013, 24.345144080248584 ], [ 54.509022360042209, 24.345144959775126 ], [ 54.50902394311116, 24.345101020344252 ], [ 54.509063024368992, 24.345102186614014 ], [ 54.509065524643546, 24.345032641043922 ], [ 54.50919949105802, 24.345036647437681 ], [ 54.50918667798809, 24.345393044785144 ], [ 54.508984135849715, 24.345386987585783 ], [ 54.508992887431013, 24.345144080248584 ] ] ] } },
{ "type": "Feature", "properties": { "id": "B-14200", "area_m2": 340.0, "surface_label": "Building / roof", "p_roof": 0.64, "dark_roof": true, "heat_zone": "lower", "LST_C": 55.900002, "new_since_2017": false, "street": "Mohammed Bin Khalifa Al Kindi Street", "action": "" }, "geometry": { "type": "Polygon", "coordinates": [ [ [ 54.519808319838873, 24.347215609904136 ], [ 54.520036275334711, 24.347218080924687 ], [ 54.520034520358188, 24.347352463329099 ], [ 54.519919201695572, 24.347351213284725 ], [ 54.519919249337178, 24.347347565266276 ], [ 54.519806612597726, 24.3473463371115 ], [ 54.519808319838873, 24.347215609904136 ] ] ] } },
{ "type": "Feature", "properties": { "id": "B-14210", "area_m2": 2273.0, "surface_label": "Building / roof", "p_roof": 0.95, "dark_roof": false, "heat_zone": "lower", "LST_C": 55.700001, "new_since_2017": false, "street": "Ad Diman 6 Street", "action": "" }, "geometry": { "type": "Polygon", "coordinates": [ [ [ 54.518486878305879, 24.348113702345973 ], [ 54.518506328615757, 24.347593807357455 ], [ 54.518557231571648, 24.347595384806507 ], [ 54.518558418679746, 24.347563654057733 ], [ 54.518909381165052, 24.347574530156137 ], [ 54.518902032016484, 24.347770968721481 ], [ 54.518813621830112, 24.34776822331445 ], [ 54.518810151830024, 24.347860974340716 ], [ 54.518890524726764, 24.347863470163478 ], [ 54.518886232884562, 24.347978188441854 ], [ 54.518804203873742, 24.347975641194036 ], [ 54.51879937406315, 24.348105004545172 ], [ 54.51886799766487, 24.348107135512461 ], [ 54.518866123815435, 24.348157222261236 ], [ 54.518772355212512, 24.348154316446884 ], [ 54.518773542320602, 24.348122585838176 ], [ 54.518486878305879, 24.348113702345973 ] ] ] } },
{ "type": "Feature", "properties": { "id": "B-14223", "area_m2": 670.0, "surface_label": "Building / roof", "p_roof": 0.78, "dark_roof": true, "heat_zone": "lower", "LST_C": 55.8, "new_since_2017": false, "street": "Az Zakhrafah 2 Street", "action": "" }, "geometry": { "type": "Polygon", "coordinates": [ [ [ 54.514138526023508, 24.36289147093018 ], [ 54.51414856934089, 24.362683317117089 ], [ 54.514219466621135, 24.362686155777979 ], [ 54.514220527277779, 24.362664207958652 ], [ 54.514330285471914, 24.362668602574885 ], [ 54.514321800218887, 24.362844185016694 ], [ 54.514416891372043, 24.362847992372821 ], [ 54.514414966003656, 24.362887896769237 ], [ 54.514492599848289, 24.362891010100498 ], [ 54.514489583578175, 24.362953524052372 ], [ 54.514216525769022, 24.362942591095425 ], [ 54.514218836897264, 24.362894691617615 ], [ 54.514138526023508, 24.36289147093018 ] ] ] } },
{ "type": "Feature", "properties": { "id": "B-14246", "area_m2": 608.0, "surface_label": "Building / roof", "p_roof": 0.81, "dark_roof": false, "heat_zone": "lower", "LST_C": 56.0, "new_since_2017": false, "street": "Al Mazj 4 Street", "action": "" }, "geometry": { "type": "Polygon", "coordinates": [ [ [ 54.512073287558749, 24.367116381201726 ], [ 54.511815931118349, 24.367110999520403 ], [ 54.511820977499625, 24.366910755965129 ], [ 54.511896039794763, 24.36691232562471 ], [ 54.511896383457419, 24.366898688864069 ], [ 54.512078677895445, 24.3669024892788 ], [ 54.512073287558749, 24.367116381201726 ] ] ] } },
{ "type": "Feature", "properties": { "id": "B-14259", "area_m2": 546.0, "surface_label": "Building / roof", "p_roof": 0.62, "dark_roof": true, "heat_zone": "elevated", "LST_C": 56.099998, "new_since_2017": false, "street": "Al Mazj 1 Street", "action": "" }, "geometry": { "type": "Polygon", "coordinates": [ [ [ 54.513088512448064, 24.367115627920239 ], [ 54.513351360588238, 24.367116985292636 ], [ 54.513350919407706, 24.367188761117273 ], [ 54.513321416033484, 24.367188610640124 ], [ 54.513320635123662, 24.367315657052433 ], [ 54.513087290254717, 24.36731446691628 ], [ 54.513088512448064, 24.367115627920239 ] ] ] } },
{ "type": "Feature", "properties": { "id": "B-14276", "area_m2": 328.0, "surface_label": "Building / roof", "p_roof": 0.88, "dark_roof": false, "heat_zone": "lower", "LST_C": 55.5, "new_since_2017": false, "street": "Al Marmoumiyah 3 Street", "action": "" }, "geometry": { "type": "Polygon", "coordinates": [ [ [ 54.51404739329179, 24.371520203020594 ], [ 54.514299143820772, 24.371529078451982 ], [ 54.514294234635713, 24.371644615399333 ], [ 54.514042484787666, 24.371635723950519 ], [ 54.51404739329179, 24.371520203020594 ] ] ] } },
{ "type": "Feature", "properties": { "id": "B-14291", "area_m2": 596.0, "surface_label": "Building / roof", "p_roof": 0.94, "dark_roof": false, "heat_zone": "lower", "LST_C": 56.0, "new_since_2017": false, "street": "Ad Darsa'i 5 Street", "action": "" }, "geometry": { "type": "Polygon", "coordinates": [ [ [ 54.513423280078165, 24.352566317971426 ], [ 54.513431541388513, 24.352380912235983 ], [ 54.513716749783576, 24.352391441560357 ], [ 54.513708502693525, 24.352576847805341 ], [ 54.513423280078165, 24.352566317971426 ] ] ] } },
{ "type": "Feature", "properties": { "id": "B-14320", "area_m2": 1770.0, "surface_label": "Building / roof", "p_roof": 0.95, "dark_roof": false, "heat_zone": "lower", "LST_C": 55.3, "new_since_2017": false, "street": "At Tarjeebah 7 Street", "action": "" }, "geometry": { "type": "Polygon", "coordinates": [ [ [ 54.518106751741328, 24.350883045928391 ], [ 54.517714185990627, 24.350873434046147 ], [ 54.517726030344079, 24.350472974154538 ], [ 54.518118565352424, 24.350482585314477 ], [ 54.518106751741328, 24.350883045928391 ] ] ] } },
{ "type": "Feature", "properties": { "id": "B-14322", "area_m2": 1105.0, "surface_label": "Building / roof", "p_roof": 0.75, "dark_roof": false, "heat_zone": "lower", "LST_C": 53.200001, "new_since_2017": false, "street": "Ar Raha 8 Street", "action": "" }, "geometry": { "type": "Polygon", "coordinates": [ [ [ 54.516987437264824, 24.362424071687869 ], [ 54.517013678473994, 24.361855770687871 ], [ 54.517051163077973, 24.361857207018883 ], [ 54.517054203904806, 24.361791352232288 ], [ 54.51711174530589, 24.361793557098611 ], [ 54.517110219956677, 24.361826646446715 ], [ 54.517177157142633, 24.361829207071434 ], [ 54.517149448895786, 24.362430279604073 ], [ 54.516987437264824, 24.362424071687869 ] ] ] } },
{ "type": "Feature", "properties": { "id": "B-14330", "area_m2": 135.0, "surface_label": "Building / roof", "p_roof": 0.86, "dark_roof": false, "heat_zone": "lower", "LST_C": 55.400002, "new_since_2017": false, "street": "Abu Al Hinna-a 3 Street", "action": "" }, "geometry": { "type": "Polygon", "coordinates": [ [ [ 54.506463875183989, 24.371075731010304 ], [ 54.506463407514005, 24.371085485247061 ], [ 54.506519626846199, 24.37108771814658 ], [ 54.506514482476028, 24.371195014699499 ], [ 54.506407398033716, 24.37119076156112 ], [ 54.506413010073906, 24.371073710767657 ], [ 54.506463875183989, 24.371075731010304 ] ] ] } },
{ "type": "Feature", "properties": { "id": "B-14337", "area_m2": 318.0, "surface_label": "Building / roof", "p_roof": 0.81, "dark_roof": true, "heat_zone": "elevated", "LST_C": 56.200001, "new_since_2017": false, "street": "Ar Raha 8 Street", "action": "" }, "geometry": { "type": "Polygon", "coordinates": [ [ [ 54.515777483560086, 24.365394299260789 ], [ 54.515781787306153, 24.365154918594765 ], [ 54.515899772856883, 24.365156678788619 ], [ 54.515895469110809, 24.365396059451289 ], [ 54.515777483560086, 24.365394299260789 ] ] ] } },
{ "type": "Feature", "properties": { "id": "B-14343", "area_m2": 49.0, "surface_label": "Building / roof", "p_roof": 0.5, "dark_roof": false, "heat_zone": "lower", "LST_C": 55.599998, "new_since_2017": false, "street": "Ad Diman 6 Street", "action": "" }, "geometry": { "type": "Polygon", "coordinates": [ [ [ 54.518270690247981, 24.349770478097966 ], [ 54.518271740640273, 24.349849972113631 ], [ 54.518216590497019, 24.34985058047425 ], [ 54.518215533951931, 24.349771083009898 ], [ 54.518270690247981, 24.349770478097966 ] ] ] } },
{ "type": "Feature", "properties": { "id": "B-14360", "area_m2": 251.0, "surface_label": "Building / roof", "p_roof": 0.4, "dark_roof": true, "heat_zone": "elevated", "LST_C": 56.700001, "new_since_2017": false, "street": "Al Hiraf Street", "action": "" }, "geometry": { "type": "Polygon", "coordinates": [ [ [ 54.514446149644449, 24.368362517149365 ], [ 54.51424634132109, 24.368355409064687 ], [ 54.514251114946092, 24.368244066298754 ], [ 54.514450931264996, 24.368251187413151 ], [ 54.514446149644449, 24.368362517149365 ] ] ] } },
{ "type": "Feature", "properties": { "id": "B-14370", "area_m2": 98.0, "surface_label": "Road / dark pavement", "p_roof": 0.19, "dark_roof": true, "heat_zone": "lower", "LST_C": 55.599998, "new_since_2017": false, "street": "Al Hiraf 4 Street", "action": "" }, "geometry": { "type": "Polygon", "coordinates": [ [ [ 54.508273818503611, 24.365880085500695 ], [ 54.508394386056068, 24.365883713655126 ], [ 54.50839177013939, 24.365955694815113 ], [ 54.508271202865984, 24.365952058984416 ], [ 54.508273818503611, 24.365880085500695 ] ] ] } },
{ "type": "Feature", "properties": { "id": "B-14382", "area_m2": 60.0, "surface_label": "Bare soil / sand", "p_roof": 0.2, "dark_roof": true, "heat_zone": "lower", "LST_C": 55.8, "new_since_2017": false, "street": "Al Hayal Street", "action": "" }, "geometry": { "type": "Polygon", "coordinates": [ [ [ 54.512022393633629, 24.342845994071265 ], [ 54.512024266288542, 24.342904594334076 ], [ 54.511933148422933, 24.342907011402929 ], [ 54.511931275768021, 24.342848411141247 ], [ 54.512022393633629, 24.342845994071265 ] ] ] } },
{ "type": "Feature", "properties": { "id": "B-14385", "area_m2": 258.0, "surface_label": "Building / roof", "p_roof": 0.47, "dark_roof": true, "heat_zone": "lower", "LST_C": 55.700001, "new_since_2017": false, "street": "Al Hiraf 2 Street", "action": "" }, "geometry": { "type": "Polygon", "coordinates": [ [ [ 54.510612356664929, 24.366279372515944 ], [ 54.510489055957002, 24.366276495391705 ], [ 54.510494274280219, 24.366090926549798 ], [ 54.510617574988139, 24.366093803678265 ], [ 54.510612356664929, 24.366279372515944 ] ] ] } },
{ "type": "Feature", "properties": { "id": "B-14395", "area_m2": 863.0, "surface_label": "Building / roof", "p_roof": 0.87, "dark_roof": false, "heat_zone": "lower", "LST_C": 55.599998, "new_since_2017": false, "street": "Al Hiraf 2 Street", "action": "" }, "geometry": { "type": "Polygon", "coordinates": [ [ [ 54.510659690782155, 24.365194964165063 ], [ 54.510662814806672, 24.365109542862822 ], [ 54.510611909333683, 24.365107998008952 ], [ 54.510610659723902, 24.365142166537176 ], [ 54.510540999602988, 24.365140052527163 ], [ 54.510550639450031, 24.364876466494522 ], [ 54.510644412689679, 24.364879312283168 ], [ 54.510643738651893, 24.364897742774541 ], [ 54.510729473985648, 24.364900350098047 ], [ 54.510728273808411, 24.364933167027477 ], [ 54.51084080169602, 24.364936581972298 ], [ 54.510831161848976, 24.365200167879717 ], [ 54.510659690782155, 24.365194964165063 ] ] ] } },
{ "type": "Feature", "properties": { "id": "B-14433", "area_m2": 554.0, "surface_label": "Building / roof", "p_roof": 0.95, "dark_roof": false, "heat_zone": "elevated", "LST_C": 56.099998, "new_since_2017": false, "street": "Az Zakhrafah 2 Street", "action": "" }, "geometry": { "type": "Polygon", "coordinates": [ [ [ 54.514397581304699, 24.365056717432623 ], [ 54.514403089264825, 24.36486138061953 ], [ 54.514655050676922, 24.364867276068875 ], [ 54.514649542716754, 24.365062612872858 ], [ 54.514397581304699, 24.365056717432623 ] ] ] } },
{ "type": "Feature", "properties": { "id": "B-14461", "area_m2": 1626.0, "surface_label": "Building / roof", "p_roof": 0.98, "dark_roof": false, "heat_zone": "lower", "LST_C": 55.599998, "new_since_2017": false, "street": "Ad Diman 6 Street", "action": "" }, "geometry": { "type": "Polygon", "coordinates": [ [ [ 54.519328764827499, 24.348226685182354 ], [ 54.519685191377448, 24.348236230562446 ], [ 54.519672145626771, 24.348641525438691 ], [ 54.519315719076772, 24.348631980089145 ], [ 54.519328764827499, 24.348226685182354 ] ] ] } },
{ "type": "Feature", "properties": { "id": "B-14470", "area_m2": 40.0, "surface_label": "Building / roof", "p_roof": 0.86, "dark_roof": false, "heat_zone": "elevated", "LST_C": 56.900002, "new_since_2017": false, "street": "Ar Rasin 2 Street", "action": "" }, "geometry": { "type": "Polygon", "coordinates": [ [ [ 54.51916817226153, 24.366419514086157 ], [ 54.519111862026058, 24.366418645297415 ], [ 54.519113042850449, 24.366355137883815 ], [ 54.519169353085928, 24.366356006672991 ], [ 54.51916817226153, 24.366419514086157 ] ] ] } },
{ "type": "Feature", "properties": { "id": "B-14489", "area_m2": 59.0, "surface_label": "Building / roof", "p_roof": 0.57, "dark_roof": true, "heat_zone": "lower", "LST_C": 54.599998, "new_since_2017": false, "street": "Abu Al Hinna-a 1 Street", "action": "" }, "geometry": { "type": "Polygon", "coordinates": [ [ [ 54.509482404894939, 24.372030098980552 ], [ 54.509380500324752, 24.372031378810018 ], [ 54.509379723855751, 24.371980081676561 ], [ 54.509481628425888, 24.371978801846609 ], [ 54.509482404894939, 24.372030098980552 ] ] ] } },
{ "type": "Feature", "properties": { "id": "B-14491", "area_m2": 81.0, "surface_label": "Road / dark pavement", "p_roof": 0.38, "dark_roof": true, "heat_zone": "lower", "LST_C": 52.5, "new_since_2017": false, "street": "Al Kawakib Street", "action": "" }, "geometry": { "type": "Polygon", "coordinates": [ [ [ 54.519062604835604, 24.36102379369995 ], [ 54.518944593891348, 24.361024576202219 ], [ 54.518944105833235, 24.360963494496229 ], [ 54.51906211677754, 24.360962711993562 ], [ 54.519062604835604, 24.36102379369995 ] ] ] } },
{ "type": "Feature", "properties": { "id": "B-14513", "area_m2": 50.0, "surface_label": "Building / roof", "p_roof": 0.95, "dark_roof": false, "heat_zone": "elevated", "LST_C": 56.400002, "new_since_2017": false, "street": "Abu Al Hinna-a 7 Street", "action": "" }, "geometry": { "type": "Polygon", "coordinates": [ [ [ 54.51026361260039, 24.369339568237251 ], [ 54.510330583832101, 24.3693417286675 ], [ 54.510328022351231, 24.369407613404022 ], [ 54.510261051119471, 24.369405452974902 ], [ 54.51026361260039, 24.369339568237251 ] ] ] } },
{ "type": "Feature", "properties": { "id": "B-14514", "area_m2": 33.0, "surface_label": "Road / dark pavement", "p_roof": 0.27, "dark_roof": true, "heat_zone": "lower", "LST_C": 55.900002, "new_since_2017": false, "street": "Al Hiraf 4 Street", "action": "" }, "geometry": { "type": "Polygon", "coordinates": [ [ [ 54.508280392220939, 24.366496867651342 ], [ 54.508194624454575, 24.366494751502174 ], [ 54.508195640800778, 24.366460570493469 ], [ 54.508281408567186, 24.366462686643199 ], [ 54.508280392220939, 24.366496867651342 ] ] ] } },
{ "type": "Feature", "properties": { "id": "B-14519", "area_m2": 339.0, "surface_label": "Building / roof", "p_roof": 0.97, "dark_roof": false, "heat_zone": "lower", "LST_C": 55.8, "new_since_2017": false, "street": "Ad Darsa'i 2 Street", "action": "" }, "geometry": { "type": "Polygon", "coordinates": [ [ [ 54.515585097527335, 24.352384968740363 ], [ 54.515837028709925, 24.352391378097195 ], [ 54.515833361366262, 24.352511019365124 ], [ 54.515581430183701, 24.352504610014378 ], [ 54.515585097527335, 24.352384968740363 ] ] ] } },
{ "type": "Feature", "properties": { "id": "B-14567", "area_m2": 1030.0, "surface_label": "Building / roof", "p_roof": 0.99, "dark_roof": false, "heat_zone": "lower", "LST_C": 55.599998, "new_since_2017": false, "street": "Al Hayal Street", "action": "" }, "geometry": { "type": "Polygon", "coordinates": [ [ [ 54.510627646264801, 24.365281104409075 ], [ 54.510872548901006, 24.365288583423062 ], [ 54.51085877791629, 24.365661989481058 ], [ 54.510613903937397, 24.365654511364323 ], [ 54.510627646264801, 24.365281104409075 ] ] ] } },
{ "type": "Feature", "properties": { "id": "B-14570", "area_m2": 54.0, "surface_label": "Building / roof", "p_roof": 0.75, "dark_roof": false, "heat_zone": "lower", "LST_C": 54.8, "new_since_2017": false, "street": "Al Hayal Street", "action": "" }, "geometry": { "type": "Polygon", "coordinates": [ [ [ 54.514150024917669, 24.348857043229753 ], [ 54.514152243449786, 24.348920513280859 ], [ 54.514058461238626, 24.348923234123255 ], [ 54.514057095988086, 24.348884175634861 ], [ 54.514105326839548, 24.348882776344084 ], [ 54.514104473557943, 24.348858364782441 ], [ 54.514150024917669, 24.348857043229753 ] ] ] } },
{ "type": "Feature", "properties": { "id": "B-14597", "area_m2": 987.0, "surface_label": "Building / roof", "p_roof": 1.0, "dark_roof": false, "heat_zone": "lower", "LST_C": 55.8, "new_since_2017": false, "street": "Ad Diman 8 Street", "action": "" }, "geometry": { "type": "Polygon", "coordinates": [ [ [ 54.518284515111276, 24.346936659063399 ], [ 54.518280300960768, 24.347155212258876 ], [ 54.517879046571252, 24.347148764661245 ], [ 54.517883277010853, 24.346930237301066 ], [ 54.518284515111276, 24.346936659063399 ] ] ] } },
{ "type": "Feature", "properties": { "id": "B-14669", "area_m2": 1778.0, "surface_label": "Building / roof", "p_roof": 0.62, "dark_roof": false, "heat_zone": "lower", "LST_C": 52.400002, "new_since_2017": false, "street": "Al Jammalah 3 Street", "action": "" }, "geometry": { "type": "Polygon", "coordinates": [ [ [ 54.519845124579732, 24.363187792221268 ], [ 54.519853831923733, 24.362937611763584 ], [ 54.519944935452735, 24.362940242981551 ], [ 54.519943279495521, 24.362987822181168 ], [ 54.52061048034885, 24.363007049478874 ], [ 54.520603429164012, 24.36320964489834 ], [ 54.519845124579732, 24.363187792221268 ] ] ] } },
{ "type": "Feature", "properties": { "id": "B-14671", "area_m2": 671.0, "surface_label": "Building / roof", "p_roof": 0.96, "dark_roof": false, "heat_zone": "lower", "LST_C": 55.200001, "new_since_2017": false, "street": "Ad Diman 6 Street", "action": "" }, "geometry": { "type": "Polygon", "coordinates": [ [ [ 54.520119466817775, 24.350445509706908 ], [ 54.519871479096381, 24.350438425773049 ], [ 54.519879754374678, 24.350197981626494 ], [ 54.520127760004591, 24.350205081898931 ], [ 54.520119466817775, 24.350445509706908 ] ] ] } },
{ "type": "Feature", "properties": { "id": "B-14678", "area_m2": 1443.0, "surface_label": "Building / roof", "p_roof": 0.72, "dark_roof": false, "heat_zone": "lower", "LST_C": 51.3, "new_since_2017": false, "street": "Al Kawakib Street", "action": "" }, "geometry": { "type": "Polygon", "coordinates": [ [ [ 54.521771559149833, 24.36075213616401 ], [ 54.521755552600311, 24.361196355981814 ], [ 54.521509054963325, 24.361188985175136 ], [ 54.521527875851177, 24.360666660582353 ], [ 54.521766335521782, 24.36067379106608 ], [ 54.521763521183424, 24.360751895810782 ], [ 54.521771559149833, 24.36075213616401 ] ] ] } },
{ "type": "Feature", "properties": { "id": "B-14693", "area_m2": 547.0, "surface_label": "Building / roof", "p_roof": 0.97, "dark_roof": false, "heat_zone": "lower", "LST_C": 55.900002, "new_since_2017": false, "street": "Ar Raha 8 Street", "action": "" }, "geometry": { "type": "Polygon", "coordinates": [ [ [ 54.514798313244924, 24.361664720809507 ], [ 54.514803350405295, 24.361475779332466 ], [ 54.515060690687463, 24.361481472653633 ], [ 54.515055653089959, 24.361670430519723 ], [ 54.514798313244924, 24.361664720809507 ] ] ] } },
{ "type": "Feature", "properties": { "id": "B-14700", "area_m2": 1158.0, "surface_label": "Building / roof", "p_roof": 0.98, "dark_roof": false, "heat_zone": "lower", "LST_C": 55.5, "new_since_2017": false, "street": "Ad Diman 6 Street", "action": "" }, "geometry": { "type": "Polygon", "coordinates": [ [ [ 54.520127735945039, 24.348694216149127 ], [ 54.520145175820986, 24.348206006385212 ], [ 54.52035580441455, 24.348212264985417 ], [ 54.520338327073375, 24.348700473611981 ], [ 54.520127735945039, 24.348694216149127 ] ] ] } },
{ "type": "Feature", "properties": { "id": "B-14715", "area_m2": 63.0, "surface_label": "Bare soil / sand", "p_roof": 0.06, "dark_roof": true, "heat_zone": "extreme", "LST_C": 58.5, "new_since_2017": true, "street": "Al Hayal Street", "action": "Cool-roof candidate" }, "geometry": { "type": "Polygon", "coordinates": [ [ [ 54.511292452775997, 24.348669754877594 ], [ 54.51128042337676, 24.348741387182713 ], [ 54.511204418411396, 24.348730793077507 ], [ 54.511216447810632, 24.348659160766385 ], [ 54.511292452775997, 24.348669754877594 ] ] ] } },
{ "type": "Feature", "properties": { "id": "B-14716", "area_m2": 602.0, "surface_label": "Building / roof", "p_roof": 0.8, "dark_roof": true, "heat_zone": "elevated", "LST_C": 56.400002, "new_since_2017": false, "street": "Al Mazj 1 Street", "action": "" }, "geometry": { "type": "Polygon", "coordinates": [ [ [ 54.513666143656096, 24.367822868714857 ], [ 54.513882157205735, 24.367829341415135 ], [ 54.513879507530419, 24.367902559968666 ], [ 54.513893920245799, 24.367902991835717 ], [ 54.513888015187952, 24.368066513494423 ], [ 54.513657594542508, 24.368059609108176 ], [ 54.513666143656096, 24.367822868714857 ] ] ] } },
{ "type": "Feature", "properties": { "id": "B-14722", "area_m2": 1825.0, "surface_label": "Building / roof", "p_roof": 0.8, "dark_roof": false, "heat_zone": "lower", "LST_C": 52.200001, "new_since_2017": false, "street": "Al Jammalah 3 Street", "action": "" }, "geometry": { "type": "Polygon", "coordinates": [ [ [ 54.520930852932395, 24.362687568232044 ], [ 54.521044696404324, 24.362690732832629 ], [ 54.521043142740481, 24.362737113569217 ], [ 54.521684983715652, 24.36275495534241 ], [ 54.521678049041299, 24.362962448316622 ], [ 54.520922368154352, 24.362941442077446 ], [ 54.520930852932395, 24.362687568232044 ] ] ] } },
{ "type": "Feature", "properties": { "id": "B-14732", "area_m2": 492.0, "surface_label": "Building / roof", "p_roof": 0.94, "dark_roof": false, "heat_zone": "lower", "LST_C": 55.599998, "new_since_2017": false, "street": "Ad Darsa'i 5 Street", "action": "" }, "geometry": { "type": "Polygon", "coordinates": [ [ [ 54.514086468019926, 24.351754653789531 ], [ 54.514089672895608, 24.351617875782409 ], [ 54.514341685706668, 24.351622776782623 ], [ 54.514336800487598, 24.351831268585165 ], [ 54.514208113286898, 24.351828757749288 ], [ 54.514209793438077, 24.351757052148756 ], [ 54.514086468019926, 24.351754653789531 ] ] ] } },
{ "type": "Feature", "properties": { "id": "B-14750", "area_m2": 67.0, "surface_label": "Building / roof", "p_roof": 0.84, "dark_roof": false, "heat_zone": "lower", "LST_C": 55.5, "new_since_2017": false, "street": "Ad Diman 6 Street", "action": "" }, "geometry": { "type": "Polygon", "coordinates": [ [ [ 54.518296542250518, 24.348800835394737 ], [ 54.518298625302648, 24.348744695974776 ], [ 54.518404194315941, 24.348747947264826 ], [ 54.518402115571647, 24.348804086816045 ], [ 54.518296542250518, 24.348800835394737 ] ] ] } },
{ "type": "Feature", "properties": { "id": "B-14757", "area_m2": 888.0, "surface_label": "Building / roof", "p_roof": 0.99, "dark_roof": false, "heat_zone": "elevated", "LST_C": 56.099998, "new_since_2017": false, "street": "Al Hayal Street", "action": "" }, "geometry": { "type": "Polygon", "coordinates": [ [ [ 54.510849824628821, 24.367117332946659 ], [ 54.510501299411295, 24.367110489198566 ], [ 54.510501209956779, 24.367114269300455 ], [ 54.510451227952672, 24.367113284651946 ], [ 54.51045607197122, 24.366909252014153 ], [ 54.510756339398142, 24.36691514816685 ], [ 54.510756075328139, 24.366926270944148 ], [ 54.510854300235145, 24.36692820598368 ], [ 54.510849824628821, 24.367117332946659 ] ] ] } },
{ "type": "Feature", "properties": { "id": "B-14776", "area_m2": 1626.0, "surface_label": "Building / roof", "p_roof": 0.73, "dark_roof": false, "heat_zone": "lower", "LST_C": 51.599998, "new_since_2017": false, "street": "Ar Raha 8 Street", "action": "" }, "geometry": { "type": "Polygon", "coordinates": [ [ [ 54.517630914381257, 24.361468640256401 ], [ 54.517656837161098, 24.360816015563575 ], [ 54.517723804706051, 24.360818222986889 ], [ 54.517724870899869, 24.360791380716638 ], [ 54.517781123637612, 24.36079323495262 ], [ 54.517779863590384, 24.360824957634552 ], [ 54.517876296855164, 24.360828136323903 ], [ 54.517850567373173, 24.36147589455355 ], [ 54.517630914381257, 24.361468640256401 ] ] ] } },
{ "type": "Feature", "properties": { "id": "B-14800", "area_m2": 53.0, "surface_label": "Building / roof", "p_roof": 0.73, "dark_roof": false, "heat_zone": "lower", "LST_C": 54.599998, "new_since_2017": false, "street": "Mohammed Bin Khalifa Al Kindi Street", "action": "" }, "geometry": { "type": "Polygon", "coordinates": [ [ [ 54.510696984754304, 24.347098856019997 ], [ 54.510696689484696, 24.347130621394925 ], [ 54.510549178568056, 24.347129483277172 ], [ 54.510549473837663, 24.347097717901939 ], [ 54.510696984754304, 24.347098856019997 ] ] ] } },
{ "type": "Feature", "properties": { "id": "B-14804", "area_m2": 383.0, "surface_label": "Building / roof", "p_roof": 0.6, "dark_roof": true, "heat_zone": "lower", "LST_C": 55.900002, "new_since_2017": false, "street": "Al Hiraf 2 Street", "action": "" }, "geometry": { "type": "Polygon", "coordinates": [ [ [ 54.509764230493033, 24.366642627765284 ], [ 54.509780834810236, 24.366312184098316 ], [ 54.509883561414021, 24.366316467339388 ], [ 54.509866931432278, 24.36664691647271 ], [ 54.509764230493033, 24.366642627765284 ] ] ] } },
{ "type": "Feature", "properties": { "id": "B-14815", "area_m2": 166.0, "surface_label": "Building / roof", "p_roof": 0.62, "dark_roof": true, "heat_zone": "elevated", "LST_C": 56.099998, "new_since_2017": false, "street": "Az Zakhrafah 2 Street", "action": "" }, "geometry": { "type": "Polygon", "coordinates": [ [ [ 54.514157980703374, 24.363419834679437 ], [ 54.514155012118678, 24.363524829072457 ], [ 54.514128207809549, 24.363524200183679 ], [ 54.514132695205085, 24.363365487694583 ], [ 54.51435517097061, 24.363370707477969 ], [ 54.514353652159812, 24.363424425571264 ], [ 54.514157980703374, 24.363419834679437 ] ] ] } },
{ "type": "Feature", "properties": { "id": "B-14822", "area_m2": 1196.0, "surface_label": "Bare soil / sand", "p_roof": 0.42, "dark_roof": false, "heat_zone": "lower", "LST_C": 55.5, "new_since_2017": false, "street": "Abu Al Hinna-a 3 Street", "action": "" }, "geometry": { "type": "Polygon", "coordinates": [ [ [ 54.506898753641877, 24.371406722414136 ], [ 54.506908673411203, 24.371106480812905 ], [ 54.507262404619688, 24.371116177808531 ], [ 54.507252484850362, 24.371416419386762 ], [ 54.506898753641877, 24.371406722414136 ] ] ] } },
{ "type": "Feature", "properties": { "id": "B-14828", "area_m2": 1413.0, "surface_label": "Building / roof", "p_roof": 0.93, "dark_roof": false, "heat_zone": "elevated", "LST_C": 56.0, "new_since_2017": false, "street": "Al Jammalah 3 Street", "action": "" }, "geometry": { "type": "Polygon", "coordinates": [ [ [ 54.517960853883977, 24.363572967572942 ], [ 54.518172500490657, 24.363579566014963 ], [ 54.518150219837935, 24.364172603493454 ], [ 54.517938573231255, 24.364166005082367 ], [ 54.517960853883977, 24.363572967572942 ] ] ] } },
{ "type": "Feature", "properties": { "id": "B-14829", "area_m2": 1090.0, "surface_label": "Building / roof", "p_roof": 0.85, "dark_roof": false, "heat_zone": "elevated", "LST_C": 56.099998, "new_since_2017": false, "street": "Al Hiraf 4 Street", "action": "" }, "geometry": { "type": "Polygon", "coordinates": [ [ [ 54.50794273137398, 24.366854073214522 ], [ 54.508233699960165, 24.366864090494932 ], [ 54.508243417722518, 24.366629869539747 ], [ 54.50836225866253, 24.366633960926976 ], [ 54.508345525372334, 24.367036526849475 ], [ 54.507935733816282, 24.367022418826842 ], [ 54.50794273137398, 24.366854073214522 ] ] ] } },
{ "type": "Feature", "properties": { "id": "B-14832", "area_m2": 309.0, "surface_label": "Building / roof", "p_roof": 0.94, "dark_roof": false, "heat_zone": "lower", "LST_C": 55.700001, "new_since_2017": false, "street": "Al Marmoumiyah 5 Street", "action": "" }, "geometry": { "type": "Polygon", "coordinates": [ [ [ 54.513438352136404, 24.370602890563031 ], [ 54.513213266881529, 24.370596476227238 ], [ 54.51321745842376, 24.370474435004624 ], [ 54.513442543678593, 24.370480849346631 ], [ 54.513438352136404, 24.370602890563031 ] ] ] } },
{ "type": "Feature", "properties": { "id": "B-14834", "area_m2": 1387.0, "surface_label": "Building / roof", "p_roof": 0.96, "dark_roof": false, "heat_zone": "lower", "LST_C": 55.0, "new_since_2017": false, "street": "Ad Diman 6 Street", "action": "" }, "geometry": { "type": "Polygon", "coordinates": [ [ [ 54.518334163513984, 24.350969925489817 ], [ 54.518346930457646, 24.35052794079165 ], [ 54.518625687150383, 24.350534623909933 ], [ 54.518612920206714, 24.350976608584801 ], [ 54.518334163513984, 24.350969925489817 ] ] ] } },
{ "type": "Feature", "properties": { "id": "B-14835", "area_m2": 1975.0, "surface_label": "Building / roof", "p_roof": 0.97, "dark_roof": false, "heat_zone": "lower", "LST_C": 52.0, "new_since_2017": false, "street": "Al Jammalah 3 Street", "action": "" }, "geometry": { "type": "Polygon", "coordinates": [ [ [ 54.518070203830717, 24.362816159061282 ], [ 54.51809341775737, 24.362153558757598 ], [ 54.518240789475371, 24.36215783391054 ], [ 54.518238908134279, 24.362211533577433 ], [ 54.518371550797333, 24.362215381448802 ], [ 54.518356834576451, 24.362636353214299 ], [ 54.518340757661775, 24.362635885810743 ], [ 54.518334187408115, 24.362823833835094 ], [ 54.518070203830717, 24.362816159061282 ] ] ] } },
{ "type": "Feature", "properties": { "id": "B-14850", "area_m2": 687.0, "surface_label": "Building / roof", "p_roof": 0.97, "dark_roof": false, "heat_zone": "elevated", "LST_C": 56.400002, "new_since_2017": false, "street": "Ad Darsa'i 7 Street", "action": "" }, "geometry": { "type": "Polygon", "coordinates": [ [ [ 54.513484359716628, 24.351560636660032 ], [ 54.513500523313084, 24.351290200837962 ], [ 54.51367970006828, 24.351299089259573 ], [ 54.513677807034433, 24.351330761951058 ], [ 54.513632344275671, 24.351328506680542 ], [ 54.513628266972056, 24.351396724759582 ], [ 54.513764655248373, 24.351403490567403 ], [ 54.513754461989372, 24.3515740355951 ], [ 54.513484359716628, 24.351560636660032 ] ] ] } },
{ "type": "Feature", "properties": { "id": "B-14854", "area_m2": 307.0, "surface_label": "Building / roof", "p_roof": 0.51, "dark_roof": true, "heat_zone": "lower", "LST_C": 55.599998, "new_since_2017": false, "street": "Ad Darsa'i 5 Street", "action": "" }, "geometry": { "type": "Polygon", "coordinates": [ [ [ 54.514469457665882, 24.351788267004874 ], [ 54.51446980472366, 24.351776057314979 ], [ 54.514384031554258, 24.351774033760424 ], [ 54.51438718024189, 24.351663261081029 ], [ 54.514617696052127, 24.351668684700254 ], [ 54.514614199889209, 24.351791681752772 ], [ 54.514469457665882, 24.351788267004874 ] ] ] } },
{ "type": "Feature", "properties": { "id": "B-14869", "area_m2": 1408.0, "surface_label": "Building / roof", "p_roof": 0.94, "dark_roof": false, "heat_zone": "lower", "LST_C": 55.5, "new_since_2017": false, "street": "Abu Al Hinna-a 1 Street", "action": "" }, "geometry": { "type": "Polygon", "coordinates": [ [ [ 54.506865086136692, 24.371902708835648 ], [ 54.506868377135447, 24.371783067727094 ], [ 54.506892501870972, 24.371783618330159 ], [ 54.506899083868483, 24.371544335774509 ], [ 54.507239510692493, 24.371552105410405 ], [ 54.50722963769627, 24.371911029052058 ], [ 54.506865086136692, 24.371902708835648 ] ] ] } },
{ "type": "Feature", "properties": { "id": "B-14883", "area_m2": 56.0, "surface_label": "Road / dark pavement", "p_roof": 0.42, "dark_roof": true, "heat_zone": "lower", "LST_C": 54.200001, "new_since_2017": false, "street": "Al Hayal Street", "action": "" }, "geometry": { "type": "Polygon", "coordinates": [ [ [ 54.513527206107739, 24.349425873311031 ], [ 54.513438839326447, 24.349422599640544 ], [ 54.513441343749122, 24.349366489123081 ], [ 54.513529710530371, 24.34936976279505 ], [ 54.513527206107739, 24.349425873311031 ] ] ] } },
{ "type": "Feature", "properties": { "id": "B-14889", "area_m2": 303.0, "surface_label": "Building / roof", "p_roof": 0.86, "dark_roof": false, "heat_zone": "lower", "LST_C": 55.3, "new_since_2017": false, "street": "Al Marmoumiyah 3 Street", "action": "" }, "geometry": { "type": "Polygon", "coordinates": [ [ [ 54.513462647970066, 24.371474885440549 ], [ 54.513466456049038, 24.371360160088955 ], [ 54.513700877358644, 24.371366616264581 ], [ 54.513697078086665, 24.371481341852853 ], [ 54.513462647970066, 24.371474885440549 ] ] ] } },
{ "type": "Feature", "properties": { "id": "B-14909", "area_m2": 102.0, "surface_label": "Building / roof", "p_roof": 0.76, "dark_roof": true, "heat_zone": "elevated", "LST_C": 56.200001, "new_since_2017": false, "street": "Al Mazj 1 Street", "action": "" }, "geometry": { "type": "Polygon", "coordinates": [ [ [ 54.513605989071536, 24.367112196112487 ], [ 54.513410243273164, 24.367115203702141 ], [ 54.513409387491478, 24.367068794532486 ], [ 54.51360513328985, 24.367065786941708 ], [ 54.513605989071536, 24.367112196112487 ] ] ] } },
{ "type": "Feature", "properties": { "id": "B-14948", "area_m2": 1789.0, "surface_label": "Building / roof", "p_roof": 0.91, "dark_roof": false, "heat_zone": "lower", "LST_C": 55.5, "new_since_2017": false, "street": "Ad Diman 6 Street", "action": "" }, "geometry": { "type": "Polygon", "coordinates": [ [ [ 54.519378281741901, 24.349623382941502 ], [ 54.51968779769669, 24.349634355980651 ], [ 54.519676626445403, 24.349895426683617 ], [ 54.519644488690389, 24.349894287330059 ], [ 54.519642818222913, 24.349933325893939 ], [ 54.51968031227041, 24.349934655139332 ], [ 54.519671176852746, 24.350148148207207 ], [ 54.519356344858195, 24.35013696667319 ], [ 54.519378281741901, 24.349623382941502 ] ] ] } },
{ "type": "Feature", "properties": { "id": "B-14951", "area_m2": 1095.0, "surface_label": "Building / roof", "p_roof": 0.7, "dark_roof": true, "heat_zone": "lower", "LST_C": 53.700001, "new_since_2017": false, "street": "Ar Raha 8 Street", "action": "" }, "geometry": { "type": "Polygon", "coordinates": [ [ [ 54.516957405506226, 24.363042940436898 ], [ 54.516987141491782, 24.362438199525371 ], [ 54.517147751784485, 24.362444753103446 ], [ 54.517118015798971, 24.363049493983667 ], [ 54.516957405506226, 24.363042940436898 ] ] ] } },
{ "type": "Feature", "properties": { "id": "B-14956", "area_m2": 51.0, "surface_label": "Building / roof", "p_roof": 0.18, "dark_roof": true, "heat_zone": "elevated", "LST_C": 56.700001, "new_since_2017": true, "street": "Mohammed Bin Khalifa Al Kindi Street", "action": "" }, "geometry": { "type": "Polygon", "coordinates": [ [ [ 54.519022080315786, 24.344827871895511 ], [ 54.51908997479223, 24.344831924141957 ], [ 54.519085160887393, 24.344898802596074 ], [ 54.519017271836532, 24.344894746346636 ], [ 54.519022080315786, 24.344827871895511 ] ] ] } },
{ "type": "Feature", "properties": { "id": "B-14993", "area_m2": 349.0, "surface_label": "Building / roof", "p_roof": 0.75, "dark_roof": false, "heat_zone": "lower", "LST_C": 55.8, "new_since_2017": false, "street": "Al Hiraf 6 Street", "action": "" }, "geometry": { "type": "Polygon", "coordinates": [ [ [ 54.507577292454492, 24.366325355292556 ], [ 54.507579282214486, 24.366261881371059 ], [ 54.507648962830444, 24.366263693896695 ], [ 54.507651145942134, 24.366194051965717 ], [ 54.507806587005717, 24.366198105196307 ], [ 54.507804174616751, 24.366275061138332 ], [ 54.507908695540628, 24.366277779926488 ], [ 54.507906935368297, 24.366333929928533 ], [ 54.507577292454492, 24.366325355292556 ] ] ] } },
{ "type": "Feature", "properties": { "id": "B-15006", "area_m2": 29.0, "surface_label": "Building / roof", "p_roof": 0.56, "dark_roof": true, "heat_zone": "lower", "LST_C": 55.8, "new_since_2017": false, "street": "Ad Diman 8 Street", "action": "" }, "geometry": { "type": "Polygon", "coordinates": [ [ [ 54.517873903110164, 24.348637139391492 ], [ 54.517874635966848, 24.3486775618168 ], [ 54.517811884113534, 24.348678506118819 ], [ 54.517811154289092, 24.348638079647117 ], [ 54.517873903110164, 24.348637139391492 ] ] ] } },
{ "type": "Feature", "properties": { "id": "B-15012", "area_m2": 265.0, "surface_label": "Building / roof", "p_roof": 0.92, "dark_roof": false, "heat_zone": "elevated", "LST_C": 56.400002, "new_since_2017": false, "street": "Al Marmoumiyah 5 Street", "action": "" }, "geometry": { "type": "Polygon", "coordinates": [ [ [ 54.51320892385187, 24.369488441512246 ], [ 54.513205909002899, 24.369581203245549 ], [ 54.512952466475333, 24.369574384686985 ], [ 54.512955474203203, 24.369481622757107 ], [ 54.51320892385187, 24.369488441512246 ] ] ] } },
{ "type": "Feature", "properties": { "id": "B-15023", "area_m2": 644.0, "surface_label": "Building / roof", "p_roof": 0.77, "dark_roof": true, "heat_zone": "lower", "LST_C": 55.8, "new_since_2017": false, "street": "Al Mazj 5 Street", "action": "" }, "geometry": { "type": "Polygon", "coordinates": [ [ [ 54.514663573784063, 24.365827407608606 ], [ 54.514885913852773, 24.365834636994496 ], [ 54.514875838103343, 24.366091773126367 ], [ 54.514653498589418, 24.366084529597984 ], [ 54.514663573784063, 24.365827407608606 ] ] ] } },
{ "type": "Feature", "properties": { "id": "B-15045", "area_m2": 212.0, "surface_label": "Road / dark pavement", "p_roof": 0.17, "dark_roof": true, "heat_zone": "elevated", "LST_C": 56.8, "new_since_2017": false, "street": "Al Hiraf Street", "action": "" }, "geometry": { "type": "Polygon", "coordinates": [ [ [ 54.5145625426279, 24.368280283093412 ], [ 54.514741947823197, 24.368286997044809 ], [ 54.514737217450822, 24.368391880018976 ], [ 54.514557812255532, 24.368385166073132 ], [ 54.5145625426279, 24.368280283093412 ] ] ] } },
{ "type": "Feature", "properties": { "id": "B-15056", "area_m2": 128.0, "surface_label": "Building / roof", "p_roof": 0.59, "dark_roof": true, "heat_zone": "lower", "LST_C": 55.599998, "new_since_2017": false, "street": "Al Hiraf 2 Street", "action": "" }, "geometry": { "type": "Polygon", "coordinates": [ [ [ 54.510625680777302, 24.365984924223245 ], [ 54.51062358773288, 24.366080174907434 ], [ 54.510504581843179, 24.366078012557587 ], [ 54.510506667572173, 24.365982761738845 ], [ 54.510625680777302, 24.365984924223245 ] ] ] } },
{ "type": "Feature", "properties": { "id": "B-15072", "area_m2": 763.0, "surface_label": "Building / roof", "p_roof": 0.87, "dark_roof": true, "heat_zone": "lower", "LST_C": 55.8, "new_since_2017": false, "street": "Al Mazj 2 Street", "action": "" }, "geometry": { "type": "Polygon", "coordinates": [ [ [ 54.515199692806519, 24.366420995149834 ], [ 54.514962894000675, 24.36641405052448 ], [ 54.514973126807753, 24.366124521685446 ], [ 54.515116167612476, 24.366128725788496 ], [ 54.515115854798097, 24.366137557424054 ], [ 54.515209634698664, 24.366140307723846 ], [ 54.515199692806519, 24.366420995149834 ] ] ] } },
{ "type": "Feature", "properties": { "id": "B-15109", "area_m2": 655.0, "surface_label": "Building / roof", "p_roof": 0.92, "dark_roof": false, "heat_zone": "lower", "LST_C": 55.8, "new_since_2017": false, "street": "Street 24", "action": "" }, "geometry": { "type": "Polygon", "coordinates": [ [ [ 54.514052825126534, 24.350701154965058 ], [ 54.513937726881196, 24.350696399323269 ], [ 54.513962855820488, 24.350191612123016 ], [ 54.514077954065819, 24.350196367783752 ], [ 54.514052825126534, 24.350701154965058 ] ] ] } },
{ "type": "Feature", "properties": { "id": "B-15169", "area_m2": 4552.0, "surface_label": "Building / roof", "p_roof": 0.33, "dark_roof": true, "heat_zone": "lower", "LST_C": 54.599998, "new_since_2017": false, "street": "Rouh Al 'Ata-a 4 Street", "action": "" }, "geometry": { "type": "Polygon", "coordinates": [ [ [ 54.5187056, 24.3435717 ], [ 54.5182121, 24.3435424 ], [ 54.5182094, 24.3436939 ], [ 54.518145, 24.3437012 ], [ 54.518196, 24.3438136 ], [ 54.5181665, 24.3438772 ], [ 54.5181387, 24.3438779 ], [ 54.5181387, 24.343966 ], [ 54.5181584, 24.3439651 ], [ 54.5181933, 24.3440067 ], [ 54.5181101, 24.3441411 ], [ 54.5181906, 24.3441484 ], [ 54.5181879, 24.3443292 ], [ 54.5183757, 24.3443317 ], [ 54.5183837, 24.3442877 ], [ 54.5186922, 24.3443024 ], [ 54.5187056, 24.3441851 ], [ 54.5186815, 24.344182599999989 ], [ 54.5186895, 24.3441118 ], [ 54.5187351, 24.3441166 ], [ 54.5187539, 24.3439896 ], [ 54.5187029, 24.3439822 ], [ 54.5187029, 24.3438894 ], [ 54.5187431, 24.3438894 ], [ 54.5187512, 24.3437672 ], [ 54.5186949, 24.3437647 ], [ 54.5187056, 24.3435717 ] ] ] } },
{ "type": "Feature", "properties": { "id": "B-15277", "area_m2": 1823.0, "surface_label": "Building / roof", "p_roof": 0.95, "dark_roof": false, "heat_zone": "elevated", "LST_C": 56.200001, "new_since_2017": false, "street": "Mohammed Bin Khalifa Al Kindi Street", "action": "" }, "geometry": { "type": "Polygon", "coordinates": [ [ [ 54.5210734, 24.3481226 ], [ 54.5215398, 24.3481387 ], [ 54.5215543, 24.3477917 ], [ 54.5210878, 24.3477756 ], [ 54.5210734, 24.3481226 ] ] ] } },
{ "type": "Feature", "properties": { "id": "B-15312", "area_m2": 21581.0, "surface_label": "Building / roof", "p_roof": 0.67, "dark_roof": false, "heat_zone": "high", "LST_C": 57.200001, "new_since_2017": false, "street": "Al Hiraf Street", "action": "Monitor / shade around" }, "geometry": { "type": "Polygon", "coordinates": [ [ [ 54.5167111, 24.3677238 ], [ 54.5168293, 24.3678801 ], [ 54.5172474, 24.3679002 ], [ 54.517235, 24.3681146 ], [ 54.5189108, 24.3681954 ], [ 54.5189612, 24.3673286 ], [ 54.5172967, 24.3672483 ], [ 54.5173087, 24.3670421 ], [ 54.5167523, 24.3670152 ], [ 54.5167111, 24.3677238 ] ] ] } },
{ "type": "Feature", "properties": { "id": "B-15910", "area_m2": 11619.0, "surface_label": "Building / roof", "p_roof": 0.99, "dark_roof": false, "heat_zone": "extreme", "LST_C": 57.700001, "new_since_2017": false, "street": "Mohammed Bin Khalifa Al Kindi Street", "action": "Monitor / shade around" }, "geometry": { "type": "Polygon", "coordinates": [ [ [ 54.5126917, 24.346915 ], [ 54.5166721, 24.347086 ], [ 54.5166828, 24.3468172 ], [ 54.5153984, 24.3467683 ], [ 54.5127024, 24.3466657 ], [ 54.5126917, 24.346915 ] ] ] } },
{ "type": "Feature", "properties": { "id": "B-15911", "area_m2": 3228.0, "surface_label": "Building / roof", "p_roof": 0.91, "dark_roof": false, "heat_zone": "elevated", "LST_C": 56.8, "new_since_2017": false, "street": "Al Hayal Street", "action": "" }, "geometry": { "type": "Polygon", "coordinates": [ [ [ 54.5130189, 24.3470714 ], [ 54.5126788, 24.3470553 ], [ 54.5126326, 24.3479082 ], [ 54.5129625, 24.3479265 ], [ 54.5130189, 24.3470714 ] ] ] } },
{ "type": "Feature", "properties": { "id": "B-15912", "area_m2": 5109.0, "surface_label": "Building / roof", "p_roof": 1.0, "dark_roof": false, "heat_zone": "extreme", "LST_C": 58.0, "new_since_2017": false, "street": "Mohammed Bin Khalifa Al Kindi Street", "action": "Monitor / shade around" }, "geometry": { "type": "Polygon", "coordinates": [ [ [ 54.5131602, 24.347415 ], [ 54.51457, 24.347476 ], [ 54.5145891, 24.3471476 ], [ 54.5131761, 24.3471011 ], [ 54.5131602, 24.347415 ] ] ] } },
{ "type": "Feature", "properties": { "id": "B-15913", "area_m2": 5230.0, "surface_label": "Building / roof", "p_roof": 0.99, "dark_roof": false, "heat_zone": "extreme", "LST_C": 58.0, "new_since_2017": false, "street": "Mohammed Bin Khalifa Al Kindi Street", "action": "Monitor / shade around" }, "geometry": { "type": "Polygon", "coordinates": [ [ [ 54.5147231, 24.3474731 ], [ 54.5161712, 24.3475429 ], [ 54.5161904, 24.3472203 ], [ 54.5147359, 24.3471564 ], [ 54.5147231, 24.3474731 ] ] ] } },
{ "type": "Feature", "properties": { "id": "B-15914", "area_m2": 3225.0, "surface_label": "Building / roof", "p_roof": 0.99, "dark_roof": false, "heat_zone": "high", "LST_C": 57.200001, "new_since_2017": false, "street": "Ar Raha 8 Street", "action": "Monitor / shade around" }, "geometry": { "type": "Polygon", "coordinates": [ [ [ 54.516302, 24.3480398 ], [ 54.5166337, 24.3480601 ], [ 54.516688, 24.3472174 ], [ 54.5163403, 24.3471999 ], [ 54.516302, 24.3480398 ] ] ] } },
{ "type": "Feature", "properties": { "id": "B-15915", "area_m2": 5162.0, "surface_label": "Building / roof", "p_roof": 1.0, "dark_roof": false, "heat_zone": "extreme", "LST_C": 57.900002, "new_since_2017": false, "street": "Mohammed Bin Khalifa Al Kindi Street", "action": "Monitor / shade around" }, "geometry": { "type": "Polygon", "coordinates": [ [ [ 54.5146944, 24.3479584 ], [ 54.5161298, 24.3480253 ], [ 54.5161585, 24.3477027 ], [ 54.5147199, 24.3476446 ], [ 54.5146944, 24.3479584 ] ] ] } },
{ "type": "Feature", "properties": { "id": "B-15916", "area_m2": 5025.0, "surface_label": "Building / roof", "p_roof": 0.99, "dark_roof": false, "heat_zone": "extreme", "LST_C": 57.700001, "new_since_2017": false, "street": "Mohammed Bin Khalifa Al Kindi Street", "action": "Monitor / shade around" }, "geometry": { "type": "Polygon", "coordinates": [ [ [ 54.5131378, 24.3479032 ], [ 54.5145509, 24.3479497 ], [ 54.5145732, 24.3476417 ], [ 54.5131442, 24.3475835 ], [ 54.5131378, 24.3479032 ] ] ] } },
{ "type": "Feature", "properties": { "id": "B-15917", "area_m2": 9827.0, "surface_label": "Building / roof", "p_roof": 0.93, "dark_roof": false, "heat_zone": "elevated", "LST_C": 57.0, "new_since_2017": false, "street": "Mohammed Bin Khalifa Al Kindi Street", "action": "" }, "geometry": { "type": "Polygon", "coordinates": [ [ [ 54.5126368, 24.3482352 ], [ 54.5166135, 24.3484016 ], [ 54.5166249, 24.3481804 ], [ 54.5126458, 24.348018 ], [ 54.5126391, 24.3481802 ], [ 54.5126368, 24.3482352 ] ] ] } },
{ "type": "Feature", "properties": { "id": "B-15918", "area_m2": 1778.0, "surface_label": "Building / roof", "p_roof": 0.84, "dark_roof": true, "heat_zone": "lower", "LST_C": 55.599998, "new_since_2017": false, "street": "Al Hayal Street", "action": "" }, "geometry": { "type": "Polygon", "coordinates": [ [ [ 54.5114844, 24.3477203 ], [ 54.5117274, 24.347729 ], [ 54.5117553, 24.3470797 ], [ 54.5115123, 24.347071 ], [ 54.5114844, 24.3477203 ] ] ] } },
{ "type": "Feature", "properties": { "id": "B-15919", "area_m2": 4163.0, "surface_label": "Building / roof", "p_roof": 0.88, "dark_roof": false, "heat_zone": "lower", "LST_C": 55.200001, "new_since_2017": false, "street": "Mohammed Bin Khalifa Al Kindi Street", "action": "" }, "geometry": { "type": "Polygon", "coordinates": [ [ [ 54.5117679, 24.3468044 ], [ 54.510078, 24.3467423 ], [ 54.5100691, 24.3469564 ], [ 54.511539, 24.3470029 ], [ 54.5115364, 24.3470714 ], [ 54.5117561, 24.3470784 ], [ 54.5117679, 24.3468044 ] ] ] } },
{ "type": "Feature", "properties": { "id": "B-15920", "area_m2": 572.0, "surface_label": "Building / roof", "p_roof": 0.84, "dark_roof": false, "heat_zone": "lower", "LST_C": 54.0, "new_since_2017": false, "street": "Mohammed Bin Khalifa Al Kindi Street", "action": "" }, "geometry": { "type": "Polygon", "coordinates": [ [ [ 54.5096258, 24.3473163 ], [ 54.5098575, 24.3473526 ], [ 54.5098977, 24.3471396 ], [ 54.509666, 24.3471033 ], [ 54.5096258, 24.3473163 ] ] ] } },
{ "type": "Feature", "properties": { "id": "B-15954", "area_m2": 289.0, "surface_label": "Bare soil / sand", "p_roof": 0.34, "dark_roof": true, "heat_zone": "lower", "LST_C": 55.099998, "new_since_2017": false, "street": "Al Hayal Street", "action": "" }, "geometry": { "type": "Polygon", "coordinates": [ [ [ 54.5114947, 24.3724979 ], [ 54.5116035, 24.3725025 ], [ 54.5116154, 24.372267 ], [ 54.5115066, 24.3722625 ], [ 54.5114947, 24.3724979 ] ] ] } },
{ "type": "Feature", "properties": { "id": "B-15955", "area_m2": 289.0, "surface_label": "Building / roof", "p_roof": 0.63, "dark_roof": true, "heat_zone": "lower", "LST_C": 55.099998, "new_since_2017": false, "street": "Al Hayal Street", "action": "" }, "geometry": { "type": "Polygon", "coordinates": [ [ [ 54.5115097, 24.372221 ], [ 54.5116185, 24.3722255 ], [ 54.5116304, 24.3719901 ], [ 54.5115216, 24.3719855 ], [ 54.5115097, 24.372221 ] ] ] } },
{ "type": "Feature", "properties": { "id": "B-15956", "area_m2": 289.0, "surface_label": "Building / roof", "p_roof": 0.72, "dark_roof": true, "heat_zone": "lower", "LST_C": 55.099998, "new_since_2017": false, "street": "Al Hayal Street", "action": "" }, "geometry": { "type": "Polygon", "coordinates": [ [ [ 54.5115198, 24.3719383 ], [ 54.5116285, 24.3719428 ], [ 54.5116404, 24.3717074 ], [ 54.5115316, 24.3717029 ], [ 54.5115198, 24.3719383 ] ] ] } },
{ "type": "Feature", "properties": { "id": "B-15957", "area_m2": 289.0, "surface_label": "Building / roof", "p_roof": 0.75, "dark_roof": true, "heat_zone": "lower", "LST_C": 55.200001, "new_since_2017": false, "street": "Al Hayal Street", "action": "" }, "geometry": { "type": "Polygon", "coordinates": [ [ [ 54.5115448, 24.3716611 ], [ 54.5116536, 24.3716656 ], [ 54.5116655, 24.3714302 ], [ 54.5115567, 24.3714256 ], [ 54.5115448, 24.3716611 ] ] ] } },
{ "type": "Feature", "properties": { "id": "B-15958", "area_m2": 1415.0, "surface_label": "Building / roof", "p_roof": 0.75, "dark_roof": true, "heat_zone": "lower", "LST_C": 55.200001, "new_since_2017": false, "street": "Al Marmoumiyah 4 Street", "action": "" }, "geometry": { "type": "Polygon", "coordinates": [ [ [ 54.5115724, 24.3713956 ], [ 54.5118073, 24.3714058 ], [ 54.5118352, 24.3708716 ], [ 54.5116002, 24.3708614 ], [ 54.5115724, 24.3713956 ] ] ] } },
{ "type": "Feature", "properties": { "id": "B-15959", "area_m2": 700.0, "surface_label": "Building / roof", "p_roof": 0.69, "dark_roof": true, "heat_zone": "lower", "LST_C": 55.3, "new_since_2017": false, "street": "Al Marmoumiyah 4 Street", "action": "" }, "geometry": { "type": "Polygon", "coordinates": [ [ [ 54.511586800000011, 24.3708422 ], [ 54.5118544, 24.3708468 ], [ 54.5118663, 24.3706177 ], [ 54.5115987, 24.3706068 ], [ 54.511586800000011, 24.3708422 ] ] ] } },
{ "type": "Feature", "properties": { "id": "B-15960", "area_m2": 621.0, "surface_label": "Building / roof", "p_roof": 0.59, "dark_roof": true, "heat_zone": "lower", "LST_C": 55.3, "new_since_2017": false, "street": "Al Marmoumiyah 4 Street", "action": "" }, "geometry": { "type": "Polygon", "coordinates": [ [ [ 54.5116301, 24.3705562 ], [ 54.5118674, 24.3705672 ], [ 54.5118804, 24.3703352 ], [ 54.511643, 24.3703241 ], [ 54.5116301, 24.3705562 ] ] ] } },
{ "type": "Feature", "properties": { "id": "B-15961", "area_m2": 621.0, "surface_label": "Building / roof", "p_roof": 0.87, "dark_roof": false, "heat_zone": "lower", "LST_C": 55.5, "new_since_2017": false, "street": "Al Marmoumiyah 4 Street", "action": "" }, "geometry": { "type": "Polygon", "coordinates": [ [ [ 54.5116527, 24.3702822 ], [ 54.5118901, 24.3702932 ], [ 54.5119031, 24.3700611 ], [ 54.5116657, 24.3700501 ], [ 54.5116527, 24.3702822 ] ] ] } },
{ "type": "Feature", "properties": { "id": "B-15962", "area_m2": 621.0, "surface_label": "Building / roof", "p_roof": 0.71, "dark_roof": false, "heat_zone": "lower", "LST_C": 55.900002, "new_since_2017": false, "street": "Al Marmoumiyah 4 Street", "action": "" }, "geometry": { "type": "Polygon", "coordinates": [ [ [ 54.5116621, 24.3700142 ], [ 54.5118995, 24.3700252 ], [ 54.5119124, 24.3697931 ], [ 54.5116751, 24.3697821 ], [ 54.5116621, 24.3700142 ] ] ] } },
{ "type": "Feature", "properties": { "id": "B-15963", "area_m2": 745.0, "surface_label": "Bare soil / sand", "p_roof": 0.5, "dark_roof": true, "heat_zone": "elevated", "LST_C": 56.099998, "new_since_2017": false, "street": "Al Marmoumiyah 4 Street", "action": "" }, "geometry": { "type": "Polygon", "coordinates": [ [ [ 54.5116668, 24.3697589 ], [ 54.5119041, 24.36977 ], [ 54.5119218, 24.3694954 ], [ 54.5116797, 24.3694822 ], [ 54.5116668, 24.3697589 ] ] ] } },
{ "type": "Feature", "properties": { "id": "B-15964", "area_m2": 621.0, "surface_label": "Building / roof", "p_roof": 0.52, "dark_roof": true, "heat_zone": "elevated", "LST_C": 56.200001, "new_since_2017": false, "street": "Al Marmoumiyah 4 Street", "action": "" }, "geometry": { "type": "Polygon", "coordinates": [ [ [ 54.5116948, 24.3694505 ], [ 54.5119322, 24.3694615 ], [ 54.5119451, 24.3692295 ], [ 54.5117078, 24.3692185 ], [ 54.5116948, 24.3694505 ] ] ] } },
{ "type": "Feature", "properties": { "id": "B-15974", "area_m2": 529.0, "surface_label": "Building / roof", "p_roof": 0.82, "dark_roof": false, "heat_zone": "lower", "LST_C": 55.599998, "new_since_2017": false, "street": "Al Marmoumiyah 2 Street", "action": "" }, "geometry": { "type": "Polygon", "coordinates": [ [ [ 54.5146194, 24.3719409 ], [ 54.5148873, 24.3719567 ], [ 54.5149054, 24.371701 ], [ 54.5148063, 24.3716951 ], [ 54.5147973, 24.371822 ], [ 54.5147822, 24.3718225 ], [ 54.5146284, 24.371814 ], [ 54.5146194, 24.3719409 ] ] ] } },
{ "type": "Feature", "properties": { "id": "B-15975", "area_m2": 679.0, "surface_label": "Building / roof", "p_roof": 0.95, "dark_roof": false, "heat_zone": "elevated", "LST_C": 56.099998, "new_since_2017": false, "street": "Al Marmoumiyah 2 Street", "action": "" }, "geometry": { "type": "Polygon", "coordinates": [ [ [ 54.5146457, 24.3705865 ], [ 54.5149133, 24.3705996 ], [ 54.5149265, 24.3703745 ], [ 54.5146589, 24.3703615 ], [ 54.5146457, 24.3705865 ] ] ] } },
{ "type": "Feature", "properties": { "id": "B-15976", "area_m2": 679.0, "surface_label": "Building / roof", "p_roof": 0.98, "dark_roof": false, "heat_zone": "elevated", "LST_C": 56.099998, "new_since_2017": false, "street": "Al Marmoumiyah 2 Street", "action": "" }, "geometry": { "type": "Polygon", "coordinates": [ [ [ 54.5146378, 24.3708675 ], [ 54.5149054, 24.3708805 ], [ 54.5149186, 24.3706555 ], [ 54.514651, 24.3706424 ], [ 54.5146378, 24.3708675 ] ] ] } },
{ "type": "Feature", "properties": { "id": "B-15977", "area_m2": 586.0, "surface_label": "Building / roof", "p_roof": 0.99, "dark_roof": false, "heat_zone": "lower", "LST_C": 56.0, "new_since_2017": false, "street": "Ar Raha 8 Street", "action": "" }, "geometry": { "type": "Polygon", "coordinates": [ [ [ 54.5149925, 24.3628455 ], [ 54.5152793, 24.3628539 ], [ 54.5152857, 24.3626723 ], [ 54.5149989, 24.3626639 ], [ 54.5149925, 24.3628455 ] ] ] } },
{ "type": "Feature", "properties": { "id": "B-15978", "area_m2": 433.0, "surface_label": "Building / roof", "p_roof": 0.63, "dark_roof": true, "heat_zone": "lower", "LST_C": 55.8, "new_since_2017": false, "street": "Ar Raha 8 Street", "action": "" }, "geometry": { "type": "Polygon", "coordinates": [ [ [ 54.5151313, 24.3619278 ], [ 54.5153093, 24.3619324 ], [ 54.515316, 24.3617164 ], [ 54.5151381, 24.3617118 ], [ 54.5151313, 24.3619278 ] ] ] } },
{ "type": "Feature", "properties": { "id": "B-16039", "area_m2": 1308.0, "surface_label": "Building / roof", "p_roof": 0.99, "dark_roof": false, "heat_zone": "elevated", "LST_C": 56.0, "new_since_2017": false, "street": "Mohammed Bin Khalifa Al Kindi Street", "action": "" }, "geometry": { "type": "Polygon", "coordinates": [ [ [ 54.5207668, 24.3470944 ], [ 54.5218666, 24.3471368 ], [ 54.5218715, 24.3470312 ], [ 54.5207717, 24.3469889 ], [ 54.5207668, 24.3470944 ] ] ] } },
{ "type": "Feature", "properties": { "id": "B-16040", "area_m2": 734.0, "surface_label": "Building / roof", "p_roof": 0.9, "dark_roof": false, "heat_zone": "lower", "LST_C": 55.700001, "new_since_2017": false, "street": "Ad Diman 8 Street", "action": "" }, "geometry": { "type": "Polygon", "coordinates": [ [ [ 54.5181097, 24.3472576 ], [ 54.5181125, 24.3471644 ], [ 54.5178045, 24.3471567 ], [ 54.5178114, 24.3469277 ], [ 54.5176981, 24.3469248 ], [ 54.5176884, 24.3472471 ], [ 54.5181097, 24.3472576 ] ] ] } },
{ "type": "Feature", "properties": { "id": "B-16041", "area_m2": 695.0, "surface_label": "Building / roof", "p_roof": 0.99, "dark_roof": false, "heat_zone": "lower", "LST_C": 55.700001, "new_since_2017": false, "street": "Ad Diman 8 Street", "action": "" }, "geometry": { "type": "Polygon", "coordinates": [ [ [ 54.5181936, 24.3479107 ], [ 54.5181992, 24.3477935 ], [ 54.5176733, 24.3477735 ], [ 54.5176686, 24.3478911 ], [ 54.5181936, 24.3479107 ] ] ] } },
{ "type": "Feature", "properties": { "id": "B-16042", "area_m2": 697.0, "surface_label": "Building / roof", "p_roof": 0.96, "dark_roof": false, "heat_zone": "lower", "LST_C": 55.700001, "new_since_2017": false, "street": "Ad Diman 8 Street", "action": "" }, "geometry": { "type": "Polygon", "coordinates": [ [ [ 54.5181992, 24.3477935 ], [ 54.5182046, 24.3476759 ], [ 54.5176787, 24.3476559 ], [ 54.5176733, 24.3477735 ], [ 54.5181992, 24.3477935 ] ] ] } },
{ "type": "Feature", "properties": { "id": "B-16043", "area_m2": 703.0, "surface_label": "Building / roof", "p_roof": 0.92, "dark_roof": false, "heat_zone": "lower", "LST_C": 55.700001, "new_since_2017": false, "street": "Ad Diman 8 Street", "action": "" }, "geometry": { "type": "Polygon", "coordinates": [ [ [ 54.5182046, 24.3476759 ], [ 54.5182101, 24.3475574 ], [ 54.5176842, 24.3475373 ], [ 54.5176787, 24.3476559 ], [ 54.5182046, 24.3476759 ] ] ] } },
{ "type": "Feature", "properties": { "id": "B-16044", "area_m2": 809.0, "surface_label": "Building / roof", "p_roof": 0.98, "dark_roof": false, "heat_zone": "lower", "LST_C": 55.8, "new_since_2017": false, "street": "Ad Diman 8 Street", "action": "" }, "geometry": { "type": "Polygon", "coordinates": [ [ [ 54.5181936, 24.3479107 ], [ 54.5176686, 24.3478911 ], [ 54.5176625, 24.3480278 ], [ 54.5181874, 24.3480474 ], [ 54.5181936, 24.3479107 ] ] ] } },
{ "type": "Feature", "properties": { "id": "B-16049", "area_m2": 1276.0, "surface_label": "Building / roof", "p_roof": 0.94, "dark_roof": false, "heat_zone": "lower", "LST_C": 55.599998, "new_since_2017": false, "street": "Ad Diman 8 Street", "action": "" }, "geometry": { "type": "Polygon", "coordinates": [ [ [ 54.5180529, 24.3509781 ], [ 54.518058, 24.3508682 ], [ 54.5176356, 24.3508521 ], [ 54.5176549, 24.3504318 ], [ 54.5175288, 24.350427 ], [ 54.5175044, 24.3509571 ], [ 54.5180529, 24.3509781 ] ] ] } },
{ "type": "Feature", "properties": { "id": "B-16050", "area_m2": 521.0, "surface_label": "Road / dark pavement", "p_roof": 0.06, "dark_roof": true, "heat_zone": "lower", "LST_C": 55.900002, "new_since_2017": false, "street": "Ad Diman 8 Street", "action": "" }, "geometry": { "type": "Polygon", "coordinates": [ [ [ 54.5176607, 24.3502937 ], [ 54.5176756, 24.349844 ], [ 54.5175726, 24.3498412 ], [ 54.5175577, 24.3502909 ], [ 54.5176607, 24.3502937 ] ] ] } },
{ "type": "Feature", "properties": { "id": "B-16051", "area_m2": 521.0, "surface_label": "Building / roof", "p_roof": 0.5, "dark_roof": false, "heat_zone": "lower", "LST_C": 55.900002, "new_since_2017": false, "street": "Ad Diman 8 Street", "action": "" }, "geometry": { "type": "Polygon", "coordinates": [ [ [ 54.5176746, 24.3497632 ], [ 54.5176895, 24.3493135 ], [ 54.5175865, 24.3493106 ], [ 54.5175716, 24.3497603 ], [ 54.5176746, 24.3497632 ] ] ] } },
{ "type": "Feature", "properties": { "id": "B-16052", "area_m2": 380.0, "surface_label": "Building / roof", "p_roof": 0.9, "dark_roof": false, "heat_zone": "lower", "LST_C": 55.8, "new_since_2017": false, "street": "Ad Diman 8 Street", "action": "" }, "geometry": { "type": "Polygon", "coordinates": [ [ [ 54.5176229, 24.3481369 ], [ 54.5181939, 24.3481583 ], [ 54.5181965, 24.3480992 ], [ 54.5176256, 24.3480778 ], [ 54.5176229, 24.3481369 ] ] ] } },
{ "type": "Feature", "properties": { "id": "B-16053", "area_m2": 315.0, "surface_label": "Building / roof", "p_roof": 0.51, "dark_roof": true, "heat_zone": "lower", "LST_C": 55.900002, "new_since_2017": false, "street": "Ad Diman 8 Street", "action": "" }, "geometry": { "type": "Polygon", "coordinates": [ [ [ 54.5177331, 24.3484349 ], [ 54.5177448, 24.3481844 ], [ 54.5176333, 24.3481801 ], [ 54.5176216, 24.3484306 ], [ 54.5177331, 24.3484349 ] ] ] } },
{ "type": "Feature", "properties": { "id": "B-16054", "area_m2": 136.0, "surface_label": "Road / dark pavement", "p_roof": 0.46, "dark_roof": true, "heat_zone": "lower", "LST_C": 55.900002, "new_since_2017": false, "street": "Ad Diman 8 Street", "action": "" }, "geometry": { "type": "Polygon", "coordinates": [ [ [ 54.5177634, 24.3486253 ], [ 54.5177645, 24.3485738 ], [ 54.5176749, 24.3485722 ], [ 54.5176767, 24.3484891 ], [ 54.5176215, 24.3484881 ], [ 54.5176186, 24.3486227 ], [ 54.5177634, 24.3486253 ] ] ] } },
{ "type": "Feature", "properties": { "id": "B-16059", "area_m2": 932.0, "surface_label": "Building / roof", "p_roof": 0.62, "dark_roof": false, "heat_zone": "lower", "LST_C": 52.599998, "new_since_2017": false, "street": "Ar Raha 8 Street", "action": "" }, "geometry": { "type": "Polygon", "coordinates": [ [ [ 54.5171782, 24.3611095 ], [ 54.5170245, 24.3611031 ], [ 54.5169978, 24.3616411 ], [ 54.5171516, 24.3616474 ], [ 54.5171782, 24.3611095 ] ] ] } },
{ "type": "Feature", "properties": { "id": "B-16061", "area_m2": 932.0, "surface_label": "Building / roof", "p_roof": 0.76, "dark_roof": false, "heat_zone": "lower", "LST_C": 53.099998, "new_since_2017": false, "street": "Ar Raha 8 Street", "action": "" }, "geometry": { "type": "Polygon", "coordinates": [ [ [ 54.5171573, 24.361812 ], [ 54.5170035, 24.3618056 ], [ 54.5169769, 24.3623435 ], [ 54.5171306, 24.3623499 ], [ 54.5171573, 24.361812 ] ] ] } },
{ "type": "Feature", "properties": { "id": "B-16062", "area_m2": 932.0, "surface_label": "Building / roof", "p_roof": 0.75, "dark_roof": false, "heat_zone": "lower", "LST_C": 53.599998, "new_since_2017": false, "street": "Ar Raha 8 Street", "action": "" }, "geometry": { "type": "Polygon", "coordinates": [ [ [ 54.5171315, 24.3624246 ], [ 54.5169778, 24.3624183 ], [ 54.5169511, 24.3629562 ], [ 54.5171049, 24.3629625 ], [ 54.5171315, 24.3624246 ] ] ] } },
{ "type": "Feature", "properties": { "id": "B-16065", "area_m2": 2574.0, "surface_label": "Building / roof", "p_roof": 0.87, "dark_roof": false, "heat_zone": "lower", "LST_C": 52.200001, "new_since_2017": false, "street": "Al Kawakib Street", "action": "" }, "geometry": { "type": "Polygon", "coordinates": [ [ [ 54.5185885, 24.3612875 ], [ 54.5197354, 24.3613336 ], [ 54.519745, 24.3611344 ], [ 54.5185981, 24.3610884 ], [ 54.5185885, 24.3612875 ] ] ] } },
{ "type": "Feature", "properties": { "id": "B-16066", "area_m2": 2573.0, "surface_label": "Building / roof", "p_roof": 0.87, "dark_roof": false, "heat_zone": "lower", "LST_C": 51.5, "new_since_2017": false, "street": "Ar Raha 8 Street", "action": "" }, "geometry": { "type": "Polygon", "coordinates": [ [ [ 54.5172564, 24.3616752 ], [ 54.5184033, 24.3617212 ], [ 54.5184129, 24.3615221 ], [ 54.517266, 24.3614761 ], [ 54.5172564, 24.3616752 ] ] ] } },
{ "type": "Feature", "properties": { "id": "B-16067", "area_m2": 2574.0, "surface_label": "Building / roof", "p_roof": 0.81, "dark_roof": false, "heat_zone": "lower", "LST_C": 51.5, "new_since_2017": false, "street": "Ar Raha 8 Street", "action": "" }, "geometry": { "type": "Polygon", "coordinates": [ [ [ 54.5172448, 24.3619832 ], [ 54.5183916, 24.3620293 ], [ 54.5184012, 24.3618301 ], [ 54.5172544, 24.3617841 ], [ 54.5172448, 24.3619832 ] ] ] } },
{ "type": "Feature", "properties": { "id": "B-16068", "area_m2": 2574.0, "surface_label": "Building / roof", "p_roof": 0.71, "dark_roof": false, "heat_zone": "lower", "LST_C": 52.900002, "new_since_2017": false, "street": "Al Jammalah 3 Street", "action": "" }, "geometry": { "type": "Polygon", "coordinates": [ [ [ 54.5172188, 24.3629761 ], [ 54.5183656, 24.3630222 ], [ 54.5183753, 24.362823 ], [ 54.5172284, 24.362777 ], [ 54.5172188, 24.3629761 ] ] ] } },
{ "type": "Feature", "properties": { "id": "B-16069", "area_m2": 2573.0, "surface_label": "Building / roof", "p_roof": 0.58, "dark_roof": false, "heat_zone": "lower", "LST_C": 53.0, "new_since_2017": false, "street": "Al Jammalah 3 Street", "action": "" }, "geometry": { "type": "Polygon", "coordinates": [ [ [ 54.5185011, 24.3630374 ], [ 54.5196479, 24.3630834 ], [ 54.5196575, 24.3628843 ], [ 54.5185107, 24.3628383 ], [ 54.5185011, 24.3630374 ] ] ] } },
{ "type": "Feature", "properties": { "id": "B-16070", "area_m2": 2574.0, "surface_label": "Building / roof", "p_roof": 0.79, "dark_roof": false, "heat_zone": "lower", "LST_C": 52.099998, "new_since_2017": false, "street": "Al Jammalah 3 Street", "action": "" }, "geometry": { "type": "Polygon", "coordinates": [ [ [ 54.5185156, 24.3627559 ], [ 54.5196625, 24.362802 ], [ 54.5196721, 24.3626028 ], [ 54.5185253, 24.3625568 ], [ 54.5185156, 24.3627559 ] ] ] } },
{ "type": "Feature", "properties": { "id": "B-16071", "area_m2": 2573.0, "surface_label": "Building / roof", "p_roof": 0.75, "dark_roof": false, "heat_zone": "lower", "LST_C": 51.599998, "new_since_2017": false, "street": "Al Jammalah 3 Street", "action": "" }, "geometry": { "type": "Polygon", "coordinates": [ [ [ 54.518539, 24.3623948 ], [ 54.5196858, 24.3624408 ], [ 54.5196954, 24.3622417 ], [ 54.5185486, 24.3621957 ], [ 54.518539, 24.3623948 ] ] ] } },
{ "type": "Feature", "properties": { "id": "B-16072", "area_m2": 646.0, "surface_label": "Road / dark pavement", "p_roof": 0.28, "dark_roof": true, "heat_zone": "elevated", "LST_C": 56.900002, "new_since_2017": false, "street": "Ar Raha 8 Street", "action": "" }, "geometry": { "type": "Polygon", "coordinates": [ [ [ 54.5168449, 24.3652808 ], [ 54.517007, 24.3652852 ], [ 54.5170188, 24.3649314 ], [ 54.5168566, 24.3649269 ], [ 54.5168449, 24.3652808 ] ] ] } },
{ "type": "Feature", "properties": { "id": "B-16073", "area_m2": 646.0, "surface_label": "Building / roof", "p_roof": 0.42, "dark_roof": true, "heat_zone": "elevated", "LST_C": 56.900002, "new_since_2017": false, "street": "Ar Raha 8 Street", "action": "" }, "geometry": { "type": "Polygon", "coordinates": [ [ [ 54.5168312, 24.3656667 ], [ 54.5169933, 24.3656711 ], [ 54.5170051, 24.3653173 ], [ 54.5168429, 24.3653128 ], [ 54.5168312, 24.3656667 ] ] ] } },
{ "type": "Feature", "properties": { "id": "B-16074", "area_m2": 677.0, "surface_label": "Building / roof", "p_roof": 0.51, "dark_roof": true, "heat_zone": "elevated", "LST_C": 56.900002, "new_since_2017": false, "street": "Ar Raha 8 Street", "action": "" }, "geometry": { "type": "Polygon", "coordinates": [ [ [ 54.5167906, 24.3662164 ], [ 54.5169613, 24.3662223 ], [ 54.5169758, 24.3658704 ], [ 54.5168051, 24.3658645 ], [ 54.5167906, 24.3662164 ] ] ] } },
{ "type": "Feature", "properties": { "id": "B-16075", "area_m2": 646.0, "surface_label": "Building / roof", "p_roof": 0.94, "dark_roof": false, "heat_zone": "elevated", "LST_C": 56.8, "new_since_2017": false, "street": "Ar Raha 8 Street", "action": "" }, "geometry": { "type": "Polygon", "coordinates": [ [ [ 54.516785, 24.3666042 ], [ 54.5169471, 24.3666087 ], [ 54.5169589, 24.3662548 ], [ 54.5167967, 24.3662503 ], [ 54.516785, 24.3666042 ] ] ] } },
{ "type": "Feature", "properties": { "id": "B-16076", "area_m2": 6691.0, "surface_label": "Building / roof", "p_roof": 0.63, "dark_roof": true, "heat_zone": "elevated", "LST_C": 56.700001, "new_since_2017": false, "street": "Al Hiraf Street", "action": "" }, "geometry": { "type": "Polygon", "coordinates": [ [ [ 54.5171643, 24.3684377 ], [ 54.5189883, 24.368525 ], [ 54.519007, 24.3682 ], [ 54.5189108, 24.3681954 ], [ 54.517235, 24.3681146 ], [ 54.5171831, 24.3681122 ], [ 54.5171643, 24.3684377 ] ] ] } },
{ "type": "Feature", "properties": { "id": "B-16077", "area_m2": 2871.0, "surface_label": "Building / roof", "p_roof": 0.86, "dark_roof": false, "heat_zone": "lower", "LST_C": 55.400002, "new_since_2017": false, "street": "Ar Raha 8 Street", "action": "" }, "geometry": { "type": "Polygon", "coordinates": [ [ [ 54.5171643, 24.3684377 ], [ 54.5171831, 24.3681122 ], [ 54.517235, 24.3681146 ], [ 54.5172474, 24.3679002 ], [ 54.5168293, 24.3678801 ], [ 54.5167842, 24.3679213 ], [ 54.5167463, 24.3679662 ], [ 54.5167176, 24.3680165 ], [ 54.516699, 24.3680705 ], [ 54.5166911, 24.3681267 ], [ 54.5166941, 24.3681833 ], [ 54.5167079, 24.3682385 ], [ 54.516732, 24.3682907 ], [ 54.5167659, 24.3683382 ], [ 54.5168083, 24.3683796 ], [ 54.5168581, 24.3684136 ], [ 54.5169136, 24.3684392 ], [ 54.5169731, 24.3684555 ], [ 54.5170349, 24.368462 ], [ 54.517097, 24.3684587 ], [ 54.5171574, 24.3684454 ], [ 54.5171643, 24.3684377 ] ] ] } },
{ "type": "Feature", "properties": { "id": "B-16093", "area_m2": 1658.0, "surface_label": "Building / roof", "p_roof": 0.95, "dark_roof": false, "heat_zone": "elevated", "LST_C": 56.200001, "new_since_2017": false, "street": "Abu Al Hinna-a 7 Street", "action": "" }, "geometry": { "type": "Polygon", "coordinates": [ [ [ 54.5103596, 24.3695032 ], [ 54.5107555, 24.3695192 ], [ 54.5107676, 24.3692401 ], [ 54.5106525, 24.3691249 ], [ 54.5103794, 24.369113 ], [ 54.5103596, 24.3695032 ] ] ] } },
{ "type": "Feature", "properties": { "id": "B-16096", "area_m2": 1826.0, "surface_label": "Building / roof", "p_roof": 0.99, "dark_roof": false, "heat_zone": "elevated", "LST_C": 56.5, "new_since_2017": false, "street": "Abu Al Hinna-a 7 Street", "action": "" }, "geometry": { "type": "Polygon", "coordinates": [ [ [ 54.5094288, 24.3694396 ], [ 54.5098787, 24.3694567 ], [ 54.50989520000001, 24.3690965 ], [ 54.5094453, 24.3690794 ], [ 54.5094288, 24.3694396 ] ] ] } },
{ "type": "Feature", "properties": { "id": "B-16097", "area_m2": 499.0, "surface_label": "Building / roof", "p_roof": 0.64, "dark_roof": false, "heat_zone": "elevated", "LST_C": 56.3, "new_since_2017": false, "street": "Al Hiraf Street", "action": "" }, "geometry": { "type": "Polygon", "coordinates": [ [ [ 54.509024, 24.3691566 ], [ 54.5093925, 24.3691727 ], [ 54.5093988, 24.3690525 ], [ 54.5090303, 24.3690365 ], [ 54.509024, 24.3691566 ] ] ] } },
{ "type": "Feature", "properties": { "id": "B-16098", "area_m2": 409.0, "surface_label": "Building / roof", "p_roof": 0.58, "dark_roof": false, "heat_zone": "lower", "LST_C": 55.8, "new_since_2017": false, "street": "Al Hiraf Street", "action": "" }, "geometry": { "type": "Polygon", "coordinates": [ [ [ 54.5089422, 24.3691314 ], [ 54.508946, 24.3690308 ], [ 54.5085845, 24.3690196 ], [ 54.5085807, 24.3691202 ], [ 54.5089422, 24.3691314 ] ] ] } },
{ "type": "Feature", "properties": { "id": "B-16099", "area_m2": 276.0, "surface_label": "Building / roof", "p_roof": 0.93, "dark_roof": false, "heat_zone": "lower", "LST_C": 55.400002, "new_since_2017": false, "street": "Al Hiraf Street", "action": "" }, "geometry": { "type": "Polygon", "coordinates": [ [ [ 54.5081088, 24.3690607 ], [ 54.5085205, 24.3690787 ], [ 54.5085236, 24.3690191 ], [ 54.508112, 24.3690012 ], [ 54.5081088, 24.3690607 ] ] ] } },
{ "type": "Feature", "properties": { "id": "B-16100", "area_m2": 611.0, "surface_label": "Building / roof", "p_roof": 0.95, "dark_roof": false, "heat_zone": "lower", "LST_C": 55.900002, "new_since_2017": false, "street": "Al Hiraf Street", "action": "" }, "geometry": { "type": "Polygon", "coordinates": [ [ [ 54.5071776, 24.3689958 ], [ 54.5065843, 24.3689783 ], [ 54.5065811, 24.3690697 ], [ 54.5071744, 24.3690872 ], [ 54.5071776, 24.3689958 ] ] ] } },
{ "type": "Feature", "properties": { "id": "B-16133", "area_m2": 288.0, "surface_label": "Building / roof", "p_roof": 0.83, "dark_roof": false, "heat_zone": "lower", "LST_C": 55.700001, "new_since_2017": false, "street": "Ar Raha 8 Street", "action": "" }, "geometry": { "type": "Polygon", "coordinates": [ [ [ 54.5160252, 24.3614942 ], [ 54.51603, 24.3613153 ], [ 54.5158869, 24.3613122 ], [ 54.5158821, 24.361491 ], [ 54.5160252, 24.3614942 ] ] ] } },
{ "type": "Feature", "properties": { "id": "B-16134", "area_m2": 593.0, "surface_label": "Building / roof", "p_roof": 0.95, "dark_roof": false, "heat_zone": "elevated", "LST_C": 56.099998, "new_since_2017": false, "street": "Ar Raha 8 Street", "action": "" }, "geometry": { "type": "Polygon", "coordinates": [ [ [ 54.5158754, 24.3656623 ], [ 54.5158838, 24.3653826 ], [ 54.5156953, 24.3653779 ], [ 54.515687, 24.3656576 ], [ 54.5158754, 24.3656623 ] ] ] } },
{ "type": "Feature", "properties": { "id": "B-16135", "area_m2": 247.0, "surface_label": "Building / roof", "p_roof": 0.76, "dark_roof": false, "heat_zone": "lower", "LST_C": 56.0, "new_since_2017": false, "street": "Ar Raha 8 Street", "action": "" }, "geometry": { "type": "Polygon", "coordinates": [ [ [ 54.5158502, 24.3664545 ], [ 54.5158549, 24.3662375 ], [ 54.5157538, 24.3662357 ], [ 54.5157491, 24.3664527 ], [ 54.5158502, 24.3664545 ] ] ] } },
{ "type": "Feature", "properties": { "id": "B-16136", "area_m2": 698.0, "surface_label": "Building / roof", "p_roof": 0.64, "dark_roof": true, "heat_zone": "elevated", "LST_C": 56.700001, "new_since_2017": false, "street": "Al Mazj 2 Street", "action": "" }, "geometry": { "type": "Polygon", "coordinates": [ [ [ 54.5156886, 24.3683742 ], [ 54.5157014, 24.3681393 ], [ 54.5154377, 24.3681274 ], [ 54.5154248, 24.3683622 ], [ 54.5156886, 24.3683742 ] ] ] } },
{ "type": "Feature", "properties": { "id": "B-16160", "area_m2": 651.0, "surface_label": "Building / roof", "p_roof": 0.43, "dark_roof": false, "heat_zone": "high", "LST_C": 57.0, "new_since_2017": false, "street": "Ad Darsa'i 4 Street", "action": "Monitor / shade around" }, "geometry": { "type": "Polygon", "coordinates": [ [ [ 54.5127757, 24.3514342 ], [ 54.5127871, 24.3511835 ], [ 54.5125566, 24.3511748 ], [ 54.5125451, 24.3514254 ], [ 54.5127757, 24.3514342 ] ] ] } },
{ "type": "Feature", "properties": { "id": "B-16162", "area_m2": 453.0, "surface_label": "Building / roof", "p_roof": 0.86, "dark_roof": false, "heat_zone": "elevated", "LST_C": 56.099998, "new_since_2017": false, "street": "Al Hayal Street", "action": "" }, "geometry": { "type": "Polygon", "coordinates": [ [ [ 54.5108589, 24.367685 ], [ 54.5108814, 24.3673481 ], [ 54.5107623, 24.3673415 ], [ 54.5107398, 24.3676784 ], [ 54.5108589, 24.367685 ] ] ] } },
{ "type": "Feature", "properties": { "id": "B-16163", "area_m2": 259.0, "surface_label": "Building / roof", "p_roof": 0.26, "dark_roof": true, "heat_zone": "elevated", "LST_C": 56.400002, "new_since_2017": false, "street": "Al Hayal Street", "action": "" }, "geometry": { "type": "Polygon", "coordinates": [ [ [ 54.5117155, 24.3480773 ], [ 54.5117259, 24.3478483 ], [ 54.5116253, 24.3478445 ], [ 54.511615, 24.3480735 ], [ 54.5117155, 24.3480773 ] ] ] } },
{ "type": "Feature", "properties": { "id": "B-16168", "area_m2": 1358.0, "surface_label": "Building / roof", "p_roof": 0.95, "dark_roof": false, "heat_zone": "lower", "LST_C": 55.700001, "new_since_2017": false, "street": "Al Hayal Street", "action": "" }, "geometry": { "type": "Polygon", "coordinates": [ [ [ 54.5110048, 24.3647675 ], [ 54.5110149, 24.3644861 ], [ 54.5105862, 24.3644733 ], [ 54.510576, 24.3647546 ], [ 54.5110048, 24.3647675 ] ] ] } },
{ "type": "Feature", "properties": { "id": "B-16169", "area_m2": 371.0, "surface_label": "Building / roof", "p_roof": 0.93, "dark_roof": false, "heat_zone": "lower", "LST_C": 55.599998, "new_since_2017": false, "street": "Al Hayal Street", "action": "" }, "geometry": { "type": "Polygon", "coordinates": [ [ [ 54.510847, 24.3652071 ], [ 54.5109382, 24.3652103 ], [ 54.5109536, 24.364849 ], [ 54.5108624, 24.3648458 ], [ 54.510847, 24.3652071 ] ] ] } },
{ "type": "Feature", "properties": { "id": "B-16170", "area_m2": 1034.0, "surface_label": "Building / roof", "p_roof": 0.99, "dark_roof": false, "heat_zone": "lower", "LST_C": 55.599998, "new_since_2017": false, "street": "Al Hayal Street", "action": "" }, "geometry": { "type": "Polygon", "coordinates": [ [ [ 54.5108522, 24.3656297 ], [ 54.5108712, 24.3652595 ], [ 54.5106235, 24.3652489 ], [ 54.5106045, 24.3656191 ], [ 54.5108522, 24.3656297 ] ] ] } },
{ "type": "Feature", "properties": { "id": "B-16171", "area_m2": 859.0, "surface_label": "Building / roof", "p_roof": 0.86, "dark_roof": false, "heat_zone": "lower", "LST_C": 55.599998, "new_since_2017": false, "street": "Al Hayal Street", "action": "" }, "geometry": { "type": "Polygon", "coordinates": [ [ [ 54.5108658, 24.3660247 ], [ 54.5107696, 24.3657656 ], [ 54.5107703, 24.3656551 ], [ 54.5106036, 24.3656481 ], [ 54.5105853, 24.366013 ], [ 54.5108658, 24.3660247 ] ] ] } },
{ "type": "Feature", "properties": { "id": "B-16172", "area_m2": 813.0, "surface_label": "Building / roof", "p_roof": 0.78, "dark_roof": true, "heat_zone": "lower", "LST_C": 55.8, "new_since_2017": false, "street": "Al Hayal Street", "action": "" }, "geometry": { "type": "Polygon", "coordinates": [ [ [ 54.51093, 24.3663011 ], [ 54.5104802, 24.3662802 ], [ 54.5104712, 24.3664405 ], [ 54.510921, 24.3664614 ], [ 54.51093, 24.3663011 ] ] ] } },
{ "type": "Feature", "properties": { "id": "B-16173", "area_m2": 1048.0, "surface_label": "Building / roof", "p_roof": 0.96, "dark_roof": false, "heat_zone": "lower", "LST_C": 55.900002, "new_since_2017": false, "street": "Al Hiraf 2 Street", "action": "" }, "geometry": { "type": "Polygon", "coordinates": [ [ [ 54.5107487, 24.3668647 ], [ 54.5107666, 24.3664886 ], [ 54.5105192, 24.3664789 ], [ 54.5105013, 24.3668549 ], [ 54.5107487, 24.3668647 ] ] ] } },
{ "type": "Feature", "properties": { "id": "B-16400", "area_m2": 12392.0, "surface_label": "Building / roof", "p_roof": 0.92, "dark_roof": false, "heat_zone": "elevated", "LST_C": 56.900002, "new_since_2017": true, "street": "Al Hiraf Street", "action": "" }, "geometry": { "type": "Polygon", "coordinates": [ [ [ 54.5195086, 24.3685905 ], [ 54.5212913, 24.3686679 ], [ 54.5213236, 24.3680512 ], [ 54.5195408, 24.3679739 ], [ 54.5195086, 24.3685905 ] ] ] } },
{ "type": "Feature", "properties": { "id": "B-16868", "area_m2": 261.0, "surface_label": "Building / roof", "p_roof": 0.86, "dark_roof": false, "heat_zone": "lower", "LST_C": 55.700001, "new_since_2017": false, "street": "Al Hayal Street", "action": "" }, "geometry": { "type": "Polygon", "coordinates": [ [ [ 54.5107696, 24.3657656 ], [ 54.510977, 24.3657726 ], [ 54.5109853, 24.3656635 ], [ 54.5107703, 24.3656551 ], [ 54.5107696, 24.3657656 ] ] ] } },
{ "type": "Feature", "properties": { "id": "B-16882", "area_m2": 1783.0, "surface_label": "Building / roof", "p_roof": 0.72, "dark_roof": false, "heat_zone": "lower", "LST_C": 50.700001, "new_since_2017": false, "street": "Al Jammalah 3 Street", "action": "" }, "geometry": { "type": "Polygon", "coordinates": [ [ [ 54.5214927, 24.3625154 ], [ 54.5217128, 24.362527 ], [ 54.5217702, 24.36185 ], [ 54.5215246, 24.3618355 ], [ 54.5214927, 24.3625154 ] ] ] } },
{ "type": "Feature", "properties": { "id": "B-16885", "area_m2": 1942.0, "surface_label": "Building / roof", "p_roof": 0.57, "dark_roof": false, "heat_zone": "lower", "LST_C": 53.200001, "new_since_2017": false, "street": "Al Jammalah 3 Street", "action": "" }, "geometry": { "type": "Polygon", "coordinates": [ [ [ 54.5209249, 24.3631924 ], [ 54.5216873, 24.3632157 ], [ 54.5217032, 24.362989 ], [ 54.5209345, 24.3629687 ], [ 54.5209249, 24.3631924 ] ] ] } },
{ "type": "Feature", "properties": { "id": "B-16886", "area_m2": 1876.0, "surface_label": "Building / roof", "p_roof": 0.86, "dark_roof": false, "heat_zone": "lower", "LST_C": 51.900002, "new_since_2017": false, "street": "Al Jammalah 3 Street", "action": "" }, "geometry": { "type": "Polygon", "coordinates": [ [ [ 54.5209345, 24.3628961 ], [ 54.5216905, 24.3629193 ], [ 54.5216905, 24.3626956 ], [ 54.5209473, 24.3626752 ], [ 54.5209345, 24.3628961 ] ] ] } },
{ "type": "Feature", "properties": { "id": "B-16887", "area_m2": 1747.0, "surface_label": "Building / roof", "p_roof": 0.67, "dark_roof": false, "heat_zone": "lower", "LST_C": 52.200001, "new_since_2017": false, "street": "Al Jammalah 3 Street", "action": "" }, "geometry": { "type": "Polygon", "coordinates": [ [ [ 54.5198468, 24.3631053 ], [ 54.5206187, 24.3631605 ], [ 54.5206283, 24.3629658 ], [ 54.5198564, 24.362899 ], [ 54.5198468, 24.3631053 ] ] ] } },
{ "type": "Feature", "properties": { "id": "B-16888", "area_m2": 1683.0, "surface_label": "Building / roof", "p_roof": 0.74, "dark_roof": false, "heat_zone": "lower", "LST_C": 51.400002, "new_since_2017": false, "street": "Al Jammalah 3 Street", "action": "" }, "geometry": { "type": "Polygon", "coordinates": [ [ [ 54.5198628, 24.3628147 ], [ 54.5206315, 24.3628728 ], [ 54.5206347, 24.3626781 ], [ 54.5198691, 24.36262 ], [ 54.5198628, 24.3628147 ] ] ] } },
{ "type": "Feature", "properties": { "id": "B-16900", "area_m2": 1939.0, "surface_label": "Building / roof", "p_roof": 0.76, "dark_roof": false, "heat_zone": "lower", "LST_C": 50.599998, "new_since_2017": false, "street": "Al Kawakib Street", "action": "" }, "geometry": { "type": "Polygon", "coordinates": [ [ [ 54.519946, 24.361373 ], [ 54.5207843, 24.3614041 ], [ 54.5208032, 24.3611968 ], [ 54.5199536, 24.3611726 ], [ 54.519946, 24.361373 ] ] ] } },
{ "type": "Feature", "properties": { "id": "B-16901", "area_m2": 1757.0, "surface_label": "Building / roof", "p_roof": 0.8, "dark_roof": false, "heat_zone": "lower", "LST_C": 50.3, "new_since_2017": false, "street": "Al Kawakib Street", "action": "" }, "geometry": { "type": "Polygon", "coordinates": [ [ [ 54.5199194, 24.3614628 ], [ 54.5199118, 24.3616425 ], [ 54.5207843, 24.3616805 ], [ 54.5207843, 24.3615009 ], [ 54.5199194, 24.3614628 ] ] ] } },
{ "type": "Feature", "properties": { "id": "B-16902", "area_m2": 1978.0, "surface_label": "Building / roof", "p_roof": 0.84, "dark_roof": false, "heat_zone": "lower", "LST_C": 50.400002, "new_since_2017": false, "street": "Al Kawakib Street", "action": "" }, "geometry": { "type": "Polygon", "coordinates": [ [ [ 54.5208983, 24.3617086 ], [ 54.5217352, 24.3617379 ], [ 54.5217459, 24.3615229 ], [ 54.5209117, 24.3615034 ], [ 54.5208983, 24.3617086 ] ] ] } },
{ "type": "Feature", "properties": { "id": "B-16903", "area_m2": 2002.0, "surface_label": "Building / roof", "p_roof": 0.72, "dark_roof": false, "heat_zone": "lower", "LST_C": 50.5, "new_since_2017": false, "street": "Al Kawakib Street", "action": "" }, "geometry": { "type": "Polygon", "coordinates": [ [ [ 54.5209144, 24.3614105 ], [ 54.521754, 24.3614423 ], [ 54.5217674, 24.3612248 ], [ 54.5209252, 24.3612053 ], [ 54.5209144, 24.3614105 ] ] ] } },
{ "type": "Feature", "properties": { "id": "B-16904", "area_m2": 1795.0, "surface_label": "Building / roof", "p_roof": 0.76, "dark_roof": false, "heat_zone": "lower", "LST_C": 50.700001, "new_since_2017": false, "street": "Al Jammalah 3 Street", "action": "" }, "geometry": { "type": "Polygon", "coordinates": [ [ [ 54.5211853, 24.3625149 ], [ 54.5214133, 24.3625222 ], [ 54.5214428, 24.3618259 ], [ 54.5212122, 24.361821 ], [ 54.5211853, 24.3625149 ] ] ] } },
{ "type": "Feature", "properties": { "id": "B-16905", "area_m2": 1766.0, "surface_label": "Building / roof", "p_roof": 0.85, "dark_roof": false, "heat_zone": "lower", "LST_C": 50.400002, "new_since_2017": false, "street": "Al Jammalah 3 Street", "action": "" }, "geometry": { "type": "Polygon", "coordinates": [ [ [ 54.5198684, 24.3624563 ], [ 54.5200937, 24.362466 ], [ 54.5201205, 24.361777 ], [ 54.5198898, 24.361769699999989 ], [ 54.5198684, 24.3624563 ] ] ] } },
{ "type": "Feature", "properties": { "id": "B-16906", "area_m2": 1809.0, "surface_label": "Building / roof", "p_roof": 0.85, "dark_roof": false, "heat_zone": "lower", "LST_C": 50.400002, "new_since_2017": false, "street": "Al Jammalah 3 Street", "action": "" }, "geometry": { "type": "Polygon", "coordinates": [ [ [ 54.5201607, 24.3624758 ], [ 54.5203968, 24.362488 ], [ 54.5204182, 24.3617868 ], [ 54.5201929, 24.3617843 ], [ 54.5201607, 24.3624758 ] ] ] } },
{ "type": "Feature", "properties": { "id": "B-16907", "area_m2": 2007.0, "surface_label": "Building / roof", "p_roof": 0.79, "dark_roof": false, "heat_zone": "lower", "LST_C": 50.700001, "new_since_2017": false, "street": "Al Jammalah 3 Street", "action": "" }, "geometry": { "type": "Polygon", "coordinates": [ [ [ 54.5204745, 24.3624685 ], [ 54.521137, 24.3624954 ], [ 54.5211531, 24.3622315 ], [ 54.5204987, 24.3621924 ], [ 54.5204745, 24.3624685 ] ] ] } },
{ "type": "Feature", "properties": { "id": "B-16908", "area_m2": 1803.0, "surface_label": "Building / roof", "p_roof": 0.76, "dark_roof": false, "heat_zone": "lower", "LST_C": 50.8, "new_since_2017": false, "street": "Al Jammalah 3 Street", "action": "" }, "geometry": { "type": "Polygon", "coordinates": [ [ [ 54.5194982, 24.362146 ], [ 54.5197316, 24.3621631 ], [ 54.5197745, 24.3614569 ], [ 54.5195545, 24.3614447 ], [ 54.5194982, 24.362146 ] ] ] } },
{ "type": "Feature", "properties": { "id": "B-16909", "area_m2": 1779.0, "surface_label": "Building / roof", "p_roof": 0.75, "dark_roof": false, "heat_zone": "lower", "LST_C": 51.3, "new_since_2017": false, "street": "Al Jammalah 3 Street", "action": "" }, "geometry": { "type": "Polygon", "coordinates": [ [ [ 54.5191817, 24.3621337 ], [ 54.5194043, 24.3621386 ], [ 54.5194526, 24.3614423 ], [ 54.5192273, 24.3614227 ], [ 54.5191817, 24.3621337 ] ] ] } },
{ "type": "Feature", "properties": { "id": "B-16910", "area_m2": 1872.0, "surface_label": "Building / roof", "p_roof": 0.84, "dark_roof": false, "heat_zone": "lower", "LST_C": 51.900002, "new_since_2017": false, "street": "Al Jammalah 3 Street", "action": "" }, "geometry": { "type": "Polygon", "coordinates": [ [ [ 54.5185755, 24.3621166 ], [ 54.5188143, 24.3621264 ], [ 54.5188572, 24.3614154 ], [ 54.5186292, 24.3614056 ], [ 54.5185755, 24.3621166 ] ] ] } },
{ "type": "Feature", "properties": { "id": "B-16911", "area_m2": 1848.0, "surface_label": "Building / roof", "p_roof": 0.98, "dark_roof": false, "heat_zone": "lower", "LST_C": 52.099998, "new_since_2017": false, "street": "Al Kawakib Street", "action": "" }, "geometry": { "type": "Polygon", "coordinates": [ [ [ 54.5181652, 24.3614374 ], [ 54.5184468, 24.3614496 ], [ 54.5184709, 24.3608534 ], [ 54.5182, 24.3608461 ], [ 54.5181652, 24.3614374 ] ] ] } },
{ "type": "Feature", "properties": { "id": "B-16912", "area_m2": 1527.0, "surface_label": "Building / roof", "p_roof": 0.69, "dark_roof": false, "heat_zone": "lower", "LST_C": 51.700001, "new_since_2017": false, "street": "Ar Raha 8 Street", "action": "" }, "geometry": { "type": "Polygon", "coordinates": [ [ [ 54.5176502, 24.3614227 ], [ 54.5178728, 24.3614227 ], [ 54.5178969, 24.360807 ], [ 54.5176824, 24.3607972 ], [ 54.5176502, 24.3614227 ] ] ] } },
{ "type": "Feature", "properties": { "id": "B-16913", "area_m2": 1587.0, "surface_label": "Building / roof", "p_roof": 0.76, "dark_roof": false, "heat_zone": "lower", "LST_C": 51.900002, "new_since_2017": false, "street": "Ar Raha 8 Street", "action": "" }, "geometry": { "type": "Polygon", "coordinates": [ [ [ 54.5173364, 24.3614056 ], [ 54.5175697, 24.3614178 ], [ 54.5175858, 24.3608021 ], [ 54.5173605, 24.3607923 ], [ 54.5173364, 24.3614056 ] ] ] } },
{ "type": "Feature", "properties": { "id": "B-16914", "area_m2": 1612.0, "surface_label": "Building / roof", "p_roof": 0.71, "dark_roof": false, "heat_zone": "lower", "LST_C": 52.200001, "new_since_2017": false, "street": "Ar Raha 8 Street", "action": "" }, "geometry": { "type": "Polygon", "coordinates": [ [ [ 54.5172747, 24.3627177 ], [ 54.5175, 24.3627348 ], [ 54.5175161, 24.3620971 ], [ 54.5172881, 24.3620922 ], [ 54.5172747, 24.3627177 ] ] ] } },
{ "type": "Feature", "properties": { "id": "B-16915", "area_m2": 1641.0, "surface_label": "Building / roof", "p_roof": 0.89, "dark_roof": false, "heat_zone": "lower", "LST_C": 51.900002, "new_since_2017": false, "street": "Al Jammalah 3 Street", "action": "" }, "geometry": { "type": "Polygon", "coordinates": [ [ [ 54.5175858, 24.3627299 ], [ 54.5178218, 24.3627348 ], [ 54.5178433, 24.3621142 ], [ 54.5176126, 24.362102 ], [ 54.5175858, 24.3627299 ] ] ] } },
{ "type": "Feature", "properties": { "id": "B-16916", "area_m2": 1901.0, "surface_label": "Building / roof", "p_roof": 0.96, "dark_roof": false, "heat_zone": "lower", "LST_C": 51.900002, "new_since_2017": false, "street": "Al Jammalah 3 Street", "action": "" }, "geometry": { "type": "Polygon", "coordinates": [ [ [ 54.5180927, 24.3627568 ], [ 54.5183636, 24.3627666 ], [ 54.5184012, 24.3621484 ], [ 54.5181276, 24.3621362 ], [ 54.5180927, 24.3627568 ] ] ] } },
{ "type": "Feature", "properties": { "id": "B-16949", "area_m2": 6307.0, "surface_label": "Building / roof", "p_roof": 0.98, "dark_roof": false, "heat_zone": "lower", "LST_C": 55.200001, "new_since_2017": false, "street": "Al Jammalah 1 Street", "action": "" }, "geometry": { "type": "Polygon", "coordinates": [ [ [ 54.5196638, 24.3653119 ], [ 54.5214154, 24.3653848 ], [ 54.5214293, 24.3650635 ], [ 54.5196731, 24.3649947 ], [ 54.5196638, 24.3653119 ] ] ] } },
{ "type": "Feature", "properties": { "id": "B-16950", "area_m2": 7719.0, "surface_label": "Building / roof", "p_roof": 0.99, "dark_roof": false, "heat_zone": "lower", "LST_C": 55.099998, "new_since_2017": false, "street": "Ar Rasin 2 Street", "action": "" }, "geometry": { "type": "Polygon", "coordinates": [ [ [ 54.5196081, 24.3667396 ], [ 54.5201419, 24.3667543 ], [ 54.5202116, 24.3655033 ], [ 54.5196578, 24.3654715 ], [ 54.5196081, 24.3667396 ] ] ] } },
{ "type": "Feature", "properties": { "id": "B-16951", "area_m2": 8164.0, "surface_label": "Building / roof", "p_roof": 0.99, "dark_roof": false, "heat_zone": "lower", "LST_C": 55.700001, "new_since_2017": false, "street": "Al Jammalah 6 Street", "action": "" }, "geometry": { "type": "Polygon", "coordinates": [ [ [ 54.5208044, 24.3668007 ], [ 54.5213703, 24.366819 ], [ 54.5214133, 24.3655375 ], [ 54.5208487, 24.3655167 ], [ 54.5208044, 24.3668007 ] ] ] } },
{ "type": "Feature", "properties": { "id": "B-17212", "area_m2": 340.0, "surface_label": "Road / dark pavement", "p_roof": 0.21, "dark_roof": true, "heat_zone": "lower", "LST_C": 55.3, "new_since_2017": false, "street": "Al Marmoumiyah 4 Street", "action": "" }, "geometry": { "type": "Polygon", "coordinates": [ [ [ 54.5117486, 24.3722876 ], [ 54.5118574, 24.3722922 ], [ 54.5118708, 24.3720216 ], [ 54.5117543, 24.3720213 ], [ 54.5117486, 24.3722876 ] ] ] } },
{ "type": "Feature", "properties": { "id": "B-17213", "area_m2": 289.0, "surface_label": "Building / roof", "p_roof": 0.6, "dark_roof": true, "heat_zone": "lower", "LST_C": 55.3, "new_since_2017": false, "street": "Al Marmoumiyah 4 Street", "action": "" }, "geometry": { "type": "Polygon", "coordinates": [ [ [ 54.51174, 24.3719769 ], [ 54.5118695, 24.3719821 ], [ 54.5118792, 24.3717839 ], [ 54.5117496, 24.3717787 ], [ 54.51174, 24.3719769 ] ] ] } },
{ "type": "Feature", "properties": { "id": "B-17214", "area_m2": 473.0, "surface_label": "Building / roof", "p_roof": 0.7, "dark_roof": true, "heat_zone": "lower", "LST_C": 55.200001, "new_since_2017": false, "street": "Al Marmoumiyah 4 Street", "action": "" }, "geometry": { "type": "Polygon", "coordinates": [ [ [ 54.5122247, 24.3718219 ], [ 54.5123792, 24.3718497 ], [ 54.5124422, 24.3715978 ], [ 54.5122755, 24.3715701 ], [ 54.5122247, 24.3718219 ] ] ] } },
{ "type": "Feature", "properties": { "id": "B-17215", "area_m2": 1817.0, "surface_label": "Building / roof", "p_roof": 0.64, "dark_roof": true, "heat_zone": "lower", "LST_C": 55.5, "new_since_2017": false, "street": "Al Marmoumiyah 4 Street", "action": "" }, "geometry": { "type": "Polygon", "coordinates": [ [ [ 54.5122593, 24.3708591 ], [ 54.5125357, 24.3708702 ], [ 54.5125784, 24.3702999 ], [ 54.5122938, 24.3702814 ], [ 54.5122593, 24.3708591 ] ] ] } },
{ "type": "Feature", "properties": { "id": "B-17216", "area_m2": 782.0, "surface_label": "Building / roof", "p_roof": 0.95, "dark_roof": false, "heat_zone": "elevated", "LST_C": 56.400002, "new_since_2017": false, "street": "Al Marmoumiyah 4 Street", "action": "" }, "geometry": { "type": "Polygon", "coordinates": [ [ [ 54.5123462, 24.3692677 ], [ 54.512334, 24.369514 ], [ 54.5126145, 24.369527 ], [ 54.5126287, 24.3692807 ], [ 54.5123462, 24.3692677 ] ] ] } },
{ "type": "Feature", "properties": { "id": "B-17218", "area_m2": 780.0, "surface_label": "Building / roof", "p_roof": 0.89, "dark_roof": false, "heat_zone": "lower", "LST_C": 55.8, "new_since_2017": false, "street": "Al Mazj 4 Street", "action": "" }, "geometry": { "type": "Polygon", "coordinates": [ [ [ 54.511763, 24.3679412 ], [ 54.5120339, 24.3679539 ], [ 54.5120502, 24.3677029 ], [ 54.5117723, 24.367688 ], [ 54.511763, 24.3679412 ] ] ] } },
{ "type": "Feature", "properties": { "id": "B-17219", "area_m2": 847.0, "surface_label": "Building / roof", "p_roof": 0.75, "dark_roof": false, "heat_zone": "lower", "LST_C": 55.700001, "new_since_2017": false, "street": "Al Mazj 4 Street", "action": "" }, "geometry": { "type": "Polygon", "coordinates": [ [ [ 54.5118686, 24.3660282 ], [ 54.5121513, 24.3660408 ], [ 54.5121656, 24.3657751 ], [ 54.5118829, 24.3657625 ], [ 54.5118686, 24.3660282 ] ] ] } },
{ "type": "Feature", "properties": { "id": "B-17220", "area_m2": 266.0, "surface_label": "Building / roof", "p_roof": 0.76, "dark_roof": true, "heat_zone": "elevated", "LST_C": 56.3, "new_since_2017": false, "street": "Al Mazj 4 Street", "action": "" }, "geometry": { "type": "Polygon", "coordinates": [ [ [ 54.5127343, 24.3646911 ], [ 54.512725, 24.3649294 ], [ 54.5128265, 24.3649336 ], [ 54.5128312, 24.3646954 ], [ 54.5127343, 24.3646911 ] ] ] } },
{ "type": "Feature", "properties": { "id": "B-17221", "area_m2": 593.0, "surface_label": "Building / roof", "p_roof": 0.91, "dark_roof": false, "heat_zone": "elevated", "LST_C": 56.3, "new_since_2017": false, "street": "Az Zakhrafah 2 Street", "action": "" }, "geometry": { "type": "Polygon", "coordinates": [ [ [ 54.5138032, 24.3650064 ], [ 54.5140247, 24.3650175 ], [ 54.514039, 24.3647842 ], [ 54.5138072, 24.3647749 ], [ 54.5138032, 24.3650064 ] ] ] } },
{ "type": "Feature", "properties": { "id": "B-17222", "area_m2": 319.0, "surface_label": "Building / roof", "p_roof": 0.81, "dark_roof": true, "heat_zone": "elevated", "LST_C": 56.200001, "new_since_2017": false, "street": "Ar Raha 8 Street", "action": "" }, "geometry": { "type": "Polygon", "coordinates": [ [ [ 54.5157771, 24.3653686 ], [ 54.5158944, 24.3653713 ], [ 54.515901, 24.36513 ], [ 54.5157836, 24.3651274 ], [ 54.5157771, 24.3653686 ] ] ] } },
{ "type": "Feature", "properties": { "id": "B-17223", "area_m2": 924.0, "surface_label": "Building / roof", "p_roof": 0.81, "dark_roof": true, "heat_zone": "elevated", "LST_C": 56.5, "new_since_2017": false, "street": "Ar Raha 8 Street", "action": "" }, "geometry": { "type": "Polygon", "coordinates": [ [ [ 54.5156311, 24.3640167 ], [ 54.5159213, 24.3640312 ], [ 54.5159408, 24.3637507 ], [ 54.5156488, 24.3637346 ], [ 54.5156311, 24.3640167 ] ] ] } },
{ "type": "Feature", "properties": { "id": "B-17224", "area_m2": 292.0, "surface_label": "Building / roof", "p_roof": 0.74, "dark_roof": true, "heat_zone": "lower", "LST_C": 55.8, "new_since_2017": false, "street": "Ar Raha 8 Street", "action": "" }, "geometry": { "type": "Polygon", "coordinates": [ [ [ 54.5158983, 24.3623402 ], [ 54.5159992, 24.3623466 ], [ 54.5160116, 24.3621032 ], [ 54.5158983, 24.3621 ], [ 54.5158983, 24.3623402 ] ] ] } },
{ "type": "Feature", "properties": { "id": "B-17225", "area_m2": 557.0, "surface_label": "Building / roof", "p_roof": 0.97, "dark_roof": false, "heat_zone": "lower", "LST_C": 55.900002, "new_since_2017": false, "street": "Ar Raha 8 Street", "action": "" }, "geometry": { "type": "Polygon", "coordinates": [ [ [ 54.5150525, 24.3616663 ], [ 54.5150613, 24.3614713 ], [ 54.514803, 24.3614648 ], [ 54.5148012, 24.3616583 ], [ 54.5150525, 24.3616663 ] ] ] } },
{ "type": "Feature", "properties": { "id": "B-17233", "area_m2": 645.0, "surface_label": "Building / roof", "p_roof": 0.95, "dark_roof": false, "heat_zone": "lower", "LST_C": 55.8, "new_since_2017": false, "street": "Street 24", "action": "" }, "geometry": { "type": "Polygon", "coordinates": [ [ [ 54.5132671, 24.3506696 ], [ 54.5133771, 24.3506733 ], [ 54.513408, 24.3501674 ], [ 54.5132926, 24.3501601 ], [ 54.5132671, 24.3506696 ] ] ] } },
{ "type": "Feature", "properties": { "id": "B-17234", "area_m2": 645.0, "surface_label": "Building / roof", "p_roof": 0.92, "dark_roof": false, "heat_zone": "lower", "LST_C": 55.8, "new_since_2017": false, "street": "Street 24", "action": "" }, "geometry": { "type": "Polygon", "coordinates": [ [ [ 54.5139384, 24.350705 ], [ 54.5140483, 24.3507087 ], [ 54.5140792, 24.3502029 ], [ 54.5139639, 24.3501955 ], [ 54.5139384, 24.350705 ] ] ] } },
{ "type": "Feature", "properties": { "id": "B-17235", "area_m2": 645.0, "surface_label": "Building / roof", "p_roof": 0.97, "dark_roof": false, "heat_zone": "lower", "LST_C": 55.900002, "new_since_2017": false, "street": "Street 24", "action": "" }, "geometry": { "type": "Polygon", "coordinates": [ [ [ 54.5140926, 24.3506965 ], [ 54.5142026, 24.3507001 ], [ 54.5142334, 24.3501943 ], [ 54.5141181, 24.350187 ], [ 54.5140926, 24.3506965 ] ] ] } },
{ "type": "Feature", "properties": { "id": "B-17236", "area_m2": 645.0, "surface_label": "Building / roof", "p_roof": 0.88, "dark_roof": false, "heat_zone": "lower", "LST_C": 55.8, "new_since_2017": false, "street": "Street 24", "action": "" }, "geometry": { "type": "Polygon", "coordinates": [ [ [ 54.5130278, 24.3506598 ], [ 54.5131377, 24.3506635 ], [ 54.5131686, 24.3501577 ], [ 54.5130532, 24.3501503 ], [ 54.5130278, 24.3506598 ] ] ] } },
{ "type": "Feature", "properties": { "id": "B-17237", "area_m2": 593.0, "surface_label": "Building / roof", "p_roof": 0.68, "dark_roof": false, "heat_zone": "lower", "LST_C": 54.700001, "new_since_2017": false, "street": "Street 24", "action": "" }, "geometry": { "type": "Polygon", "coordinates": [ [ [ 54.5132678, 24.3501039 ], [ 54.5133818, 24.3501063 ], [ 54.5134019, 24.3496494 ], [ 54.5132866, 24.3496421 ], [ 54.5132678, 24.3501039 ] ] ] } },
{ "type": "Feature", "properties": { "id": "B-17238", "area_m2": 679.0, "surface_label": "Building / roof", "p_roof": 0.94, "dark_roof": false, "heat_zone": "lower", "LST_C": 55.0, "new_since_2017": false, "street": "Al Hayal Street", "action": "" }, "geometry": { "type": "Polygon", "coordinates": [ [ [ 54.5128653, 24.3500437 ], [ 54.5129933, 24.3500481 ], [ 54.5130126, 24.349577 ], [ 54.5128846, 24.3495726 ], [ 54.5128653, 24.3500437 ] ] ] } },
{ "type": "Feature", "properties": { "id": "B-17239", "area_m2": 813.0, "surface_label": "Building / roof", "p_roof": 0.94, "dark_roof": false, "heat_zone": "lower", "LST_C": 54.900002, "new_since_2017": false, "street": "Street 24", "action": "" }, "geometry": { "type": "Polygon", "coordinates": [ [ [ 54.5139351, 24.3501591 ], [ 54.5140883, 24.3501657 ], [ 54.5141126, 24.3496949 ], [ 54.5139594, 24.3496883 ], [ 54.5139351, 24.3501591 ] ] ] } },
{ "type": "Feature", "properties": { "id": "B-17240", "area_m2": 750.0, "surface_label": "Building / roof", "p_roof": 0.98, "dark_roof": false, "heat_zone": "lower", "LST_C": 54.700001, "new_since_2017": false, "street": "Al Hayal Street", "action": "" }, "geometry": { "type": "Polygon", "coordinates": [ [ [ 54.5130432, 24.3499512 ], [ 54.5132537, 24.3499671 ], [ 54.5132658, 24.3496506 ], [ 54.5130579, 24.3496323 ], [ 54.5130432, 24.3499512 ] ] ] } },
{ "type": "Feature", "properties": { "id": "B-17241", "area_m2": 665.0, "surface_label": "Bare soil / sand", "p_roof": 0.59, "dark_roof": false, "heat_zone": "lower", "LST_C": 55.200001, "new_since_2017": false, "street": "Al Hayal Street", "action": "" }, "geometry": { "type": "Polygon", "coordinates": [ [ [ 54.5142019, 24.3488002 ], [ 54.51455330000001, 24.3488149 ], [ 54.5145667, 24.3486475 ], [ 54.5142113, 24.3486341 ], [ 54.5142019, 24.3488002 ] ] ] } },
{ "type": "Feature", "properties": { "id": "B-17242", "area_m2": 1954.0, "surface_label": "Building / roof", "p_roof": 0.89, "dark_roof": false, "heat_zone": "lower", "LST_C": 55.599998, "new_since_2017": false, "street": "Ar Raha 8 Street", "action": "" }, "geometry": { "type": "Polygon", "coordinates": [ [ [ 54.5148376, 24.3489921 ], [ 54.5153378, 24.3490079 ], [ 54.5153593, 24.3486622 ], [ 54.5148564, 24.3486463 ], [ 54.5148376, 24.3489921 ] ] ] } },
{ "type": "Feature", "properties": { "id": "B-17243", "area_m2": 596.0, "surface_label": "Building / roof", "p_roof": 0.71, "dark_roof": false, "heat_zone": "lower", "LST_C": 54.599998, "new_since_2017": false, "street": "Street 24", "action": "" }, "geometry": { "type": "Polygon", "coordinates": [ [ [ 54.5143884, 24.349654 ], [ 54.5145028, 24.3496587 ], [ 54.5145258, 24.3491963 ], [ 54.5144114, 24.3491916 ], [ 54.5143884, 24.349654 ] ] ] } },
{ "type": "Feature", "properties": { "id": "B-17244", "area_m2": 596.0, "surface_label": "Building / roof", "p_roof": 0.63, "dark_roof": false, "heat_zone": "lower", "LST_C": 54.5, "new_since_2017": false, "street": "Street 24", "action": "" }, "geometry": { "type": "Polygon", "coordinates": [ [ [ 54.5141533, 24.3496424 ], [ 54.5142677, 24.3496471 ], [ 54.5142907, 24.3491847 ], [ 54.5141762, 24.34918 ], [ 54.5141533, 24.3496424 ] ] ] } },
{ "type": "Feature", "properties": { "id": "B-17245", "area_m2": 596.0, "surface_label": "Building / roof", "p_roof": 0.64, "dark_roof": false, "heat_zone": "lower", "LST_C": 54.400002, "new_since_2017": false, "street": "Street 24", "action": "" }, "geometry": { "type": "Polygon", "coordinates": [ [ [ 54.5139736, 24.3496424 ], [ 54.514088, 24.3496471 ], [ 54.514111, 24.349184699999988 ], [ 54.5139965, 24.34918 ], [ 54.5139736, 24.3496424 ] ] ] } },
{ "type": "Feature", "properties": { "id": "B-17246", "area_m2": 596.0, "surface_label": "Building / roof", "p_roof": 0.82, "dark_roof": false, "heat_zone": "lower", "LST_C": 54.3, "new_since_2017": false, "street": "Street 24", "action": "" }, "geometry": { "type": "Polygon", "coordinates": [ [ [ 54.5137269, 24.3496241 ], [ 54.5138412, 24.3496288 ], [ 54.5138642, 24.3491664 ], [ 54.5137498, 24.3491617 ], [ 54.5137269, 24.3496241 ] ] ] } },
{ "type": "Feature", "properties": { "id": "B-17247", "area_m2": 596.0, "surface_label": "Building / roof", "p_roof": 0.92, "dark_roof": false, "heat_zone": "lower", "LST_C": 54.700001, "new_since_2017": false, "street": "Street 24", "action": "" }, "geometry": { "type": "Polygon", "coordinates": [ [ [ 54.5137013, 24.3501274 ], [ 54.5138157, 24.3501322 ], [ 54.5138387, 24.3496698 ], [ 54.5137243, 24.3496651 ], [ 54.5137013, 24.3501274 ] ] ] } },
{ "type": "Feature", "properties": { "id": "B-17248", "area_m2": 719.0, "surface_label": "Building / roof", "p_roof": 0.64, "dark_roof": true, "heat_zone": "lower", "LST_C": 55.700001, "new_since_2017": false, "street": "Street 24", "action": "" }, "geometry": { "type": "Polygon", "coordinates": [ [ [ 54.5136839, 24.350681 ], [ 54.5138721, 24.3506857 ], [ 54.5138778, 24.3505603 ], [ 54.5138004, 24.3505547 ], [ 54.51382, 24.3502037 ], [ 54.5137055, 24.350199 ], [ 54.5136839, 24.350681 ] ] ] } },
{ "type": "Feature", "properties": { "id": "B-17249", "area_m2": 728.0, "surface_label": "Building / roof", "p_roof": 0.93, "dark_roof": false, "heat_zone": "elevated", "LST_C": 56.0, "new_since_2017": false, "street": "Street 24", "action": "" }, "geometry": { "type": "Polygon", "coordinates": [ [ [ 54.5142847, 24.3506956 ], [ 54.5144813, 24.3507012 ], [ 54.5144978, 24.3502267 ], [ 54.5143786, 24.3502233 ], [ 54.5143657, 24.3505933 ], [ 54.5142884, 24.3505911 ], [ 54.5142847, 24.3506956 ] ] ] } },
{ "type": "Feature", "properties": { "id": "B-17250", "area_m2": 596.0, "surface_label": "Building / roof", "p_roof": 0.74, "dark_roof": false, "heat_zone": "lower", "LST_C": 55.400002, "new_since_2017": false, "street": "Street 24", "action": "" }, "geometry": { "type": "Polygon", "coordinates": [ [ [ 54.5147783, 24.3501764 ], [ 54.5148926, 24.3501811 ], [ 54.5149157, 24.3497187 ], [ 54.5148012, 24.349714 ], [ 54.5147783, 24.3501764 ] ] ] } },
{ "type": "Feature", "properties": { "id": "B-17251", "area_m2": 596.0, "surface_label": "Building / roof", "p_roof": 0.99, "dark_roof": false, "heat_zone": "lower", "LST_C": 55.700001, "new_since_2017": false, "street": "Street 24", "action": "" }, "geometry": { "type": "Polygon", "coordinates": [ [ [ 54.5150304, 24.3501886 ], [ 54.5151448, 24.3501933 ], [ 54.5151678, 24.3497309 ], [ 54.5150533, 24.3497262 ], [ 54.5150304, 24.3501886 ] ] ] } },
{ "type": "Feature", "properties": { "id": "B-17252", "area_m2": 596.0, "surface_label": "Building / roof", "p_roof": 0.62, "dark_roof": false, "heat_zone": "elevated", "LST_C": 56.0, "new_since_2017": false, "street": "Street 24", "action": "" }, "geometry": { "type": "Polygon", "coordinates": [ [ [ 54.5154515, 24.3502069 ], [ 54.5155659, 24.3502116 ], [ 54.5155889, 24.3497492 ], [ 54.5154744, 24.3497445 ], [ 54.5154515, 24.3502069 ] ] ] } },
{ "type": "Feature", "properties": { "id": "B-17253", "area_m2": 1340.0, "surface_label": "Bare soil / sand", "p_roof": 0.07, "dark_roof": false, "heat_zone": "lower", "LST_C": 55.099998, "new_since_2017": false, "street": "Street 24", "action": "" }, "geometry": { "type": "Polygon", "coordinates": [ [ [ 54.5148979, 24.3495358 ], [ 54.5153982, 24.3495578 ], [ 54.5154102, 24.3493281 ], [ 54.5149113, 24.3492902 ], [ 54.5148979, 24.3495358 ] ] ] } },
{ "type": "Feature", "properties": { "id": "B-17312", "area_m2": 215.0, "surface_label": "Building / roof", "p_roof": 0.42, "dark_roof": true, "heat_zone": "lower", "LST_C": 55.599998, "new_since_2017": false, "street": "Al Hiraf 6 Street", "action": "" }, "geometry": { "type": "Polygon", "coordinates": [ [ [ 54.5068162, 24.366085 ], [ 54.506881, 24.366085 ], [ 54.5068948, 24.3657903 ], [ 54.5068286, 24.3657959 ], [ 54.5068162, 24.366085 ] ] ] } },
{ "type": "Feature", "properties": { "id": "B-17313", "area_m2": 784.0, "surface_label": "Building / roof", "p_roof": 0.84, "dark_roof": false, "heat_zone": "lower", "LST_C": 55.400002, "new_since_2017": false, "street": "Al Hiraf 4 Street", "action": "" }, "geometry": { "type": "Polygon", "coordinates": [ [ [ 54.5079717, 24.3657502 ], [ 54.5081649, 24.365755 ], [ 54.508181, 24.3653934 ], [ 54.5079932, 24.3653812 ], [ 54.5079717, 24.3657502 ] ] ] } },
{ "type": "Feature", "properties": { "id": "B-17314", "area_m2": 532.0, "surface_label": "Building / roof", "p_roof": 0.35, "dark_roof": true, "heat_zone": "lower", "LST_C": 55.8, "new_since_2017": false, "street": "Al Hiraf 2 Street", "action": "" }, "geometry": { "type": "Polygon", "coordinates": [ [ [ 54.5097635, 24.3662461 ], [ 54.5098949, 24.3662584 ], [ 54.5099029, 24.3658626 ], [ 54.509793, 24.3658601 ], [ 54.5097635, 24.3662461 ] ] ] } },
{ "type": "Feature", "properties": { "id": "B-17315", "area_m2": 1346.0, "surface_label": "Building / roof", "p_roof": 0.99, "dark_roof": false, "heat_zone": "elevated", "LST_C": 56.400002, "new_since_2017": false, "street": "Al Hiraf Street", "action": "" }, "geometry": { "type": "Polygon", "coordinates": [ [ [ 54.5092906, 24.368272 ], [ 54.5097224, 24.3682994 ], [ 54.5097401, 24.3678754 ], [ 54.5093207, 24.3678206 ], [ 54.5093172, 24.3679593 ], [ 54.5096233, 24.3679754 ], [ 54.5096038, 24.3681914 ], [ 54.5092924, 24.3681769 ], [ 54.5092906, 24.368272 ] ] ] } },
{ "type": "Feature", "properties": { "id": "B-17316", "area_m2": 435.0, "surface_label": "Building / roof", "p_roof": 0.78, "dark_roof": false, "heat_zone": "elevated", "LST_C": 56.099998, "new_since_2017": false, "street": "Al Hayal Street", "action": "" }, "geometry": { "type": "Polygon", "coordinates": [ [ [ 54.5106807, 24.3681341 ], [ 54.5107746, 24.3681365 ], [ 54.510788, 24.3677981 ], [ 54.5108175, 24.367803 ], [ 54.5108175, 24.3677383 ], [ 54.5106995, 24.367735799999988 ], [ 54.5106807, 24.3681341 ] ] ] } },
{ "type": "Feature", "properties": { "id": "B-17318", "area_m2": 1408.0, "surface_label": "Building / roof", "p_roof": 0.98, "dark_roof": false, "heat_zone": "lower", "LST_C": 55.900002, "new_since_2017": false, "street": "Al Hiraf Street", "action": "" }, "geometry": { "type": "Polygon", "coordinates": [ [ [ 54.5061394, 24.3681002 ], [ 54.5065366, 24.368116 ], [ 54.5065517, 24.3678015 ], [ 54.5061544, 24.3677857 ], [ 54.5061394, 24.3681002 ] ] ] } },
{ "type": "Feature", "properties": { "id": "B-17397", "area_m2": 1997.0, "surface_label": "Building / roof", "p_roof": 0.98, "dark_roof": false, "heat_zone": "lower", "LST_C": 56.0, "new_since_2017": true, "street": "Mohammed Bin Khalifa Al Kindi Street", "action": "" }, "geometry": { "type": "Polygon", "coordinates": [ [ [ 54.5195752, 24.3469095 ], [ 54.5195685, 24.3470693 ], [ 54.520678, 24.3471079 ], [ 54.5206847, 24.3469481 ], [ 54.5195752, 24.3469095 ] ] ] } },
{ "type": "Feature", "properties": { "id": "B-17420", "area_m2": 140.0, "surface_label": "Building / roof", "p_roof": 0.5, "dark_roof": true, "heat_zone": "lower", "LST_C": 55.700001, "new_since_2017": false, "street": "Al Marmoumiyah 3 Street", "action": "" }, "geometry": { "type": "Polygon", "coordinates": [ [ [ 54.5143679, 24.3714423 ], [ 54.5145767, 24.3714493 ], [ 54.5145759, 24.3713875 ], [ 54.5143687, 24.371384 ], [ 54.5143679, 24.3714423 ] ] ] } },
{ "type": "Feature", "properties": { "id": "B-17421", "area_m2": 280.0, "surface_label": "Building / roof", "p_roof": 0.77, "dark_roof": true, "heat_zone": "lower", "LST_C": 55.5, "new_since_2017": false, "street": "Al Marmoumiyah 3 Street", "action": "" }, "geometry": { "type": "Polygon", "coordinates": [ [ [ 54.5140359, 24.3713167 ], [ 54.5140336, 24.371424 ], [ 54.5142639, 24.3714324 ], [ 54.5142693, 24.3713251 ], [ 54.5140359, 24.3713167 ] ] ] } },
{ "type": "Feature", "properties": { "id": "B-17422", "area_m2": 274.0, "surface_label": "Building / roof", "p_roof": 0.82, "dark_roof": true, "heat_zone": "lower", "LST_C": 55.400002, "new_since_2017": false, "street": "Al Marmoumiyah 3 Street", "action": "" }, "geometry": { "type": "Polygon", "coordinates": [ [ [ 54.5137509, 24.371297 ], [ 54.5137475, 24.3714023 ], [ 54.5139735, 24.3714163 ], [ 54.5139836, 24.3713097 ], [ 54.5137509, 24.371297 ] ] ] } },
{ "type": "Feature", "properties": { "id": "B-17423", "area_m2": 253.0, "surface_label": "Building / roof", "p_roof": 0.86, "dark_roof": false, "heat_zone": "lower", "LST_C": 55.3, "new_since_2017": false, "street": "Al Marmoumiyah 3 Street", "action": "" }, "geometry": { "type": "Polygon", "coordinates": [ [ [ 54.5134467, 24.3712956 ], [ 54.5134428, 24.3713882 ], [ 54.5136893, 24.3713988 ], [ 54.5136862, 24.3713061 ], [ 54.5134467, 24.3712956 ] ] ] } },
{ "type": "Feature", "properties": { "id": "B-17424", "area_m2": 267.0, "surface_label": "Road / dark pavement", "p_roof": 0.37, "dark_roof": true, "heat_zone": "lower", "LST_C": 55.3, "new_since_2017": false, "street": "Al Marmoumiyah 3 Street", "action": "" }, "geometry": { "type": "Polygon", "coordinates": [ [ [ 54.5128557, 24.3712576 ], [ 54.5128504, 24.3713664 ], [ 54.5130645, 24.3713801 ], [ 54.5130725, 24.3712697 ], [ 54.5128557, 24.3712576 ] ] ] } },
{ "type": "Feature", "properties": { "id": "B-17425", "area_m2": 780.0, "surface_label": "Building / roof", "p_roof": 0.72, "dark_roof": false, "heat_zone": "lower", "LST_C": 54.700001, "new_since_2017": false, "street": "Abu Al Hinna-a 1 Street", "action": "" }, "geometry": { "type": "Polygon", "coordinates": [ [ [ 54.508408, 24.3719631 ], [ 54.5090061, 24.3719978 ], [ 54.5090142, 24.3718823 ], [ 54.5084161, 24.3718475 ], [ 54.508408, 24.3719631 ] ] ] } },
{ "type": "Feature", "properties": { "id": "B-17426", "area_m2": 674.0, "surface_label": "Bare soil / sand", "p_roof": 0.4, "dark_roof": true, "heat_zone": "lower", "LST_C": 54.900002, "new_since_2017": false, "street": "Abu Al Hinna-a 4 Street", "action": "" }, "geometry": { "type": "Polygon", "coordinates": [ [ [ 54.5080682, 24.3715615 ], [ 54.5080558, 24.3718309 ], [ 54.5077584, 24.3718196 ], [ 54.5077541, 24.3719119 ], [ 54.508141, 24.3719267 ], [ 54.5081576, 24.3715649 ], [ 54.5080682, 24.3715615 ] ] ] } },
{ "type": "Feature", "properties": { "id": "B-17427", "area_m2": 629.0, "surface_label": "Building / roof", "p_roof": 0.84, "dark_roof": false, "heat_zone": "lower", "LST_C": 55.0, "new_since_2017": false, "street": "Abu Al Hinna-a 4 Street", "action": "" }, "geometry": { "type": "Polygon", "coordinates": [ [ [ 54.5080721, 24.3715056 ], [ 54.5081591, 24.3715084 ], [ 54.5081729, 24.3711475 ], [ 54.5077758, 24.3711349 ], [ 54.5077728, 24.3712137 ], [ 54.5079007, 24.3712178 ], [ 54.5080829, 24.3712236 ], [ 54.5080753, 24.3714207 ], [ 54.5080721, 24.3715056 ] ] ] } },
{ "type": "Feature", "properties": { "id": "B-17435", "area_m2": 252.0, "surface_label": "Building / roof", "p_roof": 0.69, "dark_roof": false, "heat_zone": "elevated", "LST_C": 56.5, "new_since_2017": false, "street": "Al Hiraf Street", "action": "" }, "geometry": { "type": "Polygon", "coordinates": [ [ [ 54.5126827, 24.3692502 ], [ 54.512678, 24.3693625 ], [ 54.5128814, 24.3693695 ], [ 54.5128876, 24.3692628 ], [ 54.5126827, 24.3692502 ] ] ] } },
{ "type": "Feature", "properties": { "id": "B-17436", "area_m2": 237.0, "surface_label": "Bare soil / sand", "p_roof": 0.44, "dark_roof": true, "heat_zone": "elevated", "LST_C": 56.599998, "new_since_2017": false, "street": "Al Hiraf Street", "action": "" }, "geometry": { "type": "Polygon", "coordinates": [ [ [ 54.5129862, 24.3692642 ], [ 54.5129769, 24.3693625 ], [ 54.5131849, 24.3693737 ], [ 54.5131957, 24.3692712 ], [ 54.5129862, 24.3692642 ] ] ] } },
{ "type": "Feature", "properties": { "id": "B-17437", "area_m2": 251.0, "surface_label": "Building / roof", "p_roof": 0.55, "dark_roof": true, "heat_zone": "elevated", "LST_C": 56.700001, "new_since_2017": false, "street": "Al Hiraf Street", "action": "" }, "geometry": { "type": "Polygon", "coordinates": [ [ [ 54.5138766, 24.3693063 ], [ 54.5138704, 24.3694074 ], [ 54.5140969, 24.3694144 ], [ 54.5140969, 24.3693162 ], [ 54.5138766, 24.3693063 ] ] ] } },
{ "type": "Feature", "properties": { "id": "B-17439", "area_m2": 252.0, "surface_label": "Building / roof", "p_roof": 0.53, "dark_roof": true, "heat_zone": "elevated", "LST_C": 56.5, "new_since_2017": false, "street": "Al Hiraf Street", "action": "" }, "geometry": { "type": "Polygon", "coordinates": [ [ [ 54.5136366, 24.3682968 ], [ 54.5138439, 24.368308 ], [ 54.513848, 24.3681996 ], [ 54.5136406, 24.3681895 ], [ 54.5136366, 24.3682968 ] ] ] } },
{ "type": "Feature", "properties": { "id": "B-17440", "area_m2": 1408.0, "surface_label": "Building / roof", "p_roof": 0.98, "dark_roof": false, "heat_zone": "lower", "LST_C": 56.0, "new_since_2017": false, "street": "Al Hiraf Street", "action": "" }, "geometry": { "type": "Polygon", "coordinates": [ [ [ 54.5065969, 24.3681254 ], [ 54.5069941, 24.3681411 ], [ 54.5070092, 24.3678267 ], [ 54.5066119, 24.3678109 ], [ 54.5065969, 24.3681254 ] ] ] } },
{ "type": "Feature", "properties": { "id": "B-17459", "area_m2": 421.0, "surface_label": "Building / roof", "p_roof": 0.85, "dark_roof": false, "heat_zone": "lower", "LST_C": 55.200001, "new_since_2017": false, "street": "Abu Al Hinna-a 3 Street", "action": "" }, "geometry": { "type": "Polygon", "coordinates": [ [ [ 54.5064707, 24.3705584 ], [ 54.5068339, 24.3705719 ], [ 54.5068385, 24.3704691 ], [ 54.5064753, 24.3704556 ], [ 54.5064707, 24.3705584 ] ] ] } },
{ "type": "Feature", "properties": { "id": "B-17460", "area_m2": 888.0, "surface_label": "Building / roof", "p_roof": 0.9, "dark_roof": false, "heat_zone": "lower", "LST_C": 55.099998, "new_since_2017": false, "street": "Abu Al Hinna-a 3 Street", "action": "" }, "geometry": { "type": "Polygon", "coordinates": [ [ [ 54.5064619, 24.3701658 ], [ 54.5064543, 24.37044 ], [ 54.5066664, 24.3704449 ], [ 54.5066712, 24.3702705 ], [ 54.5068794, 24.3702752 ], [ 54.5068822, 24.3701754 ], [ 54.5064619, 24.3701658 ] ] ] } },
{ "type": "Feature", "properties": { "id": "B-17461", "area_m2": 571.0, "surface_label": "Road / dark pavement", "p_roof": 0.35, "dark_roof": true, "heat_zone": "lower", "LST_C": 55.5, "new_since_2017": false, "street": "Abu Al Hinna-a 7 Street", "action": "" }, "geometry": { "type": "Polygon", "coordinates": [ [ [ 54.5069364, 24.3698402 ], [ 54.5072938, 24.3698547 ], [ 54.5072956, 24.3697121 ], [ 54.5069426, 24.3696975 ], [ 54.5069364, 24.3698402 ] ] ] } },
{ "type": "Feature", "properties": { "id": "B-17462", "area_m2": 724.0, "surface_label": "Bare soil / sand", "p_roof": 0.56, "dark_roof": false, "heat_zone": "lower", "LST_C": 55.400002, "new_since_2017": false, "street": "Abu Al Hinna-a 7 Street", "action": "" }, "geometry": { "type": "Polygon", "coordinates": [ [ [ 54.5069656, 24.3698789 ], [ 54.5069541, 24.370086 ], [ 54.507262, 24.3700973 ], [ 54.5072761, 24.3698886 ], [ 54.5069656, 24.3698789 ] ] ] } },
{ "type": "Feature", "properties": { "id": "B-17463", "area_m2": 483.0, "surface_label": "Building / roof", "p_roof": 0.74, "dark_roof": false, "heat_zone": "lower", "LST_C": 55.5, "new_since_2017": false, "street": "Abu Al Hinna-a 7 Street", "action": "" }, "geometry": { "type": "Polygon", "coordinates": [ [ [ 54.5077601, 24.369737 ], [ 54.5073876, 24.3697112 ], [ 54.5073814, 24.3698281 ], [ 54.5077504, 24.3698507 ], [ 54.5077601, 24.369737 ] ] ] } },
{ "type": "Feature", "properties": { "id": "B-17464", "area_m2": 381.0, "surface_label": "Building / roof", "p_roof": 0.63, "dark_roof": false, "heat_zone": "lower", "LST_C": 55.900002, "new_since_2017": false, "street": "Abu Al Hinna-a 4 Street", "action": "" }, "geometry": { "type": "Polygon", "coordinates": [ [ [ 54.5081477, 24.3697588 ], [ 54.5081317, 24.3700909 ], [ 54.5082335, 24.3700933 ], [ 54.5082503, 24.3697628 ], [ 54.5081477, 24.3697588 ] ] ] } },
{ "type": "Feature", "properties": { "id": "B-17465", "area_m2": 686.0, "surface_label": "Bare soil / sand", "p_roof": 0.26, "dark_roof": true, "heat_zone": "lower", "LST_C": 55.700001, "new_since_2017": false, "street": "Abu Al Hinna-a 4 Street", "action": "" }, "geometry": { "type": "Polygon", "coordinates": [ [ [ 54.5084813, 24.3702643 ], [ 54.5084749, 24.3703648 ], [ 54.5090797, 24.3703966 ], [ 54.5090861, 24.3702962 ], [ 54.5084813, 24.3702643 ] ] ] } },
{ "type": "Feature", "properties": { "id": "B-17466", "area_m2": 1543.0, "surface_label": "Building / roof", "p_roof": 0.77, "dark_roof": false, "heat_zone": "lower", "LST_C": 55.5, "new_since_2017": false, "street": "Abu Al Hinna-a 4 Street", "action": "" }, "geometry": { "type": "Polygon", "coordinates": [ [ [ 54.5084774, 24.370412 ], [ 54.5084638, 24.3706389 ], [ 54.5090669, 24.370669 ], [ 54.5090805, 24.3704422 ], [ 54.5084774, 24.370412 ] ] ] } },
{ "type": "Feature", "properties": { "id": "B-17467", "area_m2": 497.0, "surface_label": "Building / roof", "p_roof": 0.76, "dark_roof": false, "heat_zone": "lower", "LST_C": 55.0, "new_since_2017": false, "street": "Abu Al Hinna-a 4 Street", "action": "" }, "geometry": { "type": "Polygon", "coordinates": [ [ [ 54.508457, 24.3707269 ], [ 54.5084348, 24.3710853 ], [ 54.5085621, 24.3710885 ], [ 54.5085761, 24.3707311 ], [ 54.508457, 24.3707269 ] ] ] } },
{ "type": "Feature", "properties": { "id": "B-17471", "area_m2": 349.0, "surface_label": "Building / roof", "p_roof": 0.62, "dark_roof": true, "heat_zone": "elevated", "LST_C": 56.0, "new_since_2017": false, "street": "Al Mazj 4 Street", "action": "" }, "geometry": { "type": "Polygon", "coordinates": [ [ [ 54.5117665, 24.3682371 ], [ 54.5118928, 24.3682428 ], [ 54.5119061, 24.3679977 ], [ 54.5117798, 24.3679921 ], [ 54.5117665, 24.3682371 ] ] ] } },
{ "type": "Feature", "properties": { "id": "B-17472", "area_m2": 780.0, "surface_label": "Building / roof", "p_roof": 0.68, "dark_roof": true, "heat_zone": "lower", "LST_C": 55.8, "new_since_2017": false, "street": "Al Mazj 4 Street", "action": "" }, "geometry": { "type": "Polygon", "coordinates": [ [ [ 54.5118035, 24.3676672 ], [ 54.5120744, 24.3676799 ], [ 54.5120907, 24.3674289 ], [ 54.5118128, 24.367414 ], [ 54.5118035, 24.3676672 ] ] ] } },
{ "type": "Feature", "properties": { "id": "B-17473", "area_m2": 780.0, "surface_label": "Building / roof", "p_roof": 0.94, "dark_roof": false, "heat_zone": "lower", "LST_C": 55.8, "new_since_2017": false, "street": "Al Mazj 4 Street", "action": "" }, "geometry": { "type": "Polygon", "coordinates": [ [ [ 54.5118128, 24.3673939 ], [ 54.5120837, 24.3674066 ], [ 54.5121, 24.3671556 ], [ 54.51182210000001, 24.3671407 ], [ 54.5118128, 24.3673939 ] ] ] } },
{ "type": "Feature", "properties": { "id": "B-17474", "area_m2": 780.0, "surface_label": "Building / roof", "p_roof": 0.81, "dark_roof": false, "heat_zone": "lower", "LST_C": 56.0, "new_since_2017": false, "street": "Al Mazj 4 Street", "action": "" }, "geometry": { "type": "Polygon", "coordinates": [ [ [ 54.5118163, 24.367128 ], [ 54.5120872, 24.3671407 ], [ 54.5121035, 24.3668897 ], [ 54.5118256, 24.3668748 ], [ 54.5118163, 24.367128 ] ] ] } },
{ "type": "Feature", "properties": { "id": "B-17475", "area_m2": 780.0, "surface_label": "Building / roof", "p_roof": 0.47, "dark_roof": true, "heat_zone": "elevated", "LST_C": 56.099998, "new_since_2017": false, "street": "Al Mazj 4 Street", "action": "" }, "geometry": { "type": "Polygon", "coordinates": [ [ [ 54.5118268, 24.366842 ], [ 54.5120977, 24.3668547 ], [ 54.512114, 24.3666037 ], [ 54.5118361, 24.3665888 ], [ 54.5118268, 24.366842 ] ] ] } },
{ "type": "Feature", "properties": { "id": "B-17476", "area_m2": 780.0, "surface_label": "Building / roof", "p_roof": 0.59, "dark_roof": false, "heat_zone": "elevated", "LST_C": 56.099998, "new_since_2017": false, "street": "Al Mazj 4 Street", "action": "" }, "geometry": { "type": "Polygon", "coordinates": [ [ [ 54.5118467, 24.3665559 ], [ 54.5121176, 24.3665686 ], [ 54.5121339, 24.3663176 ], [ 54.511856, 24.3663027 ], [ 54.5118467, 24.3665559 ] ] ] } },
{ "type": "Feature", "properties": { "id": "B-17477", "area_m2": 780.0, "surface_label": "Building / roof", "p_roof": 0.47, "dark_roof": false, "heat_zone": "lower", "LST_C": 55.900002, "new_since_2017": false, "street": "Al Mazj 4 Street", "action": "" }, "geometry": { "type": "Polygon", "coordinates": [ [ [ 54.5118653, 24.3662953 ], [ 54.5121362, 24.366308 ], [ 54.5121525, 24.366057 ], [ 54.5118746, 24.3660421 ], [ 54.5118653, 24.3662953 ] ] ] } },
{ "type": "Feature", "properties": { "id": "B-17478", "area_m2": 631.0, "surface_label": "Building / roof", "p_roof": 0.64, "dark_roof": false, "heat_zone": "lower", "LST_C": 55.599998, "new_since_2017": false, "street": "Al Mazj 4 Street", "action": "" }, "geometry": { "type": "Polygon", "coordinates": [ [ [ 54.5118763, 24.3654664 ], [ 54.5120995, 24.3654758 ], [ 54.5121124, 24.365225 ], [ 54.5118892, 24.3652155 ], [ 54.5118763, 24.3654664 ] ] ] } },
{ "type": "Feature", "properties": { "id": "B-17479", "area_m2": 780.0, "surface_label": "Building / roof", "p_roof": 0.69, "dark_roof": true, "heat_zone": "lower", "LST_C": 55.900002, "new_since_2017": false, "street": "Al Mazj 4 Street", "action": "" }, "geometry": { "type": "Polygon", "coordinates": [ [ [ 54.5119436, 24.3649106 ], [ 54.5122145, 24.3649233 ], [ 54.5122308, 24.3646723 ], [ 54.5119529, 24.3646574 ], [ 54.5119436, 24.3649106 ] ] ] } },
{ "type": "Feature", "properties": { "id": "B-17480", "area_m2": 780.0, "surface_label": "Building / roof", "p_roof": 0.87, "dark_roof": false, "heat_zone": "lower", "LST_C": 55.700001, "new_since_2017": false, "street": "Al Mazj 4 Street", "action": "" }, "geometry": { "type": "Polygon", "coordinates": [ [ [ 54.5119167, 24.3651903 ], [ 54.5121876, 24.365203 ], [ 54.5122039, 24.364952 ], [ 54.511926, 24.3649371 ], [ 54.5119167, 24.3651903 ] ] ] } },
{ "type": "Feature", "properties": { "id": "B-17717", "area_m2": 640.0, "surface_label": "Building / roof", "p_roof": 0.99, "dark_roof": false, "heat_zone": "lower", "LST_C": 55.0, "new_since_2017": false, "street": "Abu Al Hinna-a 3 Street", "action": "" }, "geometry": { "type": "Polygon", "coordinates": [ [ [ 54.5060181, 24.370538 ], [ 54.5063794, 24.3705537 ], [ 54.5063876, 24.3703966 ], [ 54.5060263, 24.3703809 ], [ 54.5060181, 24.370538 ] ] ] } },
{ "type": "Feature", "properties": { "id": "B-17718", "area_m2": 645.0, "surface_label": "Building / roof", "p_roof": 0.99, "dark_roof": false, "heat_zone": "lower", "LST_C": 55.0, "new_since_2017": false, "street": "Abu Al Hinna-a 3 Street", "action": "" }, "geometry": { "type": "Polygon", "coordinates": [ [ [ 54.5060111, 24.3703482 ], [ 54.5063075, 24.3703611 ], [ 54.5063176, 24.370168 ], [ 54.5060212, 24.3701552 ], [ 54.5060111, 24.3703482 ] ] ] } },
{ "type": "Feature", "properties": { "id": "B-17719", "area_m2": 1403.0, "surface_label": "Building / roof", "p_roof": 0.96, "dark_roof": false, "heat_zone": "lower", "LST_C": 55.3, "new_since_2017": false, "street": "Abu Al Hinna-a 3 Street", "action": "" }, "geometry": { "type": "Polygon", "coordinates": [ [ [ 54.5073632, 24.3711112 ], [ 54.5073458, 24.3714856 ], [ 54.5076785, 24.3714984 ], [ 54.5076959, 24.3711241 ], [ 54.5073632, 24.3711112 ] ] ] } },
{ "type": "Feature", "properties": { "id": "B-17720", "area_m2": 449.0, "surface_label": "Building / roof", "p_roof": 0.34, "dark_roof": false, "heat_zone": "lower", "LST_C": 55.5, "new_since_2017": false, "street": "Abu Al Hinna-a 3 Street", "action": "" }, "geometry": { "type": "Polygon", "coordinates": [ [ [ 54.5069079, 24.3710655 ], [ 54.5069021, 24.3711816 ], [ 54.5072452, 24.3711958 ], [ 54.507251, 24.3710797 ], [ 54.5069079, 24.3710655 ] ] ] } },
{ "type": "Feature", "properties": { "id": "B-17721", "area_m2": 201.0, "surface_label": "Building / roof", "p_roof": 0.61, "dark_roof": false, "heat_zone": "lower", "LST_C": 55.5, "new_since_2017": false, "street": "Abu Al Hinna-a 3 Street", "action": "" }, "geometry": { "type": "Polygon", "coordinates": [ [ [ 54.5066994, 24.3711825 ], [ 54.5068535, 24.371192 ], [ 54.5068621, 24.3710765 ], [ 54.506708, 24.371067 ], [ 54.5066994, 24.3711825 ] ] ] } },
{ "type": "Feature", "properties": { "id": "B-17722", "area_m2": 640.0, "surface_label": "Bare soil / sand", "p_roof": 0.42, "dark_roof": false, "heat_zone": "lower", "LST_C": 55.5, "new_since_2017": false, "street": "Abu Al Hinna-a 3 Street", "action": "" }, "geometry": { "type": "Polygon", "coordinates": [ [ [ 54.5068976, 24.3713709 ], [ 54.5072433, 24.3713843 ], [ 54.507251, 24.37122 ], [ 54.5069052, 24.3712067 ], [ 54.5068976, 24.3713709 ] ] ] } },
{ "type": "Feature", "properties": { "id": "B-17723", "area_m2": 209.0, "surface_label": "Building / roof", "p_roof": 0.72, "dark_roof": false, "heat_zone": "lower", "LST_C": 55.599998, "new_since_2017": false, "street": "Abu Al Hinna-a 3 Street", "action": "" }, "geometry": { "type": "Polygon", "coordinates": [ [ [ 54.5078046, 24.3705371 ], [ 54.5080028, 24.370542 ], [ 54.5080063, 24.3704477 ], [ 54.5078099, 24.3704428 ], [ 54.5078046, 24.3705371 ] ] ] } },
{ "type": "Feature", "properties": { "id": "B-17724", "area_m2": 640.0, "surface_label": "Building / roof", "p_roof": 1.0, "dark_roof": false, "heat_zone": "lower", "LST_C": 55.5, "new_since_2017": false, "street": "Abu Al Hinna-a 7 Street", "action": "" }, "geometry": { "type": "Polygon", "coordinates": [ [ [ 54.5060527, 24.3697174 ], [ 54.5060472, 24.3698719 ], [ 54.5064153, 24.3698828 ], [ 54.5064208, 24.3697283 ], [ 54.5060527, 24.3697174 ] ] ] } },
{ "type": "Feature", "properties": { "id": "B-17777", "area_m2": 690.0, "surface_label": "Building / roof", "p_roof": 0.93, "dark_roof": false, "heat_zone": "lower", "LST_C": 55.5, "new_since_2017": false, "street": "Ad Diman 6 Street", "action": "" }, "geometry": { "type": "Polygon", "coordinates": [ [ [ 54.518858, 24.3485763 ], [ 54.5182661, 24.3485535 ], [ 54.5182613, 24.3486569 ], [ 54.5188532, 24.3486797 ], [ 54.518858, 24.3485763 ] ] ] } },
{ "type": "Feature", "properties": { "id": "B-17778", "area_m2": 506.0, "surface_label": "Building / roof", "p_roof": 0.61, "dark_roof": true, "heat_zone": "lower", "LST_C": 55.599998, "new_since_2017": false, "street": "Ad Diman 6 Street", "action": "" }, "geometry": { "type": "Polygon", "coordinates": [ [ [ 54.5187548, 24.3481596 ], [ 54.5187377, 24.3485288 ], [ 54.5188594, 24.3485335 ], [ 54.5188765, 24.3481643 ], [ 54.5187548, 24.3481596 ] ] ] } },
{ "type": "Feature", "properties": { "id": "B-17779", "area_m2": 1359.0, "surface_label": "Building / roof", "p_roof": 0.99, "dark_roof": false, "heat_zone": "lower", "LST_C": 55.599998, "new_since_2017": false, "street": "Ad Diman 6 Street", "action": "" }, "geometry": { "type": "Polygon", "coordinates": [ [ [ 54.5182827, 24.3485152 ], [ 54.5185961, 24.3485272 ], [ 54.518614, 24.3481425 ], [ 54.518300600000011, 24.3481305 ], [ 54.5182827, 24.3485152 ] ] ] } },
{ "type": "Feature", "properties": { "id": "B-17788", "area_m2": 574.0, "surface_label": "Building / roof", "p_roof": 0.98, "dark_roof": false, "heat_zone": "elevated", "LST_C": 56.200001, "new_since_2017": false, "street": "Mohammed Bin Khalifa Al Kindi Street", "action": "" }, "geometry": { "type": "Polygon", "coordinates": [ [ [ 54.5211091, 24.3473615 ], [ 54.5213263, 24.3473646 ], [ 54.5213304, 24.3471299 ], [ 54.5211131, 24.3471268 ], [ 54.5211091, 24.3473615 ] ] ] } },
{ "type": "Feature", "properties": { "id": "B-17789", "area_m2": 574.0, "surface_label": "Building / roof", "p_roof": 0.97, "dark_roof": false, "heat_zone": "elevated", "LST_C": 56.200001, "new_since_2017": false, "street": "Mohammed Bin Khalifa Al Kindi Street", "action": "" }, "geometry": { "type": "Polygon", "coordinates": [ [ [ 54.5207906, 24.3473459 ], [ 54.5210078, 24.347349 ], [ 54.5210118, 24.3471143 ], [ 54.5207946, 24.3471112 ], [ 54.5207906, 24.3473459 ] ] ] } },
{ "type": "Feature", "properties": { "id": "B-17790", "area_m2": 1987.0, "surface_label": "Building / roof", "p_roof": 0.99, "dark_roof": false, "heat_zone": "elevated", "LST_C": 56.0, "new_since_2017": false, "street": "Mohammed Bin Khalifa Al Kindi Street", "action": "" }, "geometry": { "type": "Polygon", "coordinates": [ [ [ 54.5204258, 24.3477393 ], [ 54.5204173, 24.3480523 ], [ 54.5209813, 24.348065 ], [ 54.5209898, 24.347752 ], [ 54.5204258, 24.3477393 ] ] ] } },
{ "type": "Feature", "properties": { "id": "B-17791", "area_m2": 551.0, "surface_label": "Building / roof", "p_roof": 0.72, "dark_roof": false, "heat_zone": "lower", "LST_C": 55.700001, "new_since_2017": false, "street": "Ad Diman 6 Street", "action": "" }, "geometry": { "type": "Polygon", "coordinates": [ [ [ 54.5203426, 24.3476025 ], [ 54.5198486, 24.3475914 ], [ 54.5198459, 24.3476905 ], [ 54.52034, 24.3477016 ], [ 54.5203426, 24.3476025 ] ] ] } },
{ "type": "Feature", "properties": { "id": "B-17792", "area_m2": 2000.0, "surface_label": "Building / roof", "p_roof": 0.95, "dark_roof": false, "heat_zone": "lower", "LST_C": 55.599998, "new_since_2017": false, "street": "Ad Diman 6 Street", "action": "" }, "geometry": { "type": "Polygon", "coordinates": [ [ [ 54.5198438, 24.3480912 ], [ 54.5203267, 24.348102 ], [ 54.5203366, 24.3477341 ], [ 54.5198537, 24.3477232 ], [ 54.5198438, 24.3480912 ] ] ] } },
{ "type": "Feature", "properties": { "id": "B-17793", "area_m2": 1158.0, "surface_label": "Building / roof", "p_roof": 0.93, "dark_roof": false, "heat_zone": "lower", "LST_C": 55.5, "new_since_2017": false, "street": "Ad Diman 6 Street", "action": "" }, "geometry": { "type": "Polygon", "coordinates": [ [ [ 54.5200154, 24.3481633 ], [ 54.5198074, 24.3481586 ], [ 54.5197941, 24.3486533 ], [ 54.5200021, 24.348658 ], [ 54.5200154, 24.3481633 ] ] ] } },
{ "type": "Feature", "properties": { "id": "B-17794", "area_m2": 1081.0, "surface_label": "Building / roof", "p_roof": 0.96, "dark_roof": false, "heat_zone": "lower", "LST_C": 55.5, "new_since_2017": false, "street": "Ad Diman 6 Street", "action": "" }, "geometry": { "type": "Polygon", "coordinates": [ [ [ 54.5203534, 24.3481755 ], [ 54.5201506, 24.348171 ], [ 54.5201378, 24.3486447 ], [ 54.5203406, 24.3486492 ], [ 54.5203534, 24.3481755 ] ] ] } },
{ "type": "Feature", "properties": { "id": "B-17795", "area_m2": 602.0, "surface_label": "Building / roof", "p_roof": 0.71, "dark_roof": false, "heat_zone": "elevated", "LST_C": 56.0, "new_since_2017": false, "street": "Mohammed Bin Khalifa Al Kindi Street", "action": "" }, "geometry": { "type": "Polygon", "coordinates": [ [ [ 54.5214893, 24.3486374 ], [ 54.5210022, 24.3486264 ], [ 54.5209992, 24.3487363 ], [ 54.5214863, 24.3487472 ], [ 54.5214893, 24.3486374 ] ] ] } },
{ "type": "Feature", "properties": { "id": "B-17796", "area_m2": 1342.0, "surface_label": "Building / roof", "p_roof": 0.97, "dark_roof": false, "heat_zone": "elevated", "LST_C": 56.0, "new_since_2017": false, "street": "Mohammed Bin Khalifa Al Kindi Street", "action": "" }, "geometry": { "type": "Polygon", "coordinates": [ [ [ 54.5210373, 24.3483417 ], [ 54.5210302, 24.3486041 ], [ 54.5214847, 24.3486143 ], [ 54.5214918, 24.3483519 ], [ 54.5210373, 24.3483417 ] ] ] } },
{ "type": "Feature", "properties": { "id": "B-17797", "area_m2": 518.0, "surface_label": "Bare soil / sand", "p_roof": 0.5, "dark_roof": false, "heat_zone": "elevated", "LST_C": 56.099998, "new_since_2017": false, "street": "Mohammed Bin Khalifa Al Kindi Street", "action": "" }, "geometry": { "type": "Polygon", "coordinates": [ [ [ 54.5209998, 24.3482036 ], [ 54.5209956, 24.3483081 ], [ 54.5214355, 24.3483227 ], [ 54.5214397, 24.3482183 ], [ 54.5209998, 24.3482036 ] ] ] } },
{ "type": "Feature", "properties": { "id": "B-17798", "area_m2": 1163.0, "surface_label": "Building / roof", "p_roof": 0.49, "dark_roof": false, "heat_zone": "lower", "LST_C": 55.700001, "new_since_2017": false, "street": "Ad Diman 6 Street", "action": "" }, "geometry": { "type": "Polygon", "coordinates": [ [ [ 54.5205171, 24.3482303 ], [ 54.5203908, 24.3482257 ], [ 54.5203689, 24.3487292 ], [ 54.5208633, 24.348747 ], [ 54.5208689, 24.3487472 ], [ 54.5208726, 24.3486406 ], [ 54.520867, 24.3486404 ], [ 54.5204991, 24.3486272 ], [ 54.5205171, 24.3482303 ] ] ] } },
{ "type": "Feature", "properties": { "id": "B-17799", "area_m2": 1601.0, "surface_label": "Building / roof", "p_roof": 0.79, "dark_roof": false, "heat_zone": "lower", "LST_C": 55.8, "new_since_2017": false, "street": "Ad Diman 6 Street", "action": "" }, "geometry": { "type": "Polygon", "coordinates": [ [ [ 54.5209408, 24.3482085 ], [ 54.5205742, 24.3481831 ], [ 54.520542, 24.3485692 ], [ 54.5209086, 24.3485946 ], [ 54.5209408, 24.3482085 ] ] ] } },
{ "type": "Feature", "properties": { "id": "B-17800", "area_m2": 1293.0, "surface_label": "Building / roof", "p_roof": 0.84, "dark_roof": false, "heat_zone": "lower", "LST_C": 55.8, "new_since_2017": false, "street": "Ad Diman 6 Street", "action": "" }, "geometry": { "type": "Polygon", "coordinates": [ [ [ 54.5197175, 24.3476063 ], [ 54.5191671, 24.3475862 ], [ 54.5191448, 24.3480927 ], [ 54.5192721, 24.3480974 ], [ 54.5192891, 24.3477097 ], [ 54.5197123, 24.3477252 ], [ 54.5197175, 24.3476063 ] ] ] } },
{ "type": "Feature", "properties": { "id": "B-17801", "area_m2": 923.0, "surface_label": "Building / roof", "p_roof": 0.99, "dark_roof": false, "heat_zone": "lower", "LST_C": 55.8, "new_since_2017": false, "street": "Ad Diman 8 Street", "action": "" }, "geometry": { "type": "Polygon", "coordinates": [ [ [ 54.5178535, 24.3469195 ], [ 54.517848, 24.3471247 ], [ 54.5182477, 24.3471336 ], [ 54.5182532, 24.3469284 ], [ 54.5178535, 24.3469195 ] ] ] } },
{ "type": "Feature", "properties": { "id": "B-17802", "area_m2": 349.0, "surface_label": "Building / roof", "p_roof": 0.9, "dark_roof": false, "heat_zone": "lower", "LST_C": 55.8, "new_since_2017": false, "street": "Mohammed Bin Khalifa Al Kindi Street", "action": "" }, "geometry": { "type": "Polygon", "coordinates": [ [ [ 54.5184798, 24.3468832 ], [ 54.5183574, 24.3468796 ], [ 54.5183484, 24.3471326 ], [ 54.5184709, 24.3471362 ], [ 54.518474, 24.3470498 ], [ 54.5184798, 24.3468832 ] ] ] } },
{ "type": "Feature", "properties": { "id": "B-17803", "area_m2": 818.0, "surface_label": "Building / roof", "p_roof": 0.99, "dark_roof": false, "heat_zone": "lower", "LST_C": 55.900002, "new_since_2017": false, "street": "Ad Diman 6 Street", "action": "" }, "geometry": { "type": "Polygon", "coordinates": [ [ [ 54.5186305, 24.3468988 ], [ 54.5186234, 24.3471323 ], [ 54.5186492, 24.347133 ], [ 54.5186485, 24.3471544 ], [ 54.5187665, 24.3471574 ], [ 54.5187672, 24.3471358 ], [ 54.5189237, 24.3471398 ], [ 54.5189309, 24.3469064 ], [ 54.5186305, 24.3468988 ] ] ] } },
{ "type": "Feature", "properties": { "id": "B-17804", "area_m2": 597.0, "surface_label": "Building / roof", "p_roof": 0.73, "dark_roof": false, "heat_zone": "elevated", "LST_C": 56.200001, "new_since_2017": false, "street": "Ad Darsa'i 2 Street", "action": "" }, "geometry": { "type": "Polygon", "coordinates": [ [ [ 54.5163059, 24.3521904 ], [ 54.5165036, 24.3521982 ], [ 54.5165165, 24.3519301 ], [ 54.5163188, 24.3519222 ], [ 54.5163059, 24.3521904 ] ] ] } },
{ "type": "Feature", "properties": { "id": "B-17805", "area_m2": 33.0, "surface_label": "Building / roof", "p_roof": 0.81, "dark_roof": false, "heat_zone": "elevated", "LST_C": 56.200001, "new_since_2017": false, "street": "Ad Darsa'i 2 Street", "action": "" }, "geometry": { "type": "Polygon", "coordinates": [ [ [ 54.516351, 24.3522512 ], [ 54.516415, 24.3522538 ], [ 54.5164172, 24.3522075 ], [ 54.5163532, 24.3522049 ], [ 54.516351, 24.3522512 ] ] ] } },
{ "type": "Feature", "properties": { "id": "B-17806", "area_m2": 332.0, "surface_label": "Building / roof", "p_roof": 0.83, "dark_roof": false, "heat_zone": "elevated", "LST_C": 56.099998, "new_since_2017": false, "street": "Ad Darsa'i 2 Street", "action": "" }, "geometry": { "type": "Polygon", "coordinates": [ [ [ 54.5164749, 24.3524298 ], [ 54.51648320000001, 24.3522565 ], [ 54.516415, 24.3522538 ], [ 54.516351, 24.3522512 ], [ 54.5163131, 24.3522497 ], [ 54.5163047, 24.352423 ], [ 54.5164749, 24.3524298 ] ] ] } },
{ "type": "Feature", "properties": { "id": "B-17808", "area_m2": 298.0, "surface_label": "Building / roof", "p_roof": 0.57, "dark_roof": false, "heat_zone": "elevated", "LST_C": 56.099998, "new_since_2017": false, "street": "Ad Darsa'i 2 Street", "action": "" }, "geometry": { "type": "Polygon", "coordinates": [ [ [ 54.516314, 24.3522307 ], [ 54.5161902, 24.3522257 ], [ 54.5161799, 24.3524396 ], [ 54.5163037, 24.3524445 ], [ 54.5163047, 24.352423 ], [ 54.5163131, 24.3522497 ], [ 54.516314, 24.3522307 ] ] ] } },
{ "type": "Feature", "properties": { "id": "B-17814", "area_m2": 811.0, "surface_label": "Building / roof", "p_roof": 0.57, "dark_roof": false, "heat_zone": "lower", "LST_C": 55.599998, "new_since_2017": false, "street": "Ad Darsa'i 5 Street", "action": "" }, "geometry": { "type": "Polygon", "coordinates": [ [ [ 54.5142929, 24.3525508 ], [ 54.5142997, 24.3524099 ], [ 54.5137887, 24.3523895 ], [ 54.5137819, 24.3525304 ], [ 54.5142929, 24.3525508 ] ] ] } },
{ "type": "Feature", "properties": { "id": "B-17852", "area_m2": 8641.0, "surface_label": "Building / roof", "p_roof": 0.8, "dark_roof": false, "heat_zone": "elevated", "LST_C": 56.8, "new_since_2017": false, "street": "Al Hayal Street", "action": "" }, "geometry": { "type": "Polygon", "coordinates": [ [ [ 54.5092149, 24.3510523 ], [ 54.5091603, 24.3521857 ], [ 54.5098368, 24.3522128 ], [ 54.5098914, 24.3510794 ], [ 54.5092149, 24.3510523 ] ] ] } },
{ "type": "Feature", "properties": { "id": "B-17853", "area_m2": 604.0, "surface_label": "Bare soil / sand", "p_roof": 0.25, "dark_roof": false, "heat_zone": "high", "LST_C": 57.3, "new_since_2017": false, "street": "Al Hayal Street", "action": "Monitor / shade around" }, "geometry": { "type": "Polygon", "coordinates": [ [ [ 54.5104668, 24.3510993 ], [ 54.5104524, 24.3513727 ], [ 54.5106482, 24.3513813 ], [ 54.5106626, 24.3511078 ], [ 54.5104668, 24.3510993 ] ] ] } },
{ "type": "Feature", "properties": { "id": "B-17854", "area_m2": 530.0, "surface_label": "Building / roof", "p_roof": 0.37, "dark_roof": false, "heat_zone": "high", "LST_C": 57.200001, "new_since_2017": false, "street": "Al Hayal Street", "action": "Monitor / shade around" }, "geometry": { "type": "Polygon", "coordinates": [ [ [ 54.5102294, 24.3513608 ], [ 54.5104024, 24.3513669 ], [ 54.510414, 24.3510948 ], [ 54.510241, 24.3510887 ], [ 54.5102294, 24.3513608 ] ] ] } },
{ "type": "Feature", "properties": { "id": "B-17963", "area_m2": 644.0, "surface_label": "Building / roof", "p_roof": 0.68, "dark_roof": true, "heat_zone": "elevated", "LST_C": 56.099998, "new_since_2017": false, "street": "Al Hiraf 1 Street", "action": "" }, "geometry": { "type": "Polygon", "coordinates": [ [ [ 54.507924, 24.3668399 ], [ 54.5079174, 24.3669805 ], [ 54.5083237, 24.3669963 ], [ 54.5083302, 24.3668557 ], [ 54.507924, 24.3668399 ] ] ] } },
{ "type": "Feature", "properties": { "id": "B-17964", "area_m2": 426.0, "surface_label": "Building / roof", "p_roof": 0.95, "dark_roof": false, "heat_zone": "elevated", "LST_C": 56.0, "new_since_2017": false, "street": "Al Hiraf 4 Street", "action": "" }, "geometry": { "type": "Polygon", "coordinates": [ [ [ 54.5081922, 24.3665883 ], [ 54.5079308, 24.3665781 ], [ 54.507924, 24.3667226 ], [ 54.50818550000001, 24.3667328 ], [ 54.5081922, 24.3665883 ] ] ] } },
{ "type": "Feature", "properties": { "id": "B-17965", "area_m2": 915.0, "surface_label": "Building / roof", "p_roof": 0.7, "dark_roof": false, "heat_zone": "lower", "LST_C": 55.8, "new_since_2017": false, "street": "Al Hiraf 4 Street", "action": "" }, "geometry": { "type": "Polygon", "coordinates": [ [ [ 54.5079508, 24.3661827 ], [ 54.5079331, 24.3665629 ], [ 54.5081466, 24.3665712 ], [ 54.5081644, 24.366191 ], [ 54.5079508, 24.3661827 ] ] ] } },
{ "type": "Feature", "properties": { "id": "B-17966", "area_m2": 469.0, "surface_label": "Building / roof", "p_roof": 0.96, "dark_roof": false, "heat_zone": "lower", "LST_C": 55.3, "new_since_2017": false, "street": "Al Hiraf 6 Street", "action": "" }, "geometry": { "type": "Polygon", "coordinates": [ [ [ 54.5079616, 24.365308 ], [ 54.507966, 24.3652125 ], [ 54.5075297, 24.3651956 ], [ 54.5075253, 24.365291 ], [ 54.5079616, 24.365308 ] ] ] } },
{ "type": "Feature", "properties": { "id": "B-17967", "area_m2": 792.0, "surface_label": "Building / roof", "p_roof": 0.83, "dark_roof": false, "heat_zone": "lower", "LST_C": 55.400002, "new_since_2017": false, "street": "Al Hiraf 6 Street", "action": "" }, "geometry": { "type": "Polygon", "coordinates": [ [ [ 54.5076638, 24.3657038 ], [ 54.5078676, 24.3657117 ], [ 54.5078838, 24.3653666 ], [ 54.50768, 24.3653587 ], [ 54.5076638, 24.3657038 ] ] ] } },
{ "type": "Feature", "properties": { "id": "B-17968", "area_m2": 694.0, "surface_label": "Building / roof", "p_roof": 0.82, "dark_roof": false, "heat_zone": "lower", "LST_C": 55.400002, "new_since_2017": false, "street": "Al Hiraf 8 Street", "action": "" }, "geometry": { "type": "Polygon", "coordinates": [ [ [ 54.5064166, 24.3660703 ], [ 54.5064341, 24.3656968 ], [ 54.5062691, 24.3656903 ], [ 54.5062516, 24.3660639 ], [ 54.5064166, 24.3660703 ] ] ] } },
{ "type": "Feature", "properties": { "id": "B-17969", "area_m2": 842.0, "surface_label": "Building / roof", "p_roof": 0.6, "dark_roof": true, "heat_zone": "lower", "LST_C": 55.8, "new_since_2017": false, "street": "Al Hiraf 6 Street", "action": "" }, "geometry": { "type": "Polygon", "coordinates": [ [ [ 54.5064488, 24.366361 ], [ 54.5067385, 24.3663723 ], [ 54.5067506, 24.3661143 ], [ 54.5064609, 24.366103 ], [ 54.5064488, 24.366361 ] ] ] } },
{ "type": "Feature", "properties": { "id": "B-17970", "area_m2": 706.0, "surface_label": "Building / roof", "p_roof": 0.63, "dark_roof": true, "heat_zone": "lower", "LST_C": 55.8, "new_since_2017": false, "street": "Al Hiraf 8 Street", "action": "" }, "geometry": { "type": "Polygon", "coordinates": [ [ [ 54.5062168, 24.3661191 ], [ 54.5062012, 24.3664514 ], [ 54.5063898, 24.3664588 ], [ 54.5064053, 24.3661265 ], [ 54.5062168, 24.3661191 ] ] ] } },
{ "type": "Feature", "properties": { "id": "B-17971", "area_m2": 1370.0, "surface_label": "Building / roof", "p_roof": 0.96, "dark_roof": false, "heat_zone": "elevated", "LST_C": 56.099998, "new_since_2017": false, "street": "Al Hiraf 8 Street", "action": "" }, "geometry": { "type": "Polygon", "coordinates": [ [ [ 54.5063683, 24.3669059 ], [ 54.5063865, 24.3665167 ], [ 54.506074, 24.3665046 ], [ 54.5060558, 24.3668937 ], [ 54.5063683, 24.3669059 ] ] ] } },
{ "type": "Feature", "properties": { "id": "B-17972", "area_m2": 1144.0, "surface_label": "Building / roof", "p_roof": 0.86, "dark_roof": false, "heat_zone": "elevated", "LST_C": 56.200001, "new_since_2017": false, "street": "Al Hiraf 6 Street", "action": "" }, "geometry": { "type": "Polygon", "coordinates": [ [ [ 54.5064381, 24.3665272 ], [ 54.5064225, 24.3668598 ], [ 54.5067278, 24.3668717 ], [ 54.5067433, 24.366539 ], [ 54.5064381, 24.3665272 ] ] ] } },
{ "type": "Feature", "properties": { "id": "B-17973", "area_m2": 1280.0, "surface_label": "Building / roof", "p_roof": 0.91, "dark_roof": false, "heat_zone": "lower", "LST_C": 55.3, "new_since_2017": false, "street": "Al Hiraf 6 Street", "action": "" }, "geometry": { "type": "Polygon", "coordinates": [ [ [ 54.5064676, 24.3656598 ], [ 54.506772, 24.3656716 ], [ 54.5067894, 24.3652982 ], [ 54.5064851, 24.3652864 ], [ 54.5064676, 24.3656598 ] ] ] } },
{ "type": "Feature", "properties": { "id": "B-17974", "area_m2": 1296.0, "surface_label": "Building / roof", "p_roof": 0.77, "dark_roof": false, "heat_zone": "lower", "LST_C": 55.5, "new_since_2017": false, "street": "Al Hiraf 6 Street", "action": "" }, "geometry": { "type": "Polygon", "coordinates": [ [ [ 54.5064542, 24.3660752 ], [ 54.5067583, 24.366087 ], [ 54.506776, 24.3657087 ], [ 54.5064719, 24.3656969 ], [ 54.5064542, 24.3660752 ] ] ] } },
{ "type": "Feature", "properties": { "id": "B-18224", "area_m2": 484.0, "surface_label": "Building / roof", "p_roof": 0.98, "dark_roof": false, "heat_zone": "lower", "LST_C": 55.599998, "new_since_2017": false, "street": "Ad Darsa'i 5 Street", "action": "" }, "geometry": { "type": "Polygon", "coordinates": [ [ [ 54.5140797, 24.35172 ], [ 54.5142033, 24.3517238 ], [ 54.5142007, 24.3517931 ], [ 54.514331, 24.3517972 ], [ 54.5143385, 24.3515941 ], [ 54.5140847, 24.3515863 ], [ 54.5140797, 24.35172 ] ] ] } },
{ "type": "Feature", "properties": { "id": "B-18225", "area_m2": 279.0, "surface_label": "Building / roof", "p_roof": 0.91, "dark_roof": false, "heat_zone": "lower", "LST_C": 55.700001, "new_since_2017": false, "street": "Ad Darsa'i 5 Street", "action": "" }, "geometry": { "type": "Polygon", "coordinates": [ [ [ 54.5139228, 24.3515721 ], [ 54.5139142, 24.3518022 ], [ 54.514022, 24.3518055 ], [ 54.5140306, 24.3515755 ], [ 54.5139228, 24.3515721 ] ] ] } },
{ "type": "Feature", "properties": { "id": "B-18226", "area_m2": 199.0, "surface_label": "Building / roof", "p_roof": 0.97, "dark_roof": false, "heat_zone": "lower", "LST_C": 56.0, "new_since_2017": false, "street": "Ad Darsa'i 5 Street", "action": "" }, "geometry": { "type": "Polygon", "coordinates": [ [ [ 54.5137739, 24.3517175 ], [ 54.5138917, 24.3517212 ], [ 54.5138973, 24.3515709 ], [ 54.5137795, 24.3515673 ], [ 54.5137739, 24.3517175 ] ] ] } },
{ "type": "Feature", "properties": { "id": "B-18227", "area_m2": 403.0, "surface_label": "Building / roof", "p_roof": 0.98, "dark_roof": false, "heat_zone": "elevated", "LST_C": 56.3, "new_since_2017": false, "street": "Ad Darsa'i 5 Street", "action": "" }, "geometry": { "type": "Polygon", "coordinates": [ [ [ 54.5135084, 24.3515611 ], [ 54.5135021, 24.3517293 ], [ 54.5137149, 24.3517358 ], [ 54.5137212, 24.3515677 ], [ 54.5135084, 24.3515611 ] ] ] } },
{ "type": "Feature", "properties": { "id": "B-18228", "area_m2": 445.0, "surface_label": "Building / roof", "p_roof": 0.97, "dark_roof": false, "heat_zone": "elevated", "LST_C": 56.400002, "new_since_2017": false, "street": "Ad Darsa'i 7 Street", "action": "" }, "geometry": { "type": "Polygon", "coordinates": [ [ [ 54.5137431, 24.3515257 ], [ 54.513749, 24.3513659 ], [ 54.5135017, 24.3513583 ], [ 54.5134957, 24.3515181 ], [ 54.5137431, 24.3515257 ] ] ] } },
{ "type": "Feature", "properties": { "id": "B-18229", "area_m2": 284.0, "surface_label": "Building / roof", "p_roof": 0.92, "dark_roof": false, "heat_zone": "lower", "LST_C": 56.0, "new_since_2017": false, "street": "Ad Darsa'i 7 Street", "action": "" }, "geometry": { "type": "Polygon", "coordinates": [ [ [ 54.5138155, 24.3513937 ], [ 54.5138111, 24.3515131 ], [ 54.514022, 24.3515196 ], [ 54.5140265, 24.3514002 ], [ 54.5138155, 24.3513937 ] ] ] } },
{ "type": "Feature", "properties": { "id": "B-18230", "area_m2": 270.0, "surface_label": "Building / roof", "p_roof": 0.84, "dark_roof": false, "heat_zone": "elevated", "LST_C": 56.099998, "new_since_2017": false, "street": "Ad Darsa'i 7 Street", "action": "" }, "geometry": { "type": "Polygon", "coordinates": [ [ [ 54.5140301, 24.3512789 ], [ 54.5138088, 24.3512721 ], [ 54.5138048, 24.3513803 ], [ 54.5140261, 24.3513871 ], [ 54.5140301, 24.3512789 ] ] ] } },
{ "type": "Feature", "properties": { "id": "B-18231", "area_m2": 279.0, "surface_label": "Building / roof", "p_roof": 0.85, "dark_roof": false, "heat_zone": "lower", "LST_C": 55.900002, "new_since_2017": false, "street": "Ad Darsa'i 7 Street", "action": "" }, "geometry": { "type": "Polygon", "coordinates": [ [ [ 54.5141146, 24.3514011 ], [ 54.5143248, 24.3514076 ], [ 54.5143291, 24.3512899 ], [ 54.5141189, 24.3512834 ], [ 54.5141146, 24.3514011 ] ] ] } },
{ "type": "Feature", "properties": { "id": "B-18232", "area_m2": 279.0, "surface_label": "Building / roof", "p_roof": 0.91, "dark_roof": false, "heat_zone": "lower", "LST_C": 55.8, "new_since_2017": false, "street": "Ad Darsa'i 7 Street", "action": "" }, "geometry": { "type": "Polygon", "coordinates": [ [ [ 54.5143412, 24.3515416 ], [ 54.5143448, 24.3514443 ], [ 54.5140904, 24.3514365 ], [ 54.5140868, 24.3515337 ], [ 54.5143412, 24.3515416 ] ] ] } },
{ "type": "Feature", "properties": { "id": "B-18233", "area_m2": 336.0, "surface_label": "Building / roof", "p_roof": 0.82, "dark_roof": false, "heat_zone": "lower", "LST_C": 55.8, "new_since_2017": false, "street": "Ad Darsa'i 7 Street", "action": "" }, "geometry": { "type": "Polygon", "coordinates": [ [ [ 54.5144083, 24.3514145 ], [ 54.5144032, 24.351552 ], [ 54.51462020000001, 24.3515587 ], [ 54.5146253, 24.3514212 ], [ 54.5144083, 24.3514145 ] ] ] } },
{ "type": "Feature", "properties": { "id": "B-18234", "area_m2": 217.0, "surface_label": "Building / roof", "p_roof": 0.85, "dark_roof": false, "heat_zone": "lower", "LST_C": 55.900002, "new_since_2017": false, "street": "Ad Darsa'i 7 Street", "action": "" }, "geometry": { "type": "Polygon", "coordinates": [ [ [ 54.5146322, 24.3513119 ], [ 54.5144115, 24.3513051 ], [ 54.5144083, 24.3513925 ], [ 54.514629, 24.3513993 ], [ 54.5146322, 24.3513119 ] ] ] } },
{ "type": "Feature", "properties": { "id": "B-18235", "area_m2": 311.0, "surface_label": "Road / dark pavement", "p_roof": 0.27, "dark_roof": true, "heat_zone": "elevated", "LST_C": 56.3, "new_since_2017": false, "street": "Ad Darsa'i 2 Street", "action": "" }, "geometry": { "type": "Polygon", "coordinates": [ [ [ 54.5157507, 24.3513534 ], [ 54.5157417, 24.3515967 ], [ 54.5158553, 24.3516002 ], [ 54.5158643, 24.3513569 ], [ 54.5157507, 24.3513534 ] ] ] } },
{ "type": "Feature", "properties": { "id": "B-18236", "area_m2": 249.0, "surface_label": "Road / dark pavement", "p_roof": 0.52, "dark_roof": true, "heat_zone": "lower", "LST_C": 55.900002, "new_since_2017": false, "street": "Ad Darsa'i 7 Street", "action": "" }, "geometry": { "type": "Polygon", "coordinates": [ [ [ 54.5152223, 24.3514438 ], [ 54.5152262, 24.3513379 ], [ 54.5150171, 24.3513314 ], [ 54.5150132, 24.3514374 ], [ 54.5152223, 24.3514438 ] ] ] } },
{ "type": "Feature", "properties": { "id": "B-18237", "area_m2": 106.0, "surface_label": "Building / roof", "p_roof": 0.62, "dark_roof": true, "heat_zone": "lower", "LST_C": 55.700001, "new_since_2017": false, "street": "Ad Darsa'i 5 Street", "action": "" }, "geometry": { "type": "Polygon", "coordinates": [ [ [ 54.5149715, 24.3516088 ], [ 54.5149697, 24.3516579 ], [ 54.5151606, 24.3516638 ], [ 54.5151624, 24.3516147 ], [ 54.5149715, 24.3516088 ] ] ] } },
{ "type": "Feature", "properties": { "id": "B-18238", "area_m2": 240.0, "surface_label": "Building / roof", "p_roof": 0.8, "dark_roof": false, "heat_zone": "lower", "LST_C": 55.8, "new_since_2017": false, "street": "Ad Darsa'i 7 Street", "action": "" }, "geometry": { "type": "Polygon", "coordinates": [ [ [ 54.5152183, 24.3514842 ], [ 54.5149938, 24.3514772 ], [ 54.5149903, 24.3515721 ], [ 54.5152148, 24.351579 ], [ 54.5152183, 24.3514842 ] ] ] } },
{ "type": "Feature", "properties": { "id": "B-18239", "area_m2": 160.0, "surface_label": "Building / roof", "p_roof": 0.59, "dark_roof": true, "heat_zone": "lower", "LST_C": 55.8, "new_since_2017": false, "street": "Ad Darsa'i 5 Street", "action": "" }, "geometry": { "type": "Polygon", "coordinates": [ [ [ 54.5154074, 24.3517578 ], [ 54.5154116, 24.3516431 ], [ 54.515288, 24.3516393 ], [ 54.5152838, 24.351754 ], [ 54.5154074, 24.3517578 ] ] ] } },
{ "type": "Feature", "properties": { "id": "B-18240", "area_m2": 273.0, "surface_label": "Building / roof", "p_roof": 0.5, "dark_roof": true, "heat_zone": "lower", "LST_C": 55.8, "new_since_2017": false, "street": "Ad Darsa'i 5 Street", "action": "" }, "geometry": { "type": "Polygon", "coordinates": [ [ [ 54.5154852, 24.3519008 ], [ 54.5154894, 24.3517864 ], [ 54.5152773, 24.3517798 ], [ 54.515273, 24.3518943 ], [ 54.5154852, 24.3519008 ] ] ] } },
{ "type": "Feature", "properties": { "id": "B-18241", "area_m2": 566.0, "surface_label": "Building / roof", "p_roof": 0.82, "dark_roof": false, "heat_zone": "elevated", "LST_C": 56.200001, "new_since_2017": false, "street": "Ad Darsa'i 2 Street", "action": "" }, "geometry": { "type": "Polygon", "coordinates": [ [ [ 54.5158567, 24.3516674 ], [ 54.5156122, 24.3516599 ], [ 54.5156045, 24.3518654 ], [ 54.515849, 24.3518729 ], [ 54.5158567, 24.3516674 ] ] ] } },
{ "type": "Feature", "properties": { "id": "B-18242", "area_m2": 239.0, "surface_label": "Building / roof", "p_roof": 0.82, "dark_roof": false, "heat_zone": "elevated", "LST_C": 56.3, "new_since_2017": false, "street": "Ad Darsa'i 2 Street", "action": "" }, "geometry": { "type": "Polygon", "coordinates": [ [ [ 54.5164266, 24.3516515 ], [ 54.5164334, 24.3514694 ], [ 54.5163167, 24.3514658 ], [ 54.5163099, 24.351648 ], [ 54.5164266, 24.3516515 ] ] ] } },
{ "type": "Feature", "properties": { "id": "B-18243", "area_m2": 384.0, "surface_label": "Building / roof", "p_roof": 0.68, "dark_roof": false, "heat_zone": "elevated", "LST_C": 56.3, "new_since_2017": false, "street": "Ad Darsa'i 2 Street", "action": "" }, "geometry": { "type": "Polygon", "coordinates": [ [ [ 54.5163099, 24.3518971 ], [ 54.5164767, 24.3519023 ], [ 54.5164843, 24.351698 ], [ 54.5163175, 24.3516928 ], [ 54.5163099, 24.3518971 ] ] ] } },
{ "type": "Feature", "properties": { "id": "B-18244", "area_m2": 114.0, "surface_label": "Building / roof", "p_roof": 0.44, "dark_roof": true, "heat_zone": "elevated", "LST_C": 56.200001, "new_since_2017": false, "street": "Ad Darsa'i 2 Street", "action": "" }, "geometry": { "type": "Polygon", "coordinates": [ [ [ 54.5162603, 24.3519802 ], [ 54.516204, 24.3519785 ], [ 54.5161973, 24.3521586 ], [ 54.5162536, 24.3521603 ], [ 54.5162603, 24.3519802 ] ] ] } },
{ "type": "Feature", "properties": { "id": "B-18245", "area_m2": 232.0, "surface_label": "Building / roof", "p_roof": 0.5, "dark_roof": true, "heat_zone": "lower", "LST_C": 55.599998, "new_since_2017": false, "street": "Ad Darsa'i 5 Street", "action": "" }, "geometry": { "type": "Polygon", "coordinates": [ [ [ 54.5152706, 24.3524372 ], [ 54.5154802, 24.3524436 ], [ 54.5154838, 24.3523455 ], [ 54.5152742, 24.3523391 ], [ 54.5152706, 24.3524372 ] ] ] } },
{ "type": "Feature", "properties": { "id": "B-18246", "area_m2": 300.0, "surface_label": "Building / roof", "p_roof": 0.54, "dark_roof": true, "heat_zone": "lower", "LST_C": 55.599998, "new_since_2017": false, "street": "Ad Darsa'i 5 Street", "action": "" }, "geometry": { "type": "Polygon", "coordinates": [ [ [ 54.5155039, 24.3524995 ], [ 54.515249, 24.3524916 ], [ 54.5152451, 24.352596 ], [ 54.5155001, 24.3526038 ], [ 54.5155039, 24.3524995 ] ] ] } },
{ "type": "Feature", "properties": { "id": "B-18247", "area_m2": 286.0, "surface_label": "Building / roof", "p_roof": 0.81, "dark_roof": false, "heat_zone": "lower", "LST_C": 55.8, "new_since_2017": false, "street": "Ad Darsa'i 2 Street", "action": "" }, "geometry": { "type": "Polygon", "coordinates": [ [ [ 54.5158325, 24.3523712 ], [ 54.5155774, 24.3523633 ], [ 54.5155737, 24.3524628 ], [ 54.5158288, 24.3524707 ], [ 54.5158325, 24.3523712 ] ] ] } },
{ "type": "Feature", "properties": { "id": "B-18302", "area_m2": 213.0, "surface_label": "Building / roof", "p_roof": 0.79, "dark_roof": false, "heat_zone": "lower", "LST_C": 55.900002, "new_since_2017": false, "street": "Ar Raha 8 Street", "action": "" }, "geometry": { "type": "Polygon", "coordinates": [ [ [ 54.5150091, 24.361836 ], [ 54.5148131, 24.3618273 ], [ 54.5148079, 24.3619239 ], [ 54.5150039, 24.3619326 ], [ 54.5150091, 24.361836 ] ] ] } },
{ "type": "Feature", "properties": { "id": "B-18303", "area_m2": 254.0, "surface_label": "Building / roof", "p_roof": 0.78, "dark_roof": false, "heat_zone": "lower", "LST_C": 55.900002, "new_since_2017": false, "street": "Ar Raha 8 Street", "action": "" }, "geometry": { "type": "Polygon", "coordinates": [ [ [ 54.5157038, 24.362277 ], [ 54.5158238, 24.3622823 ], [ 54.5158339, 24.362095 ], [ 54.5157138, 24.3620896 ], [ 54.5157038, 24.362277 ] ] ] } },
{ "type": "Feature", "properties": { "id": "B-18304", "area_m2": 241.0, "surface_label": "Building / roof", "p_roof": 0.96, "dark_roof": false, "heat_zone": "lower", "LST_C": 55.900002, "new_since_2017": false, "street": "Ar Raha 8 Street", "action": "" }, "geometry": { "type": "Polygon", "coordinates": [ [ [ 54.5150802, 24.3623918 ], [ 54.5150749, 24.362491 ], [ 54.5152907, 24.3625006 ], [ 54.515296, 24.3624014 ], [ 54.5150802, 24.3623918 ] ] ] } },
{ "type": "Feature", "properties": { "id": "B-18305", "area_m2": 274.0, "surface_label": "Building / roof", "p_roof": 0.65, "dark_roof": true, "heat_zone": "elevated", "LST_C": 56.0, "new_since_2017": false, "street": "Ar Raha 8 Street", "action": "" }, "geometry": { "type": "Polygon", "coordinates": [ [ [ 54.515795, 24.362839 ], [ 54.5158061, 24.3626316 ], [ 54.515689, 24.3626264 ], [ 54.5156779, 24.3628338 ], [ 54.515795, 24.362839 ] ] ] } },
{ "type": "Feature", "properties": { "id": "B-18306", "area_m2": 280.0, "surface_label": "Building / roof", "p_roof": 0.87, "dark_roof": false, "heat_zone": "elevated", "LST_C": 56.099998, "new_since_2017": false, "street": "Ar Raha 8 Street", "action": "" }, "geometry": { "type": "Polygon", "coordinates": [ [ [ 54.5158781, 24.3631273 ], [ 54.5158893, 24.3629175 ], [ 54.5157708, 24.3629123 ], [ 54.5157596, 24.363122 ], [ 54.5158781, 24.3631273 ] ] ] } },
{ "type": "Feature", "properties": { "id": "B-18307", "area_m2": 405.0, "surface_label": "Building / roof", "p_roof": 0.67, "dark_roof": true, "heat_zone": "elevated", "LST_C": 56.200001, "new_since_2017": false, "street": "Ar Raha 8 Street", "action": "" }, "geometry": { "type": "Polygon", "coordinates": [ [ [ 54.515858, 24.3633985 ], [ 54.5158685, 24.3632013 ], [ 54.5156863, 24.3631933 ], [ 54.5156758, 24.3633904 ], [ 54.515858, 24.3633985 ] ] ] } },
{ "type": "Feature", "properties": { "id": "B-18308", "area_m2": 307.0, "surface_label": "Building / roof", "p_roof": 0.83, "dark_roof": false, "heat_zone": "elevated", "LST_C": 56.3, "new_since_2017": false, "street": "Ar Raha 8 Street", "action": "" }, "geometry": { "type": "Polygon", "coordinates": [ [ [ 54.5156414, 24.3634396 ], [ 54.5156331, 24.3636678 ], [ 54.5157527, 24.3636714 ], [ 54.515761, 24.3634432 ], [ 54.5156414, 24.3634396 ] ] ] } },
{ "type": "Feature", "properties": { "id": "B-18309", "area_m2": 472.0, "surface_label": "Building / roof", "p_roof": 0.97, "dark_roof": false, "heat_zone": "elevated", "LST_C": 56.200001, "new_since_2017": false, "street": "Az Zakhrafah 2 Street", "action": "" }, "geometry": { "type": "Polygon", "coordinates": [ [ [ 54.5150037, 24.3636563 ], [ 54.5152799, 24.3636685 ], [ 54.515288, 24.363517 ], [ 54.5150118, 24.3635047 ], [ 54.5150037, 24.3636563 ] ] ] } },
{ "type": "Feature", "properties": { "id": "B-18310", "area_m2": 269.0, "surface_label": "Building / roof", "p_roof": 0.54, "dark_roof": true, "heat_zone": "elevated", "LST_C": 56.5, "new_since_2017": false, "street": "Az Zakhrafah 2 Street", "action": "" }, "geometry": { "type": "Polygon", "coordinates": [ [ [ 54.5149072, 24.3638285 ], [ 54.5147028, 24.3638195 ], [ 54.5146966, 24.363936 ], [ 54.5149009, 24.3639451 ], [ 54.5149072, 24.3638285 ] ] ] } },
{ "type": "Feature", "properties": { "id": "B-18311", "area_m2": 292.0, "surface_label": "Building / roof", "p_roof": 0.86, "dark_roof": false, "heat_zone": "elevated", "LST_C": 56.400002, "new_since_2017": false, "street": "Az Zakhrafah 2 Street", "action": "" }, "geometry": { "type": "Polygon", "coordinates": [ [ [ 54.5146966, 24.3637931 ], [ 54.514943100000011, 24.363804 ], [ 54.5149487, 24.363699 ], [ 54.5147022, 24.3636881 ], [ 54.5146966, 24.3637931 ] ] ] } },
{ "type": "Feature", "properties": { "id": "B-18312", "area_m2": 334.0, "surface_label": "Building / roof", "p_roof": 0.99, "dark_roof": false, "heat_zone": "elevated", "LST_C": 56.400002, "new_since_2017": false, "street": "Az Zakhrafah 2 Street", "action": "" }, "geometry": { "type": "Polygon", "coordinates": [ [ [ 54.5144016, 24.3636746 ], [ 54.5143958, 24.3637821 ], [ 54.5146711, 24.3637943 ], [ 54.5146769, 24.3636868 ], [ 54.5144016, 24.3636746 ] ] ] } },
{ "type": "Feature", "properties": { "id": "B-18313", "area_m2": 300.0, "surface_label": "Building / roof", "p_roof": 0.69, "dark_roof": false, "heat_zone": "elevated", "LST_C": 56.3, "new_since_2017": false, "street": "Az Zakhrafah 2 Street", "action": "" }, "geometry": { "type": "Polygon", "coordinates": [ [ [ 54.5140207, 24.3637882 ], [ 54.5138005, 24.3637784 ], [ 54.513794, 24.3638994 ], [ 54.5140142, 24.3639092 ], [ 54.5140207, 24.3637882 ] ] ] } },
{ "type": "Feature", "properties": { "id": "B-18314", "area_m2": 376.0, "surface_label": "Building / roof", "p_roof": 0.66, "dark_roof": true, "heat_zone": "lower", "LST_C": 55.900002, "new_since_2017": false, "street": "At Tajalli 4 Street", "action": "" }, "geometry": { "type": "Polygon", "coordinates": [ [ [ 54.5128928, 24.3633276 ], [ 54.5128869, 24.363439 ], [ 54.5131865, 24.3634523 ], [ 54.5131925, 24.3633409 ], [ 54.5128928, 24.3633276 ] ] ] } },
{ "type": "Feature", "properties": { "id": "B-18316", "area_m2": 269.0, "surface_label": "Building / roof", "p_roof": 0.55, "dark_roof": true, "heat_zone": "elevated", "LST_C": 56.3, "new_since_2017": false, "street": "Al Mazj 4 Street", "action": "" }, "geometry": { "type": "Polygon", "coordinates": [ [ [ 54.512693, 24.3648682 ], [ 54.5126979, 24.3646892 ], [ 54.5125642, 24.3646861 ], [ 54.5125594, 24.3648652 ], [ 54.512693, 24.3648682 ] ] ] } },
{ "type": "Feature", "properties": { "id": "B-18317", "area_m2": 661.0, "surface_label": "Building / roof", "p_roof": 0.61, "dark_roof": true, "heat_zone": "lower", "LST_C": 55.900002, "new_since_2017": false, "street": "Al Mazj 4 Street", "action": "" }, "geometry": { "type": "Polygon", "coordinates": [ [ [ 54.5127842, 24.3652432 ], [ 54.5127909, 24.3649957 ], [ 54.5125535, 24.3649903 ], [ 54.5125468, 24.3652379 ], [ 54.5127842, 24.3652432 ] ] ] } },
{ "type": "Feature", "properties": { "id": "B-18318", "area_m2": 192.0, "surface_label": "Building / roof", "p_roof": 0.67, "dark_roof": true, "heat_zone": "elevated", "LST_C": 56.099998, "new_since_2017": false, "street": "Al Mazj 5 Street", "action": "" }, "geometry": { "type": "Polygon", "coordinates": [ [ [ 54.5131449, 24.3651272 ], [ 54.5130185, 24.3651243 ], [ 54.5130149, 24.3652591 ], [ 54.5131413, 24.365262 ], [ 54.5131449, 24.3651272 ] ] ] } },
{ "type": "Feature", "properties": { "id": "B-18319", "area_m2": 853.0, "surface_label": "Building / roof", "p_roof": 0.73, "dark_roof": true, "heat_zone": "elevated", "LST_C": 56.400002, "new_since_2017": false, "street": "Az Zakhrafah 2 Street", "action": "" }, "geometry": { "type": "Polygon", "coordinates": [ [ [ 54.5134775, 24.3647497 ], [ 54.5131782, 24.3647429 ], [ 54.5131713, 24.364996 ], [ 54.5134706, 24.3650028 ], [ 54.5134775, 24.3647497 ] ] ] } },
{ "type": "Feature", "properties": { "id": "B-18320", "area_m2": 235.0, "surface_label": "Building / roof", "p_roof": 0.55, "dark_roof": true, "heat_zone": "elevated", "LST_C": 56.5, "new_since_2017": false, "street": "Az Zakhrafah 2 Street", "action": "" }, "geometry": { "type": "Polygon", "coordinates": [ [ [ 54.5137364, 24.3647448 ], [ 54.5135177, 24.3647398 ], [ 54.5135151, 24.3648352 ], [ 54.5137338, 24.3648401 ], [ 54.5137364, 24.3647448 ] ] ] } },
{ "type": "Feature", "properties": { "id": "B-18321", "area_m2": 991.0, "surface_label": "Building / roof", "p_roof": 0.97, "dark_roof": false, "heat_zone": "elevated", "LST_C": 56.200001, "new_since_2017": false, "street": "Az Zakhrafah 2 Street", "action": "" }, "geometry": { "type": "Polygon", "coordinates": [ [ [ 54.5143761, 24.3647399 ], [ 54.5140715, 24.364733 ], [ 54.5140636, 24.3650221 ], [ 54.5143682, 24.365029 ], [ 54.5143761, 24.3647399 ] ] ] } },
{ "type": "Feature", "properties": { "id": "B-18322", "area_m2": 547.0, "surface_label": "Building / roof", "p_roof": 0.89, "dark_roof": false, "heat_zone": "elevated", "LST_C": 56.200001, "new_since_2017": false, "street": "Az Zakhrafah 2 Street", "action": "" }, "geometry": { "type": "Polygon", "coordinates": [ [ [ 54.5146349, 24.3650343 ], [ 54.5146404, 24.364831899999988 ], [ 54.5144002, 24.3648264 ], [ 54.5143947, 24.3650289 ], [ 54.5146349, 24.3650343 ] ] ] } },
{ "type": "Feature", "properties": { "id": "B-18323", "area_m2": 245.0, "surface_label": "Building / roof", "p_roof": 0.55, "dark_roof": true, "heat_zone": "elevated", "LST_C": 56.0, "new_since_2017": false, "street": "Al Mazj 5 Street", "action": "" }, "geometry": { "type": "Polygon", "coordinates": [ [ [ 54.5145987, 24.36522 ], [ 54.5143815, 24.3652151 ], [ 54.5143788, 24.3653153 ], [ 54.514596, 24.3653202 ], [ 54.5145987, 24.36522 ] ] ] } },
{ "type": "Feature", "properties": { "id": "B-18324", "area_m2": 265.0, "surface_label": "Building / roof", "p_roof": 0.6, "dark_roof": true, "heat_zone": "elevated", "LST_C": 56.0, "new_since_2017": false, "street": "Al Mazj 5 Street", "action": "" }, "geometry": { "type": "Polygon", "coordinates": [ [ [ 54.5146886, 24.3652225 ], [ 54.5146856, 24.3653299 ], [ 54.5149045, 24.3653348 ], [ 54.5149074, 24.3652274 ], [ 54.5146886, 24.3652225 ] ] ] } },
{ "type": "Feature", "properties": { "id": "B-18325", "area_m2": 302.0, "surface_label": "Building / roof", "p_roof": 0.91, "dark_roof": false, "heat_zone": "elevated", "LST_C": 56.0, "new_since_2017": false, "street": "Al Mazj 5 Street", "action": "" }, "geometry": { "type": "Polygon", "coordinates": [ [ [ 54.5149326, 24.3650954 ], [ 54.5146794, 24.3650897 ], [ 54.5146765, 24.3651956 ], [ 54.5149297, 24.3652013 ], [ 54.5149326, 24.3650954 ] ] ] } },
{ "type": "Feature", "properties": { "id": "B-18326", "area_m2": 228.0, "surface_label": "Building / roof", "p_roof": 0.57, "dark_roof": true, "heat_zone": "elevated", "LST_C": 56.400002, "new_since_2017": false, "street": "Al Mazj 2 Street", "action": "" }, "geometry": { "type": "Polygon", "coordinates": [ [ [ 54.5157132, 24.3650771 ], [ 54.5157192, 24.3648531 ], [ 54.5156287, 24.3648511 ], [ 54.5156226, 24.365075 ], [ 54.5157132, 24.3650771 ] ] ] } },
{ "type": "Feature", "properties": { "id": "B-18327", "area_m2": 278.0, "surface_label": "Road / dark pavement", "p_roof": 0.21, "dark_roof": true, "heat_zone": "elevated", "LST_C": 56.200001, "new_since_2017": false, "street": "Al Mazj 2 Street", "action": "" }, "geometry": { "type": "Polygon", "coordinates": [ [ [ 54.5157064, 24.3651284 ], [ 54.515593, 24.3651258 ], [ 54.5155871, 24.3653434 ], [ 54.5157005, 24.365346 ], [ 54.5157064, 24.3651284 ] ] ] } },
{ "type": "Feature", "properties": { "id": "B-18328", "area_m2": 342.0, "surface_label": "Building / roof", "p_roof": 0.82, "dark_roof": false, "heat_zone": "elevated", "LST_C": 56.099998, "new_since_2017": false, "street": "Ar Raha 8 Street", "action": "" }, "geometry": { "type": "Polygon", "coordinates": [ [ [ 54.5157507, 24.3659151 ], [ 54.5158836, 24.3659175 ], [ 54.5158885, 24.3656888 ], [ 54.5157556, 24.3656864 ], [ 54.5157507, 24.3659151 ] ] ] } },
{ "type": "Feature", "properties": { "id": "B-18329", "area_m2": 255.0, "surface_label": "Road / dark pavement", "p_roof": 0.32, "dark_roof": true, "heat_zone": "lower", "LST_C": 55.900002, "new_since_2017": false, "street": "Al Mazj 2 Street", "action": "" }, "geometry": { "type": "Polygon", "coordinates": [ [ [ 54.5156796, 24.3658858 ], [ 54.5156838, 24.3656937 ], [ 54.5155656, 24.3656916 ], [ 54.5155615, 24.3658837 ], [ 54.5156796, 24.3658858 ] ] ] } },
{ "type": "Feature", "properties": { "id": "B-18330", "area_m2": 269.0, "surface_label": "Building / roof", "p_roof": 0.56, "dark_roof": true, "heat_zone": "lower", "LST_C": 55.900002, "new_since_2017": false, "street": "Al Mazj 2 Street", "action": "" }, "geometry": { "type": "Polygon", "coordinates": [ [ [ 54.515689, 24.3659628 ], [ 54.5155686, 24.3659606 ], [ 54.5155643, 24.3661595 ], [ 54.5156847, 24.3661616 ], [ 54.515689, 24.3659628 ] ] ] } },
{ "type": "Feature", "properties": { "id": "B-18331", "area_m2": 251.0, "surface_label": "Building / roof", "p_roof": 0.75, "dark_roof": true, "heat_zone": "lower", "LST_C": 56.0, "new_since_2017": false, "street": "Ar Raha 8 Street", "action": "" }, "geometry": { "type": "Polygon", "coordinates": [ [ [ 54.5158245, 24.3659774 ], [ 54.5157093, 24.3659754 ], [ 54.5157051, 24.3661692 ], [ 54.5158203, 24.3661713 ], [ 54.5158245, 24.3659774 ] ] ] } },
{ "type": "Feature", "properties": { "id": "B-18332", "area_m2": 335.0, "surface_label": "Building / roof", "p_roof": 0.71, "dark_roof": false, "heat_zone": "elevated", "LST_C": 56.099998, "new_since_2017": false, "street": "Ar Raha 8 Street", "action": "" }, "geometry": { "type": "Polygon", "coordinates": [ [ [ 54.5158406, 24.3667471 ], [ 54.5158514, 24.3665163 ], [ 54.51572250000001, 24.3665113 ], [ 54.5157117, 24.366742 ], [ 54.5158406, 24.3667471 ] ] ] } },
{ "type": "Feature", "properties": { "id": "B-18333", "area_m2": 319.0, "surface_label": "Building / roof", "p_roof": 0.71, "dark_roof": true, "heat_zone": "elevated", "LST_C": 56.3, "new_since_2017": false, "street": "Ar Raha 8 Street", "action": "" }, "geometry": { "type": "Polygon", "coordinates": [ [ [ 54.5158218, 24.3670158 ], [ 54.5158324, 24.3667911 ], [ 54.5157064, 24.3667862 ], [ 54.5156958, 24.3670109 ], [ 54.5158218, 24.3670158 ] ] ] } },
{ "type": "Feature", "properties": { "id": "B-18334", "area_m2": 318.0, "surface_label": "Building / roof", "p_roof": 0.86, "dark_roof": true, "heat_zone": "elevated", "LST_C": 56.599998, "new_since_2017": false, "street": "Ar Raha 8 Street", "action": "" }, "geometry": { "type": "Polygon", "coordinates": [ [ [ 54.515807, 24.3670671 ], [ 54.5156941, 24.3670627 ], [ 54.5156823, 24.3673127 ], [ 54.5157952, 24.3673171 ], [ 54.515807, 24.3670671 ] ] ] } },
{ "type": "Feature", "properties": { "id": "B-18335", "area_m2": 500.0, "surface_label": "Building / roof", "p_roof": 0.55, "dark_roof": true, "heat_zone": "elevated", "LST_C": 56.8, "new_since_2017": false, "street": "Al Mazj 2 Street", "action": "" }, "geometry": { "type": "Polygon", "coordinates": [ [ [ 54.5157038, 24.3675534 ], [ 54.5157135, 24.3673468 ], [ 54.5154986, 24.3673383 ], [ 54.5154888, 24.3675449 ], [ 54.5157038, 24.3675534 ] ] ] } },
{ "type": "Feature", "properties": { "id": "B-18336", "area_m2": 693.0, "surface_label": "Building / roof", "p_roof": 0.72, "dark_roof": true, "heat_zone": "elevated", "LST_C": 56.8, "new_since_2017": false, "street": "Ar Raha 8 Street", "action": "" }, "geometry": { "type": "Polygon", "coordinates": [ [ [ 54.5157869, 24.3678722 ], [ 54.5157998, 24.3676001 ], [ 54.5155737, 24.3675912 ], [ 54.5155608, 24.3678633 ], [ 54.5156366, 24.3678663 ], [ 54.5157869, 24.3678722 ] ] ] } },
{ "type": "Feature", "properties": { "id": "B-18337", "area_m2": 430.0, "surface_label": "Building / roof", "p_roof": 0.59, "dark_roof": true, "heat_zone": "elevated", "LST_C": 56.700001, "new_since_2017": false, "street": "Ar Raha 8 Street", "action": "" }, "geometry": { "type": "Polygon", "coordinates": [ [ [ 54.5156246, 24.3681202 ], [ 54.5157749, 24.3681261 ], [ 54.5157869, 24.3678722 ], [ 54.5156366, 24.3678663 ], [ 54.5156246, 24.3681202 ] ] ] } },
{ "type": "Feature", "properties": { "id": "B-18338", "area_m2": 180.0, "surface_label": "Building / roof", "p_roof": 0.5, "dark_roof": true, "heat_zone": "elevated", "LST_C": 56.700001, "new_since_2017": false, "street": "Al Mazj 1 Street", "action": "" }, "geometry": { "type": "Polygon", "coordinates": [ [ [ 54.514769, 24.3679345 ], [ 54.5147727, 24.3678557 ], [ 54.5145705, 24.3678478 ], [ 54.5145668, 24.3679266 ], [ 54.514769, 24.3679345 ] ] ] } },
{ "type": "Feature", "properties": { "id": "B-18339", "area_m2": 354.0, "surface_label": "Building / roof", "p_roof": 0.6, "dark_roof": true, "heat_zone": "elevated", "LST_C": 56.8, "new_since_2017": false, "street": "Al Mazj 2 Street", "action": "" }, "geometry": { "type": "Polygon", "coordinates": [ [ [ 54.5149702, 24.3680933 ], [ 54.5150673, 24.3680971 ], [ 54.5150775, 24.367882 ], [ 54.5148581, 24.3678734 ], [ 54.5148541, 24.3679592 ], [ 54.5149763, 24.367964 ], [ 54.5149745, 24.3680023 ], [ 54.5149702, 24.3680933 ] ] ] } },
{ "type": "Feature", "properties": { "id": "B-18340", "area_m2": 145.0, "surface_label": "Building / roof", "p_roof": 0.62, "dark_roof": true, "heat_zone": "elevated", "LST_C": 56.8, "new_since_2017": false, "street": "Al Mazj 2 Street", "action": "" }, "geometry": { "type": "Polygon", "coordinates": [ [ [ 54.5148334, 24.3679968 ], [ 54.5148291, 24.3680878 ], [ 54.5149702, 24.3680933 ], [ 54.5149745, 24.3680023 ], [ 54.5148334, 24.3679968 ] ] ] } },
{ "type": "Feature", "properties": { "id": "B-18341", "area_m2": 175.0, "surface_label": "Road / dark pavement", "p_roof": 0.17, "dark_roof": true, "heat_zone": "elevated", "LST_C": 56.8, "new_since_2017": false, "street": "Al Hiraf Street", "action": "" }, "geometry": { "type": "Polygon", "coordinates": [ [ [ 54.5147328, 24.3682717 ], [ 54.5145573, 24.3682648 ], [ 54.5145531, 24.3683535 ], [ 54.5147286, 24.3683604 ], [ 54.5147328, 24.3682717 ] ] ] } },
{ "type": "Feature", "properties": { "id": "B-18342", "area_m2": 305.0, "surface_label": "Road / dark pavement", "p_roof": 0.27, "dark_roof": true, "heat_zone": "elevated", "LST_C": 56.8, "new_since_2017": false, "street": "Al Hiraf Street", "action": "" }, "geometry": { "type": "Polygon", "coordinates": [ [ [ 54.5145263, 24.368119 ], [ 54.5145211, 24.3682277 ], [ 54.5147704, 24.3682375 ], [ 54.5147755, 24.3681287 ], [ 54.5145263, 24.368119 ] ] ] } },
{ "type": "Feature", "properties": { "id": "B-18343", "area_m2": 302.0, "surface_label": "Building / roof", "p_roof": 0.78, "dark_roof": true, "heat_zone": "elevated", "LST_C": 56.5, "new_since_2017": false, "street": "Al Mazj 1 Street", "action": "" }, "geometry": { "type": "Polygon", "coordinates": [ [ [ 54.5144847, 24.3679614 ], [ 54.514235, 24.3679516 ], [ 54.5142299, 24.3680591 ], [ 54.5144796, 24.3680689 ], [ 54.5144847, 24.3679614 ] ] ] } },
{ "type": "Feature", "properties": { "id": "B-18344", "area_m2": 228.0, "surface_label": "Road / dark pavement", "p_roof": 0.34, "dark_roof": true, "heat_zone": "elevated", "LST_C": 56.599998, "new_since_2017": false, "street": "Al Hiraf Street", "action": "" }, "geometry": { "type": "Polygon", "coordinates": [ [ [ 54.5139255, 24.3682485 ], [ 54.5139215, 24.3683332 ], [ 54.5141602, 24.3683425 ], [ 54.5141642, 24.3682578 ], [ 54.5139255, 24.3682485 ] ] ] } },
{ "type": "Feature", "properties": { "id": "B-18345", "area_m2": 322.0, "surface_label": "Building / roof", "p_roof": 0.93, "dark_roof": false, "heat_zone": "elevated", "LST_C": 56.5, "new_since_2017": false, "street": "Al Hiraf Street", "action": "" }, "geometry": { "type": "Polygon", "coordinates": [ [ [ 54.5141883, 24.368097 ], [ 54.5139321, 24.3680869 ], [ 54.5139268, 24.3681984 ], [ 54.5141831, 24.3682084 ], [ 54.5141883, 24.368097 ] ] ] } },
{ "type": "Feature", "properties": { "id": "B-18346", "area_m2": 448.0, "surface_label": "Building / roof", "p_roof": 0.94, "dark_roof": false, "heat_zone": "elevated", "LST_C": 56.400002, "new_since_2017": false, "street": "Al Mazj 1 Street", "action": "" }, "geometry": { "type": "Polygon", "coordinates": [ [ [ 54.5139563, 24.3678563 ], [ 54.5139481, 24.3680306 ], [ 54.5141762, 24.3680396 ], [ 54.5141845, 24.3678653 ], [ 54.5139563, 24.3678563 ] ] ] } },
{ "type": "Feature", "properties": { "id": "B-18347", "area_m2": 315.0, "surface_label": "Road / dark pavement", "p_roof": 0.01, "dark_roof": true, "heat_zone": "elevated", "LST_C": 56.200001, "new_since_2017": false, "street": "Al Mazj 1 Street", "action": "" }, "geometry": { "type": "Polygon", "coordinates": [ [ [ 54.5135687, 24.3678844 ], [ 54.5135747, 24.3677575 ], [ 54.5133542, 24.3677488 ], [ 54.5133482, 24.3678758 ], [ 54.5135687, 24.3678844 ] ] ] } },
{ "type": "Feature", "properties": { "id": "B-18348", "area_m2": 251.0, "surface_label": "Building / roof", "p_roof": 0.57, "dark_roof": true, "heat_zone": "elevated", "LST_C": 56.3, "new_since_2017": false, "street": "Al Mazj 1 Street", "action": "" }, "geometry": { "type": "Polygon", "coordinates": [ [ [ 54.5136639, 24.3677659 ], [ 54.5136588, 24.3678752 ], [ 54.5138624, 24.3678832 ], [ 54.5138676, 24.3677739 ], [ 54.5136639, 24.3677659 ] ] ] } },
{ "type": "Feature", "properties": { "id": "B-18349", "area_m2": 472.0, "surface_label": "Building / roof", "p_roof": 0.73, "dark_roof": true, "heat_zone": "elevated", "LST_C": 56.099998, "new_since_2017": false, "street": "Al Mazj 1 Street", "action": "" }, "geometry": { "type": "Polygon", "coordinates": [ [ [ 54.512984, 24.367838 ], [ 54.5127151, 24.3678275 ], [ 54.5127077, 24.3679834 ], [ 54.5129766, 24.3679939 ], [ 54.512984, 24.367838 ] ] ] } },
{ "type": "Feature", "properties": { "id": "B-18350", "area_m2": 266.0, "surface_label": "Building / roof", "p_roof": 0.35, "dark_roof": true, "heat_zone": "elevated", "LST_C": 56.099998, "new_since_2017": false, "street": "Al Mazj 1 Street", "action": "" }, "geometry": { "type": "Polygon", "coordinates": [ [ [ 54.5132643, 24.3678514 ], [ 54.5132694, 24.3677427 ], [ 54.5130524, 24.3677342 ], [ 54.5130473, 24.3678429 ], [ 54.5132643, 24.3678514 ] ] ] } },
{ "type": "Feature", "properties": { "id": "B-18351", "area_m2": 390.0, "surface_label": "Building / roof", "p_roof": 0.84, "dark_roof": true, "heat_zone": "elevated", "LST_C": 56.3, "new_since_2017": false, "street": "Al Hiraf Street", "action": "" }, "geometry": { "type": "Polygon", "coordinates": [ [ [ 54.5130202, 24.3680335 ], [ 54.51301380000001, 24.368169 ], [ 54.5132689, 24.368179 ], [ 54.5132753, 24.3680434 ], [ 54.5130202, 24.3680335 ] ] ] } },
{ "type": "Feature", "properties": { "id": "B-18352", "area_m2": 195.0, "surface_label": "Bare soil / sand", "p_roof": 0.43, "dark_roof": true, "heat_zone": "elevated", "LST_C": 56.3, "new_since_2017": false, "street": "Al Hiraf Street", "action": "" }, "geometry": { "type": "Polygon", "coordinates": [ [ [ 54.5105512, 24.3681544 ], [ 54.5104067, 24.3681487 ], [ 54.5104011, 24.3682685 ], [ 54.5105456, 24.3682742 ], [ 54.5105512, 24.3681544 ] ] ] } },
{ "type": "Feature", "properties": { "id": "B-18353", "area_m2": 614.0, "surface_label": "Building / roof", "p_roof": 0.86, "dark_roof": false, "heat_zone": "elevated", "LST_C": 56.099998, "new_since_2017": false, "street": "Al Hayal Street", "action": "" }, "geometry": { "type": "Polygon", "coordinates": [ [ [ 54.5105378, 24.3676792 ], [ 54.5107222, 24.3676865 ], [ 54.5107363, 24.3673909 ], [ 54.5105519, 24.3673836 ], [ 54.5105378, 24.3676792 ] ] ] } },
{ "type": "Feature", "properties": { "id": "B-18354", "area_m2": 531.0, "surface_label": "Building / roof", "p_roof": 1.0, "dark_roof": false, "heat_zone": "elevated", "LST_C": 56.099998, "new_since_2017": false, "street": "Al Hayal Street", "action": "" }, "geometry": { "type": "Polygon", "coordinates": [ [ [ 54.5108369, 24.3672883 ], [ 54.510845, 24.3671834 ], [ 54.5108547, 24.3669144 ], [ 54.5107301, 24.3669095 ], [ 54.5107149, 24.3672296 ], [ 54.5107123, 24.3672833 ], [ 54.5108369, 24.3672883 ] ] ] } },
{ "type": "Feature", "properties": { "id": "B-18355", "area_m2": 859.0, "surface_label": "Building / roof", "p_roof": 0.99, "dark_roof": false, "heat_zone": "elevated", "LST_C": 56.099998, "new_since_2017": false, "street": "Al Hiraf 2 Street", "action": "" }, "geometry": { "type": "Polygon", "coordinates": [ [ [ 54.5107149, 24.3672296 ], [ 54.5107301, 24.3669095 ], [ 54.5107316, 24.3668778 ], [ 54.510515, 24.3668692 ], [ 54.5104983, 24.3672211 ], [ 54.5107149, 24.3672296 ] ] ] } },
{ "type": "Feature", "properties": { "id": "B-18356", "area_m2": 435.0, "surface_label": "Building / roof", "p_roof": 0.62, "dark_roof": true, "heat_zone": "lower", "LST_C": 55.900002, "new_since_2017": false, "street": "Al Hayal Street", "action": "" }, "geometry": { "type": "Polygon", "coordinates": [ [ [ 54.5108637, 24.3668595 ], [ 54.510881, 24.3664972 ], [ 54.5107745, 24.366493 ], [ 54.5107573, 24.3668553 ], [ 54.5108637, 24.3668595 ] ] ] } },
{ "type": "Feature", "properties": { "id": "B-18479", "area_m2": 546.0, "surface_label": "Building / roof", "p_roof": 0.9, "dark_roof": false, "heat_zone": "lower", "LST_C": 55.400002, "new_since_2017": false, "street": "Al Hiraf 4 Street", "action": "" }, "geometry": { "type": "Polygon", "coordinates": [ [ [ 54.5092014, 24.3645878 ], [ 54.5090521, 24.3645829 ], [ 54.5090391, 24.3649073 ], [ 54.5091885, 24.3649122 ], [ 54.5092014, 24.3645878 ] ] ] } },
{ "type": "Feature", "properties": { "id": "B-18480", "area_m2": 425.0, "surface_label": "Building / roof", "p_roof": 0.71, "dark_roof": true, "heat_zone": "lower", "LST_C": 55.700001, "new_since_2017": false, "street": "Al Hiraf 2 Street", "action": "" }, "geometry": { "type": "Polygon", "coordinates": [ [ [ 54.5098358, 24.3646153 ], [ 54.5098227, 24.3649438 ], [ 54.5099377, 24.3649476 ], [ 54.5099508, 24.3646191 ], [ 54.5098358, 24.3646153 ] ] ] } },
{ "type": "Feature", "properties": { "id": "B-18481", "area_m2": 892.0, "surface_label": "Building / roof", "p_roof": 0.9, "dark_roof": false, "heat_zone": "lower", "LST_C": 55.599998, "new_since_2017": false, "street": "Al Hiraf 2 Street", "action": "" }, "geometry": { "type": "Polygon", "coordinates": [ [ [ 54.5095193, 24.3649409 ], [ 54.5097617, 24.3649489 ], [ 54.5097747, 24.364622 ], [ 54.5095323, 24.364614 ], [ 54.5095193, 24.3649409 ] ] ] } },
{ "type": "Feature", "properties": { "id": "B-18482", "area_m2": 563.0, "surface_label": "Building / roof", "p_roof": 0.96, "dark_roof": false, "heat_zone": "lower", "LST_C": 55.5, "new_since_2017": false, "street": "Al Hiraf 4 Street", "action": "" }, "geometry": { "type": "Polygon", "coordinates": [ [ [ 54.5092383, 24.3649415 ], [ 54.5094642, 24.3649489 ], [ 54.509473, 24.3647277 ], [ 54.5092471, 24.3647202 ], [ 54.5092383, 24.3649415 ] ] ] } },
{ "type": "Feature", "properties": { "id": "B-18483", "area_m2": 843.0, "surface_label": "Building / roof", "p_roof": 0.95, "dark_roof": false, "heat_zone": "lower", "LST_C": 55.700001, "new_since_2017": false, "street": "Al Hiraf 4 Street", "action": "" }, "geometry": { "type": "Polygon", "coordinates": [ [ [ 54.5094649, 24.3650013 ], [ 54.509261, 24.3649946 ], [ 54.5092463, 24.3653617 ], [ 54.5094503, 24.3653685 ], [ 54.5094649, 24.3650013 ] ] ] } },
{ "type": "Feature", "properties": { "id": "B-18484", "area_m2": 1219.0, "surface_label": "Building / roof", "p_roof": 0.96, "dark_roof": false, "heat_zone": "lower", "LST_C": 55.700001, "new_since_2017": false, "street": "Al Hiraf 2 Street", "action": "" }, "geometry": { "type": "Polygon", "coordinates": [ [ [ 54.5097841, 24.3653874 ], [ 54.5097995, 24.3650021 ], [ 54.5095186, 24.3649928 ], [ 54.5095033, 24.3653781 ], [ 54.5097841, 24.3653874 ] ] ] } },
{ "type": "Feature", "properties": { "id": "B-18485", "area_m2": 328.0, "surface_label": "Building / roof", "p_roof": 0.51, "dark_roof": true, "heat_zone": "lower", "LST_C": 55.700001, "new_since_2017": false, "street": "Al Hiraf 2 Street", "action": "" }, "geometry": { "type": "Polygon", "coordinates": [ [ [ 54.5098136, 24.3654448 ], [ 54.5098019, 24.3657396 ], [ 54.5099008, 24.3657429 ], [ 54.5099125, 24.3654481 ], [ 54.5098136, 24.3654448 ] ] ] } },
{ "type": "Feature", "properties": { "id": "B-18486", "area_m2": 422.0, "surface_label": "Building / roof", "p_roof": 0.73, "dark_roof": false, "heat_zone": "lower", "LST_C": 55.8, "new_since_2017": false, "street": "Al Hiraf 2 Street", "action": "" }, "geometry": { "type": "Polygon", "coordinates": [ [ [ 54.5097734, 24.3657441 ], [ 54.5097855, 24.3654403 ], [ 54.5096621, 24.3654362 ], [ 54.50965, 24.36574 ], [ 54.5097734, 24.3657441 ] ] ] } },
{ "type": "Feature", "properties": { "id": "B-18487", "area_m2": 743.0, "surface_label": "Building / roof", "p_roof": 0.78, "dark_roof": false, "heat_zone": "lower", "LST_C": 55.900002, "new_since_2017": false, "street": "Al Hiraf 4 Street", "action": "" }, "geometry": { "type": "Polygon", "coordinates": [ [ [ 54.5094274, 24.3658296 ], [ 54.5092461, 24.3658236 ], [ 54.5092316, 24.3661876 ], [ 54.5094129, 24.3661935 ], [ 54.5094274, 24.3658296 ] ] ] } },
{ "type": "Feature", "properties": { "id": "B-18488", "area_m2": 733.0, "surface_label": "Building / roof", "p_roof": 0.99, "dark_roof": false, "heat_zone": "elevated", "LST_C": 56.0, "new_since_2017": false, "street": "Al Hiraf 2 Street", "action": "" }, "geometry": { "type": "Polygon", "coordinates": [ [ [ 54.5094247, 24.3662352 ], [ 54.50941, 24.3666057 ], [ 54.5095856, 24.3666115 ], [ 54.5096004, 24.366241 ], [ 54.5094247, 24.3662352 ] ] ] } },
{ "type": "Feature", "properties": { "id": "B-18489", "area_m2": 1021.0, "surface_label": "Building / roof", "p_roof": 0.94, "dark_roof": false, "heat_zone": "lower", "LST_C": 56.0, "new_since_2017": false, "street": "Al Hiraf 4 Street", "action": "" }, "geometry": { "type": "Polygon", "coordinates": [ [ [ 54.5093791, 24.3662376 ], [ 54.5089904, 24.3662248 ], [ 54.5089858, 24.3663395 ], [ 54.5091906, 24.3663463 ], [ 54.5091806, 24.3665968 ], [ 54.5093646, 24.3666029 ], [ 54.5093791, 24.3662376 ] ] ] } },
{ "type": "Feature", "properties": { "id": "B-18490", "area_m2": 265.0, "surface_label": "Building / roof", "p_roof": 0.62, "dark_roof": true, "heat_zone": "elevated", "LST_C": 56.0, "new_since_2017": false, "street": "Al Hiraf 4 Street", "action": "" }, "geometry": { "type": "Polygon", "coordinates": [ [ [ 54.5082311, 24.3668204 ], [ 54.5083464, 24.3668242 ], [ 54.5083545, 24.36662 ], [ 54.5082393, 24.3666162 ], [ 54.5082311, 24.3668204 ] ] ] } },
{ "type": "Feature", "properties": { "id": "B-18491", "area_m2": 606.0, "surface_label": "Building / roof", "p_roof": 0.92, "dark_roof": false, "heat_zone": "elevated", "LST_C": 56.099998, "new_since_2017": false, "street": "Al Hiraf 6 Street", "action": "" }, "geometry": { "type": "Polygon", "coordinates": [ [ [ 54.5075928, 24.3668369 ], [ 54.5078961, 24.3668469 ], [ 54.5079049, 24.3666247 ], [ 54.5077252, 24.3666188 ], [ 54.5077208, 24.3667289 ], [ 54.5075972, 24.3667248 ], [ 54.5075928, 24.3668369 ] ] ] } },
{ "type": "Feature", "properties": { "id": "B-18492", "area_m2": 606.0, "surface_label": "Building / roof", "p_roof": 0.79, "dark_roof": false, "heat_zone": "elevated", "LST_C": 56.099998, "new_since_2017": false, "street": "Al Hiraf 6 Street", "action": "" }, "geometry": { "type": "Polygon", "coordinates": [ [ [ 54.5077839, 24.3669657 ], [ 54.5077881, 24.3668595 ], [ 54.5075619, 24.366852 ], [ 54.5075672, 24.3667204 ], [ 54.507442, 24.3667162 ], [ 54.5074325, 24.3669541 ], [ 54.5077839, 24.3669657 ] ] ] } },
{ "type": "Feature", "properties": { "id": "B-18493", "area_m2": 370.0, "surface_label": "Building / roof", "p_roof": 0.67, "dark_roof": false, "heat_zone": "lower", "LST_C": 55.900002, "new_since_2017": false, "street": "Al Hiraf Street", "action": "" }, "geometry": { "type": "Polygon", "coordinates": [ [ [ 54.5087971, 24.3681043 ], [ 54.5083894, 24.368086 ], [ 54.508385, 24.3681665 ], [ 54.5087927, 24.3681848 ], [ 54.5087971, 24.3681043 ] ] ] } },
{ "type": "Feature", "properties": { "id": "B-18494", "area_m2": 515.0, "surface_label": "Building / roof", "p_roof": 0.79, "dark_roof": false, "heat_zone": "elevated", "LST_C": 56.3, "new_since_2017": false, "street": "Al Hiraf Street", "action": "" }, "geometry": { "type": "Polygon", "coordinates": [ [ [ 54.5090358, 24.3681214 ], [ 54.5092423, 24.3681275 ], [ 54.5092502, 24.3679059 ], [ 54.5090437, 24.3678997 ], [ 54.5090358, 24.3681214 ] ] ] } },
{ "type": "Feature", "properties": { "id": "B-18495", "area_m2": 859.0, "surface_label": "Building / roof", "p_roof": 0.83, "dark_roof": false, "heat_zone": "elevated", "LST_C": 56.0, "new_since_2017": false, "street": "Al Hiraf Street", "action": "" }, "geometry": { "type": "Polygon", "coordinates": [ [ [ 54.5083894, 24.368086 ], [ 54.5087971, 24.3681043 ], [ 54.5088072, 24.3679174 ], [ 54.50839950000001, 24.367899 ], [ 54.5083894, 24.368086 ] ] ] } },
{ "type": "Feature", "properties": { "id": "B-18496", "area_m2": 846.0, "surface_label": "Road / dark pavement", "p_roof": 0.35, "dark_roof": true, "heat_zone": "lower", "LST_C": 55.900002, "new_since_2017": false, "street": "Al Hiraf Street", "action": "" }, "geometry": { "type": "Polygon", "coordinates": [ [ [ 54.5083666, 24.3680579 ], [ 54.508375, 24.3678762 ], [ 54.5079619, 24.3678603 ], [ 54.5079535, 24.368042 ], [ 54.5083666, 24.3680579 ] ] ] } },
{ "type": "Feature", "properties": { "id": "B-18497", "area_m2": 366.0, "surface_label": "Building / roof", "p_roof": 0.99, "dark_roof": false, "heat_zone": "elevated", "LST_C": 56.5, "new_since_2017": false, "street": "Abu Al Hinna-a 7 Street", "action": "" }, "geometry": { "type": "Polygon", "coordinates": [ [ [ 54.5099343, 24.369095 ], [ 54.5099244, 24.3693725 ], [ 54.5100416, 24.369376 ], [ 54.5100427, 24.3693455 ], [ 54.5100476, 24.3692077 ], [ 54.5100515, 24.3690985 ], [ 54.5099343, 24.369095 ] ] ] } },
{ "type": "Feature", "properties": { "id": "B-18498", "area_m2": 830.0, "surface_label": "Bare soil / sand", "p_roof": 0.26, "dark_roof": true, "heat_zone": "elevated", "LST_C": 56.3, "new_since_2017": false, "street": "Abu Al Hinna-a 7 Street", "action": "" }, "geometry": { "type": "Polygon", "coordinates": [ [ [ 54.5090325, 24.3692072 ], [ 54.5090252, 24.3694131 ], [ 54.5093831, 24.3694237 ], [ 54.5093905, 24.3692178 ], [ 54.5090325, 24.3692072 ] ] ] } },
{ "type": "Feature", "properties": { "id": "B-18499", "area_m2": 438.0, "surface_label": "Building / roof", "p_roof": 0.46, "dark_roof": true, "heat_zone": "lower", "LST_C": 55.900002, "new_since_2017": false, "street": "Abu Al Hinna-a 7 Street", "action": "" }, "geometry": { "type": "Polygon", "coordinates": [ [ [ 54.5085758, 24.3693241 ], [ 54.5085719, 24.3694333 ], [ 54.5089285, 24.3694439 ], [ 54.5089324, 24.3693347 ], [ 54.5085758, 24.3693241 ] ] ] } },
{ "type": "Feature", "properties": { "id": "B-18500", "area_m2": 307.0, "surface_label": "Building / roof", "p_roof": 0.61, "dark_roof": false, "heat_zone": "lower", "LST_C": 55.8, "new_since_2017": false, "street": "Abu Al Hinna-a 7 Street", "action": "" }, "geometry": { "type": "Polygon", "coordinates": [ [ [ 54.5089332, 24.3692362 ], [ 54.5085819, 24.3692258 ], [ 54.5085792, 24.3693033 ], [ 54.5089305, 24.3693137 ], [ 54.5089332, 24.3692362 ] ] ] } },
{ "type": "Feature", "properties": { "id": "B-18501", "area_m2": 377.0, "surface_label": "Road / dark pavement", "p_roof": 0.44, "dark_roof": true, "heat_zone": "lower", "LST_C": 55.5, "new_since_2017": false, "street": "Abu Al Hinna-a 7 Street", "action": "" }, "geometry": { "type": "Polygon", "coordinates": [ [ [ 54.5081265, 24.3693137 ], [ 54.5081231, 24.3694111 ], [ 54.5084672, 24.3694212 ], [ 54.5084706, 24.3693239 ], [ 54.5081265, 24.3693137 ] ] ] } },
{ "type": "Feature", "properties": { "id": "B-18502", "area_m2": 523.0, "surface_label": "Building / roof", "p_roof": 0.98, "dark_roof": false, "heat_zone": "lower", "LST_C": 55.400002, "new_since_2017": false, "street": "Abu Al Hinna-a 7 Street", "action": "" }, "geometry": { "type": "Polygon", "coordinates": [ [ [ 54.5084859, 24.3691414 ], [ 54.5081979, 24.369133 ], [ 54.5081922, 24.3692942 ], [ 54.5084802, 24.3693026 ], [ 54.5084859, 24.3691414 ] ] ] } },
{ "type": "Feature", "properties": { "id": "B-18503", "area_m2": 274.0, "surface_label": "Building / roof", "p_roof": 0.89, "dark_roof": false, "heat_zone": "lower", "LST_C": 55.3, "new_since_2017": false, "street": "Abu Al Hinna-a 7 Street", "action": "" }, "geometry": { "type": "Polygon", "coordinates": [ [ [ 54.5076464, 24.3692844 ], [ 54.5076409, 24.369389 ], [ 54.5078731, 24.3693992 ], [ 54.5078786, 24.3692946 ], [ 54.5076464, 24.3692844 ] ] ] } },
{ "type": "Feature", "properties": { "id": "B-18504", "area_m2": 370.0, "surface_label": "Building / roof", "p_roof": 0.89, "dark_roof": false, "heat_zone": "lower", "LST_C": 55.3, "new_since_2017": false, "street": "Abu Al Hinna-a 7 Street", "action": "" }, "geometry": { "type": "Polygon", "coordinates": [ [ [ 54.5079642, 24.3691354 ], [ 54.5076588, 24.3691219 ], [ 54.5076531, 24.3692295 ], [ 54.5079585, 24.369243 ], [ 54.5079642, 24.3691354 ] ] ] } },
{ "type": "Feature", "properties": { "id": "B-18505", "area_m2": 345.0, "surface_label": "Building / roof", "p_roof": 0.91, "dark_roof": false, "heat_zone": "lower", "LST_C": 55.3, "new_since_2017": false, "street": "Al Hiraf Street", "action": "" }, "geometry": { "type": "Polygon", "coordinates": [ [ [ 54.5076585, 24.3690865 ], [ 54.5079369, 24.3690988 ], [ 54.5079428, 24.3689888 ], [ 54.5076644, 24.3689765 ], [ 54.5076585, 24.3690865 ] ] ] } },
{ "type": "Feature", "properties": { "id": "B-18506", "area_m2": 432.0, "surface_label": "Building / roof", "p_roof": 0.99, "dark_roof": false, "heat_zone": "lower", "LST_C": 55.5, "new_since_2017": false, "street": "Al Hiraf Street", "action": "" }, "geometry": { "type": "Polygon", "coordinates": [ [ [ 54.5075901, 24.369089 ], [ 54.5075958, 24.3689813 ], [ 54.5072401, 24.3689655 ], [ 54.5072343, 24.3690732 ], [ 54.5075901, 24.369089 ] ] ] } },
{ "type": "Feature", "properties": { "id": "B-18507", "area_m2": 538.0, "surface_label": "Building / roof", "p_roof": 0.92, "dark_roof": false, "heat_zone": "lower", "LST_C": 55.400002, "new_since_2017": false, "street": "Abu Al Hinna-a 7 Street", "action": "" }, "geometry": { "type": "Polygon", "coordinates": [ [ [ 54.5072293, 24.3691073 ], [ 54.5072223, 24.3692391 ], [ 54.5075847, 24.3692551 ], [ 54.5075917, 24.3691233 ], [ 54.5072293, 24.3691073 ] ] ] } },
{ "type": "Feature", "properties": { "id": "B-18508", "area_m2": 766.0, "surface_label": "Building / roof", "p_roof": 0.93, "dark_roof": false, "heat_zone": "lower", "LST_C": 55.3, "new_since_2017": false, "street": "Abu Al Hinna-a 7 Street", "action": "" }, "geometry": { "type": "Polygon", "coordinates": [ [ [ 54.5068887, 24.3699563 ], [ 54.5064846, 24.3699384 ], [ 54.5064756, 24.3701065 ], [ 54.5068797, 24.3701244 ], [ 54.5068887, 24.3699563 ] ] ] } },
{ "type": "Feature", "properties": { "id": "B-18509", "area_m2": 1203.0, "surface_label": "Building / roof", "p_roof": 0.99, "dark_roof": false, "heat_zone": "lower", "LST_C": 55.5, "new_since_2017": false, "street": "Abu Al Hinna-a 3 Street", "action": "" }, "geometry": { "type": "Polygon", "coordinates": [ [ [ 54.5077322, 24.3706062 ], [ 54.5077481, 24.370308 ], [ 54.5073903, 24.3702922 ], [ 54.5073744, 24.3705904 ], [ 54.5077322, 24.3706062 ] ] ] } },
{ "type": "Feature", "properties": { "id": "B-18529", "area_m2": 828.0, "surface_label": "Building / roof", "p_roof": 0.99, "dark_roof": false, "heat_zone": "lower", "LST_C": 55.200001, "new_since_2017": false, "street": "Abu Al Hinna-a 7 Street", "action": "" }, "geometry": { "type": "Polygon", "coordinates": [ [ [ 54.5064086, 24.3701273 ], [ 54.5064126, 24.3699218 ], [ 54.5060545, 24.369916 ], [ 54.5060505, 24.3701215 ], [ 54.5064086, 24.3701273 ] ] ] } },
{ "type": "Feature", "properties": { "id": "B-18555", "area_m2": 1002.0, "surface_label": "Building / roof", "p_roof": 0.82, "dark_roof": false, "heat_zone": "lower", "LST_C": 55.599998, "new_since_2017": false, "street": "Abu Al Hinna-a 1 Street", "action": "" }, "geometry": { "type": "Polygon", "coordinates": [ [ [ 54.5059808, 24.3717459 ], [ 54.5059754, 24.3718596 ], [ 54.5067573, 24.3718902 ], [ 54.5067626, 24.3717765 ], [ 54.5059808, 24.3717459 ] ] ] } },
{ "type": "Feature", "properties": { "id": "B-18556", "area_m2": 1813.0, "surface_label": "Building / roof", "p_roof": 0.98, "dark_roof": false, "heat_zone": "lower", "LST_C": 55.599998, "new_since_2017": false, "street": "Abu Al Hinna-a 1 Street", "action": "" }, "geometry": { "type": "Polygon", "coordinates": [ [ [ 54.5067304, 24.3715077 ], [ 54.5060479, 24.3714656 ], [ 54.5060304, 24.3717007 ], [ 54.5067129, 24.3717429 ], [ 54.5067304, 24.3715077 ] ] ] } },
{ "type": "Feature", "properties": { "id": "B-18557", "area_m2": 220.0, "surface_label": "Building / roof", "p_roof": 0.67, "dark_roof": false, "heat_zone": "lower", "LST_C": 55.5, "new_since_2017": false, "street": "Abu Al Hinna-a 3 Street", "action": "" }, "geometry": { "type": "Polygon", "coordinates": [ [ [ 54.5072454, 24.371421 ], [ 54.5068921, 24.3714098 ], [ 54.50689, 24.371465 ], [ 54.5072433, 24.3714762 ], [ 54.5072454, 24.371421 ] ] ] } },
{ "type": "Feature", "properties": { "id": "B-18558", "area_m2": 404.0, "surface_label": "Building / roof", "p_roof": 0.84, "dark_roof": false, "heat_zone": "lower", "LST_C": 55.0, "new_since_2017": false, "street": "Abu Al Hinna-a 4 Street", "action": "" }, "geometry": { "type": "Polygon", "coordinates": [ [ [ 54.5078932, 24.3714149 ], [ 54.5080753, 24.3714207 ], [ 54.5080829, 24.3712236 ], [ 54.5079007, 24.3712178 ], [ 54.5078932, 24.3714149 ] ] ] } },
{ "type": "Feature", "properties": { "id": "B-18559", "area_m2": 375.0, "surface_label": "Building / roof", "p_roof": 0.72, "dark_roof": false, "heat_zone": "lower", "LST_C": 55.5, "new_since_2017": false, "street": "Abu Al Hinna-a 1 Street", "action": "" }, "geometry": { "type": "Polygon", "coordinates": [ [ [ 54.5068659, 24.3717655 ], [ 54.50686180000001, 24.3718537 ], [ 54.5072387, 24.3718681 ], [ 54.5072428, 24.3717799 ], [ 54.5068659, 24.3717655 ] ] ] } },
{ "type": "Feature", "properties": { "id": "B-18560", "area_m2": 907.0, "surface_label": "Building / roof", "p_roof": 0.98, "dark_roof": false, "heat_zone": "lower", "LST_C": 55.5, "new_since_2017": false, "street": "Abu Al Hinna-a 1 Street", "action": "" }, "geometry": { "type": "Polygon", "coordinates": [ [ [ 54.507228, 24.3715138 ], [ 54.5068944, 24.3715011 ], [ 54.5068833, 24.3717423 ], [ 54.5072169, 24.371755 ], [ 54.507228, 24.3715138 ] ] ] } },
{ "type": "Feature", "properties": { "id": "B-18561", "area_m2": 935.0, "surface_label": "Building / roof", "p_roof": 1.0, "dark_roof": false, "heat_zone": "lower", "LST_C": 55.200001, "new_since_2017": false, "street": "Abu Al Hinna-a 1 Street", "action": "" }, "geometry": { "type": "Polygon", "coordinates": [ [ [ 54.5076665, 24.371774 ], [ 54.507678, 24.3715241 ], [ 54.507346, 24.3715114 ], [ 54.5073345, 24.3717614 ], [ 54.5076665, 24.371774 ] ] ] } },
{ "type": "Feature", "properties": { "id": "B-18562", "area_m2": 779.0, "surface_label": "Building / roof", "p_roof": 0.8, "dark_roof": false, "heat_zone": "lower", "LST_C": 55.0, "new_since_2017": false, "street": "Abu Al Hinna-a 4 Street", "action": "" }, "geometry": { "type": "Polygon", "coordinates": [ [ [ 54.5080394, 24.3715615 ], [ 54.5077653, 24.371551 ], [ 54.5077537, 24.3718034 ], [ 54.5080277, 24.3718138 ], [ 54.5080394, 24.3715615 ] ] ] } },
{ "type": "Feature", "properties": { "id": "B-18563", "area_m2": 379.0, "surface_label": "Building / roof", "p_roof": 0.8, "dark_roof": false, "heat_zone": "lower", "LST_C": 55.200001, "new_since_2017": false, "street": "Abu Al Hinna-a 1 Street", "action": "" }, "geometry": { "type": "Polygon", "coordinates": [ [ [ 54.507688, 24.3717899 ], [ 54.5073098, 24.3717789 ], [ 54.5073067, 24.3718678 ], [ 54.5076849, 24.3718788 ], [ 54.507688, 24.3717899 ] ] ] } },
{ "type": "Feature", "properties": { "id": "B-18704", "area_m2": 273.0, "surface_label": "Building / roof", "p_roof": 0.8, "dark_roof": true, "heat_zone": "lower", "LST_C": 56.0, "new_since_2017": false, "street": "Ad Diman 6 Street", "action": "" }, "geometry": { "type": "Polygon", "coordinates": [ [ [ 54.5197794, 24.3473092 ], [ 54.5197861, 24.3471722 ], [ 54.5195943, 24.3471748 ], [ 54.5195889, 24.3472911 ], [ 54.5197794, 24.3473092 ] ] ] } },
{ "type": "Feature", "properties": { "id": "B-18705", "area_m2": 338.0, "surface_label": "Building / roof", "p_roof": 0.88, "dark_roof": false, "heat_zone": "lower", "LST_C": 55.900002, "new_since_2017": false, "street": "Mohammed Bin Khalifa Al Kindi Street", "action": "" }, "geometry": { "type": "Polygon", "coordinates": [ [ [ 54.5200355, 24.3471871 ], [ 54.5198073, 24.3471777 ], [ 54.5198008, 24.3473092 ], [ 54.520029, 24.3473186 ], [ 54.5200355, 24.3471871 ] ] ] } },
{ "type": "Feature", "properties": { "id": "B-18706", "area_m2": 339.0, "surface_label": "Building / roof", "p_roof": 0.92, "dark_roof": false, "heat_zone": "lower", "LST_C": 55.900002, "new_since_2017": false, "street": "Mohammed Bin Khalifa Al Kindi Street", "action": "" }, "geometry": { "type": "Polygon", "coordinates": [ [ [ 54.520281, 24.3473324 ], [ 54.5202874, 24.3472013 ], [ 54.5200583, 24.3471919 ], [ 54.5200519, 24.3473231 ], [ 54.520281, 24.3473324 ] ] ] } },
{ "type": "Feature", "properties": { "id": "B-18707", "area_m2": 347.0, "surface_label": "Building / roof", "p_roof": 0.92, "dark_roof": false, "heat_zone": "elevated", "LST_C": 56.0, "new_since_2017": false, "street": "Mohammed Bin Khalifa Al Kindi Street", "action": "" }, "geometry": { "type": "Polygon", "coordinates": [ [ [ 54.520525, 24.3472017 ], [ 54.5203067, 24.3471928 ], [ 54.5202997, 24.3473337 ], [ 54.5205181, 24.3473426 ], [ 54.520525, 24.3472017 ] ] ] } },
{ "type": "Feature", "properties": { "id": "B-18708", "area_m2": 191.0, "surface_label": "Building / roof", "p_roof": 0.61, "dark_roof": true, "heat_zone": "elevated", "LST_C": 56.200001, "new_since_2017": false, "street": "Mohammed Bin Khalifa Al Kindi Street", "action": "" }, "geometry": { "type": "Polygon", "coordinates": [ [ [ 54.5206712, 24.3473434 ], [ 54.5206777, 24.3472119 ], [ 54.5205492, 24.3472066 ], [ 54.5205427, 24.3473382 ], [ 54.5206712, 24.3473434 ] ] ] } },
{ "type": "Feature", "properties": { "id": "B-18709", "area_m2": 656.0, "surface_label": "Building / roof", "p_roof": 0.53, "dark_roof": true, "heat_zone": "lower", "LST_C": 55.700001, "new_since_2017": false, "street": "Ad Diman 6 Street", "action": "" }, "geometry": { "type": "Polygon", "coordinates": [ [ [ 54.5192912, 24.3481596 ], [ 54.5191668, 24.3481545 ], [ 54.5191437, 24.3486227 ], [ 54.5192681, 24.3486278 ], [ 54.5192912, 24.3481596 ] ] ] } },
{ "type": "Feature", "properties": { "id": "B-18710", "area_m2": 784.0, "surface_label": "Building / roof", "p_roof": 0.91, "dark_roof": false, "heat_zone": "lower", "LST_C": 55.700001, "new_since_2017": false, "street": "Ad Diman 6 Street", "action": "" }, "geometry": { "type": "Polygon", "coordinates": [ [ [ 54.5184758, 24.348079 ], [ 54.5185, 24.34759 ], [ 54.5183578, 24.3475841 ], [ 54.5183337, 24.3480732 ], [ 54.5184758, 24.348079 ] ] ] } },
{ "type": "Feature", "properties": { "id": "B-18711", "area_m2": 1648.0, "surface_label": "Building / roof", "p_roof": 0.93, "dark_roof": false, "heat_zone": "lower", "LST_C": 55.700001, "new_since_2017": false, "street": "Ad Diman 6 Street", "action": "" }, "geometry": { "type": "Polygon", "coordinates": [ [ [ 54.5188098, 24.3475964 ], [ 54.5185136, 24.3475842 ], [ 54.5184892, 24.3480778 ], [ 54.5187854, 24.3480899 ], [ 54.5188098, 24.3475964 ] ] ] } },
{ "type": "Feature", "properties": { "id": "B-18712", "area_m2": 679.0, "surface_label": "Building / roof", "p_roof": 0.81, "dark_roof": false, "heat_zone": "lower", "LST_C": 55.5, "new_since_2017": false, "street": "Ad Diman 6 Street", "action": "" }, "geometry": { "type": "Polygon", "coordinates": [ [ [ 54.5187186, 24.3487547 ], [ 54.5186953, 24.3492259 ], [ 54.5188232, 24.3492312 ], [ 54.5188464, 24.3487599 ], [ 54.5187186, 24.3487547 ] ] ] } },
{ "type": "Feature", "properties": { "id": "B-18713", "area_m2": 1417.0, "surface_label": "Building / roof", "p_roof": 0.99, "dark_roof": false, "heat_zone": "lower", "LST_C": 55.5, "new_since_2017": false, "street": "Ad Diman 6 Street", "action": "" }, "geometry": { "type": "Polygon", "coordinates": [ [ [ 54.5184034, 24.3492251 ], [ 54.5186742, 24.3492361 ], [ 54.5186971, 24.3487718 ], [ 54.5184263, 24.3487607 ], [ 54.5184034, 24.3492251 ] ] ] } },
{ "type": "Feature", "properties": { "id": "B-18714", "area_m2": 576.0, "surface_label": "Building / roof", "p_roof": 0.84, "dark_roof": false, "heat_zone": "lower", "LST_C": 55.5, "new_since_2017": false, "street": "Ad Diman 6 Street", "action": "" }, "geometry": { "type": "Polygon", "coordinates": [ [ [ 54.5183927, 24.3487363 ], [ 54.518288, 24.348732 ], [ 54.5182639, 24.3492202 ], [ 54.5183686, 24.3492244 ], [ 54.5183927, 24.3487363 ] ] ] } },
{ "type": "Feature", "properties": { "id": "B-18715", "area_m2": 1179.0, "surface_label": "Building / roof", "p_roof": 0.95, "dark_roof": false, "heat_zone": "lower", "LST_C": 55.599998, "new_since_2017": false, "street": "Ad Diman 8 Street", "action": "" }, "geometry": { "type": "Polygon", "coordinates": [ [ [ 54.5181727, 24.3492299 ], [ 54.5181981, 24.3487166 ], [ 54.5179944, 24.3487082 ], [ 54.517969, 24.3492216 ], [ 54.5181727, 24.3492299 ] ] ] } },
{ "type": "Feature", "properties": { "id": "B-18716", "area_m2": 288.0, "surface_label": "Building / roof", "p_roof": 0.67, "dark_roof": false, "heat_zone": "lower", "LST_C": 55.700001, "new_since_2017": false, "street": "Ad Diman 8 Street", "action": "" }, "geometry": { "type": "Polygon", "coordinates": [ [ [ 54.5180789, 24.3495476 ], [ 54.5181759, 24.3495516 ], [ 54.5181888, 24.3492886 ], [ 54.5180918, 24.3492846 ], [ 54.5180789, 24.3495476 ] ] ] } },
{ "type": "Feature", "properties": { "id": "B-18717", "area_m2": 1138.0, "surface_label": "Building / roof", "p_roof": 0.85, "dark_roof": false, "heat_zone": "lower", "LST_C": 55.700001, "new_since_2017": false, "street": "Ad Diman 8 Street", "action": "" }, "geometry": { "type": "Polygon", "coordinates": [ [ [ 54.5181727, 24.3495757 ], [ 54.517739, 24.3495579 ], [ 54.5177275, 24.3497907 ], [ 54.5181613, 24.3498085 ], [ 54.5181727, 24.3495757 ] ] ] } },
{ "type": "Feature", "properties": { "id": "B-18718", "area_m2": 985.0, "surface_label": "Building / roof", "p_roof": 0.8, "dark_roof": false, "heat_zone": "lower", "LST_C": 55.5, "new_since_2017": false, "street": "Ad Diman 6 Street", "action": "" }, "geometry": { "type": "Polygon", "coordinates": [ [ [ 54.5187199, 24.350106 ], [ 54.5187309, 24.3498838 ], [ 54.5183377, 24.3498677 ], [ 54.5183267, 24.3500899 ], [ 54.5187199, 24.350106 ] ] ] } },
{ "type": "Feature", "properties": { "id": "B-18719", "area_m2": 910.0, "surface_label": "Building / roof", "p_roof": 0.78, "dark_roof": false, "heat_zone": "lower", "LST_C": 55.200001, "new_since_2017": false, "street": "Ad Diman 6 Street", "action": "" }, "geometry": { "type": "Polygon", "coordinates": [ [ [ 54.5183364, 24.3501915 ], [ 54.5183258, 24.3504058 ], [ 54.5187025, 24.3504212 ], [ 54.518713, 24.3502069 ], [ 54.5183364, 24.3501915 ] ] ] } },
{ "type": "Feature", "properties": { "id": "B-18720", "area_m2": 1848.0, "surface_label": "Building / roof", "p_roof": 0.6, "dark_roof": false, "heat_zone": "lower", "LST_C": 55.700001, "new_since_2017": false, "street": "Ad Diman 8 Street", "action": "" }, "geometry": { "type": "Polygon", "coordinates": [ [ [ 54.518158, 24.3498848 ], [ 54.517781, 24.3498694 ], [ 54.5177596, 24.3503044 ], [ 54.5181365, 24.3503198 ], [ 54.518158, 24.3498848 ] ] ] } },
{ "type": "Feature", "properties": { "id": "B-18732", "area_m2": 986.0, "surface_label": "Building / roof", "p_roof": 0.99, "dark_roof": false, "heat_zone": "lower", "LST_C": 54.599998, "new_since_2017": false, "street": "Abu Al Hinna-a 4 Street", "action": "" }, "geometry": { "type": "Polygon", "coordinates": [ [ [ 54.5090425, 24.3712182 ], [ 54.5089078, 24.3712144 ], [ 54.5088856, 24.3718644 ], [ 54.5090203, 24.3718683 ], [ 54.5090425, 24.3712182 ] ] ] } },
{ "type": "Feature", "properties": { "id": "B-18733", "area_m2": 418.0, "surface_label": "Building / roof", "p_roof": 0.57, "dark_roof": false, "heat_zone": "lower", "LST_C": 55.0, "new_since_2017": false, "street": "Abu Al Hinna-a 7 Street", "action": "" }, "geometry": { "type": "Polygon", "coordinates": [ [ [ 54.5096741, 24.3707081 ], [ 54.5099361, 24.3707155 ], [ 54.509941, 24.3705737 ], [ 54.5096789, 24.3705663 ], [ 54.5096741, 24.3707081 ] ] ] } },
{ "type": "Feature", "properties": { "id": "B-18734", "area_m2": 2999.0, "surface_label": "Building / roof", "p_roof": 0.66, "dark_roof": false, "heat_zone": "lower", "LST_C": 54.400002, "new_since_2017": false, "street": "Abu Al Hinna-a 1 Street", "action": "" }, "geometry": { "type": "Polygon", "coordinates": [ [ [ 54.5099011, 24.3716599 ], [ 54.5099331, 24.3707225 ], [ 54.5096489, 24.3707144 ], [ 54.5096169, 24.3716519 ], [ 54.5099011, 24.3716599 ] ] ] } },
{ "type": "Feature", "properties": { "id": "B-18875", "area_m2": 929.0, "surface_label": "Building / roof", "p_roof": 0.88, "dark_roof": false, "heat_zone": "lower", "LST_C": 53.599998, "new_since_2017": false, "street": "Al 'Afou 1 Street", "action": "" }, "geometry": { "type": "Polygon", "coordinates": [ [ [ 54.5104064, 24.3421408 ], [ 54.5102794, 24.3421355 ], [ 54.5102468, 24.3427847 ], [ 54.510373800000011, 24.34279 ], [ 54.5104064, 24.3421408 ] ] ] } },
{ "type": "Feature", "properties": { "id": "B-18876", "area_m2": 622.0, "surface_label": "Building / roof", "p_roof": 0.59, "dark_roof": true, "heat_zone": "lower", "LST_C": 54.200001, "new_since_2017": false, "street": "Al 'Afou 1 Street", "action": "" }, "geometry": { "type": "Polygon", "coordinates": [ [ [ 54.5112258, 24.3430034 ], [ 54.5111402, 24.3429999 ], [ 54.5111078, 24.3436449 ], [ 54.5111934, 24.3436485 ], [ 54.5112258, 24.3430034 ] ] ] } },
{ "type": "Feature", "properties": { "id": "B-18877", "area_m2": 2918.0, "surface_label": "Building / roof", "p_roof": 1.0, "dark_roof": false, "heat_zone": "lower", "LST_C": 55.400002, "new_since_2017": true, "street": "Al Hayal Street", "action": "" }, "geometry": { "type": "Polygon", "coordinates": [ [ [ 54.5115638, 24.3437036 ], [ 54.5119306, 24.3437189 ], [ 54.5119661, 24.3430132 ], [ 54.5115993, 24.3429979 ], [ 54.5115638, 24.3437036 ] ] ] } },
{ "type": "Feature", "properties": { "id": "B-18878", "area_m2": 3594.0, "surface_label": "Building / roof", "p_roof": 0.88, "dark_roof": false, "heat_zone": "lower", "LST_C": 55.5, "new_since_2017": true, "street": "Al 'Afou 1 Street", "action": "" }, "geometry": { "type": "Polygon", "coordinates": [ [ [ 54.5115061, 24.3442326 ], [ 54.5111734, 24.3442187 ], [ 54.5111252, 24.3451771 ], [ 54.5114579, 24.345191 ], [ 54.5115061, 24.3442326 ] ] ] } },
{ "type": "Feature", "properties": { "id": "B-18879", "area_m2": 3021.0, "surface_label": "Building / roof", "p_roof": 0.82, "dark_roof": false, "heat_zone": "elevated", "LST_C": 56.099998, "new_since_2017": true, "street": "Al Hayal Street", "action": "" }, "geometry": { "type": "Polygon", "coordinates": [ [ [ 54.5116362, 24.3452126 ], [ 54.5119102, 24.345224 ], [ 54.5119594, 24.3442461 ], [ 54.5116854, 24.3442346 ], [ 54.5116362, 24.3452126 ] ] ] } },
{ "type": "Feature", "properties": { "id": "B-18880", "area_m2": 2199.0, "surface_label": "Building / roof", "p_roof": 0.91, "dark_roof": false, "heat_zone": "elevated", "LST_C": 56.200001, "new_since_2017": false, "street": "Mohammed Bin Khalifa Al Kindi Street", "action": "" }, "geometry": { "type": "Polygon", "coordinates": [ [ [ 54.5111293, 24.3453396 ], [ 54.5111166, 24.3455907 ], [ 54.5118937, 24.3456231 ], [ 54.5119063, 24.3453721 ], [ 54.5111293, 24.3453396 ] ] ] } },
{ "type": "Feature", "properties": { "id": "B-18881", "area_m2": 489.0, "surface_label": "Building / roof", "p_roof": 0.67, "dark_roof": false, "heat_zone": "lower", "LST_C": 55.900002, "new_since_2017": false, "street": "Mohammed Bin Khalifa Al Kindi Street", "action": "" }, "geometry": { "type": "Polygon", "coordinates": [ [ [ 54.510625, 24.3454404 ], [ 54.5106187, 24.3455652 ], [ 54.5109663, 24.3455797 ], [ 54.5109726, 24.3454549 ], [ 54.510625, 24.3454404 ] ] ] } },
{ "type": "Feature", "properties": { "id": "B-18882", "area_m2": 463.0, "surface_label": "Building / roof", "p_roof": 0.96, "dark_roof": false, "heat_zone": "lower", "LST_C": 55.700001, "new_since_2017": false, "street": "Mohammed Bin Khalifa Al Kindi Street", "action": "" }, "geometry": { "type": "Polygon", "coordinates": [ [ [ 54.5109797, 24.3453256 ], [ 54.5106309, 24.345311 ], [ 54.510625, 24.3454288 ], [ 54.5109738, 24.3454434 ], [ 54.5109797, 24.3453256 ] ] ] } },
{ "type": "Feature", "properties": { "id": "B-18883", "area_m2": 854.0, "surface_label": "Building / roof", "p_roof": 0.95, "dark_roof": false, "heat_zone": "lower", "LST_C": 55.599998, "new_since_2017": false, "street": "Mohammed Bin Khalifa Al Kindi Street", "action": "" }, "geometry": { "type": "Polygon", "coordinates": [ [ [ 54.5106371, 24.3450965 ], [ 54.5106263, 24.3453108 ], [ 54.5106309, 24.345311 ], [ 54.5109797, 24.3453256 ], [ 54.5109905, 24.3451112 ], [ 54.5106371, 24.3450965 ] ] ] } },
{ "type": "Feature", "properties": { "id": "B-18884", "area_m2": 842.0, "surface_label": "Building / roof", "p_roof": 0.95, "dark_roof": false, "heat_zone": "lower", "LST_C": 55.400002, "new_since_2017": true, "street": "Al 'Afou 1 Street", "action": "" }, "geometry": { "type": "Polygon", "coordinates": [ [ [ 54.5109992, 24.3448985 ], [ 54.5106486, 24.3448839 ], [ 54.5106478, 24.3448839 ], [ 54.5106371, 24.3450965 ], [ 54.5109885, 24.3451111 ], [ 54.5109992, 24.3448985 ] ] ] } },
{ "type": "Feature", "properties": { "id": "B-18885", "area_m2": 884.0, "surface_label": "Building / roof", "p_roof": 0.96, "dark_roof": false, "heat_zone": "lower", "LST_C": 55.200001, "new_since_2017": true, "street": "Al 'Afou 1 Street", "action": "" }, "geometry": { "type": "Polygon", "coordinates": [ [ [ 54.5106599, 24.3446603 ], [ 54.5106486, 24.3448839 ], [ 54.5109992, 24.3448985 ], [ 54.5110104, 24.3446749 ], [ 54.5110089, 24.3446748 ], [ 54.5106599, 24.3446603 ] ] ] } },
{ "type": "Feature", "properties": { "id": "B-18886", "area_m2": 1336.0, "surface_label": "Building / roof", "p_roof": 0.97, "dark_roof": false, "heat_zone": "lower", "LST_C": 55.0, "new_since_2017": true, "street": "Al 'Afou 1 Street", "action": "" }, "geometry": { "type": "Polygon", "coordinates": [ [ [ 54.511026, 24.3443353 ], [ 54.5106769, 24.3443207 ], [ 54.5106599, 24.3446603 ], [ 54.5110089, 24.3446748 ], [ 54.511026, 24.3443353 ] ] ] } },
{ "type": "Feature", "properties": { "id": "B-18887", "area_m2": 503.0, "surface_label": "Building / roof", "p_roof": 1.0, "dark_roof": false, "heat_zone": "lower", "LST_C": 54.8, "new_since_2017": true, "street": "Al 'Afou 1 Street", "action": "" }, "geometry": { "type": "Polygon", "coordinates": [ [ [ 54.5106813, 24.3441935 ], [ 54.5106749, 24.3443206 ], [ 54.5106769, 24.3443207 ], [ 54.511026, 24.3443353 ], [ 54.5110324, 24.3442082 ], [ 54.5106813, 24.3441935 ] ] ] } },
{ "type": "Feature", "properties": { "id": "B-18888", "area_m2": 475.0, "surface_label": "Building / roof", "p_roof": 0.75, "dark_roof": false, "heat_zone": "lower", "LST_C": 54.599998, "new_since_2017": false, "street": "Al 'Afou 1 Street", "action": "" }, "geometry": { "type": "Polygon", "coordinates": [ [ [ 54.5105325, 24.3443133 ], [ 54.5105386, 24.3441922 ], [ 54.5101905, 24.3441776 ], [ 54.5101844, 24.3442987 ], [ 54.5105325, 24.3443133 ] ] ] } },
{ "type": "Feature", "properties": { "id": "B-18889", "area_m2": 2461.0, "surface_label": "Building / roof", "p_roof": 0.97, "dark_roof": false, "heat_zone": "lower", "LST_C": 54.8, "new_since_2017": true, "street": "Al 'Afou 1 Street", "action": "" }, "geometry": { "type": "Polygon", "coordinates": [ [ [ 54.5101757, 24.3444306 ], [ 54.5101435, 24.3450708 ], [ 54.5104922, 24.3450854 ], [ 54.5105196, 24.3445418 ], [ 54.5104681, 24.3445397 ], [ 54.510473, 24.344443 ], [ 54.5101757, 24.3444306 ] ] ] } },
{ "type": "Feature", "properties": { "id": "B-18890", "area_m2": 60.0, "surface_label": "Road / dark pavement", "p_roof": 0.37, "dark_roof": true, "heat_zone": "lower", "LST_C": 55.5, "new_since_2017": false, "street": "Mohammed Bin Khalifa Al Kindi Street", "action": "" }, "geometry": { "type": "Polygon", "coordinates": [ [ [ 54.5103347, 24.3452321 ], [ 54.510334, 24.3452656 ], [ 54.510493, 24.345268 ], [ 54.5104936, 24.3452345 ], [ 54.5103347, 24.3452321 ] ] ] } },
{ "type": "Feature", "properties": { "id": "B-18891", "area_m2": 222.0, "surface_label": "Building / roof", "p_roof": 0.59, "dark_roof": false, "heat_zone": "lower", "LST_C": 55.400002, "new_since_2017": false, "street": "Mohammed Bin Khalifa Al Kindi Street", "action": "" }, "geometry": { "type": "Polygon", "coordinates": [ [ [ 54.5104976, 24.3451001 ], [ 54.5103451, 24.3450932 ], [ 54.510338, 24.3452223 ], [ 54.5104905, 24.3452293 ], [ 54.5104976, 24.3451001 ] ] ] } },
{ "type": "Feature", "properties": { "id": "B-18892", "area_m2": 532.0, "surface_label": "Building / roof", "p_roof": 0.66, "dark_roof": true, "heat_zone": "lower", "LST_C": 55.8, "new_since_2017": false, "street": "Mohammed Bin Khalifa Al Kindi Street", "action": "" }, "geometry": { "type": "Polygon", "coordinates": [ [ [ 54.5101221, 24.3455522 ], [ 54.5104878, 24.3455689 ], [ 54.5104949, 24.3454398 ], [ 54.5101292, 24.3454232 ], [ 54.5101221, 24.3455522 ] ] ] } },
{ "type": "Feature", "properties": { "id": "B-18893", "area_m2": 551.0, "surface_label": "Building / roof", "p_roof": 0.92, "dark_roof": false, "heat_zone": "lower", "LST_C": 55.5, "new_since_2017": false, "street": "Mohammed Bin Khalifa Al Kindi Street", "action": "" }, "geometry": { "type": "Polygon", "coordinates": [ [ [ 54.5096996, 24.3453861 ], [ 54.5096925, 24.3455169 ], [ 54.5100658, 24.3455339 ], [ 54.5100729, 24.3454031 ], [ 54.5096996, 24.3453861 ] ] ] } },
{ "type": "Feature", "properties": { "id": "B-18894", "area_m2": 782.0, "surface_label": "Building / roof", "p_roof": 0.96, "dark_roof": false, "heat_zone": "lower", "LST_C": 55.200001, "new_since_2017": false, "street": "Mohammed Bin Khalifa Al Kindi Street", "action": "" }, "geometry": { "type": "Polygon", "coordinates": [ [ [ 54.5100966, 24.3449657 ], [ 54.5098956, 24.3449566 ], [ 54.5098767, 24.3453017 ], [ 54.5100777, 24.3453109 ], [ 54.5100966, 24.3449657 ] ] ] } },
{ "type": "Feature", "properties": { "id": "B-18895", "area_m2": 4206.0, "surface_label": "Building / roof", "p_roof": 0.7, "dark_roof": false, "heat_zone": "lower", "LST_C": 54.5, "new_since_2017": false, "street": "Al 'Afou 1 Street", "action": "" }, "geometry": { "type": "Polygon", "coordinates": [ [ [ 54.5099993, 24.3441802 ], [ 54.5092776, 24.3441473 ], [ 54.509204, 24.3454877 ], [ 54.5094119, 24.3454972 ], [ 54.5094754, 24.3443403 ], [ 54.5099892, 24.3443637 ], [ 54.5099993, 24.3441802 ] ] ] } },
{ "type": "Feature", "properties": { "id": "B-18896", "area_m2": 3003.0, "surface_label": "Building / roof", "p_roof": 0.95, "dark_roof": false, "heat_zone": "lower", "LST_C": 53.700001, "new_since_2017": false, "street": "Al 'Afou 1 Street", "action": "" }, "geometry": { "type": "Polygon", "coordinates": [ [ [ 54.5092383, 24.3441398 ], [ 54.50838, 24.3441007 ], [ 54.508363, 24.344411 ], [ 54.5092213, 24.3444501 ], [ 54.5092383, 24.3441398 ] ] ] } },
{ "type": "Feature", "properties": { "id": "B-19581", "area_m2": 421.0, "surface_label": "Building / roof", "p_roof": 0.68, "dark_roof": false, "heat_zone": "lower", "LST_C": 54.700001, "new_since_2017": false, "street": "Rouh Al 'Ata-a 4 Street", "action": "" }, "geometry": { "type": "Polygon", "coordinates": [ [ [ 54.5189711, 24.3434389 ], [ 54.5190994, 24.3434435 ], [ 54.5191119, 24.3431518 ], [ 54.5189837, 24.3431472 ], [ 54.5189711, 24.3434389 ] ] ] } },
{ "type": "Feature", "properties": { "id": "B-19582", "area_m2": 384.0, "surface_label": "Building / roof", "p_roof": 0.64, "dark_roof": true, "heat_zone": "lower", "LST_C": 54.5, "new_since_2017": false, "street": "Rouh Al 'Ata-a 4 Street", "action": "" }, "geometry": { "type": "Polygon", "coordinates": [ [ [ 54.5187065, 24.3431413 ], [ 54.5186942, 24.3434292 ], [ 54.5188125, 24.3434334 ], [ 54.5188248, 24.3431456 ], [ 54.5187065, 24.3431413 ] ] ] } },
{ "type": "Feature", "properties": { "id": "B-19583", "area_m2": 1418.0, "surface_label": "Building / roof", "p_roof": 0.83, "dark_roof": false, "heat_zone": "lower", "LST_C": 54.599998, "new_since_2017": false, "street": "Rouh Al 'Ata-a 4 Street", "action": "" }, "geometry": { "type": "Polygon", "coordinates": [ [ [ 54.5188847, 24.3426485 ], [ 54.5182903, 24.3426274 ], [ 54.5182812, 24.3428392 ], [ 54.5188756, 24.3428603 ], [ 54.5188847, 24.3426485 ] ] ] } },
{ "type": "Feature", "properties": { "id": "B-19584", "area_m2": 204.0, "surface_label": "Building / roof", "p_roof": 0.89, "dark_roof": false, "heat_zone": "lower", "LST_C": 54.8, "new_since_2017": false, "street": "Rouh Al 'Ata-a 4 Street", "action": "" }, "geometry": { "type": "Polygon", "coordinates": [ [ [ 54.5193856, 24.3425481 ], [ 54.5193031, 24.3425453 ], [ 54.5192996, 24.3426314 ], [ 54.5193265, 24.3426323 ], [ 54.5193241, 24.3426911 ], [ 54.5192958, 24.3426902 ], [ 54.5192921, 24.3427824 ], [ 54.519376, 24.3427853 ], [ 54.5193856, 24.3425481 ] ] ] } },
{ "type": "Feature", "properties": { "id": "B-19585", "area_m2": 3063.0, "surface_label": "Building / roof", "p_roof": 0.99, "dark_roof": false, "heat_zone": "lower", "LST_C": 55.099998, "new_since_2017": false, "street": "Rouh Al 'Ata-a 4 Street", "action": "" }, "geometry": { "type": "Polygon", "coordinates": [ [ [ 54.5198235, 24.3430475 ], [ 54.5198546, 24.3423216 ], [ 54.5194801, 24.3423083 ], [ 54.519449, 24.3430342 ], [ 54.5198235, 24.3430475 ] ] ] } },
{ "type": "Feature", "properties": { "id": "B-19589", "area_m2": 975.0, "surface_label": "Building / roof", "p_roof": 0.66, "dark_roof": true, "heat_zone": "elevated", "LST_C": 56.099998, "new_since_2017": false, "street": "Al Hayal Street", "action": "" }, "geometry": { "type": "Polygon", "coordinates": [ [ [ 54.511089, 24.3478823 ], [ 54.5110815, 24.3480564 ], [ 54.5115785, 24.3480741 ], [ 54.511586, 24.3479 ], [ 54.511089, 24.3478823 ] ] ] } },
{ "type": "Feature", "properties": { "id": "B-19590", "area_m2": 893.0, "surface_label": "Building / roof", "p_roof": 0.66, "dark_roof": true, "heat_zone": "lower", "LST_C": 55.5, "new_since_2017": false, "street": "Al Hayal Street", "action": "" }, "geometry": { "type": "Polygon", "coordinates": [ [ [ 54.511034, 24.3480497 ], [ 54.5110413, 24.3478806 ], [ 54.5105727, 24.3478639 ], [ 54.5105654, 24.348033 ], [ 54.511034, 24.3480497 ] ] ] } },
{ "type": "Feature", "properties": { "id": "B-19591", "area_m2": 3738.0, "surface_label": "Building / roof", "p_roof": 0.97, "dark_roof": false, "heat_zone": "lower", "LST_C": 55.099998, "new_since_2017": true, "street": "Al Hayal Street", "action": "" }, "geometry": { "type": "Polygon", "coordinates": [ [ [ 54.51263, 24.3493924 ], [ 54.5129199, 24.3494028 ], [ 54.5129285, 24.3492043 ], [ 54.5132157, 24.3492145 ], [ 54.5132318, 24.3488405 ], [ 54.5129445, 24.3488303 ], [ 54.5129532, 24.3486288 ], [ 54.5126632, 24.3486185 ], [ 54.51263, 24.3493924 ] ] ] } },
{ "type": "Feature", "properties": { "id": "B-19592", "area_m2": 679.0, "surface_label": "Building / roof", "p_roof": 0.63, "dark_roof": false, "heat_zone": "lower", "LST_C": 55.400002, "new_since_2017": false, "street": "Al Hayal Street", "action": "" }, "geometry": { "type": "Polygon", "coordinates": [ [ [ 54.512579, 24.3500333 ], [ 54.5127203, 24.3500383 ], [ 54.5127386, 24.3496121 ], [ 54.5125973, 24.349607 ], [ 54.512579, 24.3500333 ] ] ] } },
{ "type": "Feature", "properties": { "id": "B-19593", "area_m2": 685.0, "surface_label": "Building / roof", "p_roof": 0.64, "dark_roof": false, "heat_zone": "elevated", "LST_C": 56.099998, "new_since_2017": false, "street": "Street 24", "action": "" }, "geometry": { "type": "Polygon", "coordinates": [ [ [ 54.5126709, 24.3505959 ], [ 54.5126919, 24.3501067 ], [ 54.5125676, 24.3501023 ], [ 54.5125466, 24.3505915 ], [ 54.5126709, 24.3505959 ] ] ] } },
{ "type": "Feature", "properties": { "id": "B-19594", "area_m2": 803.0, "surface_label": "Building / roof", "p_roof": 0.96, "dark_roof": false, "heat_zone": "lower", "LST_C": 55.599998, "new_since_2017": false, "street": "Street 24", "action": "" }, "geometry": { "type": "Polygon", "coordinates": [ [ [ 54.5127657, 24.3504054 ], [ 54.5129799, 24.3504104 ], [ 54.5129846, 24.3502438 ], [ 54.5130059, 24.3502443 ], [ 54.5130102, 24.350093 ], [ 54.5127747, 24.3500874 ], [ 54.5127657, 24.3504054 ] ] ] } },
{ "type": "Feature", "properties": { "id": "B-19595", "area_m2": 1063.0, "surface_label": "Bare soil / sand", "p_roof": 0.12, "dark_roof": false, "heat_zone": "elevated", "LST_C": 56.700001, "new_since_2017": true, "street": "Ar Raha 8 Street", "action": "" }, "geometry": { "type": "Polygon", "coordinates": [ [ [ 54.5164347, 24.3498005 ], [ 54.5162261, 24.3497931 ], [ 54.5162067, 24.3502453 ], [ 54.5164153, 24.3502527 ], [ 54.5164347, 24.3498005 ] ] ] } },
{ "type": "Feature", "properties": { "id": "B-19603", "area_m2": 667.0, "surface_label": "Building / roof", "p_roof": 1.0, "dark_roof": false, "heat_zone": "lower", "LST_C": 55.700001, "new_since_2017": false, "street": "Ad Diman 6 Street", "action": "" }, "geometry": { "type": "Polygon", "coordinates": [ [ [ 54.5190833, 24.349109 ], [ 54.519203, 24.3491132 ], [ 54.5196285, 24.3491284 ], [ 54.5196332, 24.3490198 ], [ 54.519088, 24.3490004 ], [ 54.5190833, 24.349109 ] ] ] } },
{ "type": "Feature", "properties": { "id": "B-19604", "area_m2": 515.0, "surface_label": "Building / roof", "p_roof": 0.89, "dark_roof": false, "heat_zone": "lower", "LST_C": 55.700001, "new_since_2017": false, "street": "Ad Diman 6 Street", "action": "" }, "geometry": { "type": "Polygon", "coordinates": [ [ [ 54.5191866, 24.3494951 ], [ 54.519203, 24.3491132 ], [ 54.5190833, 24.349109 ], [ 54.519067, 24.3494908 ], [ 54.5191866, 24.3494951 ] ] ] } },
{ "type": "Feature", "properties": { "id": "B-19605", "area_m2": 1669.0, "surface_label": "Building / roof", "p_roof": 0.99, "dark_roof": false, "heat_zone": "lower", "LST_C": 55.8, "new_since_2017": false, "street": "Ad Diman 6 Street", "action": "" }, "geometry": { "type": "Polygon", "coordinates": [ [ [ 54.5196466, 24.3491517 ], [ 54.5192328, 24.349137 ], [ 54.5192175, 24.3494951 ], [ 54.5196312, 24.3495098 ], [ 54.5196466, 24.3491517 ] ] ] } },
{ "type": "Feature", "properties": { "id": "B-19606", "area_m2": 792.0, "surface_label": "Building / roof", "p_roof": 0.97, "dark_roof": false, "heat_zone": "lower", "LST_C": 55.700001, "new_since_2017": false, "street": "Ad Diman 6 Street", "action": "" }, "geometry": { "type": "Polygon", "coordinates": [ [ [ 54.5203078, 24.3491713 ], [ 54.5203132, 24.3490444 ], [ 54.5197593, 24.3490247 ], [ 54.5197538, 24.3491515 ], [ 54.5203078, 24.3491713 ] ] ] } },
{ "type": "Feature", "properties": { "id": "B-19607", "area_m2": 2048.0, "surface_label": "Building / roof", "p_roof": 1.0, "dark_roof": false, "heat_zone": "lower", "LST_C": 55.900002, "new_since_2017": false, "street": "Ad Diman 6 Street", "action": "" }, "geometry": { "type": "Polygon", "coordinates": [ [ [ 54.520749, 24.3495806 ], [ 54.5211039, 24.3495932 ], [ 54.5211259, 24.3490809 ], [ 54.520771, 24.3490682 ], [ 54.520749, 24.3495806 ] ] ] } },
{ "type": "Feature", "properties": { "id": "B-19608", "area_m2": 588.0, "surface_label": "Building / roof", "p_roof": 0.89, "dark_roof": false, "heat_zone": "lower", "LST_C": 55.3, "new_since_2017": false, "street": "Ad Diman 6 Street", "action": "" }, "geometry": { "type": "Polygon", "coordinates": [ [ [ 54.520686, 24.3497052 ], [ 54.5205495, 24.3497004 ], [ 54.5205331, 24.3500828 ], [ 54.5206695, 24.3500876 ], [ 54.520686, 24.3497052 ] ] ] } },
{ "type": "Feature", "properties": { "id": "B-19609", "area_m2": 1799.0, "surface_label": "Building / roof", "p_roof": 0.91, "dark_roof": false, "heat_zone": "lower", "LST_C": 55.400002, "new_since_2017": false, "street": "Ad Diman 6 Street", "action": "" }, "geometry": { "type": "Polygon", "coordinates": [ [ [ 54.521096300000011, 24.3501072 ], [ 54.5211137, 24.3497034 ], [ 54.5207182, 24.3496893 ], [ 54.5207008, 24.3500931 ], [ 54.521096300000011, 24.3501072 ] ] ] } },
{ "type": "Feature", "properties": { "id": "B-19610", "area_m2": 1603.0, "surface_label": "Building / roof", "p_roof": 0.89, "dark_roof": false, "heat_zone": "lower", "LST_C": 55.599998, "new_since_2017": false, "street": "Ad Diman 6 Street", "action": "" }, "geometry": { "type": "Polygon", "coordinates": [ [ [ 54.5215081, 24.3497199 ], [ 54.5211936, 24.3497087 ], [ 54.5211741, 24.350161 ], [ 54.5214886, 24.3501722 ], [ 54.5215081, 24.3497199 ] ] ] } },
{ "type": "Feature", "properties": { "id": "B-19612", "area_m2": 930.0, "surface_label": "Building / roof", "p_roof": 0.89, "dark_roof": false, "heat_zone": "lower", "LST_C": 55.3, "new_since_2017": false, "street": "Ad Diman 6 Street", "action": "" }, "geometry": { "type": "Polygon", "coordinates": [ [ [ 54.5213297, 24.3507169 ], [ 54.5213506, 24.3502305 ], [ 54.5211808, 24.3502245 ], [ 54.52116, 24.3507108 ], [ 54.5213297, 24.3507169 ] ] ] } },
{ "type": "Feature", "properties": { "id": "B-19615", "area_m2": 1603.0, "surface_label": "Building / roof", "p_roof": 0.99, "dark_roof": false, "heat_zone": "lower", "LST_C": 55.200001, "new_since_2017": false, "street": "Ad Diman 6 Street", "action": "" }, "geometry": { "type": "Polygon", "coordinates": [ [ [ 54.5207141, 24.3502196 ], [ 54.5206945, 24.3506777 ], [ 54.5210052, 24.3506888 ], [ 54.5210248, 24.3502307 ], [ 54.5207141, 24.3502196 ] ] ] } },
{ "type": "Feature", "properties": { "id": "B-19616", "area_m2": 654.0, "surface_label": "Building / roof", "p_roof": 0.65, "dark_roof": false, "heat_zone": "lower", "LST_C": 55.200001, "new_since_2017": false, "street": "Ad Diman 6 Street", "action": "" }, "geometry": { "type": "Polygon", "coordinates": [ [ [ 54.5205183, 24.3506729 ], [ 54.5206432, 24.3506773 ], [ 54.5206632, 24.3502123 ], [ 54.5205383, 24.3502078 ], [ 54.5205183, 24.3506729 ] ] ] } },
{ "type": "Feature", "properties": { "id": "B-19617", "area_m2": 308.0, "surface_label": "Building / roof", "p_roof": 0.61, "dark_roof": false, "heat_zone": "lower", "LST_C": 55.200001, "new_since_2017": false, "street": "Ad Diman 6 Street", "action": "" }, "geometry": { "type": "Polygon", "coordinates": [ [ [ 54.5201469, 24.3504664 ], [ 54.5202643, 24.3504706 ], [ 54.5202742, 24.3502379 ], [ 54.5201568, 24.3502338 ], [ 54.5201469, 24.3504664 ] ] ] } },
{ "type": "Feature", "properties": { "id": "B-19618", "area_m2": 596.0, "surface_label": "Building / roof", "p_roof": 0.78, "dark_roof": false, "heat_zone": "lower", "LST_C": 55.200001, "new_since_2017": false, "street": "Ad Diman 6 Street", "action": "" }, "geometry": { "type": "Polygon", "coordinates": [ [ [ 54.5198893, 24.3504578 ], [ 54.5201223, 24.3504661 ], [ 54.5201321, 24.3502391 ], [ 54.5198991, 24.3502308 ], [ 54.5198893, 24.3504578 ] ] ] } },
{ "type": "Feature", "properties": { "id": "B-19619", "area_m2": 388.0, "surface_label": "Building / roof", "p_roof": 0.92, "dark_roof": false, "heat_zone": "lower", "LST_C": 55.200001, "new_since_2017": false, "street": "Ad Diman 6 Street", "action": "" }, "geometry": { "type": "Polygon", "coordinates": [ [ [ 54.5197338, 24.3502196 ], [ 54.5197202, 24.3505359 ], [ 54.519829, 24.3505397 ], [ 54.5198426, 24.3502235 ], [ 54.5197338, 24.3502196 ] ] ] } },
{ "type": "Feature", "properties": { "id": "B-19620", "area_m2": 652.0, "surface_label": "Building / roof", "p_roof": 0.9, "dark_roof": false, "heat_zone": "lower", "LST_C": 55.099998, "new_since_2017": false, "street": "Ad Diman 6 Street", "action": "" }, "geometry": { "type": "Polygon", "coordinates": [ [ [ 54.5195232, 24.350712 ], [ 54.5196384, 24.3507161 ], [ 54.51966, 24.3502135 ], [ 54.5195448, 24.3502094 ], [ 54.5195232, 24.350712 ] ] ] } },
{ "type": "Feature", "properties": { "id": "B-19621", "area_m2": 1253.0, "surface_label": "Building / roof", "p_roof": 0.99, "dark_roof": false, "heat_zone": "lower", "LST_C": 55.099998, "new_since_2017": false, "street": "Ad Diman 6 Street", "action": "" }, "geometry": { "type": "Polygon", "coordinates": [ [ [ 54.5192255, 24.3502379 ], [ 54.5192072, 24.3506661 ], [ 54.5194669, 24.3506753 ], [ 54.5194853, 24.3502472 ], [ 54.5192255, 24.3502379 ] ] ] } },
{ "type": "Feature", "properties": { "id": "B-19622", "area_m2": 1658.0, "surface_label": "Building / roof", "p_roof": 0.95, "dark_roof": false, "heat_zone": "lower", "LST_C": 55.400002, "new_since_2017": false, "street": "Ad Diman 8 Street", "action": "" }, "geometry": { "type": "Polygon", "coordinates": [ [ [ 54.5180883, 24.3504517 ], [ 54.5176953, 24.3504377 ], [ 54.5176792, 24.3508122 ], [ 54.5180722, 24.3508262 ], [ 54.5180883, 24.3504517 ] ] ] } },
{ "type": "Feature", "properties": { "id": "B-19623", "area_m2": 661.0, "surface_label": "Building / roof", "p_roof": 0.83, "dark_roof": false, "heat_zone": "lower", "LST_C": 55.099998, "new_since_2017": false, "street": "At Tarjeebah 7 Street", "action": "" }, "geometry": { "type": "Polygon", "coordinates": [ [ [ 54.5182545, 24.3509735 ], [ 54.5182777, 24.3504349 ], [ 54.5181687, 24.350431 ], [ 54.5181456, 24.3509696 ], [ 54.5182545, 24.3509735 ] ] ] } },
{ "type": "Feature", "properties": { "id": "B-19624", "area_m2": 1306.0, "surface_label": "Building / roof", "p_roof": 0.96, "dark_roof": false, "heat_zone": "lower", "LST_C": 55.0, "new_since_2017": false, "street": "Ad Diman 6 Street", "action": "" }, "geometry": { "type": "Polygon", "coordinates": [ [ [ 54.5185938, 24.350497 ], [ 54.5183211, 24.3504872 ], [ 54.5183028, 24.3509124 ], [ 54.5185756, 24.3509221 ], [ 54.5185938, 24.350497 ] ] ] } },
{ "type": "Feature", "properties": { "id": "B-19625", "area_m2": 633.0, "surface_label": "Building / roof", "p_roof": 0.93, "dark_roof": false, "heat_zone": "lower", "LST_C": 54.900002, "new_since_2017": false, "street": "Ad Diman 6 Street", "action": "" }, "geometry": { "type": "Polygon", "coordinates": [ [ [ 54.5187119, 24.3509661 ], [ 54.5187333, 24.3504664 ], [ 54.5186209, 24.3504624 ], [ 54.5185995, 24.3509621 ], [ 54.5187119, 24.3509661 ] ] ] } },
{ "type": "Feature", "properties": { "id": "B-19647", "area_m2": 2135.0, "surface_label": "Building / roof", "p_roof": 0.67, "dark_roof": false, "heat_zone": "lower", "LST_C": 54.400002, "new_since_2017": false, "street": "Abu Al Hinna-a 1 Street", "action": "" }, "geometry": { "type": "Polygon", "coordinates": [ [ [ 54.5094261, 24.3719047 ], [ 54.5094877, 24.3706587 ], [ 54.5093357, 24.3706525 ], [ 54.509274, 24.3718985 ], [ 54.5094261, 24.3719047 ] ] ] } },
{ "type": "Feature", "properties": { "id": "B-19676", "area_m2": 736.0, "surface_label": "Building / roof", "p_roof": 0.82, "dark_roof": false, "heat_zone": "lower", "LST_C": 54.8, "new_since_2017": false, "street": "Street 24", "action": "" }, "geometry": { "type": "Polygon", "coordinates": [ [ [ 54.5141669, 24.3491407 ], [ 54.51450890000001, 24.3491546 ], [ 54.5145182, 24.3489636 ], [ 54.5141762, 24.3489497 ], [ 54.5141669, 24.3491407 ] ] ] } },
{ "type": "Feature", "properties": { "id": "B-19677", "area_m2": 652.0, "surface_label": "Building / roof", "p_roof": 0.88, "dark_roof": false, "heat_zone": "lower", "LST_C": 54.700001, "new_since_2017": false, "street": "Al Hayal Street", "action": "" }, "geometry": { "type": "Polygon", "coordinates": [ [ [ 54.5138723, 24.3490897 ], [ 54.5140402, 24.3490965 ], [ 54.514057, 24.3487519 ], [ 54.5138892, 24.3487451 ], [ 54.5138723, 24.3490897 ] ] ] } },
{ "type": "Feature", "properties": { "id": "B-19678", "area_m2": 916.0, "surface_label": "Building / roof", "p_roof": 0.7, "dark_roof": false, "heat_zone": "lower", "LST_C": 54.8, "new_since_2017": false, "street": "Al Hayal Street", "action": "" }, "geometry": { "type": "Polygon", "coordinates": [ [ [ 54.5141079, 24.3486422 ], [ 54.5137686, 24.3486285 ], [ 54.5137463, 24.3490846 ], [ 54.5138723, 24.3490897 ], [ 54.5138892, 24.3487451 ], [ 54.514057, 24.3487519 ], [ 54.5141024, 24.3487538 ], [ 54.5141079, 24.3486422 ] ] ] } },
{ "type": "Feature", "properties": { "id": "B-19679", "area_m2": 969.0, "surface_label": "Building / roof", "p_roof": 0.58, "dark_roof": true, "heat_zone": "lower", "LST_C": 55.0, "new_since_2017": false, "street": "Al Hayal Street", "action": "" }, "geometry": { "type": "Polygon", "coordinates": [ [ [ 54.5107953, 24.3475744 ], [ 54.5107875, 24.3477332 ], [ 54.5113291, 24.3477552 ], [ 54.5113369, 24.3475964 ], [ 54.5107953, 24.3475744 ] ] ] } },
{ "type": "Feature", "properties": { "id": "B-19680", "area_m2": 1060.0, "surface_label": "Building / roof", "p_roof": 0.7, "dark_roof": true, "heat_zone": "lower", "LST_C": 54.8, "new_since_2017": false, "street": "Al Hayal Street", "action": "" }, "geometry": { "type": "Polygon", "coordinates": [ [ [ 54.5113452, 24.3473606 ], [ 54.5108066, 24.3473387 ], [ 54.510798, 24.3475133 ], [ 54.5113366, 24.3475352 ], [ 54.5113452, 24.3473606 ] ] ] } },
{ "type": "Feature", "properties": { "id": "B-19681", "area_m2": 961.0, "surface_label": "Building / roof", "p_roof": 0.68, "dark_roof": true, "heat_zone": "lower", "LST_C": 55.0, "new_since_2017": false, "street": "Al Hayal Street", "action": "" }, "geometry": { "type": "Polygon", "coordinates": [ [ [ 54.5108128, 24.3471321 ], [ 54.5108051, 24.3472883 ], [ 54.5113505, 24.3473105 ], [ 54.5113582, 24.3471542 ], [ 54.5108128, 24.3471321 ] ] ] } },
{ "type": "Feature", "properties": { "id": "B-19682", "area_m2": 3581.0, "surface_label": "Building / roof", "p_roof": 0.92, "dark_roof": false, "heat_zone": "lower", "LST_C": 54.3, "new_since_2017": false, "street": "Mohammed Bin Khalifa Al Kindi Street", "action": "" }, "geometry": { "type": "Polygon", "coordinates": [ [ [ 54.5107095, 24.3476953 ], [ 54.5107376, 24.3471216 ], [ 54.5101838, 24.3470991 ], [ 54.5101557, 24.3476728 ], [ 54.5107095, 24.3476953 ] ] ] } },
{ "type": "Feature", "properties": { "id": "B-19683", "area_m2": 3276.0, "surface_label": "Bare soil / sand", "p_roof": 0.63, "dark_roof": true, "heat_zone": "lower", "LST_C": 54.900002, "new_since_2017": false, "street": "Mohammed Bin Khalifa Al Kindi Street", "action": "" }, "geometry": { "type": "Polygon", "coordinates": [ [ [ 54.5085959, 24.3468963 ], [ 54.509948, 24.3469512 ], [ 54.5099585, 24.3467362 ], [ 54.5086064, 24.3466813 ], [ 54.5085959, 24.3468963 ] ] ] } },
{ "type": "Feature", "properties": { "id": "B-19684", "area_m2": 1799.0, "surface_label": "Building / roof", "p_roof": 0.78, "dark_roof": false, "heat_zone": "lower", "LST_C": 54.3, "new_since_2017": false, "street": "Mohammed Bin Khalifa Al Kindi Street", "action": "" }, "geometry": { "type": "Polygon", "coordinates": [ [ [ 54.5095078, 24.3469867 ], [ 54.5092605, 24.3469766 ], [ 54.5092289, 24.347622 ], [ 54.5094762, 24.3476321 ], [ 54.5095078, 24.3469867 ] ] ] } },
{ "type": "Feature", "properties": { "id": "B-19685", "area_m2": 1916.0, "surface_label": "Building / roof", "p_roof": 0.83, "dark_roof": false, "heat_zone": "lower", "LST_C": 54.599998, "new_since_2017": false, "street": "Mohammed Bin Khalifa Al Kindi Street", "action": "" }, "geometry": { "type": "Polygon", "coordinates": [ [ [ 54.5089446, 24.3469647 ], [ 54.5089129, 24.3476126 ], [ 54.5091753, 24.3476233 ], [ 54.509207, 24.3469754 ], [ 54.5089446, 24.3469647 ] ] ] } },
{ "type": "Feature", "properties": { "id": "B-19686", "area_m2": 1981.0, "surface_label": "Building / roof", "p_roof": 0.77, "dark_roof": false, "heat_zone": "lower", "LST_C": 55.5, "new_since_2017": false, "street": "Mohammed Bin Khalifa Al Kindi Street", "action": "" }, "geometry": { "type": "Polygon", "coordinates": [ [ [ 54.5084726, 24.3475879 ], [ 54.5087439, 24.3475989 ], [ 54.5087756, 24.3469513 ], [ 54.5085042, 24.3469403 ], [ 54.5084726, 24.3475879 ] ] ] } },
{ "type": "Feature", "properties": { "id": "B-19687", "area_m2": 4677.0, "surface_label": "Bare soil / sand", "p_roof": 0.46, "dark_roof": true, "heat_zone": "lower", "LST_C": 55.5, "new_since_2017": false, "street": "Mohammed Bin Khalifa Al Kindi Street", "action": "" }, "geometry": { "type": "Polygon", "coordinates": [ [ [ 54.5085543, 24.3479812 ], [ 54.5105392, 24.3480619 ], [ 54.5105494, 24.3478528 ], [ 54.5085646, 24.3477722 ], [ 54.5085543, 24.3479812 ] ] ] } },
{ "type": "Feature", "properties": { "id": "B-19779", "area_m2": 545.0, "surface_label": "Road / dark pavement", "p_roof": 0.27, "dark_roof": true, "heat_zone": "elevated", "LST_C": 56.3, "new_since_2017": false, "street": "Mohammed Bin Khalifa Al Kindi Street", "action": "" }, "geometry": { "type": "Polygon", "coordinates": [ [ [ 54.5215376, 24.3476648 ], [ 54.5210504, 24.3476498 ], [ 54.5210467, 24.3477491 ], [ 54.5215339, 24.3477641 ], [ 54.5215376, 24.3476648 ] ] ] } },
{ "type": "Feature", "properties": { "id": "B-20056", "area_m2": 572.0, "surface_label": "Building / roof", "p_roof": 0.46, "dark_roof": true, "heat_zone": "lower", "LST_C": 55.200001, "new_since_2017": false, "street": "Al Marmoumiyah 4 Street", "action": "" }, "geometry": { "type": "Polygon", "coordinates": [ [ [ 54.5123765, 24.3723091 ], [ 54.51212, 24.3722965 ], [ 54.512107, 24.3725169 ], [ 54.5122318, 24.372523 ], [ 54.5122344, 24.3724789 ], [ 54.5123661, 24.3724853 ], [ 54.5123765, 24.3723091 ] ] ] } },
{ "type": "Feature", "properties": { "id": "B-20057", "area_m2": 281.0, "surface_label": "Building / roof", "p_roof": 0.66, "dark_roof": false, "heat_zone": "lower", "LST_C": 55.200001, "new_since_2017": false, "street": "Al Marmoumiyah 1 Street", "action": "" }, "geometry": { "type": "Polygon", "coordinates": [ [ [ 54.5124409, 24.3723983 ], [ 54.5126898, 24.3724104 ], [ 54.5126957, 24.3723103 ], [ 54.5124468, 24.3722981 ], [ 54.5124409, 24.3723983 ] ] ] } },
{ "type": "Feature", "properties": { "id": "B-20063", "area_m2": 562.0, "surface_label": "Building / roof", "p_roof": 1.0, "dark_roof": false, "heat_zone": "lower", "LST_C": 55.8, "new_since_2017": false, "street": "Al Marmoumiyah 2 Street", "action": "" }, "geometry": { "type": "Polygon", "coordinates": [ [ [ 54.5148857, 24.3714039 ], [ 54.5147042, 24.371395 ], [ 54.514688, 24.3716695 ], [ 54.514792, 24.3716752 ], [ 54.5148696, 24.3716769 ], [ 54.5148857, 24.3714039 ] ] ] } },
{ "type": "Feature", "properties": { "id": "B-20065", "area_m2": 332.0, "surface_label": "Building / roof", "p_roof": 0.88, "dark_roof": false, "heat_zone": "elevated", "LST_C": 56.099998, "new_since_2017": false, "street": "Al Marmoumiyah 3 Street", "action": "" }, "geometry": { "type": "Polygon", "coordinates": [ [ [ 54.5140542, 24.3707601 ], [ 54.5143188, 24.3707712 ], [ 54.5143244, 24.3706599 ], [ 54.5140598, 24.3706489 ], [ 54.5140542, 24.3707601 ] ] ] } },
{ "type": "Feature", "properties": { "id": "B-20066", "area_m2": 294.0, "surface_label": "Building / roof", "p_roof": 0.57, "dark_roof": true, "heat_zone": "lower", "LST_C": 55.700001, "new_since_2017": false, "street": "Al Marmoumiyah 3 Street", "action": "" }, "geometry": { "type": "Polygon", "coordinates": [ [ [ 54.5137129, 24.3707968 ], [ 54.513451, 24.3707858 ], [ 54.513446, 24.3708853 ], [ 54.5137079, 24.3708963 ], [ 54.5137129, 24.3707968 ] ] ] } },
{ "type": "Feature", "properties": { "id": "B-20067", "area_m2": 327.0, "surface_label": "Building / roof", "p_roof": 0.98, "dark_roof": false, "heat_zone": "lower", "LST_C": 55.8, "new_since_2017": false, "street": "Al Marmoumiyah 3 Street", "action": "" }, "geometry": { "type": "Polygon", "coordinates": [ [ [ 54.5134849, 24.3706349 ], [ 54.5134785, 24.3707622 ], [ 54.5137062, 24.3707717 ], [ 54.5137126, 24.3706444 ], [ 54.5134849, 24.3706349 ] ] ] } },
{ "type": "Feature", "properties": { "id": "B-20068", "area_m2": 267.0, "surface_label": "Building / roof", "p_roof": 0.92, "dark_roof": false, "heat_zone": "lower", "LST_C": 55.700001, "new_since_2017": false, "street": "Al Marmoumiyah 5 Street", "action": "" }, "geometry": { "type": "Polygon", "coordinates": [ [ [ 54.5131818, 24.3705665 ], [ 54.5133851, 24.370575 ], [ 54.513391, 24.3704584 ], [ 54.5131877, 24.3704499 ], [ 54.5131818, 24.3705665 ] ] ] } },
{ "type": "Feature", "properties": { "id": "B-20069", "area_m2": 305.0, "surface_label": "Building / roof", "p_roof": 0.98, "dark_roof": false, "heat_zone": "lower", "LST_C": 55.599998, "new_since_2017": false, "street": "Al Marmoumiyah 3 Street", "action": "" }, "geometry": { "type": "Polygon", "coordinates": [ [ [ 54.5128432, 24.3707039 ], [ 54.5131055, 24.3707149 ], [ 54.5131107, 24.3706117 ], [ 54.5128484, 24.3706007 ], [ 54.5128432, 24.3707039 ] ] ] } },
{ "type": "Feature", "properties": { "id": "B-20070", "area_m2": 242.0, "surface_label": "Building / roof", "p_roof": 0.45, "dark_roof": true, "heat_zone": "lower", "LST_C": 55.599998, "new_since_2017": false, "street": "Al Marmoumiyah 3 Street", "action": "" }, "geometry": { "type": "Polygon", "coordinates": [ [ [ 54.5128378, 24.3708517 ], [ 54.5130712, 24.3708615 ], [ 54.5130755, 24.3707758 ], [ 54.5128994, 24.3707684 ], [ 54.5129007, 24.3707428 ], [ 54.5128434, 24.3707404 ], [ 54.5128378, 24.3708517 ] ] ] } },
{ "type": "Feature", "properties": { "id": "B-20102", "area_m2": 297.0, "surface_label": "Building / roof", "p_roof": 0.93, "dark_roof": false, "heat_zone": "lower", "LST_C": 55.5, "new_since_2017": false, "street": "Ad Diman 6 Street", "action": "" }, "geometry": { "type": "Polygon", "coordinates": [ [ [ 54.519707, 24.3481486 ], [ 54.51969, 24.3486444 ], [ 54.5197432, 24.3486459 ], [ 54.5197601, 24.3481501 ], [ 54.519707, 24.3481486 ] ] ] } },
{ "type": "Feature", "properties": { "id": "B-20103", "area_m2": 1600.0, "surface_label": "Building / roof", "p_roof": 0.97, "dark_roof": false, "heat_zone": "lower", "LST_C": 55.599998, "new_since_2017": false, "street": "Ad Diman 6 Street", "action": "" }, "geometry": { "type": "Polygon", "coordinates": [ [ [ 54.5196681, 24.3485958 ], [ 54.5196816, 24.3481991 ], [ 54.5193234, 24.3481889 ], [ 54.5193099, 24.3485857 ], [ 54.5196681, 24.3485958 ] ] ] } },
{ "type": "Feature", "properties": { "id": "B-20125", "area_m2": 1584.0, "surface_label": "Building / roof", "p_roof": 0.99, "dark_roof": false, "heat_zone": "elevated", "LST_C": 56.400002, "new_since_2017": false, "street": "Al Marmoumiyah 2 Street", "action": "" }, "geometry": { "type": "Polygon", "coordinates": [ [ [ 54.5147556, 24.36969 ], [ 54.5151525, 24.3697057 ], [ 54.515162, 24.3694078 ], [ 54.515103, 24.3693638 ], [ 54.5150346, 24.3693345 ], [ 54.5147731, 24.3693225 ], [ 54.5147556, 24.36969 ] ] ] } },
{ "type": "Feature", "properties": { "id": "B-20126", "area_m2": 171.0, "surface_label": "Building / roof", "p_roof": 0.98, "dark_roof": false, "heat_zone": "elevated", "LST_C": 56.5, "new_since_2017": false, "street": "Al Marmoumiyah 2 Street", "action": "" }, "geometry": { "type": "Polygon", "coordinates": [ [ [ 54.5148468, 24.3693956 ], [ 54.514844, 24.3694536 ], [ 54.5151056, 24.369464 ], [ 54.5151084, 24.3694059 ], [ 54.5148468, 24.3693956 ] ] ] } },
{ "type": "Feature", "properties": { "id": "B-20127", "area_m2": 180.0, "surface_label": "Building / roof", "p_roof": 0.77, "dark_roof": false, "heat_zone": "elevated", "LST_C": 56.200001, "new_since_2017": false, "street": "Al Mazj 3 Street", "action": "" }, "geometry": { "type": "Polygon", "coordinates": [ [ [ 54.5138396, 24.3669523 ], [ 54.513835, 24.3670497 ], [ 54.5139992, 24.3670561 ], [ 54.5140039, 24.3669588 ], [ 54.5138396, 24.3669523 ] ] ] } },
{ "type": "Feature", "properties": { "id": "B-20128", "area_m2": 179.0, "surface_label": "Building / roof", "p_roof": 0.83, "dark_roof": false, "heat_zone": "elevated", "LST_C": 56.200001, "new_since_2017": false, "street": "Al Mazj 3 Street", "action": "" }, "geometry": { "type": "Polygon", "coordinates": [ [ [ 54.5137109, 24.3670818 ], [ 54.5138018, 24.3670854 ], [ 54.5138101, 24.3669108 ], [ 54.5137192, 24.3669072 ], [ 54.5137109, 24.3670818 ] ] ] } },
{ "type": "Feature", "properties": { "id": "B-20129", "area_m2": 553.0, "surface_label": "Bare soil / sand", "p_roof": 0.24, "dark_roof": true, "heat_zone": "elevated", "LST_C": 56.3, "new_since_2017": false, "street": "Al Mazj 1 Street", "action": "" }, "geometry": { "type": "Polygon", "coordinates": [ [ [ 54.5139778, 24.3673115 ], [ 54.5139869, 24.3671187 ], [ 54.5137323, 24.3671087 ], [ 54.5137232, 24.3673014 ], [ 54.5139778, 24.3673115 ] ] ] } },
{ "type": "Feature", "properties": { "id": "B-20130", "area_m2": 606.0, "surface_label": "Building / roof", "p_roof": 0.66, "dark_roof": true, "heat_zone": "elevated", "LST_C": 56.3, "new_since_2017": false, "street": "Al Mazj 1 Street", "action": "" }, "geometry": { "type": "Polygon", "coordinates": [ [ [ 54.5140555, 24.3671233 ], [ 54.5140446, 24.3673535 ], [ 54.5142782, 24.3673628 ], [ 54.5142891, 24.3671326 ], [ 54.5140555, 24.3671233 ] ] ] } },
{ "type": "Feature", "properties": { "id": "B-20131", "area_m2": 270.0, "surface_label": "Building / roof", "p_roof": 0.91, "dark_roof": false, "heat_zone": "elevated", "LST_C": 56.099998, "new_since_2017": false, "street": "Al Mazj 3 Street", "action": "" }, "geometry": { "type": "Polygon", "coordinates": [ [ [ 54.5142902, 24.3669743 ], [ 54.5140359, 24.3669642 ], [ 54.5140314, 24.3670586 ], [ 54.5142857, 24.3670686 ], [ 54.5142902, 24.3669743 ] ] ] } },
{ "type": "Feature", "properties": { "id": "B-20132", "area_m2": 376.0, "surface_label": "Building / roof", "p_roof": 0.88, "dark_roof": true, "heat_zone": "elevated", "LST_C": 56.200001, "new_since_2017": false, "street": "Al Mazj 3 Street", "action": "" }, "geometry": { "type": "Polygon", "coordinates": [ [ [ 54.5146108, 24.3671062 ], [ 54.5146164, 24.3669879 ], [ 54.5143345, 24.3669767 ], [ 54.5143289, 24.3670951 ], [ 54.5146108, 24.3671062 ] ] ] } },
{ "type": "Feature", "properties": { "id": "B-20133", "area_m2": 295.0, "surface_label": "Building / roof", "p_roof": 0.87, "dark_roof": true, "heat_zone": "elevated", "LST_C": 56.3, "new_since_2017": false, "street": "Al Mazj 3 Street", "action": "" }, "geometry": { "type": "Polygon", "coordinates": [ [ [ 54.5148656, 24.3669853 ], [ 54.5146446, 24.3669766 ], [ 54.5146389, 24.3670952 ], [ 54.5148599, 24.367104 ], [ 54.5148656, 24.3669853 ] ] ] } },
{ "type": "Feature", "properties": { "id": "B-20134", "area_m2": 259.0, "surface_label": "Building / roof", "p_roof": 0.77, "dark_roof": true, "heat_zone": "elevated", "LST_C": 56.099998, "new_since_2017": false, "street": "Al Mazj 3 Street", "action": "" }, "geometry": { "type": "Polygon", "coordinates": [ [ [ 54.514655, 24.3669486 ], [ 54.5148808, 24.3669576 ], [ 54.5148857, 24.3668558 ], [ 54.5146599, 24.3668469 ], [ 54.514655, 24.3669486 ] ] ] } },
{ "type": "Feature", "properties": { "id": "B-20135", "area_m2": 193.0, "surface_label": "Building / roof", "p_roof": 0.83, "dark_roof": false, "heat_zone": "elevated", "LST_C": 56.099998, "new_since_2017": false, "street": "Al Mazj 3 Street", "action": "" }, "geometry": { "type": "Polygon", "coordinates": [ [ [ 54.5143372, 24.3668338 ], [ 54.5143339, 24.3669021 ], [ 54.5145853, 24.366912 ], [ 54.5145885, 24.3668437 ], [ 54.5143372, 24.3668338 ] ] ] } },
{ "type": "Feature", "properties": { "id": "B-20136", "area_m2": 188.0, "surface_label": "Building / roof", "p_roof": 0.88, "dark_roof": true, "heat_zone": "elevated", "LST_C": 56.099998, "new_since_2017": false, "street": "Al Mazj 3 Street", "action": "" }, "geometry": { "type": "Polygon", "coordinates": [ [ [ 54.5140676, 24.3668912 ], [ 54.5142647, 24.366899 ], [ 54.5142688, 24.3668143 ], [ 54.5140717, 24.3668065 ], [ 54.5140676, 24.3668912 ] ] ] } },
{ "type": "Feature", "properties": { "id": "B-20137", "area_m2": 246.0, "surface_label": "Building / roof", "p_roof": 0.77, "dark_roof": true, "heat_zone": "elevated", "LST_C": 56.200001, "new_since_2017": false, "street": "Al Mazj 3 Street", "action": "" }, "geometry": { "type": "Polygon", "coordinates": [ [ [ 54.5137914, 24.3667849 ], [ 54.5137865, 24.3668877 ], [ 54.5139992, 24.3668961 ], [ 54.5140041, 24.3667934 ], [ 54.5137914, 24.3667849 ] ] ] } },
{ "type": "Feature", "properties": { "id": "B-20138", "area_m2": 238.0, "surface_label": "Building / roof", "p_roof": 0.82, "dark_roof": true, "heat_zone": "elevated", "LST_C": 56.099998, "new_since_2017": false, "street": "Al Mazj 3 Street", "action": "" }, "geometry": { "type": "Polygon", "coordinates": [ [ [ 54.5133595, 24.3668937 ], [ 54.5133646, 24.3667866 ], [ 54.5131677, 24.3667788 ], [ 54.5131626, 24.3668859 ], [ 54.5133595, 24.3668937 ] ] ] } },
{ "type": "Feature", "properties": { "id": "B-20139", "area_m2": 318.0, "surface_label": "Building / roof", "p_roof": 0.94, "dark_roof": true, "heat_zone": "elevated", "LST_C": 56.099998, "new_since_2017": false, "street": "Al Mazj 3 Street", "action": "" }, "geometry": { "type": "Polygon", "coordinates": [ [ [ 54.513153, 24.3669169 ], [ 54.5131474, 24.3670331 ], [ 54.5133904, 24.3670427 ], [ 54.5133959, 24.3669265 ], [ 54.513153, 24.3669169 ] ] ] } },
{ "type": "Feature", "properties": { "id": "B-20140", "area_m2": 319.0, "surface_label": "Building / roof", "p_roof": 0.45, "dark_roof": true, "heat_zone": "elevated", "LST_C": 56.0, "new_since_2017": false, "street": "Al Mazj 4 Street", "action": "" }, "geometry": { "type": "Polygon", "coordinates": [ [ [ 54.5125897, 24.3661668 ], [ 54.5128185, 24.3661758 ], [ 54.5128244, 24.366052 ], [ 54.5125956, 24.3660429 ], [ 54.5125897, 24.3661668 ] ] ] } },
{ "type": "Feature", "properties": { "id": "B-20141", "area_m2": 231.0, "surface_label": "Building / roof", "p_roof": 0.33, "dark_roof": true, "heat_zone": "elevated", "LST_C": 56.099998, "new_since_2017": false, "street": "Al Mazj 3 Street", "action": "" }, "geometry": { "type": "Polygon", "coordinates": [ [ [ 54.5128083, 24.366201 ], [ 54.5125984, 24.3661927 ], [ 54.5125937, 24.3662902 ], [ 54.5128037, 24.3662985 ], [ 54.5128083, 24.366201 ] ] ] } },
{ "type": "Feature", "properties": { "id": "B-20142", "area_m2": 249.0, "surface_label": "Building / roof", "p_roof": 0.69, "dark_roof": true, "heat_zone": "lower", "LST_C": 55.900002, "new_since_2017": false, "street": "Al Mazj 5 Street", "action": "" }, "geometry": { "type": "Polygon", "coordinates": [ [ [ 54.5129049, 24.3657698 ], [ 54.5129001, 24.3658711 ], [ 54.5131181, 24.3658797 ], [ 54.5131229, 24.3657784 ], [ 54.5129049, 24.3657698 ] ] ] } },
{ "type": "Feature", "properties": { "id": "B-20143", "area_m2": 402.0, "surface_label": "Building / roof", "p_roof": 0.95, "dark_roof": false, "heat_zone": "lower", "LST_C": 56.0, "new_since_2017": false, "street": "Al Mazj 5 Street", "action": "" }, "geometry": { "type": "Polygon", "coordinates": [ [ [ 54.5131463, 24.3660324 ], [ 54.5131522, 24.3659082 ], [ 54.5128646, 24.3658968 ], [ 54.5128587, 24.366021 ], [ 54.5131463, 24.3660324 ] ] ] } },
{ "type": "Feature", "properties": { "id": "B-20144", "area_m2": 322.0, "surface_label": "Building / roof", "p_roof": 0.65, "dark_roof": true, "heat_zone": "lower", "LST_C": 55.900002, "new_since_2017": false, "street": "Al Mazj 3 Street", "action": "" }, "geometry": { "type": "Polygon", "coordinates": [ [ [ 54.5137779, 24.3660972 ], [ 54.5137726, 24.3662093 ], [ 54.5140274, 24.3662193 ], [ 54.5140327, 24.366107199999988 ], [ 54.5137779, 24.3660972 ] ] ] } },
{ "type": "Feature", "properties": { "id": "B-20145", "area_m2": 317.0, "surface_label": "Building / roof", "p_roof": 0.79, "dark_roof": false, "heat_zone": "lower", "LST_C": 55.900002, "new_since_2017": false, "street": "Al Mazj 5 Street", "action": "" }, "geometry": { "type": "Polygon", "coordinates": [ [ [ 54.5140609, 24.3659579 ], [ 54.5138033, 24.3659477 ], [ 54.5137981, 24.3660568 ], [ 54.5140557, 24.366067 ], [ 54.5140609, 24.3659579 ] ] ] } },
{ "type": "Feature", "properties": { "id": "B-20146", "area_m2": 201.0, "surface_label": "Building / roof", "p_roof": 0.72, "dark_roof": true, "heat_zone": "lower", "LST_C": 55.900002, "new_since_2017": false, "street": "Al Mazj 5 Street", "action": "" }, "geometry": { "type": "Polygon", "coordinates": [ [ [ 54.5143399, 24.3658211 ], [ 54.5141157, 24.3658122 ], [ 54.5141119, 24.3658919 ], [ 54.5143361, 24.3659008 ], [ 54.5143399, 24.3658211 ] ] ] } },
{ "type": "Feature", "properties": { "id": "B-20147", "area_m2": 378.0, "surface_label": "Building / roof", "p_roof": 0.61, "dark_roof": true, "heat_zone": "lower", "LST_C": 55.8, "new_since_2017": false, "street": "Al Mazj 2 Street", "action": "" }, "geometry": { "type": "Polygon", "coordinates": [ [ [ 54.5150346, 24.3658394 ], [ 54.515028, 24.3659776 ], [ 54.5152706, 24.3659872 ], [ 54.5152772, 24.365849 ], [ 54.5150346, 24.3658394 ] ] ] } },
{ "type": "Feature", "properties": { "id": "B-20148", "area_m2": 568.0, "surface_label": "Building / roof", "p_roof": 0.77, "dark_roof": true, "heat_zone": "lower", "LST_C": 55.8, "new_since_2017": false, "street": "Al Mazj 5 Street", "action": "" }, "geometry": { "type": "Polygon", "coordinates": [ [ [ 54.5146993, 24.3661008 ], [ 54.514902, 24.3661088 ], [ 54.5149139, 24.3658602 ], [ 54.5147111, 24.3658521 ], [ 54.5146993, 24.3661008 ] ] ] } },
{ "type": "Feature", "properties": { "id": "B-20149", "area_m2": 475.0, "surface_label": "Building / roof", "p_roof": 0.82, "dark_roof": false, "heat_zone": "lower", "LST_C": 55.8, "new_since_2017": false, "street": "Al Mazj 5 Street", "action": "" }, "geometry": { "type": "Polygon", "coordinates": [ [ [ 54.5146121, 24.3658455 ], [ 54.5144257, 24.3658381 ], [ 54.514415, 24.3660642 ], [ 54.5146013, 24.3660715 ], [ 54.5146121, 24.3658455 ] ] ] } },
{ "type": "Feature", "properties": { "id": "B-20150", "area_m2": 15136.0, "surface_label": "Building / roof", "p_roof": 0.79, "dark_roof": false, "heat_zone": "high", "LST_C": 57.099998, "new_since_2017": true, "street": "Al Jammalah 6 Street", "action": "Monitor / shade around" }, "geometry": { "type": "Polygon", "coordinates": [ [ [ 54.5213552, 24.3669841 ], [ 54.5195369, 24.3669549 ], [ 54.5195527, 24.3676804 ], [ 54.5213415, 24.3677511 ], [ 54.5213552, 24.3669841 ] ] ] } },
{ "type": "Feature", "properties": { "id": "B-20151", "area_m2": 679.0, "surface_label": "Building / roof", "p_roof": 0.6, "dark_roof": false, "heat_zone": "elevated", "LST_C": 56.3, "new_since_2017": false, "street": "Ar Rasin 2 Street", "action": "" }, "geometry": { "type": "Polygon", "coordinates": [ [ [ 54.5187494, 24.3649268 ], [ 54.518742, 24.3650825 ], [ 54.5191289, 24.3650978 ], [ 54.5191363, 24.3649421 ], [ 54.5187494, 24.3649268 ] ] ] } },
{ "type": "Feature", "properties": { "id": "B-20152", "area_m2": 723.0, "surface_label": "Building / roof", "p_roof": 0.79, "dark_roof": false, "heat_zone": "high", "LST_C": 57.0, "new_since_2017": false, "street": "Al Jammalah 1 Street", "action": "Monitor / shade around" }, "geometry": { "type": "Polygon", "coordinates": [ [ [ 54.5183223, 24.3649109 ], [ 54.5183147, 24.3650689 ], [ 54.5187206, 24.365085 ], [ 54.5187281, 24.3649269 ], [ 54.5183223, 24.3649109 ] ] ] } },
{ "type": "Feature", "properties": { "id": "B-20153", "area_m2": 688.0, "surface_label": "Building / roof", "p_roof": 0.45, "dark_roof": true, "heat_zone": "high", "LST_C": 57.400002, "new_since_2017": false, "street": "Al Jammalah 1 Street", "action": "Cool-roof candidate" }, "geometry": { "type": "Polygon", "coordinates": [ [ [ 54.51791320000001, 24.3648944 ], [ 54.5179057, 24.3650513 ], [ 54.5182948, 24.3650666 ], [ 54.5183022, 24.3649098 ], [ 54.51791320000001, 24.3648944 ] ] ] } },
{ "type": "Feature", "properties": { "id": "B-20154", "area_m2": 693.0, "surface_label": "Building / roof", "p_roof": 0.41, "dark_roof": true, "heat_zone": "high", "LST_C": 57.3, "new_since_2017": false, "street": "Al Jammalah 1 Street", "action": "Cool-roof candidate" }, "geometry": { "type": "Polygon", "coordinates": [ [ [ 54.5174861, 24.3648816 ], [ 54.5174787, 24.3650356 ], [ 54.5178783, 24.3650514 ], [ 54.5178857, 24.3648974 ], [ 54.5174861, 24.3648816 ] ] ] } },
{ "type": "Feature", "properties": { "id": "B-20155", "area_m2": 648.0, "surface_label": "Building / roof", "p_roof": 0.75, "dark_roof": false, "heat_zone": "high", "LST_C": 57.200001, "new_since_2017": false, "street": "Al Jammalah 1 Street", "action": "Monitor / shade around" }, "geometry": { "type": "Polygon", "coordinates": [ [ [ 54.5170636, 24.3648706 ], [ 54.5170566, 24.3650176 ], [ 54.5174479, 24.365033 ], [ 54.5174549, 24.364886 ], [ 54.5170636, 24.3648706 ] ] ] } },
{ "type": "Feature", "properties": { "id": "B-20156", "area_m2": 11763.0, "surface_label": "Building / roof", "p_roof": 0.99, "dark_roof": false, "heat_zone": "extreme", "LST_C": 57.8, "new_since_2017": false, "street": "Al Jammalah 1 Street", "action": "Monitor / shade around" }, "geometry": { "type": "Polygon", "coordinates": [ [ [ 54.5172112, 24.3651198 ], [ 54.517183, 24.3657111 ], [ 54.5189485, 24.3657809 ], [ 54.5189766, 24.3651896 ], [ 54.5172112, 24.3651198 ] ] ] } },
{ "type": "Feature", "properties": { "id": "B-20157", "area_m2": 11881.0, "surface_label": "Building / roof", "p_roof": 1.0, "dark_roof": false, "heat_zone": "extreme", "LST_C": 58.400002, "new_since_2017": false, "street": "Ar Rasin 2 Street", "action": "Monitor / shade around" }, "geometry": { "type": "Polygon", "coordinates": [ [ [ 54.5172166, 24.3659737 ], [ 54.5171911, 24.3665723 ], [ 54.5189532, 24.3666346 ], [ 54.5189787, 24.366036 ], [ 54.5172166, 24.3659737 ] ] ] } },
{ "type": "Feature", "properties": { "id": "B-20314", "area_m2": 319.0, "surface_label": "Building / roof", "p_roof": 0.83, "dark_roof": false, "heat_zone": "high", "LST_C": 57.400002, "new_since_2017": false, "street": "Al Jammalah 6 Street", "action": "Monitor / shade around" }, "geometry": { "type": "Polygon", "coordinates": [ [ [ 54.5213123, 24.3677769 ], [ 54.5211994, 24.367774199999989 ], [ 54.5211922, 24.3680249 ], [ 54.5213051, 24.3680276 ], [ 54.5213123, 24.3677769 ] ] ] } },
{ "type": "Feature", "properties": { "id": "B-20315", "area_m2": 282.0, "surface_label": "Building / roof", "p_roof": 0.66, "dark_roof": false, "heat_zone": "lower", "LST_C": 55.900002, "new_since_2017": false, "street": "Al Jammalah 6 Street", "action": "" }, "geometry": { "type": "Polygon", "coordinates": [ [ [ 54.5206149, 24.3667104 ], [ 54.5203358, 24.3667038 ], [ 54.5203333, 24.3667935 ], [ 54.5206123, 24.3668001 ], [ 54.5206149, 24.3667104 ] ] ] } },
{ "type": "Feature", "properties": { "id": "B-20321", "area_m2": 284.0, "surface_label": "Bare soil / sand", "p_roof": 0.61, "dark_roof": false, "heat_zone": "lower", "LST_C": 53.8, "new_since_2017": false, "street": "Al Jammalah 3 Street", "action": "" }, "geometry": { "type": "Polygon", "coordinates": [ [ [ 54.5195487, 24.3636294 ], [ 54.5195397, 24.3637988 ], [ 54.5196882, 24.3638053 ], [ 54.5196972, 24.363636 ], [ 54.5195487, 24.3636294 ] ] ] } },
{ "type": "Feature", "properties": { "id": "B-20322", "area_m2": 379.0, "surface_label": "Building / roof", "p_roof": 0.7, "dark_roof": false, "heat_zone": "lower", "LST_C": 54.0, "new_since_2017": false, "street": "Al Jammalah 3 Street", "action": "" }, "geometry": { "type": "Polygon", "coordinates": [ [ [ 54.5194192, 24.3636605 ], [ 54.519311, 24.3636558 ], [ 54.5192945, 24.3639666 ], [ 54.5194026, 24.3639714 ], [ 54.5194192, 24.3636605 ] ] ] } },
{ "type": "Feature", "properties": { "id": "B-20323", "area_m2": 803.0, "surface_label": "Building / roof", "p_roof": 0.76, "dark_roof": false, "heat_zone": "lower", "LST_C": 54.599998, "new_since_2017": false, "street": "Al Jammalah 3 Street", "action": "" }, "geometry": { "type": "Polygon", "coordinates": [ [ [ 54.5188768, 24.3636807 ], [ 54.5188598, 24.3639995 ], [ 54.5190833, 24.3640093 ], [ 54.5191003, 24.3636906 ], [ 54.5188768, 24.3636807 ] ] ] } },
{ "type": "Feature", "properties": { "id": "B-20324", "area_m2": 628.0, "surface_label": "Building / roof", "p_roof": 0.75, "dark_roof": false, "heat_zone": "lower", "LST_C": 55.5, "new_since_2017": false, "street": "Al Jammalah 3 Street", "action": "" }, "geometry": { "type": "Polygon", "coordinates": [ [ [ 54.5184638, 24.3635952 ], [ 54.5182198, 24.3635844 ], [ 54.5182076, 24.3638127 ], [ 54.5184516, 24.3638234 ], [ 54.5184638, 24.3635952 ] ] ] } },
{ "type": "Feature", "properties": { "id": "B-20325", "area_m2": 1313.0, "surface_label": "Building / roof", "p_roof": 0.88, "dark_roof": false, "heat_zone": "elevated", "LST_C": 56.0, "new_since_2017": false, "street": "Al Jammalah 3 Street", "action": "" }, "geometry": { "type": "Polygon", "coordinates": [ [ [ 54.5179434, 24.3635756 ], [ 54.5179149, 24.3641109 ], [ 54.5181325, 24.3641205 ], [ 54.518161, 24.3635853 ], [ 54.5179434, 24.3635756 ] ] ] } },
{ "type": "Feature", "properties": { "id": "B-20326", "area_m2": 217.0, "surface_label": "Building / roof", "p_roof": 0.76, "dark_roof": true, "heat_zone": "elevated", "LST_C": 56.3, "new_since_2017": false, "street": "Ar Raha 8 Street", "action": "" }, "geometry": { "type": "Polygon", "coordinates": [ [ [ 54.5159478, 24.3634449 ], [ 54.5158713, 24.3634409 ], [ 54.5158553, 24.3636917 ], [ 54.5159319, 24.3636957 ], [ 54.5159478, 24.3634449 ] ] ] } },
{ "type": "Feature", "properties": { "id": "B-20329", "area_m2": 467.0, "surface_label": "Building / roof", "p_roof": 0.9, "dark_roof": false, "heat_zone": "lower", "LST_C": 55.700001, "new_since_2017": false, "street": "Al Hiraf 4 Street", "action": "" }, "geometry": { "type": "Polygon", "coordinates": [ [ [ 54.5091548, 24.3654152 ], [ 54.5091413, 24.3656697 ], [ 54.509304, 24.3656769 ], [ 54.5093175, 24.3654223 ], [ 54.5091548, 24.3654152 ] ] ] } },
{ "type": "Feature", "properties": { "id": "B-20330", "area_m2": 577.0, "surface_label": "Building / roof", "p_roof": 0.6, "dark_roof": true, "heat_zone": "lower", "LST_C": 55.700001, "new_since_2017": false, "street": "Al Hiraf 4 Street", "action": "" }, "geometry": { "type": "Polygon", "coordinates": [ [ [ 54.5089956, 24.3654081 ], [ 54.5089785, 24.3657298 ], [ 54.5091377, 24.3657368 ], [ 54.5091413, 24.3656697 ], [ 54.5091548, 24.3654152 ], [ 54.5089956, 24.3654081 ] ] ] } },
{ "type": "Feature", "properties": { "id": "B-20331", "area_m2": 332.0, "surface_label": "Building / roof", "p_roof": 0.94, "dark_roof": false, "heat_zone": "lower", "LST_C": 55.3, "new_since_2017": false, "street": "Al Hiraf 8 Street", "action": "" }, "geometry": { "type": "Polygon", "coordinates": [ [ [ 54.5062409, 24.3645017 ], [ 54.5060577, 24.3644936 ], [ 54.5060492, 24.3646544 ], [ 54.5062324, 24.3646624 ], [ 54.5062409, 24.3645017 ] ] ] } },
{ "type": "Feature", "properties": { "id": "B-20332", "area_m2": 634.0, "surface_label": "Building / roof", "p_roof": 0.96, "dark_roof": false, "heat_zone": "lower", "LST_C": 55.3, "new_since_2017": false, "street": "Al Hiraf 6 Street", "action": "" }, "geometry": { "type": "Polygon", "coordinates": [ [ [ 54.5067707, 24.3647692 ], [ 54.506783, 24.3645367 ], [ 54.5065413, 24.364526099999988 ], [ 54.506529, 24.3647586 ], [ 54.5067707, 24.3647692 ] ] ] } },
{ "type": "Feature", "properties": { "id": "B-20333", "area_m2": 470.0, "surface_label": "Building / roof", "p_roof": 0.86, "dark_roof": false, "heat_zone": "lower", "LST_C": 55.400002, "new_since_2017": false, "street": "Al Hiraf 6 Street", "action": "" }, "geometry": { "type": "Polygon", "coordinates": [ [ [ 54.5068015, 24.3644968 ], [ 54.5067848, 24.3648123 ], [ 54.5069168, 24.3648181 ], [ 54.5069336, 24.3645026 ], [ 54.5068015, 24.3644968 ] ] ] } },
{ "type": "Feature", "properties": { "id": "B-21040", "area_m2": 352.0, "surface_label": "Building / roof", "p_roof": 0.99, "dark_roof": false, "heat_zone": "elevated", "LST_C": 56.5, "new_since_2017": false, "street": "Abu Al Hinna-a 7 Street", "action": "" }, "geometry": { "type": "Polygon", "coordinates": [ [ [ 54.5100476, 24.3692077 ], [ 54.5100427, 24.3693455 ], [ 54.5102696, 24.3693522 ], [ 54.5102745, 24.3692145 ], [ 54.5100476, 24.3692077 ] ] ] } },
{ "type": "Feature", "properties": { "id": "B-21041", "area_m2": 368.0, "surface_label": "Building / roof", "p_roof": 0.99, "dark_roof": false, "heat_zone": "elevated", "LST_C": 56.599998, "new_since_2017": false, "street": "Al Hiraf Street", "action": "" }, "geometry": { "type": "Polygon", "coordinates": [ [ [ 54.5100515, 24.3690985 ], [ 54.5100476, 24.3692077 ], [ 54.5102745, 24.3692145 ], [ 54.5103467, 24.3692166 ], [ 54.5103506, 24.3691074 ], [ 54.5100515, 24.3690985 ] ] ] } },
{ "type": "Feature", "properties": { "id": "B-21042", "area_m2": 56.0, "surface_label": "Building / roof", "p_roof": 0.88, "dark_roof": false, "heat_zone": "lower", "LST_C": 55.3, "new_since_2017": false, "street": "Al Hiraf Street", "action": "" }, "geometry": { "type": "Polygon", "coordinates": [ [ [ 54.5080122, 24.3690935 ], [ 54.5080635, 24.369095 ], [ 54.508067, 24.3690952 ], [ 54.5080702, 24.3690046 ], [ 54.5080154, 24.369003 ], [ 54.5080122, 24.3690935 ] ] ] } },
{ "type": "Feature", "properties": { "id": "B-21043", "area_m2": 65.0, "surface_label": "Building / roof", "p_roof": 0.58, "dark_roof": true, "heat_zone": "lower", "LST_C": 55.400002, "new_since_2017": false, "street": "Abu Al Hinna-a 7 Street", "action": "" }, "geometry": { "type": "Polygon", "coordinates": [ [ [ 54.5080045, 24.3693101 ], [ 54.5080006, 24.3694184 ], [ 54.50805410000001, 24.36942 ], [ 54.508058, 24.3693116 ], [ 54.5080558, 24.3693116 ], [ 54.5080045, 24.3693101 ] ] ] } },
{ "type": "Feature", "properties": { "id": "B-21044", "area_m2": 125.0, "surface_label": "Building / roof", "p_roof": 0.78, "dark_roof": false, "heat_zone": "lower", "LST_C": 55.3, "new_since_2017": false, "street": "Abu Al Hinna-a 7 Street", "action": "" }, "geometry": { "type": "Polygon", "coordinates": [ [ [ 54.5080635, 24.369095 ], [ 54.5080122, 24.3690935 ], [ 54.5080045, 24.3693101 ], [ 54.5080558, 24.3693116 ], [ 54.5080635, 24.369095 ] ] ] } },
{ "type": "Feature", "properties": { "id": "B-21045", "area_m2": 166.0, "surface_label": "Building / roof", "p_roof": 0.71, "dark_roof": true, "heat_zone": "lower", "LST_C": 55.400002, "new_since_2017": false, "street": "Abu Al Hinna-a 7 Street", "action": "" }, "geometry": { "type": "Polygon", "coordinates": [ [ [ 54.5073111, 24.3692954 ], [ 54.5073082, 24.3693781 ], [ 54.5074868, 24.3693834 ], [ 54.5074898, 24.3693007 ], [ 54.5073111, 24.3692954 ] ] ] } },
{ "type": "Feature", "properties": { "id": "B-21046", "area_m2": 74.0, "surface_label": "Road / dark pavement", "p_roof": 0.18, "dark_roof": true, "heat_zone": "lower", "LST_C": 55.8, "new_since_2017": false, "street": "Abu Al Hinna-a 7 Street", "action": "" }, "geometry": { "type": "Polygon", "coordinates": [ [ [ 54.5065856, 24.3693577 ], [ 54.5065814, 24.3694745 ], [ 54.5066379, 24.3694762 ], [ 54.5066421, 24.3693594 ], [ 54.5065856, 24.3693577 ] ] ] } },
{ "type": "Feature", "properties": { "id": "B-21047", "area_m2": 456.0, "surface_label": "Building / roof", "p_roof": 0.65, "dark_roof": true, "heat_zone": "lower", "LST_C": 55.900002, "new_since_2017": false, "street": "Abu Al Hinna-a 7 Street", "action": "" }, "geometry": { "type": "Polygon", "coordinates": [ [ [ 54.5067506, 24.3691024 ], [ 54.5065948, 24.3690978 ], [ 54.5065856, 24.3693577 ], [ 54.5066421, 24.3693594 ], [ 54.5067413, 24.3693623 ], [ 54.5067506, 24.3691024 ] ] ] } },
{ "type": "Feature", "properties": { "id": "B-21048", "area_m2": 345.0, "surface_label": "Building / roof", "p_roof": 0.71, "dark_roof": false, "heat_zone": "lower", "LST_C": 55.8, "new_since_2017": false, "street": "Abu Al Hinna-a 7 Street", "action": "" }, "geometry": { "type": "Polygon", "coordinates": [ [ [ 54.5068578, 24.3693687 ], [ 54.5068672, 24.3691058 ], [ 54.5067506, 24.3691024 ], [ 54.5067413, 24.3693623 ], [ 54.5067412, 24.3693652 ], [ 54.5068578, 24.3693687 ] ] ] } },
{ "type": "Feature", "properties": { "id": "B-21049", "area_m2": 952.0, "surface_label": "Building / roof", "p_roof": 0.93, "dark_roof": false, "heat_zone": "lower", "LST_C": 55.700001, "new_since_2017": false, "street": "Abu Al Hinna-a 7 Street", "action": "" }, "geometry": { "type": "Polygon", "coordinates": [ [ [ 54.5071797, 24.3691073 ], [ 54.5068675, 24.369098 ], [ 54.5068672, 24.3691058 ], [ 54.5068578, 24.3693687 ], [ 54.5071701, 24.3693779 ], [ 54.5071797, 24.3691073 ] ] ] } },
{ "type": "Feature", "properties": { "id": "B-21138", "area_m2": 66.0, "surface_label": "Building / roof", "p_roof": 0.71, "dark_roof": true, "heat_zone": "lower", "LST_C": 55.599998, "new_since_2017": false, "street": "Ad Diman 6 Street", "action": "" }, "geometry": { "type": "Polygon", "coordinates": [ [ [ 54.5206819, 24.3494841 ], [ 54.5206266, 24.3494825 ], [ 54.5206229, 24.3495879 ], [ 54.5206782, 24.3495895 ], [ 54.5206819, 24.3494841 ] ] ] } },
{ "type": "Feature", "properties": { "id": "B-21139", "area_m2": 337.0, "surface_label": "Building / roof", "p_roof": 0.62, "dark_roof": true, "heat_zone": "lower", "LST_C": 55.8, "new_since_2017": false, "street": "Ad Diman 6 Street", "action": "" }, "geometry": { "type": "Polygon", "coordinates": [ [ [ 54.5206417, 24.3491701 ], [ 54.5206315, 24.3494615 ], [ 54.5207342, 24.3494645 ], [ 54.5207445, 24.3491731 ], [ 54.5206417, 24.3491701 ] ] ] } },
{ "type": "Feature", "properties": { "id": "B-21142", "area_m2": 2105.0, "surface_label": "Building / roof", "p_roof": 0.55, "dark_roof": false, "heat_zone": "lower", "LST_C": 55.8, "new_since_2017": false, "street": "Ad Diman 6 Street", "action": "" }, "geometry": { "type": "Polygon", "coordinates": [ [ [ 54.5203225, 24.3496185 ], [ 54.5203357, 24.3493115 ], [ 54.5197271, 24.3492898 ], [ 54.5197139, 24.3495968 ], [ 54.5203225, 24.3496185 ] ] ] } },
{ "type": "Feature", "properties": { "id": "B-21143", "area_m2": 713.0, "surface_label": "Building / roof", "p_roof": 0.85, "dark_roof": false, "heat_zone": "lower", "LST_C": 55.5, "new_since_2017": false, "street": "Ad Diman 6 Street", "action": "" }, "geometry": { "type": "Polygon", "coordinates": [ [ [ 54.5198236, 24.3497052 ], [ 54.5198041, 24.3501609 ], [ 54.519943, 24.3501658 ], [ 54.5199625, 24.3497102 ], [ 54.5198236, 24.3497052 ] ] ] } },
{ "type": "Feature", "properties": { "id": "B-21144", "area_m2": 1787.0, "surface_label": "Building / roof", "p_roof": 0.91, "dark_roof": false, "heat_zone": "lower", "LST_C": 55.5, "new_since_2017": false, "street": "Ad Diman 6 Street", "action": "" }, "geometry": { "type": "Polygon", "coordinates": [ [ [ 54.5193623, 24.3501597 ], [ 54.5196744, 24.3501708 ], [ 54.5196962, 24.3496625 ], [ 54.5193841, 24.3496514 ], [ 54.5193623, 24.3501597 ] ] ] } },
{ "type": "Feature", "properties": { "id": "B-21145", "area_m2": 588.0, "surface_label": "Building / roof", "p_roof": 0.73, "dark_roof": false, "heat_zone": "lower", "LST_C": 55.5, "new_since_2017": false, "street": "Ad Diman 6 Street", "action": "" }, "geometry": { "type": "Polygon", "coordinates": [ [ [ 54.5192054, 24.3501451 ], [ 54.5192257, 24.3496713 ], [ 54.5191155, 24.3496673 ], [ 54.5190952, 24.3501412 ], [ 54.5192054, 24.3501451 ] ] ] } },
{ "type": "Feature", "properties": { "id": "B-21146", "area_m2": 576.0, "surface_label": "Building / roof", "p_roof": 0.73, "dark_roof": false, "heat_zone": "lower", "LST_C": 55.0, "new_since_2017": false, "street": "Ad Diman 6 Street", "action": "" }, "geometry": { "type": "Polygon", "coordinates": [ [ [ 54.5190646, 24.3506546 ], [ 54.5191813, 24.3506587 ], [ 54.5192, 24.3502208 ], [ 54.5190833, 24.3502167 ], [ 54.5190646, 24.3506546 ] ] ] } },
{ "type": "Feature", "properties": { "id": "B-21147", "area_m2": 1434.0, "surface_label": "Building / roof", "p_roof": 0.99, "dark_roof": false, "heat_zone": "lower", "LST_C": 55.5, "new_since_2017": false, "street": "Ad Diman 6 Street", "action": "" }, "geometry": { "type": "Polygon", "coordinates": [ [ [ 54.5202903, 24.3497089 ], [ 54.5200225, 24.349695 ], [ 54.519993, 24.3501695 ], [ 54.5202608, 24.3501834 ], [ 54.5202903, 24.3497089 ] ] ] } },
{ "type": "Feature", "properties": { "id": "B-21195", "area_m2": 149.0, "surface_label": "Road / dark pavement", "p_roof": 0.09, "dark_roof": true, "heat_zone": "elevated", "LST_C": 56.099998, "new_since_2017": true, "street": "Rouh Al 'Ata-a 4 Street", "action": "" }, "geometry": { "type": "Polygon", "coordinates": [ [ [ 54.5189506, 24.3447096 ], [ 54.5190435, 24.344713 ], [ 54.5190498, 24.3445704 ], [ 54.5189568, 24.344567 ], [ 54.5189506, 24.3447096 ] ] ] } },
{ "type": "Feature", "properties": { "id": "B-21196", "area_m2": 614.0, "surface_label": "Road / dark pavement", "p_roof": 0.01, "dark_roof": true, "heat_zone": "elevated", "LST_C": 56.3, "new_since_2017": true, "street": "Rouh Al 'Ata-a 4 Street", "action": "" }, "geometry": { "type": "Polygon", "coordinates": [ [ [ 54.5188126, 24.3444661 ], [ 54.5186592, 24.3444605 ], [ 54.5186436, 24.3448155 ], [ 54.518797, 24.3448211 ], [ 54.5188126, 24.3444661 ] ] ] } },
{ "type": "Feature", "properties": { "id": "B-21197", "area_m2": 217.0, "surface_label": "Building / roof", "p_roof": 0.88, "dark_roof": false, "heat_zone": "lower", "LST_C": 55.900002, "new_since_2017": false, "street": "Mohammed Bin Khalifa Al Kindi Street", "action": "" }, "geometry": { "type": "Polygon", "coordinates": [ [ [ 54.518474, 24.3470498 ], [ 54.5185895, 24.3470532 ], [ 54.5185953, 24.3468866 ], [ 54.5184798, 24.3468832 ], [ 54.518474, 24.3470498 ] ] ] } },
{ "type": "Feature", "properties": { "id": "B-25406", "area_m2": 340.0, "surface_label": "Building / roof", "p_roof": 0.98, "dark_roof": false, "heat_zone": "lower", "LST_C": 55.700001, "new_since_2017": false, "street": "Al Marmoumiyah 2 Street", "action": "" }, "geometry": { "type": "Polygon", "coordinates": [ [ [ 54.5146284, 24.371814 ], [ 54.5147822, 24.3718225 ], [ 54.514792, 24.3716752 ], [ 54.514688, 24.3716695 ], [ 54.5145874, 24.371664 ], [ 54.5145776, 24.3718113 ], [ 54.5146284, 24.371814 ] ] ] } },
{ "type": "Feature", "properties": { "id": "B-25436", "area_m2": 297.0, "surface_label": "Building / roof", "p_roof": 0.93, "dark_roof": false, "heat_zone": "lower", "LST_C": 55.700001, "new_since_2017": false, "street": "Ad Darsa'i 5 Street", "action": "" }, "geometry": { "type": "Polygon", "coordinates": [ [ [ 54.5147222, 24.3516899 ], [ 54.5148974, 24.3516962 ], [ 54.5149002, 24.3516333 ], [ 54.5149447, 24.3516349 ], [ 54.5149473, 24.351575 ], [ 54.5146905, 24.3515658 ], [ 54.514688, 24.3516251 ], [ 54.514725, 24.3516264 ], [ 54.5147222, 24.3516899 ] ] ] } },
{ "type": "Feature", "properties": { "id": "B-25437", "area_m2": 141.0, "surface_label": "Building / roof", "p_roof": 0.77, "dark_roof": false, "heat_zone": "lower", "LST_C": 55.700001, "new_since_2017": false, "street": "Ad Darsa'i 5 Street", "action": "" }, "geometry": { "type": "Polygon", "coordinates": [ [ [ 54.5144804, 24.3516939 ], [ 54.5146179, 24.3516971 ], [ 54.5146204, 24.3516061 ], [ 54.5144829, 24.351603 ], [ 54.5144804, 24.3516939 ] ] ] } },
{ "type": "Feature", "properties": { "id": "B-25438", "area_m2": 807.0, "surface_label": "Building / roof", "p_roof": 0.96, "dark_roof": false, "heat_zone": "lower", "LST_C": 55.599998, "new_since_2017": false, "street": "Ad Darsa'i 5 Street", "action": "" }, "geometry": { "type": "Polygon", "coordinates": [ [ [ 54.5143704, 24.3525167 ], [ 54.5148743, 24.3525332 ], [ 54.5148799, 24.352391 ], [ 54.514376, 24.3523744 ], [ 54.5143704, 24.3525167 ] ] ] } },
{ "type": "Feature", "properties": { "id": "B-25442", "area_m2": 313.0, "surface_label": "Bare soil / sand", "p_roof": 0.17, "dark_roof": false, "heat_zone": "elevated", "LST_C": 56.400002, "new_since_2017": false, "street": "Ad Darsa'i 4 Street", "action": "" }, "geometry": { "type": "Polygon", "coordinates": [ [ [ 54.5124981, 24.352511 ], [ 54.5126248, 24.3525144 ], [ 54.5126319, 24.3522952 ], [ 54.5125052, 24.3522918 ], [ 54.5124981, 24.352511 ] ] ] } },
{ "type": "Feature", "properties": { "id": "B-25443", "area_m2": 313.0, "surface_label": "Bare soil / sand", "p_roof": 0.32, "dark_roof": false, "heat_zone": "elevated", "LST_C": 56.400002, "new_since_2017": false, "street": "Ad Darsa'i 4 Street", "action": "" }, "geometry": { "type": "Polygon", "coordinates": [ [ [ 54.5126753, 24.3525129 ], [ 54.512802, 24.3525163 ], [ 54.5128091, 24.3522971 ], [ 54.5126824, 24.3522937 ], [ 54.5126753, 24.3525129 ] ] ] } },
{ "type": "Feature", "properties": { "id": "B-25444", "area_m2": 504.0, "surface_label": "Building / roof", "p_roof": 0.38, "dark_roof": false, "heat_zone": "elevated", "LST_C": 56.700001, "new_since_2017": false, "street": "Ad Darsa'i 4 Street", "action": "" }, "geometry": { "type": "Polygon", "coordinates": [ [ [ 54.5125391, 24.3522429 ], [ 54.5127434, 24.352248 ], [ 54.5127528, 24.3520313 ], [ 54.5125462, 24.3520237 ], [ 54.5125391, 24.3522429 ] ] ] } },
{ "type": "Feature", "properties": { "id": "B-25445", "area_m2": 313.0, "surface_label": "Building / roof", "p_roof": 0.24, "dark_roof": true, "heat_zone": "elevated", "LST_C": 56.8, "new_since_2017": false, "street": "Ad Darsa'i 4 Street", "action": "" }, "geometry": { "type": "Polygon", "coordinates": [ [ [ 54.5127038, 24.3519693 ], [ 54.5128305, 24.3519727 ], [ 54.5128376, 24.3517536 ], [ 54.5127109, 24.3517502 ], [ 54.5127038, 24.3519693 ] ] ] } },
{ "type": "Feature", "properties": { "id": "B-25446", "area_m2": 313.0, "surface_label": "Building / roof", "p_roof": 0.3, "dark_roof": false, "heat_zone": "elevated", "LST_C": 56.8, "new_since_2017": false, "street": "Ad Darsa'i 4 Street", "action": "" }, "geometry": { "type": "Polygon", "coordinates": [ [ [ 54.5125303, 24.3519661 ], [ 54.512657, 24.3519695 ], [ 54.5126641, 24.3517503 ], [ 54.5125374, 24.3517469 ], [ 54.5125303, 24.3519661 ] ] ] } },
{ "type": "Feature", "properties": { "id": "B-25447", "area_m2": 504.0, "surface_label": "Building / roof", "p_roof": 0.83, "dark_roof": false, "heat_zone": "elevated", "LST_C": 56.900002, "new_since_2017": false, "street": "Ad Darsa'i 4 Street", "action": "" }, "geometry": { "type": "Polygon", "coordinates": [ [ [ 54.5125633, 24.3516966 ], [ 54.5127676, 24.3517018 ], [ 54.512777, 24.351485 ], [ 54.5125704, 24.3514775 ], [ 54.5125633, 24.3516966 ] ] ] } },
{ "type": "Feature", "properties": { "id": "B-25448", "area_m2": 535.0, "surface_label": "Building / roof", "p_roof": 0.94, "dark_roof": false, "heat_zone": "lower", "LST_C": 56.0, "new_since_2017": false, "street": "Ad Darsa'i 5 Street", "action": "" }, "geometry": { "type": "Polygon", "coordinates": [ [ [ 54.5134274, 24.3524797 ], [ 54.5137034, 24.3524852 ], [ 54.5137075, 24.3523129 ], [ 54.5134315, 24.3523074 ], [ 54.5134274, 24.3524797 ] ] ] } },
{ "type": "Feature", "properties": { "id": "B-25451", "area_m2": 596.0, "surface_label": "Building / roof", "p_roof": 0.94, "dark_roof": false, "heat_zone": "lower", "LST_C": 55.900002, "new_since_2017": false, "street": "Street 24", "action": "" }, "geometry": { "type": "Polygon", "coordinates": [ [ [ 54.5152826, 24.350194 ], [ 54.515397, 24.3501987 ], [ 54.51542, 24.3497363 ], [ 54.5153055, 24.3497316 ], [ 54.5152826, 24.350194 ] ] ] } },
{ "type": "Feature", "properties": { "id": "B-25459", "area_m2": 2459.0, "surface_label": "Building / roof", "p_roof": 0.86, "dark_roof": false, "heat_zone": "lower", "LST_C": 54.0, "new_since_2017": false, "street": "Al Jammalah 8 Street", "action": "" }, "geometry": { "type": "Polygon", "coordinates": [ [ [ 54.5202742, 24.3642496 ], [ 54.5203964, 24.3642532 ], [ 54.5203952, 24.3642734 ], [ 54.5205277, 24.3642792 ], [ 54.5205363, 24.3641566 ], [ 54.520514, 24.3641549 ], [ 54.5205239, 24.3640456 ], [ 54.5204188, 24.3640475 ], [ 54.5203675, 24.3640031 ], [ 54.520383, 24.3639879 ], [ 54.5203915, 24.3639747 ], [ 54.5203947, 24.3639579 ], [ 54.5203947, 24.3639406 ], [ 54.5203898, 24.3639264 ], [ 54.5203682, 24.3639019 ], [ 54.5204099, 24.3638565 ], [ 54.5205077, 24.3638589 ], [ 54.5205179, 24.3636406 ], [ 54.520337, 24.3636356 ], [ 54.5203345, 24.3637559 ], [ 54.5202495, 24.3638042 ], [ 54.5201521, 24.363699 ], [ 54.519937, 24.3638738 ], [ 54.5199328, 24.3638934 ], [ 54.5199357, 24.3639116 ], [ 54.5199412, 24.363926 ], [ 54.5199514, 24.3639407 ], [ 54.5199636, 24.3639543 ], [ 54.5201582, 24.364146 ], [ 54.5202109, 24.3641003 ], [ 54.5202736, 24.3641616 ], [ 54.5202742, 24.3642496 ] ] ] } },
{ "type": "Feature", "properties": { "id": "B-25460", "area_m2": 155.0, "surface_label": "Building / roof", "p_roof": 0.44, "dark_roof": true, "heat_zone": "lower", "LST_C": 54.200001, "new_since_2017": false, "street": "Al Jammalah 1 Street", "action": "" }, "geometry": { "type": "Polygon", "coordinates": [ [ [ 54.5192223, 24.3641945 ], [ 54.5194476, 24.3642003 ], [ 54.5194494, 24.3641391 ], [ 54.5192242, 24.3641332 ], [ 54.5192223, 24.3641945 ] ] ] } },
{ "type": "Feature", "properties": { "id": "B-25461", "area_m2": 155.0, "surface_label": "Building / roof", "p_roof": 0.23, "dark_roof": true, "heat_zone": "lower", "LST_C": 54.900002, "new_since_2017": false, "street": "Al Jammalah 1 Street", "action": "" }, "geometry": { "type": "Polygon", "coordinates": [ [ [ 54.518865, 24.3641781 ], [ 54.5190902, 24.3641839 ], [ 54.5190921, 24.3641227 ], [ 54.5188669, 24.3641169 ], [ 54.518865, 24.3641781 ] ] ] } }
]
}
